tree
version=v4
num_class=1
num_tree_per_iteration=1
label_index=0
max_feature_idx=13
objective=regression_l1
feature_names=building_age_years building_age_missing is_elevated flood_zone_encoded occupancy_group_encoded distance_bin storm_category_encoded historical_storm_freq latitude longitude distance_from_track_mi storm_wind_speed_kt days_to_storm yearOfLoss
feature_infos=[0:183] [0:1] [0:1] -1:2:1:3:4 -1:1:7:2:3:5:4:6 [-1:4] [-1:5] [6:30] [24.5:31] [-87.5:-80] [0:149.88999999999999] [10:145] [-7:7] [1978:2026]
tree_sizes=2854 3060 3043 3074 3007 3041 2998 3015 3008 3029 3013 3002 3016 2985 3012 3047 3026 3003 3074 3038 2986 3077 3018 3045 3043 2994 2976 2979 2992 3067 3075 3043 2983 3049 3023 3007 2987 2988 3030 3020 3045 3035 3006 3010 3049 2994 3009 3019 3014 3020 3011 2987 3003 3036 3037 2980 3022 3060 3007 3018 3025 2995 3006 3051 3006 3033 2986 2992 3048 3015 3013 3009 2998 3042 3021 3062 3047 3072 3028 3046 3012 3064 2999 3071 3037 3061 2999 3057 3014 3037 3010 3072 3073 3028 3039 3040 3005 2982 3058 3009 2997 3004 3056 3008 3061 3046 3020 3049 2984 3024 3041 3049 3053 2988 2976 2964 3007 2969 3009 3008 3013 3043 2991 3054 2998 3038 3012 3010 3058 2993 3010 3038 3007 2975 3052 3057 3021 3018 3024 3005 2973 2957 3004 2958 3004 3006 3077 3016 3003 2941 3011 2966 2974 3076 2964 2945 2950 2969 2955 2980 3020 3017 3014 3016 2977 2972 3021 2927 2976 2954 3037 2928 2919 2971 2986 2984 2953 3012 2953 2963 2924 2968 2986 2934 3020 2997 2966 3055 3009 3024 2943 3000 2983 3001 2981 2936 2984 3008 2972 2958 2974 3032 2986 2977 2979 2988 2971 2959 3017 2994 3062 2994 3030 2982 2999 2962 3022 3059 3013 2951 2971 2973 2981 2977 3008 2972 3016 2988 3021 2973 3009 3007 2988 3022 2961 2971 2967 3013 2992 3043 3046 2981 2975 2993 2990 3004 3000 2990 2907 2954

Tree=0
num_leaves=31
num_cat=5
split_feature=0 11 11 13 4 13 2 11 2 13 13 13 2 11 4 10 2 10 10 13 4 0 11 11 13 4 13 4 13 11
split_gain=25451.1 8719.23 3935.49 3449.65 2402.84 2246.25 3014.53 1750.29 1058.91 997.317 1775.84 850.603 712.808 684.833 643.706 613.618 607.352 549.176 551.219 485.303 478.345 425.291 419.285 448.321 423.216 416.522 408.997 391.774 369.859 597.948
threshold=42.500000000000007 107.64000000000001 121.55000000000003 2015.5000000000002 0 2003.5000000000002 1.0000000180025095e-35 68.820000000000007 1.0000000180025095e-35 1992.5000000000002 1996.5000000000002 2004.5000000000002 1.0000000180025095e-35 75.640000000000015 1 12.415000000000001 1.0000000180025095e-35 25.115000000000006 78.540000000000006 2012.5000000000002 2 26.500000000000004 96.885000000000005 97.185000000000016 2021.5000000000002 3 2021.5000000000002 4 1993.5000000000002 89.720000000000013
decision_type=2 10 10 2 9 2 2 8 2 2 2 2 2 10 9 10 2 10 10 2 9 2 10 10 2 9 2 9 2 10
left_child=2 3 5 13 -3 7 17 -1 -4 15 28 -8 -6 -2 -13 -9 20 19 22 -7 -5 -20 24 -24 -19 -10 -22 -12 -11 -30
right_child=1 4 8 16 12 6 11 9 25 10 27 14 -14 -15 -16 -17 -18 18 21 -21 26 -23 23 -25 -26 -27 -28 -29 29 -31
leaf_value=10.219999980926513 10.251499986648559 10.284999942779541 10.33149995803833 10.264499950408936 10.364999961853027 10.259499979019164 10.28149995803833 10.200999975204468 10.329499959945679 10.304999971389771 10.233749961853027 10.280999946594239 10.329999971389771 10.303999948501588 10.222499942779541 10.260499954223633 10.282999944686889 10.272499942779541 10.250999975204468 10.294499969482422 10.307999944686889 10.293999958038331 10.362999963760377 10.30649995803833 10.332499980926514 10.264999961853027 10.334499979019165 10.275499963760376 10.250999975204468 10.297999954223632
leaf_weight=23395 10730 3286 14663 949 39362 11099 4278 7558 1360 6681 11156 2498 3529 2858 14429 6849 3782 5423 3804 7475 8359 6463 3569 5190 2755 4893 18292 2976 4719 6608
leaf_count=23395 10730 3286 14663 949 39362 11099 4278 7558 1360 6681 11156 2498 3529 2858 14429 6849 3782 5423 3804 7475 8359 6463 3569 5190 2755 4893 18292 2976 4719 6608
internal_value=10.2901 10.3111 10.278 10.2955 10.3264 10.2749 10.2814 10.2686 10.2982 10.2742 10.2791 10.2658 10.3296 10.2744 10.2608 10.2633 10.3046 10.2886 10.2932 10.282 10.3072 10.284 10.2987 10.3063 10.2906 10.2809 10.3084 10.2659 10.2895 10.284
internal_weight=248988 91147 157841 44970 46177 136925 66983 69942 20916 46547 32140 21205 42891 13588 16927 14407 31382 45778 27204 18574 27600 10267 16937 8759 8178 6253 26651 14132 18008 11327
internal_count=248988 91147 157841 44970 46177 136925 66983 69942 20916 46547 32140 21205 42891 13588 16927 14407 31382 45778 27204 18574 27600 10267 16937 8759 8178 6253 26651 14132 18008 11327
cat_boundaries=0 1 2 3 4 5
cat_threshold=80 168 80 184 2
is_linear=0
shrinkage=1


Tree=1
num_leaves=31
num_cat=3
split_feature=0 13 8 6 2 4 6 13 2 13 10 4 13 6 6 13 6 4 8 0 13 13 9 13 9 10 2 2 10 9
split_gain=24283.6 8313.94 3847.92 3486.16 2822.53 2733.98 2317.64 1610.65 1379.24 1085.18 1054.88 994.536 918.358 902.135 790.553 703.711 808.487 680.154 590.766 500.659 496.753 477.193 470.112 437.309 428.025 424.72 381.042 358.185 357.491 326.445
threshold=42.500000000000007 2021.5000000000002 28.250000000000004 1.5000000000000002 1.0000000180025095e-35 0 3.5000000000000004 2003.5000000000002 1.0000000180025095e-35 1992.5000000000002 78.540000000000006 1 1999.5000000000002 3.5000000000000004 1.0000000180025095e-35 1993.5000000000002 1.0000000180025095e-35 2 27.050000000000004 30.500000000000004 2011.5000000000002 1991.5000000000002 -86.749999999999986 2015.5000000000002 -80.449999999999989 28.875000000000004 1.0000000180025095e-35 1.0000000180025095e-35 69.680000000000021 -84.34999999999998
decision_type=2 2 2 2 2 9 2 2 2 2 10 9 2 2 2 2 2 9 2 2 2 2 2 2 2 10 2 2 10 2
left_child=2 7 3 12 10 -3 27 -2 9 -4 13 -6 18 19 -9 -11 20 -14 -1 -5 -17 -20 25 29 -16 -18 -8 -7 -21 -24
right_child=1 5 8 4 11 6 26 14 -10 15 -12 -13 17 -15 24 16 22 -19 21 28 -22 -23 23 -25 -26 -27 -28 -29 -30 -31
leaf_value=-0.081499991416931122 -0.042575018405914294 -0.0097499895095825018 -0.047000012397766078 -0.031687479019165021 0.00052500963211059575 0.04327499151229857 0.073750009536743197 -0.023275001049041722 -0.029624991416931135 0.033250014781951887 -0.026199975013732946 -0.061750011444091785 -0.0031375026702880949 0.037925009727478011 0.026000020503997769 -0.038731247186660767 0.012187500000000018 -0.044624991416931173 -0.076549994945526126 -0.0094750142097472789 0.0092749786376953303 -0.032250006198883074 0.011100025177001972 0.029374985694885239 -0.011574976444244368 0.077349994182586645 0.053999993801116912 -0.0061500048637389785 0.046424984931945801 -0.024999985694885221
leaf_weight=19092 6180 4183 3357 5412 3110 19443 34595 5320 14193 3500 9712 12598 4792 14124 14025 4690 2954 17413 4591 3097 3138 8400 5530 8665 3511 3602 2404 1486 1886 3985
leaf_count=19092 6180 4183 3357 5412 3110 19443 34595 5320 14193 3500 9712 12598 4792 14124 14025 4690 2954 17413 4591 3097 3138 8400 5530 8665 3511 3602 2404 1486 1886 3985
internal_value=0.000255022 0.020802 -0.0116106 -0.0172093 -0.00767283 0.0311255 0.0339408 -0.00128417 -0.000725421 0.00408689 0.000381122 -0.0252131 -0.0259789 0.00590526 0.00484125 0.00661973 0.00432554 -0.0181476 -0.0313916 -0.0052715 -0.00967083 -0.0231328 0.00875697 0.00461242 0.00996238 0.0202254 0.0414696 0.0206337 0.00615862 -0.0027874
internal_weight=248988 91147 157841 104227 49939 62111 57928 29036 53614 39421 34231 15708 54288 24519 22856 36064 32564 22205 32083 10395 7828 12991 24736 18180 17536 6556 36999 20929 4983 9515
internal_count=248988 91147 157841 104227 49939 62111 57928 29036 53614 39421 34231 15708 54288 24519 22856 36064 32564 22205 32083 10395 7828 12991 24736 18180 17536 6556 36999 20929 4983 9515
cat_boundaries=0 1 2 3
cat_threshold=80 184 172
is_linear=0
shrinkage=0.05


Tree=2
num_leaves=31
num_cat=4
split_feature=0 11 8 11 13 4 4 2 13 11 2 10 2 2 11 11 13 11 13 2 11 13 4 13 13 13 0 4 11 11
split_gain=23137.6 8364.11 3599.76 5524.61 2943.48 2255.09 1347.42 1292.86 995.801 854.473 1178.3 972.041 731.568 709.34 705.101 596.736 554.328 668.805 603.214 547.61 525.508 493.763 427.958 382.173 378.21 366.047 336.809 332.129 324.936 342.375
threshold=42.500000000000007 107.64000000000001 28.250000000000004 120.57500000000002 2015.5000000000002 0 1 1.0000000180025095e-35 1992.5000000000002 69.030000000000015 1.0000000180025095e-35 99.655000000000015 1.0000000180025095e-35 1.0000000180025095e-35 46.835000000000008 75.640000000000015 1993.5000000000002 60.415000000000006 2011.5000000000002 1.0000000180025095e-35 105.28000000000002 1992.5000000000002 2 2021.5000000000002 1998.5000000000002 2021.5000000000002 37.500000000000007 3 85.680000000000021 97.385000000000005
decision_type=2 10 2 10 2 9 9 2 2 8 2 8 2 2 8 10 2 10 2 2 10 2 9 2 2 2 2 9 10 10
left_child=2 4 3 6 15 -3 24 8 -4 -8 11 20 23 26 -10 -2 -16 18 -18 22 -11 -13 -6 -7 -1 -24 -5 -15 -9 -30
right_child=1 5 7 13 19 12 9 28 14 10 -12 21 -14 27 16 -17 17 -19 -20 -21 -22 -23 25 -25 -26 -27 -28 -29 29 -31
leaf_value=-0.038848735749721502 -0.035411226391792283 -0.0047624824047088239 -0.044650011777877731 0.025028745889663639 -0.024237475156784073 0.042139359593391434 -0.066424978494644113 -0.043643762826919556 -0.032668743371963509 -0.023390613555908147 -0.068599987983703592 -0.086474982023239111 0.035807499766349782 0.037498747706413309 0.031587514042854273 0.013000009179115236 -0.026750007390975928 0.028545006752014147 0.015186236143112231 -0.0069499944448470968 0.028278743982315026 -0.039437483191490236 0.016299994111061089 0.069562497615814234 0.0079237312078475949 0.040111266732215878 0.058528749704360908 -0.021162510871887186 0.0064062573909759559 -0.037493736505508447
leaf_weight=2172 10730 3286 3357 11059 949 3616 21667 5388 2875 15830 10947 5947 3529 1311 3500 2858 5980 18675 5034 3782 2569 20105 8359 35746 5846 18292 2760 4014 4063 4742
leaf_count=2172 10730 3286 3357 11059 949 3616 21667 5388 2875 15830 10947 5947 3529 1311 3500 2858 5980 18675 5034 3782 2569 20105 8359 35746 5846 18292 2760 4014 4063 4742
internal_value=0.000438558 0.0204949 -0.0111437 -0.0165589 0.00514451 0.0354396 -0.0220188 -0.000615396 0.00404377 -0.0240468 -0.0207497 -0.017124 0.0384925 0.00770596 0.00647003 -0.0142889 0.00852887 0.00630493 -0.00346517 0.0135608 -0.0083193 -0.0233367 0.0160051 0.0404577 -0.00248818 0.0171778 0.0136778 -0.00778819 -0.01355 -0.0076177
internal_weight=248988 91147 157841 104227 44970 46177 85083 53614 39421 77065 55398 44451 42891 19144 36064 13588 33189 29689 11014 31382 18399 26052 27600 39362 8018 26651 13819 5325 14193 8805
internal_count=248988 91147 157841 104227 44970 46177 85083 53614 39421 77065 55398 44451 42891 19144 36064 13588 33189 29689 11014 31382 18399 26052 27600 39362 8018 26651 13819 5325 14193 8805
cat_boundaries=0 1 2 3 4
cat_threshold=80 160 80 184
is_linear=0
shrinkage=0.05


Tree=3
num_leaves=31
num_cat=1
split_feature=0 11 8 11 13 2 11 2 13 13 2 11 2 10 11 11 13 9 10 2 10 0 0 13 11 11 13 13 10 3
split_gain=22073.2 8136.62 3392.27 5085.27 2736.25 1194.27 974.883 1071.95 896.838 895.996 787.863 642.963 635.262 568.357 555.115 534.797 521.815 607.967 574.82 511.263 429.283 342.421 329.631 304.026 302.525 312.787 287.389 284.795 310.384 286.374
threshold=42.500000000000007 107.64000000000001 28.250000000000004 121.55000000000003 2015.5000000000002 1.0000000180025095e-35 69.030000000000015 1.0000000180025095e-35 1992.5000000000002 1984.5000000000002 1.0000000180025095e-35 46.835000000000008 1.0000000180025095e-35 99.655000000000015 75.640000000000015 105.28000000000002 1993.5000000000002 -86.749999999999986 9.0800000000000018 1.0000000180025095e-35 28.875000000000004 31.500000000000004 37.500000000000007 1999.5000000000002 85.680000000000021 97.385000000000005 2021.5000000000002 2021.5000000000002 15.290000000000001 0
decision_type=2 10 2 10 2 2 8 2 2 2 2 8 2 8 10 10 2 2 10 2 10 2 2 2 10 10 2 2 8 9
left_child=2 4 3 6 14 8 23 9 -4 -8 26 -10 22 15 -2 -11 -13 20 -19 27 -18 -20 -5 -1 -7 -26 -3 29 -29 -6
right_child=1 10 5 12 19 24 7 -9 11 13 -12 16 -14 -15 -16 -17 17 18 21 -21 -22 -23 -24 -25 25 -27 -28 28 -30 -31
leaf_value=-0.068603760087489987 -0.033640665072202668 0.039343046253919579 -0.042417511188983875 0.023777308595180457 -0.012015015131235174 -0.041461574685573592 -0.095524999999999999 -0.058972451537847539 -0.031035306203365299 -0.019902357292175311 0.028475634086132118 0.030008138340711546 -0.011104370069503756 -0.035984359103441221 0.012350008720159435 0.02907680734097955 0.01305193697214131 -0.029200953388214046 0.0016177449703216773 -0.0066024947226047464 0.072055244135856622 0.032478999423980782 0.05560231221914283 -0.038180902984738335 0.0060859445214271448 -0.035619049680233016 0.063084399437904365 -0.043894313770532635 0.037605691951513268 0.02498502110838885
leaf_weight=17054 10730 3684 3357 11034 2533 5388 3578 12598 2875 17074 4305 3500 5320 25874 2858 2972 4615 4564 11292 3782 3600 5618 2759 5964 4063 4742 38188 507 18660 5900
leaf_count=17054 10730 3684 3357 11034 2533 5388 3578 12598 2875 17074 4305 3500 5320 25874 2858 2972 4615 4564 11292 3782 3600 5618 2759 5964 4063 4742 38188 507 18660 5900
internal_value=0.000579523 0.020169 -0.0107332 -0.01599 0.0050289 -0.00051283 -0.0212232 -0.0179596 0.00396515 -0.0146401 0.0349092 0.00626767 0.00731318 -0.0127564 -0.0137079 -0.00643199 0.00823368 0.00607596 0.00164774 0.0131435 0.0176353 0.00589835 0.0129718 -0.0300156 -0.0129444 -0.00722065 0.037004 0.0155053 0.0188742 0.00783489
internal_weight=248988 91147 157841 104227 44970 53614 85114 62096 39421 49498 46177 36064 19113 45920 13588 20046 33189 29689 21474 31382 8215 16910 13793 23018 14193 8805 41872 27600 19167 8433
internal_count=248988 91147 157841 104227 44970 53614 85114 62096 39421 49498 46177 36064 19113 45920 13588 20046 33189 29689 21474 31382 8215 16910 13793 23018 14193 8805 41872 27600 19167 8433
cat_boundaries=0 1
cat_threshold=10
is_linear=0
shrinkage=0.05


Tree=4
num_leaves=31
num_cat=6
split_feature=0 11 11 9 4 9 2 4 11 9 2 2 11 2 0 7 7 2 11 4 1 11 9 9 4 11 11 0 4 4
split_gain=20859.7 7804.11 2846.98 2777.02 2431.93 1262.94 1993.43 1245.08 867.848 795.304 767.426 682.869 607.515 595.618 534.933 533.079 466.436 390.507 341.234 336.794 312.405 310.801 470.665 535.831 309.47 304.044 299.475 296.377 294.809 278.628
threshold=42.500000000000007 107.64000000000001 121.55000000000003 -85.449999999999989 0 -80.84999999999998 1.0000000180025095e-35 1 41.250000000000007 -80.84999999999998 1.0000000180025095e-35 1.0000000180025095e-35 69.030000000000015 1.0000000180025095e-35 36.500000000000007 15.500000000000002 14.500000000000002 1.0000000180025095e-35 89.165000000000006 2 1.0000000180025095e-35 49.085000000000008 -82.34999999999998 -81.749999999999986 3 47.250000000000007 98.055000000000021 37.500000000000007 4 5
decision_type=2 10 10 2 9 2 2 9 8 2 2 2 10 2 2 2 2 2 10 9 2 10 2 2 9 10 8 2 9 9
left_child=2 9 3 13 29 6 8 20 -5 17 -6 27 -9 16 -10 26 -1 21 -15 -8 -7 22 -2 -24 -23 -16 -11 -4 -13 -3
right_child=1 4 11 5 10 7 19 12 14 15 -12 28 -14 18 25 -17 -18 -19 -20 -21 -22 24 23 -25 -26 -27 -28 -29 -30 -31
leaf_value=-0.0017074414351581969 -0.021375515156686342 0.015703701055646002 0.024088429813981006 -0.054205996003970469 0.06093015467047689 -0.0025878106699883221 -0.013523809887468818 -0.062841421665847275 -0.016550367584228631 -0.022960491591393906 0.032593343073725745 0.036179028824567805 -0.032575364818573149 -0.057638484507203103 -0.024064816356301224 -0.027993657653629801 0.031948002479076365 -0.0091648763474821322 -0.0069381109291314583 -0.057658868868649016 -0.093673556824326459 -0.025405897440612349 0.045225386373102611 -0.027958635633289843 0.03062348839074365 0.02385503228664403 0.022699488705694649 0.052822196608185656 -0.019049155380725848 -0.017678616403341254
leaf_weight=8508 3282 1288 11777 5206 39362 6945 2061 23923 42034 1870 3529 1360 8543 1876 2071 6703 8285 4171 6135 14284 727 692 2839 1229 19596 6327 4588 2886 4893 1998
leaf_count=8508 3282 1288 11777 5206 39362 6945 2061 23923 42034 1870 3529 1360 8543 1876 2071 6703 8285 4171 6135 14284 727 692 2839 1229 19596 6327 4588 2886 4893 1998
internal_value=0.000724102 0.0197675 -0.0102733 -0.0128977 0.0342033 -0.0162466 -0.0122811 -0.0233536 -0.00776847 0.00493997 0.0373739 0.00690529 -0.0276304 0.00224067 -0.00575909 -0.00539443 0.00759091 0.00921619 -0.0089702 -0.0276276 -0.00520021 0.0113679 0.00255435 0.0139039 0.0145581 0.00575642 0.00485467 0.0128024 -0.0069216 -0.00725953
internal_weight=248988 91147 157841 136925 46177 112121 71983 40138 55638 44970 42891 20916 32466 24804 50432 13161 16793 31809 8011 16345 7672 27638 7350 4068 20288 8398 6458 14663 6253 3286
internal_count=248988 91147 157841 136925 46177 112121 71983 40138 55638 44970 42891 20916 32466 24804 50432 13161 16793 31809 8011 16345 7672 27638 7350 4068 20288 8398 6458 14663 6253 3286
cat_boundaries=0 1 2 3 4 5 6
cat_threshold=80 172 168 80 184 16
is_linear=0
shrinkage=0.05


Tree=5
num_leaves=31
num_cat=0
split_feature=13 2 8 11 11 2 11 13 10 2 13 8 8 13 11 8 13 13 13 10 8 13 13 11 11 11 10 11 7 13
split_gain=18959.4 6438.16 3890.26 2249.25 1454.36 1254.65 1577.66 906.468 841.789 745.82 872.857 629.923 626.658 624.613 1033.24 549.027 431.85 367.769 344.47 286.878 240.862 231.07 216.632 215.974 217.808 190.615 162.397 153.922 153.717 360.957
threshold=2021.5000000000002 1.0000000180025095e-35 28.250000000000004 69.030000000000015 109.36000000000001 1.0000000180025095e-35 105.28000000000002 1999.5000000000002 48.085000000000008 1.0000000180025095e-35 1992.5000000000002 27.650000000000002 26.750000000000004 1993.5000000000002 47.680000000000007 25.750000000000004 1990.5000000000002 2016.5000000000002 2011.5000000000002 15.290000000000001 29.350000000000005 2015.5000000000002 1996.5000000000002 89.165000000000006 97.385000000000005 137.08500000000001 92.305000000000021 58.515000000000008 14.500000000000002 2004.5000000000002
decision_type=2 2 2 10 10 2 10 2 8 2 2 2 2 2 10 2 2 2 2 8 2 2 2 10 10 10 10 8 2 2
left_child=2 4 3 7 19 6 -5 12 -3 10 -4 25 -1 -12 18 -8 -14 -9 -15 -2 21 -16 -18 -11 -25 -6 28 -21 -22 -30
right_child=1 8 9 5 11 -7 15 17 -10 23 13 -13 16 14 20 -17 22 -19 -20 27 26 -23 -24 24 -26 -27 -28 -29 29 -31
leaf_value=-0.068531506721869029 -0.03973078776033221 0.003724078389480745 -0.041019126500964204 -0.018222811058044554 0.050883629770815376 -0.04727594449870285 0.036293216041594793 -0.032061790149703652 -0.040847640373930363 -0.028505560137256938 0.029335249802887375 0.055383637400209906 -0.06421075875504681 -0.03164689995423884 -0.017665858724594054 -0.026318899870783244 -0.020425315275715672 -0.0042317088335901863 0.0044987196849193721 -0.0047802867239415299 0.014834719875350634 0.018107547995567332 -0.063096982405409244 0.010303524422317701 -0.022660672424316353 -0.014615967834860123 -0.012670640495181119 0.032194234841749041 0.064701341494008788 0.019478488598585166
leaf_weight=19039 676 6917 3408 20017 25613 8407 7949 20995 8622 6276 3604 25910 5067 6360 2776 1383 8774 4611 3758 977 7511 2091 1654 4229 4961 574 1309 24107 4397 7156
leaf_count=19039 676 6917 3408 20017 25613 8407 7949 20995 8622 6276 3604 25910 5067 6360 2776 1383 8774 4611 3758 977 7511 2091 1654 4229 4961 574 1309 24107 4397 7156
internal_value=0.00080638 0.0186166 -0.00987531 -0.015949 0.0244808 -0.0063814 -0.00150039 -0.0219534 -0.0107628 0.000406251 0.00383672 0.0292869 -0.0272406 0.00596069 0.00393576 0.0154678 -0.0197517 -0.014815 -0.00955766 0.0147536 0.00934653 -0.000645889 -0.0139107 -0.00898811 -0.00409783 0.0237985 0.0117328 0.0156213 0.0129024 0.0165225
internal_weight=249128 93396 155732 97896 77857 37756 29349 60140 15539 57836 42370 52097 34534 38962 35358 9332 15495 25606 10118 25760 25240 4867 10428 15466 9190 26187 20373 25084 19064 11553
internal_count=249128 93396 155732 97896 77857 37756 29349 60140 15539 57836 42370 52097 34534 38962 35358 9332 15495 25606 10118 25760 25240 4867 10428 15466 9190 26187 20373 25084 19064 11553
is_linear=0
shrinkage=0.05


Tree=6
num_leaves=31
num_cat=7
split_feature=0 11 4 11 9 4 9 2 2 9 11 11 2 2 7 1 7 7 4 0 4 0 1 4 11 4 4 11 11 0
split_gain=19572.8 7494.54 2468.25 2247.39 2411.27 1090.71 1119.08 1835.48 1011.74 782.21 589.607 529.415 529.303 485.273 457.99 386.612 377.276 366.21 377.651 364.73 307.827 300.759 299.996 298.55 292.185 278.033 265.951 254.312 250.049 248.939
threshold=41.500000000000007 107.64000000000001 0 121.55000000000003 -85.449999999999989 1 -80.84999999999998 1.0000000180025095e-35 1.0000000180025095e-35 -80.84999999999998 41.250000000000007 67.445000000000007 1.0000000180025095e-35 1.0000000180025095e-35 15.500000000000002 1.0000000180025095e-35 14.500000000000002 17.500000000000004 2 11.500000000000002 3 49.500000000000007 1.0000000180025095e-35 4 89.165000000000006 5 6 45.395000000000003 98.055000000000021 37.500000000000007
decision_type=2 10 9 10 2 9 2 2 2 2 8 8 2 2 2 2 2 2 9 2 9 2 2 9 10 9 9 8 8 2
left_child=3 9 23 4 13 -6 7 10 20 17 -7 -8 29 16 28 25 -1 18 -2 -12 -4 -10 -21 -3 -15 -13 -14 -20 -11 -5
right_child=1 2 8 12 5 6 11 -9 21 14 19 15 26 24 -16 -17 -18 -19 27 22 -22 -23 -24 -25 -26 -27 -28 -29 -30 -31
leaf_value=-0.0022455990781880433 -0.025364779933871297 0.014267018581214597 0.055636897659841013 0.021134663770452145 0.0010173654930762943 -0.050000207465854013 -0.064522544071381874 -0.05348027125850701 -0.00078000904992601159 -0.020354066187595124 -0.042382100692916064 -0.0046145661575622832 0.037183894444700272 -0.053081276552934223 -0.025490896707554889 -0.090306353668828984 0.027954416749194966 -0.00064555463331865686 -0.022903595151174728 -0.0078585962101087158 0.04411445171550215 0.053498571356933589 -0.034811689578628617 -0.018838855627623198 -0.0073866348233953445 -0.038429143406157842 -0.018282901531163631 0.027354418663800485 0.019980709732473657 0.047136893845143746
leaf_weight=8453 1054 1340 37619 11688 9506 4721 11526 14345 2185 1960 4614 2683 1134 1819 7217 2068 8167 8327 899 36780 2927 1813 3439 2089 6133 19724 4961 23163 4605 2169
leaf_count=8453 1054 1340 37619 11688 9506 4721 11526 14345 2185 1960 4614 2683 1134 1819 7217 2068 8167 8327 899 36780 2927 1813 3439 2089 6133 19724 4961 23163 4605 2169
internal_value=0.00094847 0.0187684 0.0326855 -0.0100728 -0.0124041 -0.0155827 -0.0171217 -0.0131476 0.0358271 0.00462687 -0.00858486 -0.0241746 0.0055806 0.00174925 -0.00539443 -0.019998 0.00660854 0.00875706 0.0117687 -0.00681154 0.0382015 0.0118014 -0.00528102 -0.00819078 -0.00840241 -0.0180733 -0.00669124 0.0130512 0.0041597 0.0109793
internal_weight=249128 95198 47973 153930 133978 109406 99900 63899 44544 47225 49554 36001 19952 24572 13782 24475 16620 33443 25116 44833 40546 3998 40219 3429 7952 22407 6095 24062 6565 13857
internal_count=249128 95198 47973 153930 133978 109406 99900 63899 44544 47225 49554 36001 19952 24572 13782 24475 16620 33443 25116 44833 40546 3998 40219 3429 7952 22407 6095 24062 6565 13857
cat_boundaries=0 1 2 3 4 5 6 7
cat_threshold=80 160 80 38 16 12 176
is_linear=0
shrinkage=0.05


Tree=7
num_leaves=31
num_cat=4
split_feature=0 6 8 4 13 4 6 5 13 13 13 4 0 13 13 13 6 0 9 0 9 0 8 0 6 5 7 4 8 9
split_gain=18564.2 7170.13 2711.33 2290.12 2032.74 1887.65 1416.55 986.179 765.663 722.763 626.581 596.39 559.836 497.906 754.1 459.526 458.793 439.934 590.557 432.214 365.667 328.483 302.035 701.926 357.726 511.65 304.414 288.55 246.126 247.806
threshold=41.500000000000007 3.5000000000000004 28.250000000000004 0 2003.5000000000002 1 1.5000000000000002 1.5000000000000002 2021.5000000000002 2021.5000000000002 1991.5000000000002 2 37.500000000000007 1992.5000000000002 1993.5000000000002 1998.5000000000002 1.0000000180025095e-35 29.500000000000004 -85.249999999999986 49.500000000000007 -80.84999999999998 18.500000000000004 25.350000000000005 30.500000000000004 3.5000000000000004 2.5000000000000004 13.500000000000002 3 27.350000000000005 -82.649999999999991
decision_type=2 2 2 9 2 9 2 2 2 2 2 9 2 2 2 2 2 2 2 2 2 2 2 2 2 2 2 9 2 2
left_child=2 4 5 27 -2 15 10 -8 -5 16 -7 -11 22 -4 -15 -1 -6 18 -16 -10 -18 -12 23 -9 28 -26 -25 -3 -24 -30
right_child=1 3 13 8 9 6 7 12 19 11 21 -13 -14 14 17 -17 20 -19 -20 -21 -22 -23 24 26 25 -27 -28 -29 29 -31
leaf_value=-0.025763425846704192 -0.034826496477526538 0.015053701984429235 -0.038572991611399758 0.023836234078628407 -0.017681324129791242 -0.07449006098368427 -0.056559535565640487 -0.059238141340236888 0.047832612554555981 -0.026477073406626951 -0.050878790830766102 0.031216800259122924 0.020280060596978358 0.026261419030597113 0.0023438793137894546 0.025465322908626312 0.021610857194508615 0.013053210607131806 -0.025406243771936499 0.055832604925161448 -0.01030338313421808 -0.032518542460670034 -0.037893714211652177 -0.039738124174099193 -0.066441913122057189 0.0016432525532253273 0.02589174169212374 -0.017896912846242063 -0.031692609339515079 0.0030079442419990612
leaf_weight=2343 6679 1277 3466 3808 5520 8777 5017 4527 8970 1194 12593 21462 4426 3748 19884 7919 10747 13670 11688 29180 4313 27571 5506 843 787 13094 1933 2048 2410 3728
leaf_count=2343 6679 1277 3466 3808 5520 8777 5017 4527 8970 1194 12593 21462 4426 3748 19884 7919 10747 13670 11688 29180 4313 27571 5506 843 787 13094 1933 2048 2410 3728
internal_value=0.00109016 0.0184449 -0.00964337 0.0328494 0.00537306 -0.0144141 -0.0167003 -0.00999385 0.0360093 0.00933959 -0.0224929 0.015499 -0.00718656 -0.000413601 0.000883673 0.00591325 0.00255464 -0.000903827 -0.00414793 0.0381525 0.00707366 -0.0198387 -0.00943724 -0.0183987 -0.00686705 -0.00144338 0.00139986 -0.00710015 -0.0133259 -0.00642485
internal_weight=249128 95198 153930 45283 49915 101474 91212 42271 41958 43236 48941 22656 37254 52456 48990 10262 20580 45242 31572 38150 15060 40164 32828 7303 25525 13881 2776 3325 11644 6138
internal_count=249128 95198 153930 45283 49915 101474 91212 42271 41958 43236 48941 22656 37254 52456 48990 10262 20580 45242 31572 38150 15060 40164 32828 7303 25525 13881 2776 3325 11644 6138
cat_boundaries=0 1 2 3 4
cat_threshold=80 160 80 16
is_linear=0
shrinkage=0.05


Tree=8
num_leaves=31
num_cat=6
split_feature=0 11 8 11 4 4 2 2 2 11 9 11 8 11 8 4 0 8 2 3 7 11 10 8 11 0 8 4 4 7
split_gain=17609.9 7029.55 2459.18 3483.07 2244.31 1142.79 881.027 761.451 632.149 1077.26 610.491 518.39 490.627 429.105 385.114 380.106 360.388 358.344 352.436 310.726 295.099 277.92 275.584 754.543 282.961 274.14 343.319 272.323 254.133 246.731
threshold=42.500000000000007 107.64000000000001 28.250000000000004 121.55000000000003 0 1 1.0000000180025095e-35 1.0000000180025095e-35 1.0000000180025095e-35 69.030000000000015 -80.84999999999998 127.40000000000002 25.750000000000004 46.835000000000008 27.050000000000004 2 37.500000000000007 26.050000000000004 1.0000000180025095e-35 3 13.500000000000002 66.040000000000006 25.785000000000004 27.050000000000004 49.085000000000008 30.500000000000004 24.950000000000003 4 5 15.500000000000002
decision_type=2 10 2 10 9 9 2 2 2 10 2 8 2 8 2 9 2 2 2 9 2 8 10 2 10 2 2 9 9 2
left_child=2 10 3 5 -3 -1 13 17 9 14 18 16 -13 -4 21 -12 28 -6 22 20 -15 -7 23 -2 -24 -11 -27 -19 -5 -17
right_child=1 4 6 11 7 8 -8 -9 -10 25 15 12 -14 19 -16 29 -18 27 -20 -21 -22 -23 24 -25 -26 26 -28 -29 -30 -31
leaf_value=0.0003408315106620208 0.034925859625002879 -0.0074374965785585006 -0.025992763491937999 0.077509854203668127 0.0315791213842362 -0.064252873244475775 -0.021634495140566392 0.029336397021433227 -0.052393428163833994 -0.025607971243144779 0.022661153320138894 0.031930487944642393 -0.020450940063101709 -0.0056568587678140327 -0.032227897533611882 -0.0010791600450603233 0.051463445037304739 0.0345171271122287 -0.0089370980315079517 -0.0013252662697969876 0.021605126630141136 -0.04347457812359954 -0.01823975924522472 -0.016630032649953729 0.027467898208709943 0.027683535461168154 -0.015425538539054352 0.052040999474435613 0.0087009291112086547 -0.027474998438071288
leaf_weight=8043 3583 3300 3072 1560 3542 8467 14171 3563 12457 12153 2523 2164 5674 4336 15540 4969 2391 1784 4171 14156 17721 19325 1155 5291 17579 2419 6885 34183 7280 5671
leaf_count=8043 3583 3300 3072 1560 3542 8467 14171 3563 12457 12153 2523 2164 5674 4336 15540 4969 2391 1784 4171 14156 17721 19325 1155 5291 17579 2419 6885 34183 7280 5671
internal_value=0.00120375 0.0186786 -0.00890802 -0.0133748 0.0323337 -0.0176936 -0.000187035 0.0353732 -0.0195597 -0.0175736 0.00458489 0.00594109 -0.00392457 0.00366841 -0.0221102 -0.00446747 0.0128236 0.0373782 0.00833464 0.00519145 0.0088984 -0.0256384 0.0103809 0.00311796 0.0138178 -0.00840593 -0.00194331 0.0388762 0.00814689 -0.00860225
internal_weight=249128 91314 157814 104358 46372 85289 53456 43072 77246 64789 44942 19069 7838 39285 43332 13163 11231 39509 31779 36213 22057 27792 27608 8874 18734 21457 9304 35967 8840 10640
internal_count=249128 91314 157814 104358 46372 85289 53456 43072 77246 64789 44942 19069 7838 39285 43332 13163 11231 39509 31779 36213 22057 27792 27608 8874 18734 21457 9304 35967 8840 10640
cat_boundaries=0 1 2 3 4 5 6
cat_threshold=80 160 172 20 128 172
is_linear=0
shrinkage=0.05


Tree=9
num_leaves=31
num_cat=0
split_feature=0 11 8 11 13 13 0 13 13 8 11 13 13 11 8 0 11 10 11 11 0 0 10 13 11 13 9 9 13 7
split_gain=16627.9 6765.71 2266.27 3228.7 1679.75 845.196 647.35 622.308 557.836 546.805 477.265 477.156 629 586.229 454.983 429.621 404.903 392.16 351.674 459.207 350.802 315.247 267.641 265.312 264.962 258.744 254.434 241.141 238.235 226.894
threshold=42.500000000000007 109.36000000000001 28.250000000000004 121.55000000000003 2003.5000000000002 1984.5000000000002 30.500000000000004 2021.5000000000002 2021.5000000000002 24.650000000000002 127.40000000000002 1992.5000000000002 1993.5000000000002 48.590000000000011 25.750000000000004 28.500000000000004 48.590000000000011 80.725000000000009 105.28000000000002 67.915000000000006 37.500000000000007 49.500000000000007 15.290000000000001 2011.5000000000002 118.75000000000001 2004.5000000000002 -80.84999999999998 -85.649999999999991 2004.5000000000002 15.500000000000002
decision_type=2 10 2 10 2 2 2 2 2 2 10 2 2 10 2 2 10 10 10 8 2 2 8 2 10 2 2 2 2 2
left_child=2 4 3 5 -2 -1 18 16 28 -8 20 -4 -13 23 -12 17 -6 25 19 -7 -5 24 -9 -14 29 27 -18 -15 -3 -10
right_child=1 8 11 10 7 6 9 22 21 -11 14 12 13 15 -16 -17 26 -19 -20 -21 -22 -23 -24 -25 -26 -27 -28 -29 -30 -31
leaf_value=-0.072164318240182809 -0.033284575997515907 -0.027930392525543992 -0.036370345770180328 0.018765884562996861 -0.016619659287098187 -0.046749159081173455 0.035445934117141677 -0.043906924700476239 -0.018490977172828861 -0.021263028640474871 0.030333963547410293 0.024014588504373525 -0.031667038378035799 0.018447216265021462 -0.019428393059946637 0.021633775457949513 0.019477557622954222 -0.03005599739998779 -0.052156528532758012 -0.026793383418432806 0.048890272785439497 0.047938962852154265 0.02728254244754762 -0.00077118412921519666 0.044338918601665972 -0.01304246254785877 -0.0075792127294853628 -0.037170049641685313 0.027073951426792055 0.035838962470684521
leaf_weight=6899 6035 563 3478 8840 5656 14311 1765 552 908 24934 2164 3754 7247 11093 5674 11643 9799 4653 6551 30829 2391 31936 20566 4112 6217 6671 3922 805 3092 2068
leaf_count=6899 6035 563 3478 8840 5656 14311 1765 552 908 24934 2164 3754 7247 11093 5674 11643 9799 4653 6551 30829 2391 31936 20566 4112 6217 6671 3922 805 3092 2068
internal_value=0.00130048 0.0182811 -0.00852532 -0.0128133 0.00492694 -0.0169715 -0.0154911 0.00859524 0.0321516 -0.00916358 0.00578385 -0.000153368 0.00109426 -0.000506121 -0.00368247 0.00270824 0.00212256 -0.00122245 -0.0187569 -0.0171783 0.0123877 0.0338158 0.0145305 -0.0103659 0.0255949 0.00203186 0.00676207 0.00644945 0.0133834 0.0132619
internal_weight=249128 91314 157814 104358 46530 85289 78390 40495 44784 26699 19069 53456 49978 46224 7838 34865 19377 23222 51691 45140 11231 41129 21118 11359 9193 18569 13721 11898 3655 2976
internal_count=249128 91314 157814 104358 46530 85289 78390 40495 44784 26699 19069 53456 49978 46224 7838 34865 19377 23222 51691 45140 11231 41129 21118 11359 9193 18569 13721 11898 3655 2976
is_linear=0
shrinkage=0.05


Tree=10
num_leaves=31
num_cat=5
split_feature=0 6 4 8 13 4 6 10 13 13 13 4 0 4 13 13 13 10 3 0 8 10 12 6 10 0 7 7 12 6
split_gain=15273.9 6576.17 2232.38 2134.25 1657.11 1488.82 969.947 939.502 877.603 607.724 592.818 562.238 484.12 428.935 419.577 568.861 398.829 391.3 375.537 374.952 476.498 344.192 316.13 303.259 298.137 288.671 275.269 259.765 289.768 259.676
threshold=40.500000000000007 3.5000000000000004 0 28.250000000000004 2003.5000000000002 1 1.5000000000000002 99.655000000000015 2021.5000000000002 2021.5000000000002 1991.5000000000002 2 49.500000000000007 3 1992.5000000000002 1993.5000000000002 1998.5000000000002 80.725000000000009 4 33.500000000000007 25.350000000000005 103.18500000000002 2.5000000000000004 1.0000000180025095e-35 15.545000000000002 30.500000000000004 15.500000000000002 17.500000000000004 1.0000000180025095e-35 3.5000000000000004
decision_type=2 2 9 2 2 9 2 10 2 2 2 9 2 9 2 2 2 8 9 2 2 10 10 2 10 2 2 2 10 2
left_child=3 4 -3 5 -2 16 10 19 -4 18 -7 -11 21 -14 -5 -16 -1 22 -6 20 25 -10 27 -20 -12 -8 -23 28 -17 -22
right_child=1 2 8 14 9 6 7 -9 12 11 24 -13 13 -15 15 17 -18 -19 23 -21 29 26 -24 -25 -26 -27 -28 -29 -30 -31
leaf_value=-0.023287121322159446 -0.030113562497913193 -0.01902714051760972 0.016987163118208672 -0.034784583458707628 -0.01619043083914944 -0.065056117586962711 -0.051224934944762705 -0.051807320930185877 0.043346995941235991 -0.025101050793778425 -0.026875471963275423 0.026918438213353824 0.023275909239252626 0.048541988006665718 0.023167326082717477 0.03052486689586216 0.023495220693034516 -0.015048353469745557 -0.013842599949872093 0.0033275922421956319 -0.023272089401449092 -0.0248963412548199 -0.04725432047830376 0.018535852286038868 -0.041558004809935191 -0.0013332489611696642 0.042047006717755769 -0.011874809884722427 0.0050085262145060042 -0.0018241839850782872
leaf_weight=2297 7423 2094 4068 3457 6011 8677 4550 5217 7552 1259 23468 21966 2096 27714 3763 7628 7618 15402 3523 9874 8894 1027 1308 12000 15992 1234 1546 5760 14360 11290
leaf_count=2297 7423 2094 4068 3457 6011 8677 4550 5217 7552 1259 23468 21966 2096 27714 3763 7628 7618 15402 3523 9874 8894 1027 1308 12000 15992 1234 1546 5760 14360 11290
internal_value=0.00132448 0.0166606 0.0304195 -0.00867148 0.00450261 -0.0129665 -0.0150085 -0.00936108 0.0328158 0.00813174 -0.0198257 0.01374 0.035077 0.0382931 -0.000433369 0.000774398 0.00541017 -0.000807322 0.00207947 -0.00647105 -0.00962353 0.0255797 0.00260786 0.00618606 -0.0172156 -0.0222644 0.00973674 0.00374307 0.00621875 -0.00599188
internal_weight=249068 98279 46097 150789 52182 99111 89196 41059 44003 44759 48137 23225 39935 29810 51678 48221 9915 44458 21534 35842 25968 10125 29056 15523 39460 5784 2573 27748 21988 20184
internal_count=249068 98279 46097 150789 52182 99111 89196 41059 44003 44759 48137 23225 39935 29810 51678 48221 9915 44458 21534 35842 25968 10125 29056 15523 39460 5784 2573 27748 21988 20184
cat_boundaries=0 1 2 3 4 5
cat_threshold=64 160 80 144 10
is_linear=0
shrinkage=0.05


Tree=11
num_leaves=31
num_cat=5
split_feature=0 11 4 13 13 9 13 4 13 11 13 13 11 13 9 0 4 11 11 11 4 4 11 9 0 13 13 5 0 0
split_gain=14430.8 6452.5 2153.36 1725.21 1503.3 1279.43 1195.67 993.427 853.372 691.799 926.426 661.252 581.235 633.123 515.097 456.433 452.06 438.549 407.779 394.595 387.857 374.427 324.06 455.948 372.002 306.26 283.634 283.204 268.48 261.284
threshold=40.500000000000007 107.64000000000001 0 2015.5000000000002 1984.5000000000002 -81.749999999999986 2022.5000000000002 1 2021.5000000000002 141.82000000000002 1999.5000000000002 1992.5000000000002 89.165000000000006 1993.5000000000002 -85.34999999999998 49.500000000000007 2 92.160000000000011 118.75000000000001 103.04000000000001 3 4 97.385000000000005 -86.949999999999989 33.500000000000007 2011.5000000000002 2021.5000000000002 3.5000000000000004 39.500000000000007 8.5000000000000018
decision_type=2 10 9 2 2 2 2 9 2 10 2 2 10 2 2 2 9 8 10 8 9 9 10 2 2 2 2 2 2 2
left_child=4 3 -3 14 -1 6 11 -7 -4 10 -9 -6 13 29 -2 18 -5 -8 -10 -12 -14 -19 23 27 -24 -15 -18 -22 -23 -13
right_child=1 2 8 16 5 7 17 9 15 -11 19 12 20 25 -16 -17 26 21 -20 -21 22 28 24 -25 -26 -27 -28 -29 -30 -31
leaf_value=-0.060803288819430978 0.036980267006161596 -0.0090680765166739619 0.021672678673314308 -0.026240147491744772 -0.024848056890723405 0.0036780613669049611 0.016453099869384414 -0.050706839895705437 0.022456094579384446 0.027715989418318633 -0.013802722824772795 -0.078333601701856381 0.058524623950445998 -0.023235278080392344 -0.022897325998529807 0.045114913401864687 0.0087090800803672156 -0.0060194698634946425 0.044655795518768929 -0.0349874668029738 0.053306863319908172 -0.051763285893769329 -0.0082330486593744645 0.0024856451391733537 0.022587813569155735 -4.6675181843891524e-05 0.025469498537221292 -0.032588684559294603 0.019789872299008596 0.016008965500627515
leaf_weight=8261 1537 3526 5354 1306 9698 9388 1310 15139 3346 1885 16874 277 3648 15927 14413 29993 11435 2027 6670 13377 4452 6855 15497 6247 4794 7941 20699 480 517 6195
leaf_count=8261 1537 3526 5354 1306 9698 9388 1310 15139 3346 1885 16874 277 3648 15927 14413 29993 11435 2027 6670 13377 4452 6855 15497 6247 4794 7941 20699 480 517 6195
internal_value=0.00141803 0.0163248 0.0292 0.00357692 -0.00829813 -0.00709495 -0.003246 -0.0129259 0.0321211 -0.0158738 -0.0171101 -0.00101775 0.000788171 -0.00428007 -0.00994987 0.0346373 0.0100299 -0.0188684 0.0253441 -0.0120502 0.00516682 -0.0226432 0.00336932 0.010202 -0.000396532 -0.00804087 0.0112023 0.02155 -0.0278544 0.00958038
internal_weight=249068 98279 48889 49390 150789 142528 85865 56663 45363 47275 45390 75156 65458 30340 15950 40009 33440 10709 10016 30251 35118 9399 31470 11179 20291 23868 32134 4932 7372 6472
internal_count=249068 98279 48889 49390 150789 142528 85865 56663 45363 47275 45390 75156 65458 30340 15950 40009 33440 10709 10016 30251 35118 9399 31470 11179 20291 23868 32134 4932 7372 6472
cat_boundaries=0 1 2 3 4 5
cat_threshold=80 172 80 160 184
is_linear=0
shrinkage=0.05


Tree=12
num_leaves=31
num_cat=6
split_feature=0 11 4 8 11 4 2 2 2 11 9 4 2 1 0 2 4 11 10 10 9 0 8 9 10 8 11 4 4 10
split_gain=13564.1 5967.47 2097.07 1832.65 2557.27 849.175 823.699 757.781 688.596 929.936 525.689 492.093 464.294 395.402 391.708 349.172 340.805 311.629 299.395 262.885 266.387 259.008 248.346 224.315 224.125 568.073 232.124 244.134 218.309 217.44
threshold=42.500000000000007 109.36000000000001 0 28.250000000000004 121.55000000000003 1 1.0000000180025095e-35 1.0000000180025095e-35 1.0000000180025095e-35 69.030000000000015 -80.84999999999998 2 1.0000000180025095e-35 1.0000000180025095e-35 14.500000000000002 1.0000000180025095e-35 3 46.835000000000008 26.825000000000003 59.585000000000001 -81.649999999999991 36.500000000000007 26.050000000000004 -82.649999999999991 31.880000000000006 27.050000000000004 46.835000000000008 4 5 39.720000000000006
decision_type=2 10 9 2 10 9 2 2 2 10 2 9 2 2 2 2 9 8 8 8 2 2 2 2 10 2 10 9 9 10
left_child=3 10 6 4 5 -1 22 17 9 13 15 -4 21 14 -7 24 -12 -5 -16 29 -21 -6 -3 -11 25 -2 -26 -28 -23 -19
right_child=1 2 11 7 12 8 -8 -9 -10 23 16 -13 -14 -15 18 -17 -18 19 -20 20 -22 28 -24 -25 26 -27 27 -29 -30 -31
leaf_value=0.00085908764796078791 0.029696054127938343 0.023851913178823736 0.018878941450643262 -0.021546558089398406 0.016330453874418272 -0.04718671690622394 0.021304853783492828 -0.019510069478685301 -0.044976089429232861 -0.032076007782529552 0.021804279309861577 -0.017122368221803796 -0.010454083164497164 -0.062528963931324053 -0.043113203353117149 -0.0092970675162786353 -0.014786505809047857 0.011046801550444664 -0.022146941816954514 0.0073550692955198123 -0.020711472360487804 -0.030547392892529324 0.04285916773177148 -0.0073565458133357355 -0.018677581975418089 -0.0099837234604827074 -0.023823695206272789 0.024799052819916859 0.040952622366259739 0.041290729808695574
leaf_weight=8027 3800 2056 3578 3092 10528 9246 3249 14163 12534 3877 2603 2023 5270 5186 6384 4285 10665 8956 22559 17441 4143 225 33618 17643 977 6377 603 17296 2825 5839
leaf_count=8027 3800 2056 3578 3092 10528 9246 3249 14163 12534 3877 2603 2023 5270 5186 6384 4285 10665 8956 22559 17441 4143 225 33618 17643 977 6377 603 17296 2825 5839
internal_value=0.00146581 0.0168258 0.0299142 -0.00739737 -0.0112593 -0.0149358 0.0340254 0.000113713 -0.0165393 -0.014465 0.00431826 0.00127202 0.00540885 -0.0186804 -0.0169127 0.00766763 -0.004097 0.00367392 -0.0140417 0.00496991 0.00144948 0.0102958 0.0362291 -0.00596377 0.00963252 0.0036468 0.0128561 0.0141521 0.0231046 0.0101013
internal_weight=249068 91130 44524 157938 104304 85456 38923 53634 77429 64895 46606 5601 18848 43375 38189 33338 13268 39471 28943 36379 21584 13578 35674 21520 29053 10177 18876 17899 3050 14795
internal_count=249068 91130 44524 157938 104304 85456 38923 53634 77429 64895 46606 5601 18848 43375 38189 33338 13268 39471 28943 36379 21584 13578 35674 21520 29053 10177 18876 17899 3050 14795
cat_boundaries=0 1 2 3 4 5 6
cat_threshold=46 160 144 172 80 64
is_linear=0
shrinkage=0.05


Tree=13
num_leaves=31
num_cat=8
split_feature=0 6 4 9 2 2 4 6 10 6 9 10 4 4 2 0 9 2 0 1 7 4 1 4 3 4 10 10 9 0
split_gain=12817.4 5777.01 1854.05 1271.93 1214.5 1190.43 779.84 644.492 612.123 596.519 584.088 583.083 455.626 355.976 352.731 346.589 431.06 389.196 311.604 298.751 292.752 290.169 278.777 266.846 264.62 274.702 248.428 236.147 354.701 225.328
threshold=40.500000000000007 3.5000000000000004 0 -81.649999999999991 1.0000000180025095e-35 1.0000000180025095e-35 1 4.5000000000000009 51.650000000000006 1.5000000000000002 -80.84999999999998 94.710000000000022 2 3 1.0000000180025095e-35 11.500000000000002 -80.34999999999998 1.0000000180025095e-35 49.500000000000007 1.0000000180025095e-35 16.500000000000004 4 1.0000000180025095e-35 5 6 7 15.290000000000001 40.745000000000012 -86.84999999999998 36.500000000000007
decision_type=2 2 9 2 2 2 9 2 8 2 2 8 9 9 2 2 2 2 2 2 2 9 2 9 9 9 10 10 2 2
left_child=3 10 5 4 8 -3 22 15 9 -1 14 21 -4 -12 24 -8 17 26 -7 20 -10 -6 -5 27 -2 -26 -17 29 -29 -11
right_child=1 2 12 6 11 18 7 -9 19 23 13 -13 -14 -15 -16 16 -18 -19 -20 -21 -22 -23 -24 -25 25 -27 -28 28 -30 -31
leaf_value=-0.021636683811287763 -0.00032543906832884775 0.0402161979010911 0.018998381698629177 0.003495720758962673 0.0078498657488795583 -0.010532558731834918 -0.048018504649437778 0.024206142867913717 -0.015776165669273513 0.01351393308804596 0.020903079144067374 -0.043600915673015321 -0.016722051429129081 -0.015016224430005743 -0.0082646074943835586 -0.034862316949497131 -0.040288288211449252 -0.039140832010337072 0.040691578480772428 -0.029421765040097105 0.0021029561345316419 -0.021170420343925224 -0.06259797430480285 -0.010784689298001117 -0.021126068143857514 0.021017262650831193 -0.0090829399721038765 0.064346361688627424 0.012394465850397518 0.036988299835283116
leaf_weight=4467 5905 36449 3644 9023 3845 2337 7958 1919 17108 13559 2856 7222 2094 11672 4939 4670 14729 4594 1573 5235 21036 13301 792 1979 874 25936 13411 1985 1664 2292
leaf_count=4467 5905 36449 3644 9023 3845 2337 7958 1919 17108 13559 2856 7222 2094 11672 4939 4670 14729 4594 1573 5235 21036 13301 792 1979 874 25936 13411 1985 1664 2292
internal_value=0.00152723 0.015576 0.0284718 -0.00762969 -0.00404416 0.0322482 -0.0135117 -0.016172 -0.000668494 0.0054053 0.00418072 -0.0136434 0.00184092 -0.00433347 0.00746602 -0.0173764 -0.0153525 -0.0110183 0.00602041 -0.00430178 -0.00276249 -0.00861506 -0.000676157 0.00886267 0.00934607 0.0114536 -0.00770825 0.0106352 0.0220962 0.0079913
internal_weight=249068 98279 46097 150789 93693 40359 57096 47281 69325 25946 52182 24368 5738 14528 37654 45362 37404 22675 3910 43379 38144 17146 9815 21479 32715 26810 18081 19500 3649 15851
internal_count=249068 98279 46097 150789 93693 40359 57096 47281 69325 25946 52182 24368 5738 14528 37654 45362 37404 22675 3910 43379 38144 17146 9815 21479 32715 26810 18081 19500 3649 15851
cat_boundaries=0 1 2 3 4 5 6 7 8
cat_threshold=46 172 144 172 172 166 18 80
is_linear=0
shrinkage=0.05


Tree=14
num_leaves=31
num_cat=6
split_feature=0 11 4 8 11 13 2 4 2 2 11 13 13 9 13 11 4 13 11 4 11 9 2 4 0 13 9 5 3 9
split_gain=11994.3 5628.34 1839.03 1643.11 1943.42 1468.42 1146.87 698.014 614.953 577.057 707.578 517.324 480.841 470.601 455.486 425.448 400.641 391.993 463.837 384.329 364.52 375.652 337.179 280.816 267.738 246.503 224.435 320.588 223.352 215.178
threshold=40.500000000000007 107.64000000000001 0 28.250000000000004 121.55000000000003 2015.5000000000002 1.0000000180025095e-35 1 1.0000000180025095e-35 1.0000000180025095e-35 69.030000000000015 1992.5000000000002 1991.5000000000002 -85.749999999999986 2021.5000000000002 64.705000000000013 2 1993.5000000000002 46.835000000000008 3 127.40000000000002 -80.34999999999998 1.0000000180025095e-35 4 49.500000000000007 2011.5000000000002 -86.749999999999986 3.5000000000000004 5 -82.649999999999991
decision_type=2 10 9 2 10 2 2 9 2 2 10 2 2 2 2 10 9 2 10 9 10 2 2 9 2 2 2 2 9 2
left_child=3 5 6 4 7 13 14 -1 11 10 12 -5 -9 -2 -3 -14 -4 -13 25 -7 23 -22 28 -6 -8 -19 27 -20 -21 -12
right_child=1 2 16 8 20 19 24 9 -10 -11 29 17 15 -15 -16 -17 -18 18 26 22 21 -23 -24 -25 -26 -27 -28 -29 -30 -31
leaf_value=0.00038402058958553198 0.0368626509736373 0.022798236595505728 0.016905923716824044 -0.030266603705773856 0.074884589321862108 -0.023092146456837881 -0.0098765927956463891 -0.055999918071280068 -0.017693466353360776 -0.041569719262039589 -0.031309420744546304 0.022235644564323032 -0.021527254893538839 -0.021294575545931949 0.038705399450128297 -0.040193747985277466 -0.01575015647082445 -0.024822803916880742 0.051829382999483281 0.0010753339853647682 -0.019872871340516518 0.025995809021637142 -0.0052459682369808032 0.013838259321827273 0.036271283942750275 0.0062088668010974683 0.0084217032231721951 0.0042481954623109887 0.022508237046379432 -0.007597820682093648
leaf_weight=7494 1405 3594 3927 3347 1642 1306 2416 8594 13861 12000 3686 3480 22844 14545 35107 10419 2147 5462 3715 3630 4961 2101 3952 8645 1698 3143 15928 2742 24552 16725
leaf_count=7494 1405 3594 3927 3347 1642 1306 2416 8594 13861 12000 3686 3480 22844 14545 35107 10419 2147 5462 3715 3630 4961 2101 3952 8645 1698 3143 15928 2742 24552 16725
internal_value=0.00159107 0.0151813 0.0272061 -0.00726696 -0.0110355 0.0032753 0.0308544 -0.0142604 -3.86937e-05 -0.0157266 -0.0137898 0.00326354 -0.0175114 -0.00920426 0.0335292 -0.0147793 0.00142763 0.00508701 0.00329677 0.0092287 0.00416211 -0.00458145 0.0103098 0.0101632 0.00574685 -0.00656413 0.00708864 0.0149451 0.0122304 -0.00615298
internal_weight=249068 98279 48889 150789 99111 49390 42815 81762 51678 74268 62268 37817 41857 15950 38701 33263 6074 34470 30990 33440 17349 7062 32134 10287 4114 8605 22385 6457 28182 20411
internal_count=249068 98279 48889 150789 99111 49390 42815 81762 51678 74268 62268 37817 41857 15950 38701 33263 6074 34470 30990 33440 17349 7062 32134 10287 4114 8605 22385 6457 28182 20411
cat_boundaries=0 1 2 3 4 5 6
cat_threshold=46 160 144 80 44 2
is_linear=0
shrinkage=0.05


Tree=15
num_leaves=31
num_cat=2
split_feature=0 13 8 13 2 10 2 13 13 2 13 3 13 9 10 13 13 10 10 0 13 9 0 8 9 9 9 8 10 3
split_gain=11353.7 5154.46 1587.36 865.463 853.16 832.981 722.078 1076.17 714.552 601.205 452.003 441.267 371.58 377.045 367.175 354.22 349.39 327.845 315.927 307.817 261.443 260.505 252.35 247.477 244.724 241.678 241.687 230.244 212.306 198.063
threshold=40.500000000000007 2021.5000000000002 28.250000000000004 1984.5000000000002 1.0000000180025095e-35 94.710000000000022 1.0000000180025095e-35 2004.5000000000002 2003.5000000000002 1.0000000180025095e-35 1992.5000000000002 0 1993.5000000000002 -86.749999999999986 40.745000000000012 2022.5000000000002 2015.5000000000002 93.075000000000017 56.660000000000004 36.500000000000007 2023.5000000000002 -81.749999999999986 14.500000000000002 26.750000000000004 -82.549999999999983 -82.549999999999983 -80.84999999999998 25.550000000000004 14.360000000000001 1
decision_type=2 2 2 2 2 10 2 2 2 2 2 9 2 2 10 2 2 8 8 2 2 2 2 2 2 2 2 2 8 9
left_child=2 8 3 -1 5 15 7 11 -2 10 -4 -5 -12 14 -14 18 21 29 23 25 -7 -15 -13 -3 -8 -9 -27 -26 -17 -10
right_child=1 4 9 6 -6 20 24 19 17 -11 12 22 13 16 -16 28 -18 -19 -20 -21 -22 -23 -24 -25 27 26 -28 -29 -30 -31
leaf_value=-0.055536354094634269 -0.02533283591288207 0.037857603654299868 -0.028393893633565082 -0.040531435988606292 0.0087854826130548524 0.017019861214122935 -0.047794482205734123 -0.037481743001257638 0.015909145714332773 -0.016800977227232838 0.021270359092920188 -0.035040544426462053 0.0088730015197967301 -0.0013829718512532452 0.053511263345435767 -0.042658860483840225 0.018421060787521482 -0.010332531763025088 -0.0012767938923451184 0.02436362705046724 0.035632838713451333 -0.033619113640926783 -0.013702170386686153 0.019357795225902575 -0.04295374616895558 0.008429266835657501 -0.013578768213095761 -0.018470827901813314 0.023270106589438289 -0.0071182796575470775
leaf_weight=6828 7743 8958 3315 10015 5754 2787 3179 2072 13913 13869 3445 6226 5867 10910 2658 486 7998 7903 1086 4889 27463 3426 28382 2691 4290 13728 8565 11002 16006 3469
leaf_count=6828 7743 8958 3315 10015 5754 2787 3179 2072 13913 13869 3445 6226 5867 10910 2658 486 7998 7903 1086 4889 27463 3426 28382 2691 4290 13728 8565 11002 16006 3469
internal_value=0.00167334 0.0148953 -0.0069501 -0.0106477 0.023043 0.0248214 -0.00937547 -0.00716297 -0.00119862 0.000172822 0.00345345 -0.0120483 0.00515824 0.00341605 0.012355 0.0187895 0 0.00287211 0.0250569 0.000290459 0.0306411 -0.00467029 -0.00935948 0.0274595 -0.018216 -0.00200821 -0.000486482 -0.0155731 0.0139377 0.00670998
internal_weight=248923 98259 150664 99176 65231 59477 92348 73877 33028 51488 37619 44623 34304 30859 8525 29227 22334 25285 12735 29254 30250 14336 34608 11649 18471 24365 22293 15292 16492 17382
internal_count=248923 98259 150664 99176 65231 59477 92348 73877 33028 51488 37619 44623 34304 30859 8525 29227 22334 25285 12735 29254 30250 14336 34608 11649 18471 24365 22293 15292 16492 17382
cat_boundaries=0 1 2
cat_threshold=8 20
is_linear=0
shrinkage=0.05


Tree=16
num_leaves=31
num_cat=6
split_feature=13 2 4 13 11 9 9 11 2 13 10 11 10 13 13 13 13 13 2 2 13 4 4 4 10 9 10 4 9 4
split_gain=10076.2 4015.98 2405.45 1598.07 1201.93 1033.6 883.723 758.184 700.621 630.688 585.607 569.232 502.701 454.088 432.196 690.852 401.334 294.988 289.543 267.151 236.965 219.648 211.815 210.625 209.362 205.454 201.28 198.874 197.009 187.539
threshold=2021.5000000000002 1.0000000180025095e-35 0 2003.5000000000002 109.36000000000001 -82.449999999999989 -86.949999999999989 141.82000000000002 1.0000000180025095e-35 2004.5000000000002 48.085000000000008 98.750000000000014 100.98500000000001 1999.5000000000002 1992.5000000000002 1996.5000000000002 2015.5000000000002 2004.5000000000002 1.0000000180025095e-35 1.0000000180025095e-35 1983.5000000000002 1 2 3 15.290000000000001 -85.449999999999989 96.385000000000019 4 -80.34999999999998 5
decision_type=2 2 9 2 10 2 2 10 2 2 8 10 10 2 2 2 2 2 2 2 2 9 9 9 8 2 10 9 2 9
left_child=3 2 -2 5 24 14 9 13 11 -5 23 16 -6 20 26 18 -8 -13 -16 -11 -7 -22 -15 -3 -4 -19 -1 -12 -18 -10
right_child=1 10 4 6 12 7 8 -9 29 19 27 17 -14 22 15 -17 28 25 -20 -21 21 -23 -24 -25 -26 -27 -28 -29 -30 -31
leaf_value=-0.029093845496918472 -0.017424304239572131 0.060849383016528424 -0.036309471651186788 0.04666394844921698 0.030102230602890325 -0.064273936813888446 -0.01417368659866769 0.019881144256027296 0.0014228283398591834 0.010159200005152337 -0.034549671866703151 -0.016053256315332921 0.034988487541949276 0.0090261152094488484 0.008523997399138495 -0.036456752102418347 0.012568666627235103 -0.015560586083401474 -0.024496783372914967 -0.033481444660083605 -0.0031814540160846508 -0.038050186797206204 -0.022102605748683904 -0.0015279220043796116 0.022192514308283329 0.024335574895825697 7.7702475064445053e-05 -0.0025372782840453745 -0.012878641393238334 -0.024806074119296896
leaf_weight=10208 4870 1003 637 5573 23517 3884 22925 2581 2614 3231 7003 1864 24842 1754 16705 4980 10378 1130 2896 1603 1607 22212 9286 5795 23812 9918 2536 1726 3194 14639
leaf_count=10208 4870 1003 637 5573 23517 3884 22925 2581 2614 3231 7003 1864 24842 1754 16705 4980 10378 1130 2896 1603 1607 22212 9286 5795 23812 9918 2536 1726 3194 14639
internal_value=0.00170227 0.0147042 0.019344 -0.00608047 0.0216181 -0.0110941 -0.000963297 -0.0165409 -0.00307925 0.0125804 -0.0085055 -4.95761e-05 0.0261893 -0.0182889 -0.00506093 -0.00118539 -0.00324184 0.0089692 0.00304166 -0.000639967 -0.0217064 -0.0198225 -0.00970136 0.00249706 0.0125782 0.0120727 -0.0125294 -0.0170672 0.0035709 -0.0117506
internal_weight=248923 93205 77678 155718 72808 78649 77069 41324 66662 10407 15527 49409 48359 38743 37325 24581 36497 12912 19601 4834 27703 23819 11040 6798 24449 11048 12744 8729 13572 17253
internal_count=248923 93205 77678 155718 72808 78649 77069 41324 66662 10407 15527 49409 48359 38743 37325 24581 36497 12912 19601 4834 27703 23819 11040 6798 24449 11048 12744 8729 13572 17253
cat_boundaries=0 1 2 3 4 5 6
cat_threshold=80 128 132 32 86 172
is_linear=0
shrinkage=0.05


Tree=17
num_leaves=31
num_cat=5
split_feature=13 2 4 8 11 11 2 11 13 10 4 8 10 2 13 8 9 13 11 8 8 4 7 13 11 10 4 13 10 4
split_gain=9345.7 3782.98 2197.55 1819.32 1154.53 992.52 764.022 667.462 553.764 551.863 546.086 513.96 466.914 380.644 407.404 364.489 363.627 601.169 333.855 228.147 223.181 222.244 215.85 285.355 233.755 201.466 196.32 188.5 187.916 186.832
threshold=2021.5000000000002 1.0000000180025095e-35 0 28.250000000000004 112.25000000000001 69.030000000000015 1.0000000180025095e-35 105.28000000000002 1999.5000000000002 48.085000000000008 1 26.650000000000002 100.98500000000001 1.0000000180025095e-35 1992.5000000000002 25.750000000000004 -82.549999999999983 2014.5000000000002 67.915000000000006 25.950000000000003 25.950000000000003 2 14.500000000000002 2004.5000000000002 138.07000000000002 56.465000000000011 3 1990.5000000000002 14.360000000000001 4
decision_type=2 2 9 2 10 10 2 10 2 8 9 2 10 2 2 2 2 2 8 2 2 9 2 2 10 8 9 2 8 9
left_child=3 2 -2 5 28 8 7 -7 11 26 -10 20 19 14 -5 -9 18 -18 -16 -6 -1 22 24 25 -20 -24 -3 -13 -4 -11
right_child=1 9 4 13 12 6 -8 15 10 29 -12 27 -14 -15 16 -17 17 -19 21 -21 -22 -23 23 -25 -26 -27 -28 -29 -30 -31
leaf_value=-0.032738967316061983 -0.016553089027593514 -0.0048792788340891848 -0.034762684794910119 -0.025378875119869183 -0.042245931151695795 -0.0093835591911122229 -0.030775001108806155 0.024405230214160901 0.010700627687063681 -0.032822188273368004 -0.021547099125880643 -0.035960162765583004 0.033239063164851861 -0.010439061886075063 -0.0079844963400346643 -0.024285933686717033 -0.028969133081675747 0.01575928155147106 0.0067361933252067631 0.029959837845318395 -0.053404104712792937 -0.0034021795826348015 0.053334030784267572 0.0099012528794980362 0.06767075276117672 0.019325991807817557 0.031776933501831466 -0.015418094900364478 0.020848832963194397 -0.002410414369843128
leaf_weight=10215 4870 4575 625 3381 289 20100 8399 7938 5295 7003 20457 5414 24813 15486 3818 1386 5337 6128 7173 22187 8124 2999 2954 5347 500 4610 2223 10657 24894 1726
leaf_count=10215 4870 4575 625 3381 289 20100 8399 7938 5295 7003 20457 5414 24813 15486 3818 1386 5337 6128 7173 22187 8124 2999 2954 5347 500 4610 2223 10657 24894 1726
internal_value=0.00171793 0.0142397 0.0187429 -0.00577738 0.0209164 -0.00992551 -0.00357756 0.000220833 -0.0139151 -0.00828667 -0.00836503 -0.0180651 0.0255449 0.00126336 0.00372128 0.0112706 0.00517029 -0.00230501 0.00829776 0.020306 -0.023786 0.010518 0.0123665 0.0163184 0.00572042 0.022564 0.00239424 -0.011526 0.0123409 -0.016598
internal_weight=248923 93205 77678 155718 72808 97985 37823 29424 60162 15527 25752 34410 47289 57733 42247 9324 38866 11465 27401 22476 18339 23583 20584 12911 7673 7564 6798 16071 25519 8729
internal_count=248923 93205 77678 155718 72808 97985 37823 29424 60162 15527 25752 34410 47289 57733 42247 9324 38866 11465 27401 22476 18339 23583 20584 12911 7673 7564 6798 16071 25519 8729
cat_boundaries=0 1 2 3 4 5
cat_threshold=80 140 162 66 86
is_linear=0
shrinkage=0.05


Tree=18
num_leaves=31
num_cat=1
split_feature=0 11 8 11 13 2 2 13 2 11 13 13 13 11 13 11 9 11 13 9 0 2 0 3 0 0 8 13 0 11
split_gain=9471.14 4640.27 1309.64 1501.08 1025.29 679.122 501.346 451.082 555.642 480.52 358.221 347.058 319.431 347.455 336.827 298.772 310.253 279.477 278.927 259.885 254.546 226.715 215.82 211.903 209.469 187.33 186.592 178.067 222.241 177.372
threshold=40.500000000000007 112.25000000000001 28.250000000000004 121.55000000000003 2003.5000000000002 1.0000000180025095e-35 1.0000000180025095e-35 1984.5000000000002 1.0000000180025095e-35 67.915000000000006 1992.5000000000002 2021.5000000000002 1993.5000000000002 60.415000000000006 2011.5000000000002 127.40000000000002 -80.34999999999998 49.085000000000008 2021.5000000000002 -81.749999999999986 49.500000000000007 1.0000000180025095e-35 18.500000000000004 0 37.500000000000007 68.500000000000014 25.850000000000005 2018.5000000000002 28.500000000000004 107.64000000000001
decision_type=2 10 2 10 2 2 2 2 2 8 2 2 2 10 2 10 2 10 2 2 2 2 2 9 2 2 2 2 2 10
left_child=2 4 3 7 -2 18 10 -1 9 19 -4 17 -12 14 -14 24 -17 -6 -3 -9 -7 25 -11 -19 -5 -13 29 28 -8 -24
right_child=1 5 6 15 11 20 27 8 -10 22 12 21 13 -15 -16 16 -18 23 -20 -21 -22 -23 26 -25 -26 -27 -28 -29 -30 -31
leaf_value=-0.048336070093770368 -0.023282511573077615 0.016099608163582069 -0.024115757834927809 0.015311821234635304 -0.012398005205389763 -0.0050884985762839731 -0.016602420895589897 -0.013075443011879974 -0.03215736201866122 -0.024322527347124014 0.019167808681489085 0.021067225798133828 -0.017134443991243309 0.017077728243102854 0.0096561888050116455 -0.018365800568802906 0.024576601983999781 0.014845475644756646 0.03007707567433391 -0.034272404227741048 0.033420151863125462 -0.0089409246930537197 -0.0021526972961352976 -0.010178761176256402 0.037142349904927929 0.001802967349828144 -0.013427186913061551 -0.036484621155849696 0.015853828887602273 0.035931891268206374
leaf_weight=6828 7400 2701 3315 8762 6390 2666 9507 4929 13520 12407 3445 18046 8084 17556 5219 5061 2115 12158 38063 11911 2059 2037 8746 3371 1526 3368 22135 2102 2260 1236
leaf_count=6828 7400 2701 3315 8762 6390 2666 9507 4929 13520 12407 3445 18046 8084 17556 5219 5061 2115 12158 38063 11911 2059 2037 8746 3371 1526 3368 22135 2102 2260 1236
internal_value=0.00173641 0.0138126 -0.00613975 -0.00949832 0.003723 0.0255137 0.00033011 -0.0123418 -0.0112172 -0.00919282 0.00332589 0.00653812 0.0048435 0.00322816 -0.00286562 0.00380565 -0.00402171 0.00201332 0.0275936 -0.0163858 0.00755016 0.0107647 -0.00646921 0.00563421 0.00926393 0.0122806 -0.00430323 -0.00779235 -0.00538762 0.0013711
internal_weight=248923 98259 150664 99176 52770 45489 51488 81712 74884 61364 37619 45370 34304 30859 13303 17464 7176 21919 40764 16840 4725 23451 44524 15529 10288 21414 32117 13869 11767 9982
internal_count=248923 98259 150664 99176 52770 45489 51488 81712 74884 61364 37619 45370 34304 30859 13303 17464 7176 21919 40764 16840 4725 23451 44524 15529 10288 21414 32117 13869 11767 9982
cat_boundaries=0 1
cat_threshold=20
is_linear=0
shrinkage=0.05


Tree=19
num_leaves=31
num_cat=4
split_feature=0 6 4 8 4 13 2 2 6 2 4 13 8 13 4 13 10 13 13 9 10 0 13 13 0 10 0 9 8 9
split_gain=8767.96 4287.43 1518.97 1203.29 1027.87 916.133 758.087 471.535 1008.69 460.484 385.198 384.476 612.477 342.119 332.168 415.285 330.895 329.652 304.766 295.763 347.266 263.612 254.508 246.743 245.011 223.307 218.021 214.847 193.69 192.903
threshold=40.500000000000007 3.5000000000000004 0 28.250000000000004 1 2003.5000000000002 1.0000000180025095e-35 1.0000000180025095e-35 1.5000000000000002 1.0000000180025095e-35 2 1999.5000000000002 26.650000000000002 2021.5000000000002 3 2021.5000000000002 99.655000000000015 1992.5000000000002 1993.5000000000002 -86.749999999999986 40.745000000000012 49.500000000000007 1990.5000000000002 2015.5000000000002 68.500000000000014 94.710000000000022 35.500000000000007 -82.549999999999983 25.950000000000003 -81.749999999999986
decision_type=2 2 9 2 9 2 2 2 2 2 9 2 2 2 9 2 10 2 2 2 10 2 2 2 2 8 2 2 2 2
left_child=3 5 6 4 22 -2 13 8 11 17 -4 12 28 -3 -7 25 26 -5 -19 20 -20 -8 -1 29 -17 -16 -10 -9 -6 -21
right_child=1 2 10 9 7 14 21 27 16 -11 -12 -13 -14 -15 15 24 -18 18 19 23 -22 -23 -24 -25 -26 -27 -28 -29 -30 -31
leaf_value=-0.030467794774226856 -0.022118385994423752 0.015294627755402957 0.015160772976002957 -0.022909969943181441 -0.032229286515508986 -0.021093494580646868 -0.0074931145024812913 -0.043996695613599361 -0.0036699538835424763 -0.014070708674453326 -0.017118527932350202 -0.015070412910745025 -0.018463212796566621 0.030573219983268542 0.010701797976786942 0.020826388221084624 -0.034655484548920423 0.018209418247414622 0.0066733698280178723 -0.0012049681770626821 0.045508218283726178 0.036402741590787713 0.018148319298127637 0.015610196266771049 0.0007895973288026604 -0.0087781316480011647 0.018174097847231608 -0.025470814223183869 -0.051973235047563106 -0.028894973621960585
leaf_weight=1143 7400 2481 3615 3315 8191 1441 2315 2705 21583 13869 2046 16767 12961 34033 14192 18100 2786 3445 5867 10910 2658 1633 8741 7998 3857 7146 3927 13409 6963 3426
leaf_count=1143 7400 2481 3615 3315 8191 1441 2315 2705 21583 13869 2046 16767 12961 34033 14192 18100 2786 3445 5867 10910 2658 1633 8741 7998 3857 7146 3927 13409 6963 3426
internal_value=0.00176493 0.0133842 0.0244868 -0.00581321 -0.00903252 0.00355924 0.0278766 -0.0107253 -0.00901924 0.000388365 0.000202429 -0.0136795 -0.0172533 0.0301336 0.00625531 0.00704259 -0.0016251 0.00325945 0.00471528 0.00313745 0.0110545 0.00704901 0.0062601 0.000111887 0.0118701 0.00207514 0.000164577 -0.0184694 -0.0240768 -0.00381291
internal_weight=248923 98259 46123 150664 99176 52136 40462 89292 73178 51488 5661 44882 28115 36514 44736 43295 28296 37619 34304 30859 8525 3948 9884 22334 21957 21338 25510 16114 15154 14336
internal_count=248923 98259 46123 150664 99176 52136 40462 89292 73178 51488 5661 44882 28115 36514 44736 43295 28296 37619 34304 30859 8525 3948 9884 22334 21957 21338 25510 16114 15154 14336
cat_boundaries=0 1 2 3 4
cat_threshold=46 160 144 80
is_linear=0
shrinkage=0.05


Tree=20
num_leaves=31
num_cat=6
split_feature=13 2 4 8 10 13 10 6 2 8 8 4 2 9 13 9 13 4 13 6 8 13 13 13 9 13 4 10 4 4
split_gain=7665.81 3054.54 2012.39 1381.94 993.461 701.511 518.442 453.395 438.318 669.429 412.458 488.567 312.635 320.505 367.928 259.386 258.407 256.438 243.418 230.945 207.093 201.231 187.474 224.984 246.299 266.413 208.52 184.538 183.726 182.238
threshold=2021.5000000000002 1.0000000180025095e-35 0 28.250000000000004 100.98500000000001 2004.5000000000002 48.07500000000001 4.5000000000000009 1.0000000180025095e-35 24.950000000000003 27.050000000000004 1 1.0000000180025095e-35 -81.649999999999991 2014.5000000000002 -82.34999999999998 1991.5000000000002 2 1982.5000000000002 3.5000000000000004 25.950000000000003 1987.5000000000002 1993.5000000000002 2003.5000000000002 -86.949999999999989 2004.5000000000002 3 21.125000000000004 4 5
decision_type=2 2 9 2 10 2 8 2 2 2 2 9 2 2 2 2 2 9 2 2 2 2 2 2 2 2 9 8 9 9
left_child=3 2 -2 5 19 7 29 10 9 -7 11 21 13 16 -15 -6 -5 -11 -13 -4 -21 -1 -18 -24 25 26 -25 -20 -22 -3
right_child=1 6 4 12 15 8 -8 -9 -10 17 -12 18 -14 14 -16 -17 22 -19 27 20 28 -23 23 24 -26 -27 -28 -29 -30 -31
leaf_value=-0.047891275272285143 -0.016373361963313026 0.058871322017204269 0.017831642172628382 -0.016749064634519861 0.0282695841611071 0.023148457821391411 -0.024494228815239528 0.016621493127495057 -0.024060538038047065 0.014343208045421198 -0.014915801298222765 -0.061314233479026203 -0.0096606695793881592 -0.031890182415101088 0.0090326345500981731 -0.01285666003014403 0.017339424977579655 -0.012339221250903877 -0.044108507593101948 -0.037008964252077448 0.059497956525096908 -0.0015189158658517777 -0.0012174638460848543 -0.023450046907198676 0.0069548710109141876 0.008440387818536 0.04765514214125588 -0.027262514813225724 0.022429310189337318 -5.5245702669193268e-05
leaf_weight=1085 4952 954 22495 2703 27011 5841 8941 2602 7047 3709 25383 2412 15499 4431 4810 490 3793 16988 3856 283 2564 6227 9974 310 10000 3244 3131 22663 19922 5661
leaf_count=1085 4952 954 22495 2703 27011 5841 8941 2602 7047 3709 25383 2412 15499 4431 4810 490 3793 16988 3856 283 2564 6227 9974 310 10000 3244 3131 22663 19922 5661
internal_value=0.0017099 0.0130447 0.0170925 -0.00508034 0.0191901 -0.00870399 -0.0071759 -0.0117656 -0.00284715 9.79358e-05 -0.012629 -0.0160525 0.00104222 0.00326369 -0.00496703 0.0266893 0.00555857 -0.00412179 -0.0189683 0.0146331 0.0181856 -0.00447354 0.00687414 0.00539015 0.0089398 0.016363 0.0260359 -0.0175789 0.0187233 0.00343396
internal_weight=248981 93273 77717 155708 72765 97813 15556 64228 33585 26538 61626 36243 57895 42396 9241 27501 33155 20697 28931 45264 22769 7312 30452 26659 16685 6685 3441 26519 22486 6615
internal_count=248981 93273 77717 155708 72765 97813 15556 64228 33585 26538 61626 36243 57895 42396 9241 27501 33155 20697 28931 45264 22769 7312 30452 26659 16685 6685 3441 26519 22486 6615
cat_boundaries=0 1 2 3 4 5 6
cat_threshold=80 172 172 8 36 32
is_linear=0
shrinkage=0.05


Tree=21
num_leaves=31
num_cat=1
split_feature=0 11 8 11 13 2 13 2 2 11 9 13 13 13 11 2 10 0 10 8 8 13 8 3 8 13 11 9 10 0
split_gain=7843.74 3889.32 951.179 1149.93 872.327 649.143 411.978 454.928 406.219 368.831 365.158 267.467 243.229 260.762 274.733 235.565 223.127 222.496 220.694 204.607 188.747 206.897 191.317 186.484 175.475 170.49 163.017 157.256 269.711 157.244
threshold=39.500000000000007 106.99500000000002 28.250000000000004 121.55000000000003 2015.5000000000002 1.0000000180025095e-35 1983.5000000000002 1.0000000180025095e-35 1.0000000180025095e-35 67.445000000000007 -85.749999999999986 2023.5000000000002 1992.5000000000002 1993.5000000000002 47.680000000000007 1.0000000180025095e-35 27.265000000000004 49.500000000000007 48.525000000000013 29.750000000000004 26.750000000000004 2004.5000000000002 26.150000000000002 0 26.450000000000003 2011.5000000000002 56.250000000000007 -86.749999999999986 28.875000000000004 18.500000000000004
decision_type=2 10 2 10 2 2 2 2 2 8 2 2 2 2 10 2 10 2 10 2 2 2 2 9 2 2 10 2 10 2
left_child=2 4 3 6 10 11 24 9 12 16 -2 20 -4 -14 25 23 -8 -7 -5 -10 21 -3 -23 -6 -1 -15 -18 28 -16 -11
right_child=1 5 8 18 15 17 7 -9 19 29 -12 -13 13 14 27 -17 26 -19 -20 -21 -22 22 -24 -25 -26 -27 -28 -29 -30 -31
leaf_value=-0.060808859713884993 0.02914500801925124 -0.0087002595913890698 -0.019814852884356429 0.0082550620078531093 -0.002693802438132842 -0.0039871660535577115 -0.032933724079227344 -0.028322683438443443 -0.03035418417264113 -0.020885277990994756 -0.015149333324646809 0.026470098185805438 0.015932012325788936 -0.019801665731046206 0.00064121907501561996 -0.0054280825687935243 -0.026302547989825079 0.02841428388776146 -0.039957576780632748 -0.0079908820756938066 0.0075456276367673603 0.018372444866333739 0.030445127814646436 0.016064937831600012 -0.030593949297441459 0.0048499023266117547 0.0011804085620456207 0.0056444864201174562 0.037871334988939069 -0.007544025641835983
leaf_weight=2401 1578 664 3292 16467 3847 3296 8668 13057 3078 13275 15781 28080 3506 5427 2797 4495 3536 2243 531 10628 3079 4857 7955 25935 4131 3020 3043 15367 3541 31406
leaf_count=2401 1578 664 3292 16467 3847 3296 8668 13057 3078 13275 15781 28080 3506 5427 2797 4495 3536 2243 531 10628 3079 4857 7955 25935 4131 3020 3043 15367 3541 31406
internal_value=0.00172998 0.0123993 -0.0056512 -0.00856307 0.00276498 0.0223119 -0.0110862 -0.0100068 -0.000102633 -0.00816177 -0.00636479 0.0243152 0.00262446 0.00389391 0.00239043 0.0073891 -0.0148751 0.00615426 0.00323965 -0.00745115 0.0192484 0.0218004 0.0232101 0.00899906 -0.0231122 -0.005256 -0.00791471 0.00536726 0.011988 -0.00586807
internal_weight=248981 101810 147171 96515 51636 50174 79517 72985 50656 59928 17359 44635 36950 33658 30152 34277 15247 5539 16998 13706 16555 13476 12812 29782 6532 8447 6579 21705 6338 44681
internal_count=248981 101810 147171 96515 51636 50174 79517 72985 50656 59928 17359 44635 36950 33658 30152 34277 15247 5539 16998 13706 16555 13476 12812 29782 6532 8447 6579 21705 6338 44681
cat_boundaries=0 1
cat_threshold=2
is_linear=0
shrinkage=0.05


Tree=22
num_leaves=31
num_cat=5
split_feature=13 4 8 11 10 13 4 9 10 9 9 9 13 10 4 8 7 12 9 10 8 12 11 11 13 13 4 8 4 11
split_gain=6503.87 1520.83 1146.13 656.906 654.421 426.927 477.087 347.65 327.103 326.159 299.373 245.821 293.009 227.383 220.099 214.675 212.344 194.848 256.185 219.341 185.85 182.248 311.689 179.869 178.859 203.8 153.378 145.963 135.785 132.148
threshold=2021.5000000000002 0 28.250000000000004 69.030000000000015 100.98500000000001 1991.5000000000002 1 -82.049999999999983 58.940000000000005 -81.749999999999986 -82.34999999999998 -81.649999999999991 2014.5000000000002 14.360000000000001 2 26.050000000000004 14.500000000000002 1.0000000180025095e-35 -86.949999999999989 33.400000000000006 26.050000000000004 1.0000000180025095e-35 107.64000000000001 65.415000000000006 2016.5000000000002 1996.5000000000002 3 27.750000000000004 4 31.250000000000004
decision_type=2 9 2 10 10 2 9 2 10 2 2 2 2 8 9 2 2 8 2 10 2 10 10 8 2 2 9 2 9 8
left_child=2 26 3 5 7 -1 15 13 14 24 16 17 -13 -3 -9 -7 -6 18 19 -4 -16 22 -5 -11 25 27 -2 -8 -10 -19
right_child=1 4 11 21 10 6 9 8 28 23 -12 12 -14 -15 20 -17 -18 29 -20 -21 -22 -23 -24 -25 -26 -27 -28 -29 -30 -31
leaf_value=-0.038768434848002721 -0.0038273555369793934 -0.018892012208413345 0.0068651792804447003 -0.0083266885576650292 0.017532607673155988 0.014272411446185719 -0.019758264093397451 0.045403439090079267 0.034599597186872048 -0.033375314495392994 -0.017449451004263851 -0.030215993062504866 0.0022570035354176456 0.0099887123350048245 -0.0048623238848675143 -0.012601794569652915 0.02380761301373209 -0.024747992126016971 0.0017747618091897622 0.039261711876900224 0.021473327850440961 -0.0097835168859626634 0.018572450833977783 -0.020991434531117115 0.017031979353494188 -0.026771164991141475 -0.019378160627465047 0.0070449895045558543 -0.0052160606672911674 0.0024881640795019425
leaf_weight=9925 3253 1868 2117 8339 7987 4715 2300 4677 720 7858 717 4889 6724 18326 1663 4762 23115 1789 6137 3514 23796 23425 5903 18154 1788 6113 3434 4531 3717 32725
leaf_count=9925 3253 1868 2117 8339 7987 4715 2300 4677 720 7858 717 4889 6724 18326 1663 4762 23115 1789 6137 3514 23796 23425 5903 18154 1788 6113 3434 4531 3717 32725
internal_value=0.00171231 0.0121528 -0.00454219 -0.00784223 0.0139263 -0.0110845 -0.00920846 0.0106112 0.0136556 -0.0115568 0.0196315 0.00103359 -0.00546761 0.00539497 0.0155211 0.000900284 0.0203683 0.00266569 0.00821871 0.0159103 0.0136603 -0.00266343 0.00179624 -0.0149258 -0.00560982 -0.00765787 -0.0108021 -0.00171759 0.000978188 0.000770479
internal_weight=248981 93273 155708 97813 86586 60146 50221 54767 34573 40744 31819 57895 11613 20194 30136 9477 31102 46282 11768 5631 25459 37667 14242 26012 14732 12944 6687 6831 4437 34514
internal_count=248981 93273 155708 97813 86586 60146 50221 54767 34573 40744 31819 57895 11613 20194 30136 9477 31102 46282 11768 5631 25459 37667 14242 26012 14732 12944 6687 6831 4437 34514
cat_boundaries=0 1 2 3 4 5
cat_threshold=80 172 44 16 40
is_linear=0
shrinkage=0.05


Tree=23
num_leaves=31
num_cat=0
split_feature=0 11 8 11 13 2 2 11 13 9 0 13 13 13 11 2 0 11 8 8 8 13 11 8 8 0 8 11 10 13
split_gain=6891.03 3408.57 802.777 949.139 689.622 578.813 379.504 340.999 398.198 321.486 302.033 233.339 222.463 243.614 230.129 207.131 206.08 203.323 267.494 188.536 180.974 189.57 173.801 167.488 164.8 164.116 159.72 152.782 151.033 147.53
threshold=39.500000000000007 106.99500000000002 28.250000000000004 121.55000000000003 2015.5000000000002 1.0000000180025095e-35 1.0000000180025095e-35 114.81500000000001 1983.5000000000002 -85.34999999999998 18.500000000000004 2023.5000000000002 1992.5000000000002 1993.5000000000002 47.680000000000007 1.0000000180025095e-35 49.500000000000007 127.40000000000002 25.750000000000004 29.750000000000004 26.750000000000004 2004.5000000000002 65.415000000000006 26.150000000000002 26.450000000000003 37.500000000000007 26.350000000000005 85.680000000000021 96.570000000000007 2011.5000000000002
decision_type=2 10 2 10 2 2 2 10 2 2 2 2 2 2 10 2 2 10 2 2 2 2 8 2 2 2 2 8 10 2
left_child=2 4 3 7 9 11 12 8 24 -2 -10 20 -4 -14 29 -6 28 25 -19 -8 21 -3 26 -23 -1 -5 -12 -21 -7 -15
right_child=1 5 6 17 15 16 19 -9 10 -11 22 -13 13 14 -16 -17 -18 18 -20 27 -22 23 -24 -25 -26 -27 -28 -29 -30 -31
leaf_value=-0.055829994985790603 0.025772408242775404 -0.0082850994298272248 -0.018899393269259424 0.011719298002045209 0.013204076407320287 0.0083408369525391109 -0.028849954335606755 -0.034592612458663387 -0.023895753399649691 -0.013831498995630298 -0.03189825581733121 0.024117219011605063 0.015011003505524379 -0.018068269586729357 0.010359076730626438 -0.0053751811252031878 0.026532456452377763 0.022339615285661155 -0.017793853653631685 -0.028473774778116745 0.0067545894565523845 0.016952862066991339 -0.0077328675248959479 0.027960727463021497 -0.027282221472602421 0.027768646329635695 -0.010755403196516956 -0.0018774633392559361 -0.034212596191592053 0.0044829990063060881
leaf_weight=2401 1737 664 3292 8882 29782 2272 3078 6268 20947 15622 3943 28080 3506 5427 21705 4495 2243 1906 4993 2323 3079 4857 36933 7955 4131 1217 4894 8305 1024 3020
leaf_count=2401 1737 664 3292 8882 29782 2272 3078 6268 20947 15622 3943 28080 3506 5427 21705 4495 2243 1906 4993 2323 3079 4857 36933 7955 4131 1217 4894 8305 1024 3020
internal_value=0.00169866 0.0116991 -0.00521976 -0.00789485 0.00267978 0.0209788 -0.00012237 -0.0101871 -0.00922685 -0.00543785 -0.00807095 0.0228704 0.00251353 0.00372758 0.00227438 0.0067912 0.00572175 0.00282808 -0.00378492 -0.00722514 0.0181376 0.0206362 -0.00579292 0.0219856 -0.0210028 0.00734494 -0.0120888 -0.00406091 -0.00223835 -0.0047239
internal_weight=248981 101810 147171 96515 51636 50174 50656 79517 73249 17359 66717 44635 36950 33658 30152 34277 5539 16998 6899 13706 16555 13476 45770 12812 6532 10099 8837 10628 3296 8447
internal_count=248981 101810 147171 96515 51636 50174 50656 79517 73249 17359 66717 44635 36950 33658 30152 34277 5539 16998 6899 13706 16555 13476 45770 12812 6532 10099 8837 10628 3296 8447
is_linear=0
shrinkage=0.05


Tree=24
num_leaves=31
num_cat=0
split_feature=13 2 8 10 11 2 10 11 13 8 10 2 9 13 11 9 7 11 8 9 7 7 11 11 10 10 9 8 12 7
split_gain=5541.26 2405.84 977.659 701.24 526.579 542.308 431.308 406.422 399.167 327.926 306.19 248.067 238.424 257.448 207.951 201.758 189.119 288.571 155.522 151.541 146.515 144.062 145.684 160.11 211.1 140.217 134.85 131.364 123.108 115.248
threshold=2021.5000000000002 1.0000000180025095e-35 28.350000000000005 100.98500000000001 69.030000000000015 1.0000000180025095e-35 48.07500000000001 105.28000000000002 1991.5000000000002 25.750000000000004 27.265000000000004 1.0000000180025095e-35 -81.649999999999991 2014.5000000000002 118.75000000000001 -82.34999999999998 14.500000000000002 138.07000000000002 25.950000000000003 -82.049999999999983 14.500000000000002 20.500000000000004 97.385000000000005 90.160000000000011 63.100000000000009 14.360000000000001 -80.34999999999998 26.450000000000003 2.5000000000000004 16.500000000000004
decision_type=2 2 2 10 10 2 8 10 2 2 8 2 2 2 10 2 2 10 2 2 2 2 10 10 10 8 2 2 10 2
left_child=2 3 4 14 8 7 19 -6 27 -9 26 12 16 -14 25 20 17 -4 -16 -3 -5 22 23 29 -25 -2 -10 -1 -13 -18
right_child=1 6 11 15 5 -7 -8 9 10 -11 -12 28 13 -15 18 -17 21 -19 -20 -21 -22 -23 -24 24 -26 -27 -28 -29 -30 -31
leaf_value=-0.046684011901714541 -0.030278455274856599 -0.0083666733809542038 -0.0020084329374174814 0.018950101080128869 -0.0056895461313666296 -0.023444043164279685 -0.022023991748195828 0.020281789342772607 -0.01932185580010928 -0.024488922710963659 -0.011208609867590091 -0.0065376839303467717 -0.027005065781309057 0.0081265470517066351 -0.032290567138808603 -0.01391312113810237 -0.0038906275455773635 0.062231535645501129 0.019888114391888135 0.015250135424738787 0.022411346616932983 -0.012396214978620224 -0.019457770184423497 0.038605974958978974 -0.0098696204444023838 0.013008001311436602 -0.033576386647014282 -0.026918085603440112 -0.061634611430384956 0.013260430442064576
leaf_weight=3616 680 2936 12274 7243 20268 8340 8941 7918 6976 1397 40804 14896 4214 4688 283 523 2398 538 22535 3679 21555 1162 851 3766 778 24898 4512 6387 434 9491
leaf_count=3616 680 2936 12274 7243 20268 8340 8941 7918 6976 1397 40804 14896 4214 4688 283 523 2398 538 22535 3679 21555 1162 851 3766 778 24898 4512 6387 434 9491
internal_value=0.00162717 0.0112641 -0.00414596 0.0148565 -0.00709383 -0.00244774 -0.00668123 0.000728213 -0.00992135 0.00936729 -0.00816795 0.00117838 0.00324371 -0.00397217 0.0111556 0.0209591 0.00529935 0.000631727 0.0146268 0.00299623 0.0215183 0.00853923 0.00968544 0.010731 0.0187088 0.00805456 -0.0153766 -0.0190702 -0.00423077 0.00766871
internal_weight=248981 93273 155708 77717 100218 37923 15556 29583 62295 9315 52292 55490 40160 8902 48396 29321 31258 12812 22818 6615 28798 18446 17284 16433 4544 25578 11488 10003 15330 11889
internal_count=248981 93273 155708 77717 100218 37923 15556 29583 62295 9315 52292 55490 40160 8902 48396 29321 31258 12812 22818 6615 28798 18446 17284 16433 4544 25578 11488 10003 15330 11889
is_linear=0
shrinkage=0.05


Tree=25
num_leaves=31
num_cat=8
split_feature=0 11 4 8 4 2 13 11 11 4 2 9 13 4 13 0 13 13 9 10 13 0 3 2 11 4 8 13 4 4
split_gain=5920.19 3153.78 1336.06 740.041 703.67 651.804 638.758 392.684 457.073 375.956 342.134 328.453 309.845 296.412 282.773 225.375 199.138 217.549 230.368 258.191 196.087 190.583 182.685 203.54 174.98 174.403 171.014 213.778 167.076 158.818
threshold=37.500000000000007 107.64000000000001 0 28.250000000000004 1 1.0000000180025095e-35 2015.5000000000002 120.57500000000002 108.05500000000002 2 1.0000000180025095e-35 -86.749999999999986 1981.5000000000002 3 2004.5000000000002 18.500000000000004 1992.5000000000002 1993.5000000000002 -86.749999999999986 40.745000000000012 1998.5000000000002 49.500000000000007 4 1.0000000180025095e-35 107.64000000000001 5 27.750000000000004 1999.5000000000002 6 7
decision_type=2 10 9 2 9 2 2 10 10 9 2 2 2 9 2 2 2 2 2 10 2 2 9 2 10 9 2 2 9 9
left_child=3 6 -3 4 20 9 11 8 12 -4 16 -2 -6 -8 -11 -14 -5 -18 19 -19 -1 25 -15 -24 26 -7 27 -17 -21 -12
right_child=1 2 5 10 7 21 13 -9 -10 14 29 -13 15 22 -16 24 17 18 -20 28 -22 -23 23 -25 -26 -27 -28 -29 -30 -31
leaf_value=-0.012142050758631662 0.031237970018257857 -0.017780705749344872 0.0097398730637325848 -0.01794169630444822 -0.045735741679444081 -0.014275383260924103 -0.019488750196855965 -0.0025123789758926488 -0.036635455197970228 -0.0098170629271452821 0.010881125319777496 -0.012090289488697614 -0.023533406092249323 -0.0040857767765176689 0.022790765934645931 -0.023757201582595668 0.014597407012612695 0.0046636071529658988 -0.0013914536026329305 -0.031545200910123673 0.020134927421748029 0.025943313507081546 0.014961086994457685 -0.0027593246721738574 0.025973827156407128 0.02376907720081789 -0.00296166363896333 -0.0094467821216793983 0.038850369883877627 -0.016940421687146667
leaf_weight=2310 1490 2293 3297 3292 3132 2595 1462 13341 5711 728 2365 18600 19784 4471 40313 12940 3407 5621 20370 239 6467 2168 26088 4237 1054 1356 10224 16499 2361 10968
leaf_count=2310 1490 2293 3297 3292 3132 2595 1462 13341 5711 728 2365 18600 19784 4471 40313 12940 3407 5621 20370 239 6467 2168 26088 4237 1054 1356 10224 16499 2361 10968
internal_value=0.00166357 0.0103961 0.0191812 -0.00513759 -0.00778708 0.0208758 0.00217006 -0.00921528 -0.0107276 0.0229909 -0.000153188 -0.0049801 -0.00950851 0.00613213 0.0242943 -0.00871164 0.00242493 0.00363034 0.00220447 0.00926376 0.0056667 0.00557187 0.00705997 0.00845115 -0.00658163 -0.000971977 -0.00711693 -0.00905124 0.0222605 -0.00697369
internal_weight=249183 109098 52750 140085 91462 50457 56348 82685 69344 44338 48623 20090 63633 36258 41041 60501 35290 31998 28591 8221 8777 6119 34796 30325 40717 3951 39663 29439 2600 13333
internal_count=249183 109098 52750 140085 91462 50457 56348 82685 69344 44338 48623 20090 63633 36258 41041 60501 35290 31998 28591 8221 8777 6119 34796 30325 40717 3951 39663 29439 2600 13333
cat_boundaries=0 1 2 3 4 5 6 7 8
cat_threshold=64 160 144 80 2 6 136 172
is_linear=0
shrinkage=0.05


Tree=26
num_leaves=31
num_cat=8
split_feature=0 6 4 8 4 13 2 2 6 13 2 4 13 3 4 13 8 0 13 13 13 9 0 0 12 9 4 4 9 3
split_gain=5449.8 2839.39 1224.21 669.989 635.645 613.747 603.651 327.672 370.586 320.231 301.78 287.438 282.914 262.762 261.652 238.418 188.888 188.518 180.246 178.104 177.834 218.216 165.808 163.814 163.681 158.432 178.938 155.527 155.194 153.334
threshold=37.500000000000007 3.5000000000000004 0 28.250000000000004 1 2003.5000000000002 1.0000000180025095e-35 1.0000000180025095e-35 1.5000000000000002 2021.5000000000002 1.0000000180025095e-35 2 2022.5000000000002 3 4 1991.5000000000002 26.350000000000005 49.500000000000007 1992.5000000000002 1998.5000000000002 1993.5000000000002 -86.749999999999986 68.500000000000014 11.500000000000002 1.0000000180025095e-35 -80.84999999999998 5 6 -82.549999999999983 7
decision_type=2 2 9 2 9 2 2 2 2 2 2 9 2 9 9 2 2 2 2 2 2 2 2 2 8 2 9 9 2 9
left_child=3 5 -3 4 19 -2 9 8 15 -4 18 -11 -10 -7 -15 16 -6 27 -5 -1 -20 24 25 -17 -22 -16 -27 -8 -9 -13
right_child=1 2 6 10 7 13 17 28 12 11 -12 29 -14 14 22 23 -18 -19 20 -21 21 -23 -24 -25 -26 26 -28 -29 -30 -31
leaf_value=-0.011534948220700071 -0.014579673053157461 -0.017042673620210815 0.0089417333221405212 -0.017044611489225849 -0.048188009539434966 -0.0072349431601244525 -0.013983902157082185 -0.036048892421272787 -0.0014229561713415607 0.010405286975778784 -0.01211027134638485 0.022246271904175875 -0.0328573487750961 -0.017594733804994701 0.015332552709110204 -0.02550266763959215 -0.023429110074320025 0.026146134480287044 0.013867536661982083 0.019128181050660588 0.029102642099299914 -0.0013218809225012951 -0.00092539872947998707 -0.012522455550898837 0.0048993847774875922 -0.0038813950140403012 0.024731585939032821 0.022774847441013969 -0.020419259562225012 -0.017080512360789335
leaf_weight=2310 9854 2239 3213 3292 2789 7221 2501 2473 22759 2533 13333 35539 2849 1443 26873 6133 5681 2031 3407 6467 3127 20370 5821 27622 5094 6171 2020 1293 12379 346
leaf_count=2310 9854 2239 3213 3292 2789 7221 2501 2473 22759 2533 13333 35539 2849 1443 26873 6133 5681 2031 3407 6467 3127 20370 5821 27622 5094 6171 2020 1293 12379 346
internal_value=0.0016419 0.0100203 0.0188381 -0.00488347 -0.00740445 0.00264168 0.0205409 -0.00876186 -0.00728815 0.0226544 -0.000140851 0.0239227 -0.00254118 0.00490829 0.00641116 -0.0101657 -0.0176651 0.00545844 0.00228045 0.00538252 0.00342727 0.00213804 0.00715194 -0.00827928 0.00900863 0.0084507 0.00235947 -0.00113039 -0.0154892 0.0250703
internal_weight=249183 109098 49695 140085 91462 59403 47456 82685 67833 41631 48623 38418 25608 49549 42328 42225 8470 5825 35290 8777 31998 28591 40885 33755 8221 35064 8191 3794 14852 35885
internal_count=249183 109098 49695 140085 91462 59403 47456 82685 67833 41631 48623 38418 25608 49549 42328 42225 8470 5825 35290 8777 31998 28591 40885 33755 8221 35064 8191 3794 14852 35885
cat_boundaries=0 1 2 3 4 5 6 7 8
cat_threshold=64 160 144 2 80 2 6 20
is_linear=0
shrinkage=0.05


Tree=27
num_leaves=31
num_cat=8
split_feature=0 6 4 8 13 4 2 2 13 13 2 4 3 8 3 4 0 2 13 13 8 13 6 13 8 8 12 4 3 8
split_gain=5011.44 2630.58 1116.17 609.4 574.203 566.504 557.766 304.654 337.779 301.51 279.311 270.265 253.986 259.922 242.696 237.711 172.08 168.066 164.741 167.326 168.138 161.836 283.565 156.618 152.395 151.44 158.306 141.644 140.459 146.787
threshold=37.500000000000007 3.5000000000000004 0 28.250000000000004 2003.5000000000002 1 1.0000000180025095e-35 1.0000000180025095e-35 1981.5000000000002 2021.5000000000002 1.0000000180025095e-35 2 3 25.650000000000002 4 5 49.500000000000007 1.0000000180025095e-35 1992.5000000000002 1993.5000000000002 28.850000000000005 2023.5000000000002 2.5000000000000004 1998.5000000000002 25.750000000000004 29.750000000000004 1.0000000180025095e-35 6 7 28.250000000000004
decision_type=2 2 9 2 2 9 2 2 2 2 2 9 9 2 9 9 2 2 2 2 2 2 2 2 2 2 8 9 9 2
left_child=3 4 -3 5 -2 23 9 8 -7 -4 18 -11 13 -10 -6 -16 27 -17 -5 -20 -21 22 -14 -1 -24 -12 -27 -8 -13 -30
right_child=1 2 6 10 14 7 16 -9 12 11 25 28 21 -15 15 17 -18 -19 19 20 -22 -23 24 -25 -26 26 -28 -29 29 -31
leaf_value=-0.010958200809665098 -0.013850689400499584 -0.016190539939200301 0.0084946466560334773 -0.016192380914764559 -0.0068731960021182203 -0.041429292071646896 -0.01328470704922804 -0.022199284888203153 -0.00069005030564150971 0.0098850226269898492 -0.026182672170457711 -0.03132008866645402 -0.012672814272627876 -0.027677989258098546 -0.01671499711474498 0.012257949319686734 0.024838827756272688 -0.0023553445720810198 0.013174159828882993 -0.015121979011474452 0.0062899269842799036 -0.029501289247382358 0.020739442743460269 0.018171771998127539 -0.0022217099160235956 0.0094391050979309565 -0.014842328772532732 0.021636105068963296 0.022556319943503135 0.0085563332949435637
leaf_weight=2310 9854 2239 3213 3292 7221 3132 2501 14852 3365 2533 2903 270 30543 9922 1443 35359 2031 5526 3407 3501 25090 3317 3440 6467 14114 3575 6855 1293 32293 3322
leaf_count=2310 9854 2239 3213 3292 7221 3132 2501 14852 3365 2533 2903 270 30543 9922 1443 35359 2031 5526 3407 3501 25090 3317 3440 6467 14114 3575 6855 1293 32293 3322
internal_value=0.00162023 0.00965465 0.018142 -0.00463721 0.00255247 -0.0070415 0.0197679 -0.00832296 -0.00690196 0.0217994 -0.00011412 0.0230301 -0.00612338 -0.012283 0.00474485 0.00618919 0.00526992 0.00689525 0.0022153 0.00331167 0.00206112 -0.00452619 -0.00378843 0.00503012 0.00127534 -0.0062767 -0.00345785 -0.00102524 0.0241429 0.0244184
internal_weight=249183 109098 49695 140085 59403 91462 47456 82685 67833 41631 48623 38418 64701 13287 49549 42328 5825 40885 35290 31998 28591 51414 48097 8777 17554 13333 10430 3794 35885 35615
internal_count=249183 109098 49695 140085 59403 91462 47456 82685 67833 41631 48623 38418 64701 13287 49549 42328 5825 40885 35290 31998 28591 51414 48097 8777 17554 13333 10430 3794 35885 35615
cat_boundaries=0 1 2 3 4 5 6 7 8
cat_threshold=64 160 144 8 2 80 6 2
is_linear=0
shrinkage=0.05


Tree=28
num_leaves=31
num_cat=7
split_feature=0 11 4 8 4 2 11 11 8 8 2 8 0 11 8 8 4 3 4 0 7 4 8 12 11 7 5 11 8 3
split_gain=4556.01 2493.38 1008.13 560.76 522.777 492.068 338.301 322.771 316.004 287.483 253.403 199.268 193.332 177.966 209.079 171.258 322.779 168.134 160.061 154.463 152.083 150.581 144.922 143.527 155.667 134.372 134.185 132.305 129.482 130.43
threshold=37.500000000000007 107.64000000000001 0 28.250000000000004 1 1.0000000180025095e-35 121.55000000000003 108.05500000000002 27.050000000000004 25.950000000000003 1.0000000180025095e-35 26.150000000000002 49.500000000000007 101.25000000000001 26.050000000000004 26.250000000000004 2 3 4 17.500000000000004 13.500000000000002 5 29.750000000000004 1.0000000180025095e-35 138.07000000000002 20.500000000000004 2.5000000000000004 118.75000000000001 28.250000000000004 6
decision_type=2 10 9 2 9 2 10 10 2 2 2 2 2 10 2 2 9 9 9 2 2 9 2 8 10 2 2 10 2 9
left_child=3 15 -3 4 13 11 7 8 9 19 25 -4 27 14 -1 16 -2 -17 28 -6 -11 -19 -12 -24 -25 -5 -8 -7 29 -13
right_child=1 2 5 10 6 12 26 -9 -10 20 22 18 -14 -15 -16 17 -18 21 -20 -21 -22 -23 23 24 -26 -27 -28 -29 -30 -31
leaf_value=0.010597632869187291 0.016777675622952872 -0.0077078247825216554 0.013231132003490666 0.005515482355016932 -0.023325405244402565 -0.018991211112598272 -0.042033442213061316 -0.032541654665578616 -0.0075398109358016724 -0.015268811061938248 -0.024873538561934794 -0.028187179321512091 0.02755194455714003 0.018937525358559616 -0.013549639163040795 -0.0063542950121626696 -0.010208247005924731 -0.015531285403750861 0.012122918600262978 -0.0083577942427152784 -0.031936653920980794 0.0092504228967739809 0.0089671498430344172 -0.016806470825601938 0.07109263172532039 -0.010437459306601138 -0.00024673170425786316 0.01576161503198854 0.010610227064069111 0.02191110758227284
leaf_weight=4865 3733 3760 5305 29948 7854 1802 382 5569 20451 3559 2903 269 1793 4852 7716 7054 12674 1137 3473 13438 10662 31750 3575 6513 342 5342 12114 1775 4280 30293
leaf_count=4865 3733 3760 5305 29948 7854 1802 382 5569 20451 3559 2903 269 1793 4852 7716 7054 12674 1137 3473 13438 10662 31750 3575 6513 342 5342 12114 1775 4280 30293
internal_value=0.0015504 0.00921106 0.0170224 -0.00441593 -0.00672228 0.0189349 -0.00855582 -0.0100799 -0.00893451 -0.0117853 -7.71081e-05 0.0206968 0.00464684 0.00106858 -0.00206894 0.0018968 -0.002403 0.00366324 0.0219556 -0.00810253 -0.0172897 0.00516455 -0.00594694 -0.00318966 -0.0074217 0.00214164 -0.00105549 -0.00207694 0.0229792 0.0241299
internal_weight=249183 109098 52750 140085 91462 48990 74029 61533 55964 35513 48623 43620 5370 17433 12581 56348 16407 39941 38315 21292 14221 32887 13333 10430 6855 35290 12496 3577 34842 30562
internal_count=249183 109098 52750 140085 91462 48990 74029 61533 55964 35513 48623 43620 5370 17433 12581 56348 16407 39941 38315 21292 14221 32887 13333 10430 6855 35290 12496 3577 34842 30562
cat_boundaries=0 1 2 3 4 5 6 7
cat_threshold=80 172 172 2 42 80 2
is_linear=0
shrinkage=0.05


Tree=29
num_leaves=31
num_cat=1
split_feature=13 2 11 13 2 11 10 13 13 9 10 12 9 11 11 11 10 10 10 3 10 10 9 7 11 7 9 11 10 9
split_gain=3856.41 1575.23 630.805 531.459 473.495 463.196 379.635 295.561 435.325 202.255 198.174 193.371 221.298 208.783 184.508 176.224 173.078 165.424 157.577 153.333 145.247 135.21 133.111 107.212 102.51 101.353 97.8641 96.8741 147.136 102.329
threshold=2021.5000000000002 1.0000000180025095e-35 69.030000000000015 2013.5000000000002 1.0000000180025095e-35 114.81500000000001 45.480000000000011 1991.5000000000002 1993.5000000000002 -85.049999999999983 100.98500000000001 1.0000000180025095e-35 -86.749999999999986 105.28000000000002 89.165000000000006 138.07000000000002 17.925000000000004 78.835000000000022 11.955000000000002 0 27.265000000000004 129.07500000000002 -82.149999999999991 16.500000000000004 137.08500000000001 20.500000000000004 -81.34999999999998 54.260000000000012 81.960000000000022 -87.149999999999991
decision_type=2 2 10 2 2 10 8 2 2 2 10 10 2 10 10 10 10 10 8 9 8 10 2 2 10 2 2 8 10 2
left_child=2 5 3 7 11 18 22 25 23 14 24 12 -4 -14 -6 -13 19 -18 -2 -16 -10 -12 -3 -9 -7 -1 -11 28 -5 -29
right_child=1 6 4 27 9 10 -8 8 20 26 21 15 13 -15 16 -17 17 -19 -20 -21 -22 -23 -24 -25 -26 -27 -28 29 -30 -31
leaf_value=-0.022691430656362144 -0.04283718508983636 -0.015831984322852134 0.028508939852521301 0.0249345960123184 -0.033469623594101792 0.015078843489628558 -0.017824479385042214 -0.015858665988446853 -0.020994725831179784 -0.024742365016294968 0.017315567461948244 1.8786411313076459e-05 -0.002988464258213286 0.017835115766784471 0.037171690897525658 0.047989145164526195 0.022144466574424017 -0.028996282963672782 0.011203890202827216 -0.03629942524731522 -0.01219466978456092 -0.00076895427375038854 0.011256528576168457 0.0089246396747751262 -0.013077727606377555 -0.039327946373465261 -0.0087929651577971953 0.013595177552735205 -0.0060901808465722686 -0.0036759433225923566
leaf_weight=7788 521 1351 3811 3102 894 23406 8922 1450 12636 6229 24778 30840 7030 6480 484 700 4185 772 27800 1705 41235 881 5173 6890 562 3654 4605 1185 1470 8644
leaf_count=7788 521 1351 3811 3102 894 23406 8922 1450 12636 6229 24778 30840 7030 6480 484 700 4185 772 27800 1705 41235 881 5173 6890 562 3654 4605 1185 1470 8644
internal_value=0.00150506 0.00953814 -0.003311 -0.00610124 0.000316629 0.0124285 -0.00504658 -0.00781871 -0.00645843 -0.00640754 0.0153404 0.00291482 0.00715769 0.00414941 -0.000397516 0.000583201 0.00229178 0.00745923 0.00732237 -0.00939063 -0.00810397 0.0183977 0.00411693 0.00416766 0.0120611 -0.0152026 -0.0108632 0.00268198 0.00868616 -0.000116882
internal_weight=249183 93394 155789 88054 67735 77948 15446 73653 62211 18874 49627 48861 17321 13510 8040 31540 7146 4957 28321 2189 53871 25659 6524 8340 23968 11442 10834 14401 4572 9829
internal_count=249183 93394 155789 88054 67735 77948 15446 73653 62211 18874 49627 48861 17321 13510 8040 31540 7146 4957 28321 2189 53871 25659 6524 8340 23968 11442 10834 14401 4572 9829
cat_boundaries=0 1
cat_threshold=18
is_linear=0
shrinkage=0.05


Tree=30
num_leaves=31
num_cat=1
split_feature=0 6 8 2 9 0 2 1 2 0 9 10 8 0 0 6 8 10 10 9 3 9 7 8 7 9 8 10 9 2
split_gain=3956.15 1960.72 450.331 369.317 258.326 254.609 205.199 186.775 250.104 176.69 173.636 168.85 210.883 173.756 160.749 144.341 204.89 141.673 138.936 134.353 130.498 138.868 130.397 134.53 129.194 122.175 117.307 108.639 108.627 114.17
threshold=36.500000000000007 3.5000000000000004 28.250000000000004 1.0000000180025095e-35 -80.84999999999998 14.500000000000002 1.0000000180025095e-35 1.0000000180025095e-35 1.0000000180025095e-35 49.500000000000007 -82.249999999999986 33.400000000000006 27.050000000000004 68.500000000000014 49.500000000000007 2.5000000000000004 25.750000000000004 93.870000000000019 42.415000000000006 -82.149999999999991 0 -81.649999999999991 12.500000000000002 28.250000000000004 14.500000000000002 -86.949999999999989 26.150000000000002 42.395000000000003 -82.649999999999991 1.0000000180025095e-35
decision_type=2 2 2 2 2 2 2 2 2 2 2 10 2 2 2 2 2 10 10 2 9 2 2 2 2 2 2 10 2 2
left_child=2 4 5 22 11 -1 20 8 15 17 -9 12 14 25 -2 -7 -17 -5 27 -10 -4 -22 -3 26 -6 -13 -24 -18 -27 -30
right_child=1 3 6 9 24 7 -8 10 19 -11 -12 13 -14 -15 -16 16 18 -19 -20 -21 21 -23 23 -25 -26 28 -28 -29 29 -31
leaf_value=-0.019811960366002523 -0.0023220360465399104 0.010407439383326535 0.0072277381497721123 0.0078126958407774613 0.0053610185447977802 -0.0080583564052926892 -0.010262417872551756 -0.009874564538974796 -0.026439294640720059 0.023372540199664282 -0.032997534484870528 0.042866330879816554 -0.0066386444216364644 -0.0053395266380364074 0.019969553711585954 0.022386570407241457 0.002017667729060868 -0.022243641477806178 -0.019213963992515473 -0.010322825827649229 0.0014399882691296106 -0.021067377427688827 0.008225165982101856 0.0071309993769686835 -0.010634236500081063 0.00024614594765597352 0.018949798625594028 0.054728903106512128 0.014243467501984642 -0.0015918048539325992
leaf_weight=20051 2559 7858 20205 2988 5723 32653 13112 4089 3581 2072 3500 710 11145 3361 3284 3389 7951 1352 4188 8987 10687 3464 1998 4304 11653 3988 29813 464 17526 2398
leaf_count=20051 2559 7858 20205 2988 5723 32653 13112 4089 3581 2072 3500 710 11145 3361 3284 3389 7951 1352 4188 8987 10687 3464 1998 4304 11653 3988 29813 464 17526 2398
internal_value=0.00145525 0.00838463 -0.00427526 0.0157188 0.00245602 -0.00637554 -0.000343317 -0.00492937 -0.00401075 0.00450016 -0.012324 0.00445633 0.000523591 0.00684278 0.00820947 -0.00238516 0.00150606 -0.00124138 -0.00143106 -0.0102958 0.00168771 -0.00199351 0.0173533 0.0186256 -0.00272058 0.00829815 0.0197495 0.002273 0.0076833 0.00919033
internal_weight=249053 112732 136321 50385 62347 88853 47468 68802 61213 6412 7589 44971 16988 27983 5843 48645 15992 4340 12603 12568 34356 14151 43973 36115 17376 24622 31811 8415 23912 19924
internal_count=249053 112732 136321 50385 62347 88853 47468 68802 61213 6412 7589 44971 16988 27983 5843 48645 15992 4340 12603 12568 34356 14151 43973 36115 17376 24622 31811 8415 23912 19924
cat_boundaries=0 1
cat_threshold=20
is_linear=0
shrinkage=0.05


Tree=31
num_leaves=31
num_cat=3
split_feature=0 11 13 8 11 2 11 13 0 2 13 0 3 2 13 13 0 5 11 11 8 3 3 11 11 13 8 8 8 13
split_gain=3649.61 1903.28 452.24 409.647 373.734 364.268 272.2 223.466 209.892 187.245 184.421 150.24 133.478 146.029 131.205 120.066 144.979 119.144 112.133 109.945 111.038 107.514 106.712 98.8488 108.437 97.7188 96.6126 94.7418 141.912 193.344
threshold=36.500000000000007 107.64000000000001 2003.5000000000002 28.350000000000005 121.55000000000003 1.0000000180025095e-35 114.81500000000001 1981.5000000000002 10.500000000000002 1.0000000180025095e-35 2004.5000000000002 49.500000000000007 0 1.0000000180025095e-35 1992.5000000000002 2019.5000000000002 28.500000000000004 2.5000000000000004 118.75000000000001 65.415000000000006 26.350000000000005 1 2 100.41500000000001 60.415000000000006 2017.5000000000002 28.850000000000005 26.150000000000002 26.550000000000004 2023.5000000000002
decision_type=2 10 2 2 10 2 10 2 2 2 2 2 9 2 2 2 2 2 10 8 2 9 9 10 8 2 2 2 2 2
left_child=3 2 -2 4 6 10 7 -1 -9 14 -3 18 26 -14 -5 16 22 -6 -7 20 -10 23 -11 24 -16 -13 -4 -12 -29 -30
right_child=1 5 12 9 17 11 -8 8 19 15 27 25 13 -15 21 -17 -18 -19 -20 -21 -22 -23 -24 -25 -26 -27 -28 28 29 -31
leaf_value=-0.032597662505765172 -0.012087202241045959 -0.0086392554481251171 -0.01445642546981798 -0.014849540521250494 -0.033289586609135169 -0.015500829589819754 -0.026967309384872351 -0.021910486286969455 -0.024312888974691527 0.003092832823034897 0.011224146549624515 -0.013035741002098656 0.0094408460736566738 -0.0036575625035093931 -0.0017564669185428984 -0.028096330692353712 0.01898631259100152 0.0042098262726047329 0.010019429263951453 -0.0064289891799786504 -0.010119779540861674 -0.0012794074152758129 -0.017105223096936139 -0.017327976514164956 0.013509429954909625 0.025467316187372857 0.0050670182421211248 0.030142853040109066 0.0070699576507819552 0.015864995041960216
leaf_weight=3424 10664 843 3829 3089 474 2130 5707 9079 4572 3015 5058 386 34860 5941 3761 1691 1744 14319 2369 45345 8040 12037 6464 1289 12271 1840 3946 5461 7051 28354
leaf_count=3424 10664 843 3829 3089 474 2130 5707 9079 4572 3015 5058 386 34860 5941 3761 1691 1744 14319 2369 45345 8040 12037 6464 1289 12271 1840 3946 5461 7051 28354
internal_value=0.00142755 0.00808306 0.00190886 -0.00407648 -0.00601187 0.0149191 -0.00742416 -0.00657159 -0.00593324 -0.000195059 0.0164835 0.00403118 0.00395587 0.00509909 0.00183165 -0.00528474 -0.00340515 0.00125988 -0.00123087 -0.0048243 -0.00895262 0.00286366 -0.00584361 0.0053832 0.00645805 0.0146243 -0.00204618 0.016909 0.0177097 0.0165424
internal_weight=249053 112732 59240 136321 90960 53492 76167 70460 67036 45361 46767 6725 48576 40801 32447 12914 11223 14793 4499 57957 12612 29358 9479 17321 16032 2226 7775 45924 40866 35405
internal_count=249053 112732 59240 136321 90960 53492 76167 70460 67036 45361 46767 6725 48576 40801 32447 12914 11223 14793 4499 57957 12612 29358 9479 17321 16032 2226 7775 45924 40866 35405
cat_boundaries=0 1 2 3
cat_threshold=2 20 18
is_linear=0
shrinkage=0.05


Tree=32
num_leaves=31
num_cat=7
split_feature=0 11 4 4 8 4 0 11 11 11 11 8 7 9 4 9 4 4 11 11 9 0 8 8 4 10 8 0 7 0
split_gain=3314.22 1721.34 961.711 483.887 422.333 270.71 272.16 234.851 287.444 201.945 207.966 195.209 297.298 181.16 234.137 170.048 169.674 164.2 146.32 349.277 327.159 152.477 141.492 135.791 153.289 135.385 182.903 146.09 129.12 127.561
threshold=36.500000000000007 107.64000000000001 0 1 28.250000000000004 2 46.500000000000007 121.55000000000003 114.81500000000001 118.75000000000001 127.40000000000002 26.950000000000003 19.500000000000004 -80.84999999999998 3 -82.749999999999986 4 5 98.055000000000021 89.720000000000013 -86.949999999999989 8.5000000000000018 26.350000000000005 27.950000000000003 6 33.400000000000006 27.050000000000004 67.500000000000014 16.500000000000004 49.500000000000007
decision_type=2 10 9 9 2 9 2 10 10 10 10 2 2 2 9 2 9 9 10 10 2 2 2 2 9 10 2 2 2 2
left_child=3 13 -3 -1 7 6 9 8 11 28 -11 12 16 17 -15 -8 -5 -2 19 21 -21 -6 -14 -17 -25 26 29 -27 -4 -19
right_child=1 2 5 4 18 -7 15 -9 -10 10 -12 -13 22 14 -16 23 -18 25 -20 20 -22 -23 -24 24 -26 27 -28 -29 -30 -31
leaf_value=0.011243619985241527 -0.017266660615670216 -0.017427503736606377 -0.0049240367719173509 0.0060442730054581341 -0.032800109085020422 0.006626818587339667 0.023682255197240033 -0.0013467121216683255 -0.027972105393679936 0.020135706573406333 0.0054912638068437937 -0.0069389323007463593 -0.03679839432186665 0.014186088615474636 -0.0096893364717215227 0.017420860423463313 -0.014529807275815366 -0.0012093424988627534 -0.011984781673838452 0.029022022864677012 0.0013964438716305594 -0.0024975381161307375 -0.016366943498248698 0.0041942767330054309 0.069334017121294306 0.011633177253440419 -0.0057036122411017413 -0.0042320047328228581 0.018671725697205942 0.018904569772157931
leaf_weight=11555 1447 2325 3033 3393 2169 6636 6379 12892 4949 4895 2454 24055 4202 3381 13885 21809 28859 2411 9465 4618 6639 21418 2107 4251 292 20797 10908 3257 1418 3154
leaf_count=11555 1447 2325 3033 3393 2169 6636 6379 12892 4949 4895 2454 24055 4202 3381 13885 21809 28859 2411 9465 4618 6639 21418 2107 4251 292 20797 10908 3257 1418 3154
internal_value=0.00135046 0.00769279 0.0141939 -0.00389457 -0.00480102 0.0156221 0.0170288 -0.00696 -0.00813984 0.010508 0.0155932 -0.00722064 -0.00942548 0.0018211 -0.002489 0.0193809 -0.00747939 0.00359423 -0.000881112 0.000616859 0.00785923 -0.00284146 -0.0193464 0.0175935 0.0096969 0.0041865 0.000694655 0.00657829 0.00209594 0.00806278
internal_weight=249053 112732 53492 136321 124766 51167 44531 80457 67565 11800 7349 62616 38561 59240 17266 32731 32252 41974 44309 34844 11257 23587 6309 26352 4543 40527 16473 24054 4451 5565
internal_count=249053 112732 53492 136321 124766 51167 44531 80457 67565 11800 7349 62616 38561 59240 17266 32731 32252 41974 44309 34844 11257 23587 6309 26352 4543 40527 16473 24054 4451 5565
cat_boundaries=0 1 2 3 4 5 6 7
cat_threshold=64 160 42 172 12 80 2
is_linear=0
shrinkage=0.05


Tree=33
num_leaves=31
num_cat=2
split_feature=13 2 11 13 2 10 10 13 13 12 9 3 3 10 9 11 9 9 11 10 10 11 10 11 10 7 11 9 9 7
split_gain=2709.2 1152.04 521.265 451.456 384.989 317.618 287.254 204.39 370.432 176.004 198.955 173.207 171.045 152.39 208.357 146.859 145.952 133.562 117 114.884 111.27 102.091 100.515 99.0849 99.0334 95.4853 95.1456 109.161 91.2854 90.9359
threshold=2021.5000000000002 1.0000000180025095e-35 69.030000000000015 2013.5000000000002 1.0000000180025095e-35 48.07500000000001 100.98500000000001 1991.5000000000002 1993.5000000000002 1.0000000180025095e-35 -86.949999999999989 0 1 58.940000000000005 -82.149999999999991 138.07000000000002 -82.249999999999986 -82.149999999999991 103.20500000000001 27.265000000000004 128.71500000000003 92.160000000000011 84.860000000000014 138.07000000000002 14.005000000000001 16.500000000000004 57.915000000000006 -87.149999999999991 -85.34999999999998 15.500000000000002
decision_type=2 2 10 2 2 8 10 2 2 10 2 9 9 10 2 10 2 2 10 8 10 8 8 10 8 2 8 2 2 2
left_child=2 6 3 7 9 17 13 -1 29 10 -4 -12 18 14 21 -11 20 -3 -6 -10 -8 -2 -15 -20 -16 -5 -27 -28 -14 -9
right_child=1 5 4 25 12 -7 16 8 19 15 11 -13 28 22 24 -17 -18 -19 23 -21 -22 -23 -24 -25 -26 26 27 -29 -30 -31
leaf_value=-0.023257832882212261 0.018268226203303064 -0.015518022484721429 0.026014345921345595 -0.0038809836167990499 -0.0070466725979143165 -0.015686464113016909 0.014338017828391792 -0.020517143660842854 -0.018430285849778905 0.00028467421817333086 0.012149155672703138 -0.011092487017975473 0.018987061428419862 -0.008042158318004233 0.003482722770029323 0.043384246425560317 -0.01971935411315702 0.01054112156992968 -0.022347933624745409 -0.010700244559306472 0.0041793317555165023 -0.0023155301615765292 0.0054845495449146854 0.015155568864647773 0.017388522076099689 0.017115101387194277 0.012779216835753272 -0.0093250131193281845 -0.0071619445310992626 0.0078814909394024479
leaf_weight=11376 1894 1361 3370 5545 8180 8870 26565 811 12638 30762 10979 2985 2107 3186 3587 675 463 5244 6004 41354 2318 5745 6538 631 27488 5132 1186 2568 1940 7551
leaf_count=11376 1894 1361 3370 5545 8180 8870 26565 811 12638 30762 10979 2985 2107 3186 3587 675 463 5244 6004 41354 2318 5745 6538 631 27488 5132 1186 2568 1940 7551
internal_value=0.00129666 0.00803643 -0.00273806 -0.00527101 0.00056399 -0.00442041 0.0105149 -0.00685381 -0.00572766 0.00290994 0.00695341 0.00431516 -0.00550021 0.00814688 0.00955222 0.00067892 0.0144195 0.00387755 -0.0079845 -0.00724418 0.0148669 0.00215061 0.00254777 -0.0129195 0.0113704 0.0028149 0.00602518 -2.65675e-05 0.00360216 0.00406116
internal_weight=249053 93259 155794 88161 67633 15475 77784 73730 62354 48771 17334 13964 18862 48438 38714 31437 29346 6605 14815 53992 28883 7639 9724 6635 31075 14431 8886 3754 4047 8362
internal_count=249053 93259 155794 88161 67633 15475 77784 73730 62354 48771 17334 13964 18862 48438 38714 31437 29346 6605 14815 53992 28883 7639 9724 6635 31075 14431 8886 3754 4047 8362
cat_boundaries=0 1 2
cat_threshold=20 12
is_linear=0
shrinkage=0.05


Tree=34
num_leaves=31
num_cat=5
split_feature=0 11 4 4 8 13 13 4 0 13 13 0 11 11 4 8 9 11 9 4 0 13 8 11 11 9 0 13 13 13
split_gain=2819.34 1464.31 887.354 434.88 365.206 360.265 316.968 241.64 207.953 199.933 191.603 182.757 229.924 181.199 178.222 167.852 211.042 155.112 155.742 146.037 134.668 170.751 201.886 134.387 301.254 286.617 134.57 148.035 192.837 128.526
threshold=36.500000000000007 107.64000000000001 0 1 28.250000000000004 2003.5000000000002 2004.5000000000002 2 10.500000000000002 2023.5000000000002 1984.5000000000002 46.500000000000007 118.75000000000001 92.160000000000011 3 28.250000000000004 -82.649999999999991 141.82000000000002 -81.749999999999986 4 68.500000000000014 2021.5000000000002 28.750000000000004 98.055000000000021 89.720000000000013 -86.949999999999989 8.5000000000000018 1993.5000000000002 1992.5000000000002 2015.5000000000002
decision_type=2 10 9 9 2 2 2 9 2 2 2 2 10 8 9 2 2 10 2 9 2 2 2 10 10 2 2 2 2 2
left_child=3 5 -3 -1 8 -2 -4 11 -5 10 -10 12 29 -11 -7 16 -13 18 -12 -20 21 22 -16 24 26 -26 -6 28 -28 -8
right_child=1 2 6 4 23 14 7 -9 9 13 17 15 -14 -15 20 -17 -18 -19 19 -21 -22 -23 -24 -25 25 -27 27 -29 -30 -31
leaf_value=0.01100182718880518 -0.010872171052165314 -0.01697665307427787 -0.018536673173649956 -0.021626712459573885 -0.030564398089735434 -0.017453355393867033 0.026719177205280789 0.0064607084897587265 -0.022241099668800769 0.019318434262252195 -0.0028111936946478623 0.020832887900641063 0.017319960043810756 -0.02595392365885818 -0.0027625874622026815 0.005138416090824105 0.014121080697348187 0.020228430798657548 0.0072015657103865933 -0.013306359396440383 -0.0037357685685491583 0.011542198593993547 0.013021290409147346 -0.011189417851317086 0.026849303576359951 0.0014368044692473882 -0.019644139182154598 -0.0064649728492216958 0.011653021001998321 -0.0015009740902408809
leaf_weight=11555 10664 2325 1148 11280 2169 1567 594 6428 5457 673 26786 10272 6683 4542 13842 3081 19111 1687 3079 26953 6311 18712 8144 9465 4618 6639 1516 16468 3434 3850
leaf_count=11555 10664 2325 1148 11280 2169 1567 594 6428 5457 673 26786 10272 6683 4542 13842 3081 19111 1687 3079 26953 6311 18712 8144 9465 4618 6639 1516 16468 3434 3850
internal_value=0.00127899 0.00712867 0.0131247 -0.00355862 -0.00441796 0.00171308 0.0144968 0.0150962 -0.00642562 -0.00539769 -0.00462859 0.0164305 0.0108871 -0.0148038 0.00354011 0.0183316 0.0194961 -0.00379134 -0.00423559 -0.00670728 0.00409428 0.00514887 0.00215948 -0.000772806 0.000662765 0.00738883 -0.00254905 -0.00134404 0.00622984 0.00206556
internal_weight=249053 112732 53492 136321 124766 59240 51167 50019 80457 69177 63962 43591 11127 5215 48576 32464 29383 58505 56818 30032 47009 40698 21986 44309 34844 11257 23587 21418 4950 4444
internal_count=249053 112732 53492 136321 124766 59240 51167 50019 80457 69177 63962 43591 11127 5215 48576 32464 29383 58505 56818 30032 47009 40698 21986 44309 34844 11257 23587 21418 4950 4444
cat_boundaries=0 1 2 3 4 5
cat_threshold=64 160 42 80 12
is_linear=0
shrinkage=0.05


Tree=35
num_leaves=31
num_cat=7
split_feature=0 11 4 4 13 2 13 9 4 13 11 11 9 2 13 4 4 13 0 4 0 12 13 9 4 11 0 2 13 0
split_gain=2514.8 1338.6 884.951 397.864 323.621 321.323 319.022 456.465 271.484 260.786 275.065 256.948 232.509 195.149 223.153 181.989 158.006 153.243 141.487 138.982 129.713 128.145 149.063 132.191 126.58 141.092 119.55 112.69 112.562 108.178
threshold=36.500000000000007 107.64000000000001 0 1 2013.5000000000002 1.0000000180025095e-35 2022.5000000000002 -81.749999999999986 2 1999.5000000000002 141.82000000000002 97.185000000000016 -83.049999999999983 1.0000000180025095e-35 1992.5000000000002 3 4 2004.5000000000002 49.500000000000007 5 67.500000000000014 1.0000000180025095e-35 1993.5000000000002 -86.749999999999986 6 90.160000000000011 16.500000000000004 1.0000000180025095e-35 1994.5000000000002 20.500000000000004
decision_type=2 10 9 9 2 2 2 2 9 2 10 10 2 2 2 9 9 2 2 9 2 8 2 2 9 8 2 2 2 2
left_child=3 4 -3 28 12 8 7 13 17 10 -9 -8 -2 14 -5 -6 21 -4 19 -7 27 23 -23 -16 -11 -26 -12 -17 -1 -15
right_child=1 2 5 6 15 18 11 9 -10 24 26 -13 -14 29 16 20 -18 -19 -20 -21 -22 22 -24 -25 25 -27 -28 -29 -30 -31
leaf_value=-0.0087673865546328503 0.018212487308726467 -0.017127843308747615 -0.0086875656656834731 -0.0093690510149948125 -0.015620002724793603 -0.013363377930897792 0.0020677876150186239 -0.022395161523859564 0.0050276623389131636 0.012475959421145877 -0.024113631118517456 -0.027872389288792834 -0.0093023344955834204 -0.017403082290178864 0.02502942191718174 0.010315441956747586 -0.013004216966587379 0.014672314910710327 0.018614558529706084 0.020279714451178335 -0.0020837069497239738 0.010404750083543314 0.00066481444305335204 0.0072100934279500711 -0.0011530945645829239 -0.012982591941279688 0.021716971111752061 -0.0032637532898490032 0.014933746069494536 -0.0019758808423243845
leaf_weight=2137 2113 2338 691 12918 1574 2949 2153 18710 5373 2543 471 5751 18251 8621 2688 27297 3277 38606 2148 1455 6430 5162 23617 3972 10136 16125 1467 3513 9349 7234
leaf_count=2137 2113 2338 691 12918 1574 2949 2153 18710 5373 2543 471 5751 18251 8621 2688 27297 3277 38606 2148 1455 6430 5162 23617 3972 10136 16125 1467 3513 9349 7234
internal_value=0.00117975 0.00670433 0.0124305 -0.00338893 0.00152058 0.0138031 -0.00420814 -0.00355063 0.0153223 -0.00719947 -0.0114871 -0.0139247 -0.003583 -0.000876309 0.000613818 0.00419843 0.00251252 0.0167625 0.00345931 -0.00167648 0.00490338 0.00348431 0.00203724 0.00973013 -0.004123 -0.00515391 0.00641684 0.00625243 0.00551017 -0.00572644
internal_weight=249069 112738 53560 136331 59178 51222 124845 116941 44670 49452 20648 7904 20364 67489 51634 38814 38716 39297 6552 4404 37240 35439 28779 6660 28804 26261 1938 30810 11486 15855
internal_count=249069 112738 53560 136331 59178 51222 124845 116941 44670 49452 20648 7904 20364 67489 51634 38814 38716 39297 6552 4404 37240 35439 28779 6660 28804 26261 1938 30810 11486 15855
cat_boundaries=0 1 2 3 4 5 6 7
cat_threshold=64 160 42 80 6 6 12
is_linear=0
shrinkage=0.05


Tree=36
num_leaves=31
num_cat=8
split_feature=0 11 4 4 2 8 0 2 11 7 9 4 2 8 3 8 4 4 9 0 11 11 8 4 4 11 8 11 8 7
split_gain=2297.92 1228.12 810.839 352.123 328.523 301.616 181.426 180.901 219.631 170.639 169.531 165.867 164.685 154.086 149.756 138.591 228.665 135.336 151.897 127.472 116.183 115.743 113.633 111.144 110.181 127.262 272.094 109.161 109.015 128.903
threshold=36.500000000000007 105.28000000000002 0 1 1.0000000180025095e-35 28.250000000000004 49.500000000000007 1.0000000180025095e-35 67.445000000000007 20.500000000000004 -82.649999999999991 2 1.0000000180025095e-35 26.350000000000005 3 26.250000000000004 4 5 -82.749999999999986 49.500000000000007 104.58500000000002 118.75000000000001 27.950000000000003 6 7 48.590000000000011 27.050000000000004 127.40000000000002 27.750000000000004 17.500000000000004
decision_type=2 10 9 9 2 2 2 2 10 2 2 9 2 2 9 2 9 9 2 2 10 10 2 9 9 10 2 10 2 2
left_child=3 15 21 -1 11 7 -6 8 9 14 20 17 -7 -11 -5 16 -2 -4 19 -19 -10 -3 27 -9 -17 26 -26 -20 -27 -30
right_child=1 2 4 5 6 12 -8 23 10 13 -12 -13 -14 -15 -16 24 -18 18 22 -21 -22 -23 -24 -25 25 28 -28 -29 29 -31
leaf_value=0.0093994995261043723 0.013911734697000001 -0.01877141299633758 0.043408985714367937 -0.019124849504537168 -0.0059960691661989259 0.001997888636175471 0.023061394442739403 0.0058170918380562771 -0.010465862387783222 -0.038907874957853042 -0.00031014885343187974 0.0067875828074629224 -0.009881984716427851 -0.014449290981244102 -0.0068907691493267365 -0.013862065520190203 -0.0099383322482224489 0.0063333586406450594 0.013583995135491557 0.019104673961074427 -0.05259129534559781 -0.0007074098568975451 0.004771509073602998 -0.017328735506378746 0.012991638636188308 0.00070666673391626142 -0.010809284132785724 0.0059162054605094386 0.012871257415428784 0.0030591210050173959
leaf_weight=11486 3492 2115 3266 8229 4195 31776 1833 1174 2576 2341 26211 4848 12586 3168 22674 1390 12341 862 22207 5563 783 1815 5720 13327 3722 8476 8594 2708 12302 7289
leaf_count=11486 3492 2115 3266 8229 4195 31776 1833 1174 2576 2341 26211 4848 12586 3168 22674 1390 12341 862 22207 5563 783 1815 5720 13327 3722 8476 8594 2708 12302 7289
internal_value=0.0011404 0.0064214 0.0117551 -0.00322684 0.0134337 -0.00399752 0.0024677 -0.00582225 -0.00470966 -0.00730877 -0.00150778 0.0148991 -0.00068737 -0.0154104 -0.00585999 0.00131561 -0.00266679 0.0159495 0.0150701 0.0220746 -0.0120659 -0.0101013 0.0135993 -0.010878 0.00282531 0.00330297 -0.000932987 0.0150592 0.00516259 0.00721137
internal_weight=249069 112738 55132 136331 51202 124845 6028 80483 65982 36412 29570 45174 44362 5509 30903 57606 15833 40326 37060 6425 3359 3930 30635 14501 41773 40383 12316 24915 28067 19591
internal_count=249069 112738 55132 136331 51202 124845 6028 80483 65982 36412 29570 45174 44362 5509 30903 57606 15833 40326 37060 6425 3359 3930 30635 14501 41773 40383 12316 24915 28067 19591
cat_boundaries=0 1 2 3 4 5 6 7 8
cat_threshold=80 160 42 8 172 32 24 80
is_linear=0
shrinkage=0.05


Tree=37
num_leaves=31
num_cat=8
split_feature=13 2 4 11 13 4 2 10 10 13 13 4 4 10 7 3 10 10 4 4 9 12 3 11 9 10 9 9 10 10
split_gain=1887 845.484 1022.56 393.497 326.931 303.848 286.198 284.202 263.215 206.942 303.294 209.829 189.537 184.928 172.675 138.025 135.269 164.317 133.026 126.145 136.768 123.043 163.814 148.638 121.068 116.889 109.629 108.47 97.3097 126.782
threshold=2021.5000000000002 1.0000000180025095e-35 0 69.030000000000015 2013.5000000000002 1 1.0000000180025095e-35 101.04500000000002 45.990000000000002 1991.5000000000002 1993.5000000000002 2 3 128.71500000000003 17.500000000000004 4 11.955000000000002 54.690000000000005 5 6 -80.84999999999998 1.0000000180025095e-35 7 135.28500000000003 -82.149999999999991 105.69500000000001 -86.949999999999989 -80.34999999999998 17.925000000000004 18.765000000000004
decision_type=2 2 9 10 2 9 2 10 8 2 2 9 9 8 2 9 8 10 9 9 2 10 9 10 2 10 2 2 10 10
left_child=3 2 -2 4 9 13 21 16 18 -1 -11 27 -8 -4 25 28 -7 24 -3 -6 -21 22 26 -23 -18 -9 -5 -12 -14 -30
right_child=1 8 5 6 19 7 12 14 -10 10 11 -13 15 -15 -16 -17 17 -19 -20 20 -22 23 -24 -25 -26 -27 -28 -29 29 -31
leaf_value=-0.020926270146641814 -0.014628269225116775 0.025969078870775864 0.044924805641985088 0.024598054927689184 0.021124304462424172 -0.0088357806206952102 0.012445104176433609 0.01707751139799223 -0.013830249429459408 0.0056049361967258184 -0.0081671431411594504 -0.012934917462003882 -0.025747170714447699 0.0045577138152489653 -0.0076007765592232884 0.0021334005437312789 0.0045558448240502264 0.0020099409500864418 -0.0011344902407764757 0.0044879687941735916 -0.016699064580247926 0.00045658996438344704 -0.0031667493211276821 0.042013115653879135 0.013857052814571391 0.010104191350668847 0.011081297926379642 0.011693093230034802 0.064779045149433709 -0.012712291751176431
leaf_weight=11424 4978 1757 4957 2289 2460 1310 3334 5584 8889 8382 5247 44535 3516 1008 841 3550 6247 10175 4850 9564 2357 30854 4788 695 24500 18202 10252 4104 228 8192
leaf_count=11424 4978 1757 4957 2289 2460 1310 3334 5584 8889 8382 5247 44535 3516 1008 841 3550 6247 10175 4850 9564 2357 30854 4788 695 24500 18202 10252 4104 228 8192
internal_value=0.00111912 0.00674219 0.00886624 -0.00224899 -0.00445205 0.0103646 0.000617357 0.00939383 -0.00392106 -0.00579767 -0.00466136 -0.00603755 -0.00462029 0.0211779 0.0136644 -0.0069457 0.00690308 0.00740985 0.00363458 0.0024425 0.00030567 0.00263459 0.00601822 0.000774739 0.00923204 0.014452 0.009016 0.000773663 -0.00951823 -0.00659549
internal_weight=249069 93298 77802 155771 88073 72824 67698 66859 15496 73692 62268 53886 18820 5965 24627 15486 42232 40922 6607 14381 11921 48878 17329 31549 30747 23786 12541 9351 11936 8420
internal_count=249069 93298 77802 155771 88073 72824 67698 66859 15496 73692 62268 53886 18820 5965 24627 15486 42232 40922 6607 14381 11921 48878 17329 31549 30747 23786 12541 9351 11936 8420
cat_boundaries=0 1 2 3 4 5 6 7 8
cat_threshold=80 40 140 172 4 56 172 4
is_linear=0
shrinkage=0.05


Tree=38
num_leaves=31
num_cat=4
split_feature=13 4 8 4 3 8 8 10 10 12 13 8 10 7 13 10 8 6 8 13 4 10 8 6 13 9 7 10 10 9
split_gain=1704.65 740.528 361.525 323.677 259.155 279.374 210.905 199.025 195.211 174.877 169.964 165.064 158.902 143.486 187.446 187.728 145.684 158.133 136.58 132.281 157.111 126.701 199.74 220.597 157.801 134.973 176.302 122.488 218.785 144.935
threshold=2021.5000000000002 0 29.750000000000004 1 2 25.950000000000003 25.950000000000003 80.725000000000009 14.360000000000001 2.5000000000000004 1999.5000000000002 26.350000000000005 128.71500000000003 16.500000000000004 2004.5000000000002 51.680000000000007 27.350000000000005 4.5000000000000009 29.750000000000004 2004.5000000000002 3 40.745000000000012 30.050000000000004 4.5000000000000009 2004.5000000000002 -86.949999999999989 13.500000000000002 101.04500000000002 54.690000000000005 -82.149999999999991
decision_type=2 9 2 9 9 2 2 8 8 10 2 2 8 2 2 10 2 2 2 2 9 10 2 2 2 2 2 10 10 2
left_child=2 -2 4 12 13 10 -5 9 -8 21 -6 -7 -3 19 16 -16 17 -15 27 -1 -21 22 23 -4 -24 26 -23 28 29 -10
right_child=1 3 7 6 5 11 8 -9 18 -11 -12 -13 -14 14 15 -17 -18 -19 -20 20 -22 25 24 -25 -26 -27 -28 -29 -30 -31
leaf_value=-0.013741332753851632 -0.010747220166862005 0.036602645092471735 0.0069926806137849962 -0.018336720313702592 -0.013025040984204228 -0.026845265637963411 -0.0031208936869179917 -0.0065095792488355292 0.002578246600768175 -0.034457454290548382 0.0059777188177975839 -0.014826731599407107 0.0010318250954728825 -0.012477241557540132 -0.0024236157016210846 0.01878246545097997 0.0015306916538111006 0.010835008716080187 -0.017260034353039976 0.011401999597562051 -0.0061064528700558009 -0.012463226270950312 0.0057067819732592902 0.056802206363056752 -0.017128702527335404 0.009119764748114224 0.028013227716682378 0.009223666345670711 0.00010130081521988466 0.013301549692786008
leaf_weight=14718 6683 7160 2290 1330 6093 6750 4704 12030 6612 887 7810 14872 1337 13168 4000 4900 20630 2223 1055 3988 15279 652 7759 964 4542 8678 3538 27601 10960 25856
leaf_count=14718 6683 7160 2290 1330 6093 6750 4704 12030 6612 887 7810 14872 1337 13168 4000 4900 20630 2223 1055 3988 15279 652 7759 964 4542 8678 3538 27601 10960 25856
internal_value=0.00104405 0.00638852 -0.0021572 0.00762567 -0.00360491 -0.00715009 0.00661394 0.00185006 0.00695721 0.00407231 -0.00162079 -0.0107064 0.0168897 -0.00200694 -0.000152456 0.00634119 -0.00175821 -0.00543796 0.00760119 -0.00445801 -0.00173004 0.0047568 0.0017186 0.0127145 -0.00119812 0.00842522 0.0157857 0.00786681 0.00620885 0.00827021
internal_weight=249069 93298 155771 86615 114431 35525 78118 41340 76788 29310 13903 21622 8497 78906 44921 8900 36021 15391 72084 33985 19267 28423 15555 3254 12301 12868 4190 71029 43428 32468
internal_count=249069 93298 155771 86615 114431 35525 78118 41340 76788 29310 13903 21622 8497 78906 44921 8900 36021 15391 72084 33985 19267 28423 15555 3254 12301 12868 4190 71029 43428 32468
cat_boundaries=0 1 2 3 4
cat_threshold=80 40 20 172
is_linear=0
shrinkage=0.05


Tree=39
num_leaves=31
num_cat=6
split_feature=0 11 4 4 13 9 13 13 11 13 0 2 4 2 13 11 0 10 4 4 13 12 13 9 10 10 4 10 9 8
split_gain=1878.06 988.135 645.861 286.341 288.166 349.72 252.001 238.292 226.493 219.316 188.295 183.118 210.168 155.7 171.477 151.991 143.753 141.582 137.566 119.022 116.551 105.09 124.875 103.881 101.08 136.62 100.542 203.636 123.777 131.963
threshold=36.500000000000007 107.64000000000001 0 1 2022.5000000000002 -81.749999999999986 2004.5000000000002 2003.5000000000002 97.185000000000016 1983.5000000000002 17.500000000000004 1.0000000180025095e-35 2 1.0000000180025095e-35 1992.5000000000002 141.82000000000002 49.500000000000007 93.870000000000019 3 4 1999.5000000000002 1.0000000180025095e-35 1993.5000000000002 -86.749999999999986 96.385000000000019 96.570000000000007 5 128.71500000000003 -82.749999999999986 27.950000000000003
decision_type=2 10 9 9 2 2 2 2 10 2 2 2 9 2 2 10 2 10 9 9 2 8 2 2 10 10 9 10 2 2
left_child=3 7 -3 -1 5 13 -4 -2 -6 -7 -11 12 26 14 24 20 17 -13 21 -9 -12 23 -23 -16 -5 -26 27 -8 -28 -30
right_child=1 2 6 4 8 9 11 19 -10 10 15 16 -14 -15 18 -17 -18 -19 -20 -21 -22 22 -24 -25 25 -27 28 -29 29 -31
leaf_value=0.0086064968881657041 -0.0091170667709370885 -0.014276886545165103 -0.016391624376118852 -0.011363386020929768 0.0016251122139980369 -0.029764993035385601 0.046077289768715883 -0.013237994729520608 -0.025614760748026735 -0.016292041047555727 -0.014762546180957693 0.0093278605388948509 0.0043540763558531205 -0.0086653303815847245 0.022018703685366514 0.020050826110804821 0.019320830089095867 -0.021507723197297147 -0.012265283434756658 0.0050206154079975645 -0.0029372516129298368 0.0095942335507290376 0.00070713292070392344 0.0068392137124698941 0.027170176100151135 -0.011265579365522882 0.016262463954900854 -0.0047173954261989339 0.01160417835247376 0.0036701333264337779
leaf_weight=11486 10678 2338 1141 10133 2153 2802 3095 1591 5751 15522 9517 2839 5218 15855 2688 1425 2041 1377 3277 46909 20186 5162 23617 3972 1114 1671 6282 582 23014 5633
leaf_count=11486 10678 2338 1141 10133 2153 2802 3095 1591 5751 15522 9517 2839 5218 15855 2688 1425 2041 1377 3277 46909 20186 5162 23617 3972 1114 1671 6282 582 23014 5633
internal_value=0.00103963 0.00581385 0.0107336 -0.00290852 -0.00360349 -0.0029786 0.0119062 0.00136007 -0.012838 -0.00617242 -0.00535362 0.0124384 0.0135808 -0.000637787 0.000693207 -0.00310874 0.00442796 -0.000851869 0.00235759 0.0028489 -0.00387541 0.00326433 0.00195387 0.00892054 -0.00429301 0.00413238 0.0148527 0.0227887 0.0140047 0.012606
internal_weight=249069 112738 53560 136331 124845 116941 51222 59178 7904 49452 46650 50081 43824 67489 51634 31128 6257 4216 38716 48500 29703 35439 28779 6660 12918 2785 38606 3677 34929 28647
internal_count=249069 112738 53560 136331 124845 116941 51222 59178 7904 49452 46650 50081 43824 67489 51634 31128 6257 4216 38716 48500 29703 35439 28779 6660 12918 2785 38606 3677 34929 28647
cat_boundaries=0 1 2 3 4 5 6
cat_threshold=64 160 42 6 80 40
is_linear=0
shrinkage=0.05


Tree=40
num_leaves=31
num_cat=0
split_feature=0 11 13 13 0 13 9 2 9 11 9 0 11 13 2 0 10 13 8 13 10 11 11 11 11 7 9 0 10 11
split_gain=1732.14 910.569 282.656 255.989 261.685 305.629 212.852 194.058 152.14 131.893 118.211 117.594 111.451 115.277 134.185 110.882 122.652 105.645 104.827 100.684 100.63 93.3256 89.373 124.21 87.4145 84.2593 82.7292 139.669 81.3895 74.6259
threshold=36.500000000000007 105.28000000000002 2013.5000000000002 2023.5000000000002 13.500000000000002 1983.5000000000002 -83.049999999999983 1.0000000180025095e-35 -85.249999999999986 92.160000000000011 -81.749999999999986 69.500000000000014 141.82000000000002 1999.5000000000002 1.0000000180025095e-35 49.500000000000007 93.870000000000019 2017.5000000000002 25.950000000000003 2004.5000000000002 15.635000000000003 89.720000000000013 98.055000000000021 138.07000000000002 90.160000000000011 19.500000000000004 -82.749999999999986 49.500000000000007 78.835000000000022 84.720000000000013
decision_type=2 10 2 2 2 2 2 2 2 8 2 2 10 2 2 2 10 2 2 2 10 10 10 10 10 2 2 2 10 10
left_child=3 2 6 4 8 25 21 19 22 -5 29 -4 13 18 -15 16 -9 -17 -12 -3 -14 -2 24 -24 -1 -6 27 -21 -26 -7
right_child=1 7 11 9 5 10 -8 15 -10 -11 12 -13 20 14 -16 17 -18 -19 -20 26 -22 -23 23 -25 28 -27 -28 -29 -30 -31
leaf_value=-0.0055545005560737604 -0.0051399698397617049 -0.0064715665945749741 0.0069620952297249523 0.0083933458107353868 -0.011969136737130404 -0.0010566745073651519 -0.0088581246425369024 0.0056826760026269518 -0.015209871422134924 -0.020015294337025494 -0.0047582062452114831 -0.0050555411647165375 0.022548269546475555 0.0017873067568350721 -0.010627845935551239 -0.018278049766037176 -0.020716125705402266 0.020818282571822746 -0.02108712239993267 0.0002547497665291054 -0.045385370409888548 0.031600027637438098 -0.023185496674505004 0.049635305580915029 0.020996465414103049 -0.028446875554932218 0.0093318452743446304 0.015449340757155828 -0.026804648593176019 0.0058653894067817632
leaf_weight=3460 775 851 33075 1228 4196 24939 17516 3284 20293 7383 6701 4942 1371 20111 5405 411 1402 1862 5437 1169 240 1249 1818 258 2169 2590 39024 6900 272 28185
leaf_count=3460 775 851 33075 1228 4196 24939 17516 3284 20293 7383 6701 4942 1371 20111 5405 411 1402 1862 5437 1169 240 1249 1818 258 2169 2590 39024 6900 272 28185
internal_value=0.00102726 0.00561839 0.00122379 -0.00276777 -0.00220352 -0.000993598 -0.0036624 0.0102244 -0.00644625 -0.0111066 -0.000240803 0.0037355 -0.00232081 -0.00287277 -0.000963723 0.00241785 -0.00198041 0.0114542 -0.00688179 0.0113567 0.0105182 0.0116519 -0.000594716 -0.00949185 0.0025461 -0.0112272 0.0116649 0.016283 0.00977152 0.00129672
internal_weight=248516 112460 57557 136056 127445 99175 19540 54903 28270 8611 92389 38017 39265 37654 25516 6959 4686 2273 12138 47944 1611 2024 7977 2076 5901 6786 47093 8069 2441 53124
internal_count=248516 112460 57557 136056 127445 99175 19540 54903 28270 8611 92389 38017 39265 37654 25516 6959 4686 2273 12138 47944 1611 2024 7977 2076 5901 6786 47093 8069 2441 53124
is_linear=0
shrinkage=0.05


Tree=41
num_leaves=31
num_cat=2
split_feature=0 11 13 13 0 13 9 2 3 9 0 9 11 10 10 0 10 11 11 10 2 13 10 11 9 10 13 3 10 11
split_gain=1582.97 828.203 253.777 230.718 235.536 281.631 197.327 177.847 126.831 112.908 106.584 104.833 113.718 209.857 146.455 104.13 108.038 101.631 106.052 97.4439 97.3237 95.5894 92.7534 185.031 177.379 123.646 92.2346 87.2716 87.072 86.9692
threshold=36.500000000000007 105.28000000000002 2013.5000000000002 2023.5000000000002 15.500000000000002 1983.5000000000002 -83.049999999999983 1.0000000180025095e-35 0 -85.249999999999986 69.500000000000014 -86.949999999999989 138.07000000000002 23.210000000000004 14.360000000000001 49.500000000000007 93.870000000000019 84.305000000000021 97.185000000000016 5.9750000000000005 1.0000000180025095e-35 2017.5000000000002 17.925000000000004 85.680000000000021 -86.84999999999998 70.125000000000014 2004.5000000000002 1 128.71500000000003 89.720000000000013
decision_type=2 10 2 2 2 2 2 2 9 2 2 2 10 10 8 2 10 8 8 10 2 2 8 8 2 8 2 9 10 10
left_child=3 2 6 4 9 -6 29 26 -5 22 -4 17 14 -14 -13 16 -9 -7 -19 -20 -11 -17 24 -24 -1 -25 -3 -28 -29 -2
right_child=1 7 10 8 5 11 -8 15 -10 20 -12 12 13 -15 -16 21 -18 18 19 -21 -22 -23 23 25 -26 -27 27 28 -30 -31
leaf_value=-0.03102591608128287 -0.0048829713477736014 -0.0061479882648462162 0.0066139904682387396 0.022693778927923437 -0.018284565965118293 -0.016320354330296639 -0.0084152184104100865 0.0053985422024956271 -0.018690410060631192 -0.010227950444138757 -0.0048027641064806838 -0.013490143906879304 0.025920863698546272 -0.043541330266601008 -0.00037023132003048968 -0.017364147277735321 -0.019680319420132177 0.021877238150470425 0.010268154470543368 -0.018395588552296616 -0.023418233046815385 0.019777368443231635 -0.041157936662788865 0.017435595012424088 0.016875962766891118 -0.010536669738726669 -0.0079407299498924118 0.010128380573138652 0.0015143577226945483 0.030020026255566191
leaf_weight=1600 775 851 33075 748 6730 1078 17516 3284 7863 20757 4942 6786 1994 383 69396 411 1402 3422 1822 1075 4567 1862 797 4221 495 2322 825 44100 2168 1249
leaf_count=1600 775 851 33075 748 6730 1078 17516 3284 7863 20757 4942 6786 1994 383 69396 411 1402 3422 1822 1075 4567 1862 797 4221 495 2322 825 44100 2168 1249
internal_value=0.000994665 0.00538366 0.00119252 -0.00263328 -0.0020976 -0.000781048 -0.00343734 0.00977637 -0.0105498 -0.00560701 0.00357246 -9.306e-06 -0.00054538 0.0102011 -0.000881982 0.00230306 -0.00195911 0.00567706 0.00809765 0.00104919 -0.00734586 0.01106 -0.000937004 0.00171429 -0.01019 0.00449412 0.0108604 0.0111553 0.0114414 0.0113078
internal_weight=248516 112460 57557 136056 127445 92686 19540 54903 8611 34759 38017 85956 78559 2377 76182 6959 4686 7397 6319 2897 25324 2273 9435 7340 2095 6543 47944 47093 46268 2024
internal_count=248516 112460 57557 136056 127445 92686 19540 54903 8611 34759 38017 85956 78559 2377 76182 6959 4686 7397 6319 2897 25324 2273 9435 7340 2095 6543 47944 47093 46268 2024
cat_boundaries=0 1 2
cat_threshold=10 10
is_linear=0
shrinkage=0.05


Tree=42
num_leaves=31
num_cat=6
split_feature=0 11 4 4 13 9 13 13 13 0 11 4 10 4 9 0 11 13 3 4 11 13 9 10 0 11 0 13 10 13
split_gain=1438.25 747.128 522.611 294.512 256.003 278.429 203.14 191.167 185.708 169.622 159.68 149.825 199.741 127.012 118.99 162.7 111.743 111.914 107.862 106.43 106.321 95.8986 118.282 94.7326 92.9529 90.9057 90.4001 82.4994 79.6374 105.061
threshold=36.500000000000007 107.64000000000001 0 1 2022.5000000000002 -81.749999999999986 2003.5000000000002 2004.5000000000002 1983.5000000000002 17.500000000000004 97.185000000000016 2 128.71500000000003 3 -82.749999999999986 49.500000000000007 141.82000000000002 1999.5000000000002 4 5 111.83500000000002 2021.5000000000002 -87.049999999999983 97.470000000000013 70.500000000000014 118.75000000000001 15.500000000000002 2017.5000000000002 18.665000000000003 2022.5000000000002
decision_type=2 10 9 9 2 2 2 2 2 2 10 9 10 9 2 2 10 2 9 9 10 2 2 10 2 10 2 2 8 2
left_child=3 6 25 27 5 26 -2 -4 -7 -10 -6 12 -9 -8 15 23 17 -11 19 21 -19 22 -15 -13 28 -3 -5 -1 29 -20
right_child=1 2 7 4 10 8 13 11 9 16 -12 14 -14 18 -16 -17 -18 20 24 -21 -22 -23 -24 -25 -26 -27 -28 -29 -30 -31
leaf_value=0.0043873589307640518 -0.0080253733940277346 -0.016104432738113773 -0.01316915118496338 -0.0061630948590259312 -0.00026351514405718038 -0.027618034412277039 -0.014460086076056823 0.041449380654509628 -0.014590938405671539 -0.012963876326764013 -0.022851033105226029 0.017514426758194281 -0.0059701015608992769 0.0080479769215473507 0.007550996289448531 0.014887028747616072 0.01662482814301347 -0.00023110818050255946 0.00397092663040497 0.016951923863020645 -0.019795374427683133 0.0055239439762499124 -0.016941509796552713 -0.025406943425311381 -0.0047133115846500042 -0.0001687911764612249 0.0011375016280628536 0.024401410324722497 0.008779287981229001 -0.045829387935310217
leaf_weight=8191 10699 2043 1147 18862 2103 2757 1537 4062 15450 9546 5778 709 668 872 35792 6375 1414 18774 2042 1911 1418 3468 5661 717 3790 1796 48407 3356 28611 560
leaf_count=8191 10699 2043 1147 18862 2103 2757 1537 4062 15450 9546 5778 709 668 872 35792 6375 1414 18774 2042 1911 1418 3468 5661 717 3790 1796 48407 3356 28611 560
internal_value=0.000964487 0.00514804 0.00944035 -0.00249364 -0.00320207 -0.00261236 0.00127871 0.0108183 -0.00546396 -0.00471552 -0.0119186 0.0112997 0.0197684 0.00265569 0.0103696 0.0159711 -0.00258969 -0.00324392 0.00312027 -0.000988937 -0.00113355 -0.00305858 -0.0066254 0.000696379 0.00451846 -0.00830526 -0.000519479 0.00513962 0.00541748 -0.00294793
internal_weight=248516 112460 53309 136056 124509 116628 59151 49470 49359 46602 7881 48323 4730 48452 43593 7801 31152 29738 46915 11912 20192 10001 6533 1426 35003 3839 67269 11547 31213 2602
internal_count=248516 112460 53309 136056 124509 116628 59151 49470 49359 46602 7881 48323 4730 48452 43593 7801 31152 29738 46915 11912 20192 10001 6533 1426 35003 3839 67269 11547 31213 2602
cat_boundaries=0 1 2 3 4 5 6
cat_threshold=80 160 40 80 10 2
is_linear=0
shrinkage=0.05


Tree=43
num_leaves=31
num_cat=7
split_feature=0 6 4 4 13 9 13 13 13 0 6 4 10 4 2 0 0 9 3 2 13 13 3 0 4 10 9 13 13 10
split_gain=1324.01 633.601 485.811 260.168 232.45 257.036 207.543 172.505 170.879 154.846 144.945 132.654 179.78 130.75 129.176 150.549 125.661 120.333 120.143 117.362 125.267 115.127 106.59 118.104 96.9993 90.935 190.716 140.331 104.667 95.0886
threshold=36.500000000000007 3.5000000000000004 0 1 2022.5000000000002 -81.749999999999986 2003.5000000000002 1983.5000000000002 2004.5000000000002 17.500000000000004 2.5000000000000004 2 128.71500000000003 3 1.0000000180025095e-35 49.500000000000007 69.500000000000014 -82.749999999999986 4 1.0000000180025095e-35 1992.5000000000002 2021.5000000000002 5 21.500000000000004 6 40.745000000000012 -86.749999999999986 1993.5000000000002 2011.5000000000002 1.0000000180025095e-35
decision_type=2 2 9 9 2 2 2 2 2 2 2 9 10 9 2 2 2 2 9 2 2 2 9 2 9 10 2 2 2 8
left_child=3 6 -3 -1 5 19 -2 -7 -4 -9 -6 12 -10 -8 17 -16 18 -13 21 20 -5 -15 23 -21 25 27 -27 -22 29 -29
right_child=1 2 8 4 10 7 13 9 11 -11 -12 14 -14 16 15 -17 -18 -19 -20 22 24 -23 -24 -25 -26 26 -28 28 -30 -31
leaf_value=0.0090917568608182009 -0.0076208892706856272 -0.013443606909901807 -0.012534292339710885 -0.0065044337718296319 -0.00025033938685430356 -0.026237132691663147 -0.013951083486237349 -0.013861391485387965 0.038997594019424132 -0.004198811741117226 -0.021708481449964713 0.013426103253260281 -0.0056715964828542914 -0.0070541719045378315 -0.0069637145852326394 0.017564505350995584 -0.0050921454208906263 0.0071139476412032561 0.0079637543820523689 -0.020330898051260961 0.0088706424144201716 0.0096658371601908051 0.0025021690719422732 -0.0023938368738436466 -0.009130079594470342 0.02386793233088591 0.0058363863356784233 0.025890463261579157 0.0069577880732069278 -0.009442483083929698
leaf_weight=11547 10706 2272 1142 12940 2103 2757 1671 15450 3951 31152 5778 6875 668 7200 3134 1793 5810 30356 33377 6136 5112 3505 4745 4865 3289 2337 7743 422 9425 10255
leaf_count=11547 10706 2272 1142 12940 2103 2757 1671 15450 3951 31152 5778 6875 668 7200 3134 1793 5810 30356 33377 6136 5112 3505 4745 4865 3289 2337 7743 422 9425 10255
internal_value=0.000928675 0.00494265 0.00912233 -0.00238928 -0.00305511 -0.00249318 0.00157276 -0.00523304 0.0101932 -0.00451171 -0.011361 0.0106621 0.0187217 0.00288814 0.00976813 0.00215718 0.0033499 0.0107771 0.00426154 -0.00048232 0.000672385 -0.00034965 -0.0042587 -0.0069549 0.00210012 0.00286572 0.0068781 0.0012607 -0.000621519 -0.00400954
internal_weight=248516 112460 50191 136056 124509 116628 62269 49359 47919 46602 7881 46777 4619 51563 42158 4927 49892 37231 44082 67269 51523 10705 15746 11001 38583 35294 10080 25214 20102 10677
internal_count=248516 112460 50191 136056 124509 116628 62269 49359 47919 46602 7881 46777 4619 51563 42158 4927 49892 37231 44082 67269 51523 10705 15746 11001 38583 35294 10080 25214 20102 10677
cat_boundaries=0 1 2 3 4 5 6 7
cat_threshold=64 160 40 80 10 4 6
is_linear=0
shrinkage=0.05


Tree=44
num_leaves=31
num_cat=2
split_feature=0 11 8 0 13 9 11 13 13 7 11 11 10 13 9 8 10 10 8 0 8 8 3 11 9 13 0 9 10 3
split_gain=1203.22 629.827 208.497 234.915 200.688 178.987 178.008 144.996 157.402 144.779 140.261 170.621 155.096 127.701 120.423 110.553 110.008 102.732 102.627 93.4532 137.318 95.6531 128.223 122.25 107.024 104.628 88.8887 86.8574 92.993 92.222
threshold=36.500000000000007 105.28000000000002 29.750000000000004 9.5000000000000018 2013.5000000000002 -83.049999999999983 138.07000000000002 1983.5000000000002 2023.5000000000002 13.500000000000002 97.185000000000016 89.720000000000013 80.725000000000009 2004.5000000000002 -86.049999999999983 24.650000000000002 42.415000000000006 19.450000000000006 29.950000000000003 30.500000000000004 25.450000000000003 25.850000000000005 0 127.40000000000002 -80.34999999999998 1998.5000000000002 67.500000000000014 -86.949999999999989 15.085000000000003 1
decision_type=2 10 2 2 2 2 10 2 2 2 8 10 10 2 2 2 10 10 2 2 2 2 9 10 2 2 2 2 10 9
left_child=2 4 3 -1 5 -2 10 -5 19 13 11 14 27 -3 17 -15 18 -4 -11 20 -9 24 23 -23 25 -22 -6 28 -13 -30
right_child=1 9 6 7 26 -7 -8 8 -10 16 -12 12 -14 15 -16 -17 -18 -19 -20 -21 21 22 -24 -25 -26 -27 -28 -29 29 -31
leaf_value=-0.017320637013954521 0.016127979112548596 -0.025473494826852419 0.0070172836527722998 -0.016497109948779887 0.0059942820614515393 -0.0076538520804716017 0.048401302063270625 -0.014822919337105046 -0.013542595551390368 0.02251468251986264 -0.0059031240847858164 -0.035140177362144878 -0.018620511726427671 -0.019689934708881564 0.0054146985338416002 0.0058553640935773204 0.0076104052772826948 -0.030857881599693517 -0.024074151455910277 0.0025498291886261629 -0.043332024690929227 -0.00038414874029264469 -0.013144123770124328 -0.019924473067976223 0.014715931592642662 0.00067603349740110732 -0.0029883456388628995 0.009448069082172772 -0.019678079359768355 0.025598257743994247
leaf_weight=12014 2024 615 929 5955 31658 17516 755 4746 7234 6457 13255 227 1408 663 4234 15628 31267 2062 273 20277 409 28895 10390 2715 3995 6961 6359 5141 276 4178
leaf_count=12014 2024 615 929 5955 31658 17516 755 4746 7234 6457 13255 227 1408 663 4234 15628 31267 2062 273 20277 409 28895 10390 2715 3995 6961 6359 5141 276 4178
internal_value=0.000866308 0.00469281 -0.00229668 -0.00339234 0.00103792 -0.00307928 0.00119938 -0.00252929 -0.00200392 0.00852348 0.000624212 0.00344165 0.00729537 0.00467013 -0.0025501 0.00551807 0.0102363 -0.0102133 0.0160386 -0.00135208 -0.00237178 -0.0016459 -0.00274697 -0.00116029 0.00242198 -0.00115176 0.00315434 0.00951993 0.0144425 0.0160394
internal_weight=248516 112460 136056 103591 57557 19540 32465 91577 85622 54903 31710 18455 11230 16906 7225 16291 37997 2991 6730 78388 58111 53365 42000 31610 11365 7370 38017 9822 4681 4454
internal_count=248516 112460 136056 103591 57557 19540 32465 91577 85622 54903 31710 18455 11230 16906 7225 16291 37997 2991 6730 78388 58111 53365 42000 31610 11365 7370 38017 9822 4681 4454
cat_boundaries=0 1 2
cat_threshold=20 8
is_linear=0
shrinkage=0.05


Tree=45
num_leaves=31
num_cat=8
split_feature=0 11 4 4 2 8 4 8 8 4 2 0 3 9 11 9 9 9 8 8 3 11 11 8 3 8 4 11 8 0
split_gain=1061.31 546.881 480.452 221.593 181.023 188.197 179.089 178.874 176.095 172.476 179.829 148.062 139.116 133.374 119.26 113.346 113.038 112.531 154.084 104.314 104.223 173.233 97.4168 95.7756 112.031 95.729 152.29 99.1066 185.211 95.6632
threshold=36.500000000000007 105.28000000000002 0 1 1.0000000180025095e-35 27.750000000000004 2 25.850000000000005 26.350000000000005 3 1.0000000180025095e-35 49.500000000000007 4 -82.549999999999983 117.08500000000002 -80.34999999999998 -82.749999999999986 -81.749999999999986 26.150000000000002 27.950000000000003 5 103.98000000000002 48.590000000000011 25.650000000000002 6 26.450000000000003 7 104.13000000000001 27.050000000000004 20.500000000000004
decision_type=2 10 9 9 2 2 9 2 2 9 2 2 9 2 10 2 2 2 2 2 9 10 8 2 9 2 9 8 2 2
left_child=3 22 -3 -1 5 7 -6 15 17 14 16 -12 29 -10 -4 23 -11 -9 -19 -18 21 -7 -2 -5 -25 26 -24 -27 -29 -8
right_child=1 2 9 4 6 20 12 8 13 10 11 -13 -14 -15 -16 -17 19 18 -20 -21 -22 -23 25 24 -26 27 -28 28 -30 -31
leaf_value=0.0085720396684954465 -0.014000266398649819 -0.0092356375078120664 0.013540469110947573 0.002342877261098586 0.0043471056518868956 0.005827760807448179 -0.022303589050751606 -0.00015478610506320934 -0.021053236422004542 0.012128578457792827 -0.01134752332981206 0.014401151071333286 -0.0011891119905489856 -0.0024718921624267589 0.045300347590111839 0.011487107746217529 0.0081406735995839703 -0.0125325200555511 -0.030982312429201731 0.0014208483220897962 -0.0046939143046338394 -0.017545125640395922 0.011222188458562066 -0.014173965294969816 0.033486963570209305 0.0063890009031601913 -0.0067131501750719476 0.0082562931343015851 -0.010923767866245583 -0.0096834902788264909
leaf_weight=11515 2766 3884 2001 8499 3985 27169 8537 2112 3408 7136 3163 1741 5086 16147 3023 4537 28073 7436 3487 6074 16221 2856 3845 5478 569 25195 13446 5240 6878 9571
leaf_count=11515 2766 3884 2001 8499 3985 27169 8537 2112 3408 7136 3163 1741 5086 16147 3023 4537 28073 7436 3487 6074 16221 2856 3845 5478 569 25195 13446 5240 6878 9571
internal_value=0.000780447 0.00437742 0.00793485 -0.00218082 -0.00279176 -0.00178956 -0.00640149 -0.00386297 -0.0061135 0.00922 0.00825524 -0.000793651 -0.00808133 -0.00311015 0.0180214 -1.83313e-05 0.00933209 -0.0106133 -0.0126543 0.00813157 0.000527499 0.00227159 0.000960265 -0.00217093 -0.0069754 0.00142454 -0.00165019 0.00284945 -0.000865765 -0.0101335
internal_weight=249078 112465 55095 136613 125098 97919 27179 51673 32590 51211 46187 4904 23194 19555 5024 19083 41283 13035 10923 34147 46246 30025 57370 14546 6047 54604 17291 37313 12118 18108
internal_count=249078 112465 55095 136613 125098 97919 27179 51673 32590 51211 46187 4904 23194 19555 5024 19083 41283 13035 10923 34147 46246 30025 57370 14546 6047 54604 17291 37313 12118 18108
cat_boundaries=0 1 2 3 4 5 6 7 8
cat_threshold=80 160 28 40 4 20 12 172
is_linear=0
shrinkage=0.05


Tree=46
num_leaves=31
num_cat=5
split_feature=0 11 4 4 0 4 13 9 13 9 13 13 9 3 9 0 8 11 4 8 8 9 8 8 11 13 9 11 0 13
split_gain=975.435 493.896 438.662 197.889 172.049 164.209 157.88 166.265 146.666 169.574 138.676 138.372 136.025 130.505 113.402 115.477 112.796 112.674 110.296 98.5652 196.347 174.181 122.814 86.6295 86.5771 85.6344 83.9691 83.259 101.996 77.9471
threshold=36.500000000000007 105.28000000000002 0 1 9.5000000000000018 2 2013.5000000000002 -83.049999999999983 2022.5000000000002 -81.749999999999986 2004.5000000000002 1982.5000000000002 -85.34999999999998 3 -82.749999999999986 49.500000000000007 28.150000000000002 117.08500000000002 4 25.850000000000005 26.550000000000004 -80.34999999999998 26.050000000000004 27.950000000000003 46.835000000000008 1994.5000000000002 -82.649999999999991 77.915000000000006 23.500000000000004 2014.5000000000002
decision_type=2 10 9 9 2 9 2 2 2 2 2 2 2 9 2 2 2 10 9 2 2 2 2 2 8 2 2 8 2 2
left_child=3 6 -3 25 12 17 7 -2 9 -6 -7 -11 -5 -10 15 16 -12 -4 -8 21 22 27 -21 -16 -20 -1 -15 -13 -29 -22
right_child=1 2 5 4 8 10 18 -9 13 11 14 19 -14 26 23 -17 -18 -19 24 20 29 -23 -24 -25 -26 -27 -28 28 -30 -31
leaf_value=-0.0084263879769935109 0.015708260787000227 -0.0087738556324214578 0.012863445655400164 -0.00036959396557088023 0.00044156333291525132 -0.013820872452080924 -0.012491406051323662 -0.0072148090063326011 0.025202215693512643 -0.022133515036875908 -0.02981617265511112 0.0026075963530339144 -0.017049071075322563 -0.026011689138592243 0.0074618331646038706 0.012267860347935235 0.016028696778939543 0.043035330210606217 -0.021268447002094959 -0.0088130612724888202 -0.0087115560121691967 0.01287209995838925 -0.025958965903788614 0.0012057463086675658 0.0052321900001816692 0.012553788581273741 -0.01039588890046499 -0.021141982571806661 -0.002981890077511107 0.0059556836283185532
leaf_weight=2137 2001 3884 2001 4692 58978 1097 1499 17427 711 2359 615 5584 12038 2498 30793 6475 857 3023 621 5061 7707 4397 4134 6350 35822 9378 3537 3365 5133 4904
leaf_count=2137 2001 3884 2001 4692 58978 1097 1499 17427 711 2359 615 5584 12038 2498 30793 6475 857 3023 621 5061 7707 4397 4134 6350 35822 9378 3537 3365 5133 4904
internal_value=0.000762783 0.00421116 0.00759187 -0.00207615 -0.0026535 0.00881986 0.00096375 -0.0027009 -0.00192474 -0.00145033 0.00787868 -0.00385192 -0.00737157 -0.00905861 0.0083082 0.01373 0.00107962 0.0174068 0.00284043 -0.00316044 -0.00543638 -0.000473254 -0.0109886 0.00714478 0.00338837 0.00419159 -0.0114368 -0.0031862 -0.00629995 -0.00138262
internal_weight=249078 112465 55095 136613 125098 51211 57370 19428 108368 101622 46187 42644 16730 6746 45090 7947 1472 5024 37942 40285 21806 18479 9195 37143 36443 11515 6035 14082 8498 12611
internal_count=249078 112465 55095 136613 125098 51211 57370 19428 108368 101622 46187 42644 16730 6746 45090 7947 1472 5024 37942 40285 21806 18479 9195 37143 36443 11515 6035 14082 8498 12611
cat_boundaries=0 1 2 3 4 5
cat_threshold=80 160 40 10 80
is_linear=0
shrinkage=0.05


Tree=47
num_leaves=31
num_cat=5
split_feature=0 13 4 6 4 2 8 13 8 4 4 10 10 8 13 9 0 8 10 13 8 9 6 10 2 0 7 4 13 10
split_gain=890.543 455.898 475.29 188.82 178.127 166.727 173.887 160.086 146.852 145.701 130.343 163.205 124.991 124.588 118.207 115.424 159.011 122.019 177.324 151.866 255.954 107.232 105.612 113.974 98.7868 126.388 89.0935 77.7489 79.0901 107.403
threshold=36.500000000000007 2021.5000000000002 0 3.5000000000000004 1 1.0000000180025095e-35 27.750000000000004 1999.5000000000002 29.350000000000005 2 3 128.71500000000003 15.290000000000001 25.850000000000005 1994.5000000000002 -82.749999999999986 47.500000000000007 26.550000000000004 45.250000000000007 2023.5000000000002 26.750000000000004 -82.549999999999983 4.5000000000000009 15.635000000000003 1.0000000180025095e-35 61.500000000000007 20.500000000000004 4 2022.5000000000002 57.775000000000006
decision_type=2 2 9 2 9 2 2 2 2 9 9 10 8 2 2 2 2 2 10 2 2 2 2 10 2 2 2 9 2 10
left_child=4 8 -3 12 14 6 7 22 13 -7 11 -5 -4 -2 -1 16 -12 18 -17 20 -19 -9 -6 -24 25 -14 27 28 -8 -30
right_child=1 2 3 10 5 9 26 21 -10 -11 15 -13 24 -15 -16 17 -18 19 -20 -21 -22 -23 23 -25 -26 -27 -28 -29 29 -31
leaf_value=-0.0087817404966088475 0.0037448574573763164 -0.014212075557686932 -0.039470007440825051 0.0332014693885061 -0.012501325956404586 0.005607689331829091 0.004562016913988387 -0.035709368654844108 0.0078372338511800699 -0.011463075075440489 -0.013928711375937208 -0.0060676073362866852 0.0097804011243574976 -0.006144639759714199 0.0091732859342044566 0.017863395957274441 0.012154478774630295 0.0037771284248656837 -0.0037560684613742626 0.0057531282580255199 -0.014311620868189401 -0.0011559139118001661 0.014549781802147966 -0.057479101779160671 -0.008532732591004023 0.00014470445913561392 -0.0097981421478397397 -0.0093669151866339739 0.017934617131548515 -0.02819060626152883
leaf_weight=3763 10700 2750 605 3812 20735 2746 33225 659 9731 23194 704 682 14001 21452 13730 5788 6086 3637 1272 19765 1557 25783 1562 229 2366 7557 5876 3148 693 1270
leaf_count=3763 10700 2750 605 3812 20735 2746 33225 659 9731 23194 704 682 14001 21452 13730 5788 6086 3637 1272 19765 1557 25783 1562 229 2366 7557 5876 3148 693 1270
internal_value=0.000741104 0.00403601 0.00648799 0.00731445 -0.00197148 -0.00266325 -0.00167615 -0.0037282 -9.66749e-05 -0.00620809 0.0093009 0.0173682 0.00380822 -0.00172564 0.00273797 0.00835587 0.0142794 0.00709825 0.0128996 0.00545276 -0.00215219 -0.00108876 -0.00682464 0.00480289 0.00437871 0.00544325 0.000596988 0.00147603 0.00215008 -0.00757729
internal_weight=249078 112465 70582 67832 136613 119120 93180 48968 41883 25940 43303 4494 24529 32152 17493 38809 6790 32019 7060 24959 5194 26442 22526 1791 23924 21558 44212 38336 35188 1963
internal_count=249078 112465 70582 67832 136613 119120 93180 48968 41883 25940 43303 4494 24529 32152 17493 38809 6790 32019 7060 24959 5194 26442 22526 1791 23924 21558 44212 38336 35188 1963
cat_boundaries=0 1 2 3 4 5
cat_threshold=64 164 24 40 2
is_linear=0
shrinkage=0.05


Tree=48
num_leaves=31
num_cat=5
split_feature=13 4 2 4 8 11 8 3 11 2 13 5 11 11 9 9 8 9 13 8 9 11 11 8 13 7 4 4 8 13
split_gain=725.593 443.416 446.63 292.01 232.645 262.201 170.569 253.273 189.153 168.906 164.777 149.092 145.79 156.675 176.739 145.978 139.602 129.249 123.303 121.581 129.431 109.216 105.619 104.044 92.1709 90.5041 88.7321 88.4655 88.4393 86.0928
threshold=2021.5000000000002 0 1.0000000180025095e-35 1 29.750000000000004 138.07000000000002 25.850000000000005 2 102.08500000000002 1.0000000180025095e-35 1999.5000000000002 2.5000000000000004 97.185000000000016 89.720000000000013 -86.949999999999989 -85.84999999999998 25.950000000000003 -80.34999999999998 1997.5000000000002 27.050000000000004 -82.649999999999991 117.08500000000002 53.165000000000006 27.350000000000005 2004.5000000000002 19.500000000000004 3 4 29.250000000000004 1999.5000000000002
decision_type=2 9 2 9 2 10 2 9 10 2 2 2 8 10 2 2 2 2 2 2 2 10 10 2 2 2 9 9 2 2
left_child=4 -2 3 21 6 12 9 8 19 10 17 -4 13 15 24 -6 -5 18 -1 29 -21 23 -22 -3 26 -17 -15 -13 -18 -8
right_child=1 2 11 16 5 -7 7 -9 -10 -11 -12 27 -14 14 -16 25 28 -19 -20 20 22 -23 -24 -25 -26 -27 -28 -29 -30 -31
leaf_value=-0.033281380051111052 -0.013942212411764743 0.0051826780344748974 -0.010323911728420133 -0.017595618306543725 -0.015943423912663148 0.045709376459480922 -0.013734691154699608 -0.014337100788163859 -0.019461304956002581 -0.010421328034981149 0.0079705680311811019 0.018209147583227382 -0.0041080535877144001 -0.014505951537695251 0.0047869845344865602 0.013165495152476892 0.0061327565159210451 0.007175973667538838 -0.0056406825276829504 -0.003822046937378332 -0.0014696184515898382 0.041342421392039523 0.011698719118194402 0.026938990470271752 -0.039526363424559334 -0.0057752395174818011 0.025378942403630235 -0.0012361842921844613 -0.012896651556212913 -0.0025059021039334443
leaf_weight=1347 3427 1830 8405 1132 4157 1090 6973 22711 3843 6551 17455 1915 16880 440 7021 4162 65879 4452 6602 16121 8293 3081 9552 1111 226 2515 4856 4877 1526 10648
leaf_count=1347 3427 1830 8405 1132 4157 1090 6973 22711 3843 6551 17455 1915 16880 440 7021 4162 65879 4452 6602 16121 8293 3081 9552 1111 226 2515 4856 4877 1526 10648
internal_value=0.00069614 0.00418647 0.00486099 0.00645375 -0.00139027 0.00182436 -0.00255067 -0.00386751 -0.00204328 0.00027597 0.00187169 -0.0029493 0.00116597 0.00372215 0.0075241 -0.000682405 0.00552168 -0.00253404 -0.0063513 -0.00124523 0.000503296 0.0169977 0.00343601 0.0100813 0.0142082 0.00389562 0.0155484 0.00255807 0.00581547 -0.00461403
internal_weight=249078 93183 89756 74559 155895 41347 114548 78141 55430 36407 29856 15197 40257 23377 12543 10834 68537 12401 7949 51587 33966 6022 17845 2941 5522 6677 5296 6792 67405 17621
internal_count=249078 93183 89756 74559 155895 41347 114548 78141 55430 36407 29856 15197 40257 23377 12543 10834 68537 12401 7949 51587 33966 6022 17845 2941 5522 6677 5296 6792 67405 17621
cat_boundaries=0 1 2 3 4 5
cat_threshold=64 40 20 8 56
is_linear=0
shrinkage=0.05


Tree=49
num_leaves=31
num_cat=4
split_feature=0 13 4 11 4 0 13 9 8 7 4 10 8 8 9 13 8 10 11 10 8 0 4 11 10 0 9 11 8 8
split_gain=732.854 373.074 398.812 181.627 158.234 151.745 129.877 131.773 128.691 120.154 116.256 151.375 116.602 122.545 108.551 105.701 105.121 114.313 104.898 103.363 89.9382 88.3304 86.866 89.6041 83.8402 137.206 108.814 97.7421 87.7919 87.2791
threshold=36.500000000000007 2021.5000000000002 0 111.83500000000002 1 9.5000000000000018 2022.5000000000002 -81.749999999999986 29.350000000000005 13.500000000000002 2 128.71500000000003 28.350000000000005 26.050000000000004 -85.34999999999998 1982.5000000000002 25.050000000000004 24.535 97.185000000000016 13.785000000000002 26.750000000000004 58.500000000000007 3 141.82000000000002 113.96500000000002 49.500000000000007 -82.549999999999983 130.19000000000003 26.850000000000005 27.950000000000003
decision_type=2 2 9 8 9 2 2 2 2 2 9 8 2 2 2 2 2 10 10 8 2 2 9 10 10 2 2 10 2 2
left_child=4 8 -3 9 -1 14 7 -7 16 -4 11 -5 13 -12 -6 -9 17 -2 -8 20 -15 -11 -17 -24 27 26 -26 29 -29 -21
right_child=1 2 3 10 5 6 18 15 -10 21 12 -13 -14 19 -16 22 -18 -19 -20 24 -22 -23 23 -25 25 -27 -28 28 -30 -31
leaf_value=0.0074175204341631945 -0.011942573847297489 -0.01280436115921435 -0.010104243445435746 0.03001066550345657 -0.00072743892537747718 0.0006197493800703225 0.0035328396696593604 -0.019774434026262801 0.0074338235951170624 0.0079497861486494525 -0.006900408888725007 -0.00051048554659658405 -0.0011202595063324772 0.0013650711804729988 -0.015612875366350743 0.0076067073436776773 -0.0044967145418112866 0.0099144956603739245 -0.017186661492466282 0.012141709675279923 -0.029325508002050162 -0.0014264176425653474 -0.006820740015082683 0.012767647542438355 -0.043438875505674934 0.0065271260279269327 0.002957094949179684 0.007258916027473728 -0.019367512889054694 0.0042643874335882796
leaf_weight=11515 1355 2750 2835 3811 4692 58978 1912 2359 9731 9592 1786 1181 3270 2267 12038 3889 26458 4339 4834 17866 254 5245 34890 1506 626 10453 850 2175 419 5202
leaf_count=11515 1355 2750 2835 3811 4692 58978 1912 2359 9731 9592 1786 1181 3270 2267 12038 3889 26458 4339 4834 17866 254 5245 34890 1506 626 10453 850 2175 419 5202
internal_value=0.000657599 0.00364659 0.00586469 0.00662177 -0.00180314 -0.00231941 -0.00163502 -0.0011886 -9.19008e-05 0.00226219 0.00815826 0.015403 0.0073493 0.00806051 -0.0067503 -0.00330567 -0.00161681 0.00454067 -0.00834813 0.00863117 -0.00116555 0.00406479 -0.00270133 -0.00346002 0.00928832 0.00581707 -0.00841184 0.010899 0.00168971 0.0119334
internal_weight=249078 112465 70582 67832 136613 125098 108368 101622 41883 17672 50160 4992 45168 41898 16730 42644 32152 5694 6746 40112 2521 14837 40285 36396 37591 11929 1476 25662 2594 23068
internal_count=249078 112465 70582 67832 136613 125098 108368 101622 41883 17672 50160 4992 45168 41898 16730 42644 32152 5694 6746 40112 2521 14837 40285 36396 37591 11929 1476 25662 2594 23068
cat_boundaries=0 1 2 3 4
cat_threshold=64 160 40 12
is_linear=0
shrinkage=0.05


Tree=50
num_leaves=31
num_cat=6
split_feature=13 2 4 4 11 9 11 2 10 4 10 7 10 13 13 8 8 10 7 4 10 6 4 8 10 10 11 4 9 10
split_gain=606.294 428.106 483.517 291.103 255.856 136.551 343.765 137.68 128.389 120.932 113.916 125.886 108.846 109.263 169.348 119.589 102.672 101.351 102.914 96.6127 96.5659 92.8738 90.2084 89.5413 87.5718 85.6097 155.775 84.5768 89.3573 81.5245
threshold=2013.5000000000002 1.0000000180025095e-35 0 1 66.040000000000006 -86.949999999999989 98.055000000000021 1.0000000180025095e-35 128.71500000000003 2 101.04500000000002 17.500000000000004 62.685000000000009 1991.5000000000002 1993.5000000000002 27.950000000000003 25.650000000000002 54.690000000000005 16.500000000000004 3 1.0000000180025095e-35 2.5000000000000004 4 27.350000000000005 27.375000000000004 14.360000000000001 138.07000000000002 5 -80.34999999999998 36.195000000000007
decision_type=2 2 9 9 10 2 10 2 10 9 10 2 8 2 2 2 2 10 2 9 10 2 9 2 10 8 10 9 2 8
left_child=4 2 -2 8 12 6 19 16 -4 29 17 -12 -1 -14 15 -15 21 25 -19 -6 -8 -7 -9 -18 -21 26 -5 28 -16 -3
right_child=1 9 3 10 5 7 20 22 -10 -11 11 -13 13 14 27 -17 23 18 -20 24 -22 -23 -24 -25 -26 -27 -28 -29 -30 -31
leaf_value=-0.011605331198516301 -0.011621011950041327 0.01987583827639643 0.028158003940283474 -0.0023607398147095005 -0.014474534262708129 0.0027057749326154126 0.011030233785058919 0.007712541797702155 -0.0070107042890712457 -0.0067146361211585237 0.0066330353410360317 -0.0090216932406602442 -0.013176210200730055 -0.0091806137382548069 -0.006361267061030196 0.0095353748807138327 -0.0073788635397469271 -0.003193985400939914 0.0053247251828262513 -0.027805838818584672 -0.019868872688748596 0.014537166909815102 -0.013225552964449605 0.0033891123458625219 0.025408372859368058 0.0078162603099920965 0.040663107485803089 -0.0078322621156113222 0.015064900936751524 -0.0011264121428622876
leaf_weight=16527 5256 2217 6573 6309 458 7389 890 1712 620 19581 24859 917 8873 2537 3598 5763 10405 9732 7760 207 2815 4415 6957 14989 4818 39038 421 26827 3071 3616
leaf_count=16527 5256 2217 6573 6309 458 7389 890 1712 620 19581 24859 917 8873 2537 3598 5763 10405 9732 7760 207 2815 4415 6957 14989 4818 39038 421 26827 3071 3616
internal_value=0.00078584 0.00320663 0.00465984 0.00546655 -0.00172704 0.000799964 0.00636008 -0.000314973 0.0151324 -0.00259597 0.00468245 0.00748468 -0.00379728 -0.00264705 -0.00157633 0.00481348 0.00100785 0.00354038 0.000302823 0.0143 -0.00539704 0.00485864 -0.00598571 -0.000783341 0.0162834 0.0047774 -0.000430267 -0.00316063 0.00187621 0.00371604
internal_weight=249150 126899 101485 96229 122251 55055 9188 45867 7193 25414 89036 25776 67196 50669 41796 8300 37198 63260 17492 5483 3705 11804 8669 25394 5025 45768 6730 33496 6669 5833
internal_count=249150 126899 101485 96229 122251 55055 9188 45867 7193 25414 89036 25776 67196 50669 41796 8300 37198 63260 17492 5483 3705 11804 8669 25394 5025 45768 6730 33496 6669 5833
cat_boundaries=0 1 2 3 4 5 6
cat_threshold=80 40 184 8 140 140
is_linear=0
shrinkage=0.05


Tree=51
num_leaves=31
num_cat=6
split_feature=0 11 4 4 4 0 13 13 13 9 3 4 8 4 8 11 11 8 7 8 11 0 8 8 8 9 7 8 8 0
split_gain=611.468 335.246 214.284 160.426 155.331 154.07 152.033 148.526 149.872 122.117 95.8471 101.86 92.9558 92.0009 88.3975 88.2094 85.8836 136.34 88.324 83.2027 78.9269 78.3731 77.7181 89.6858 124.276 97.0264 89.6714 76.8523 74.2966 84.4835
threshold=35.500000000000007 116.25000000000001 0 1 2 17.500000000000004 2003.5000000000002 1983.5000000000002 2022.5000000000002 -82.649999999999991 3 4 25.250000000000004 5 26.550000000000004 67.915000000000006 127.40000000000002 26.550000000000004 14.500000000000002 29.050000000000004 106.99500000000002 52.500000000000007 27.750000000000004 25.950000000000003 26.350000000000005 -80.34999999999998 19.500000000000004 26.250000000000004 27.850000000000005 49.500000000000007
decision_type=2 10 9 9 9 2 2 2 2 2 9 9 2 9 2 8 10 2 2 2 8 2 2 2 2 2 2 2 2 2
left_child=5 3 -3 -2 9 12 -5 -7 13 28 11 19 20 -9 -6 -10 17 -11 -18 -8 -1 -21 23 25 26 -15 -25 -17 29 -4
right_child=1 2 4 6 14 7 10 8 15 16 -12 -13 -14 22 -16 27 18 -19 -20 21 -22 -23 -24 24 -26 -27 -28 -29 -30 -31
leaf_value=-0.037304919397740742 -0.011845136823605796 0.03347016243962906 -0.021480519528729494 -0.0053962184061717711 0.0041322951131985697 -0.011894863691229851 -0.010779104873489143 0.032211794513729242 0.044522973734426777 0.01566568983435106 0.0048875498073321921 0.015372565412479045 -0.0060717572935225401 -0.0015511331953836915 -0.010066914266332994 0.021000374390463428 -0.010299605283258552 0.0030970084010497169 0.0065878050654117008 0.0082462475582729244 -0.0071244617058377818 -0.012011003718661595 0.0038343540307389291 -0.010217116184810405 -0.0011314971759552428 0.010234338293508616 -0.030062183783723384 -0.014376767759592202 0.0067543067857957165 0.014301375944589712
leaf_weight=903 2831 3120 212 11608 1361 6793 6499 1390 230 4027 50317 2039 42252 11597 1586 313 1885 13387 2633 2754 789 1208 35069 5813 14903 6138 1120 5639 7801 2933
leaf_count=903 2831 3120 212 11608 1361 6793 6499 1390 230 4027 50317 2039 42252 11597 1586 313 1885 13387 2633 2754 789 1208 35069 5813 14903 6138 1120 5639 7801 2933
internal_value=0.000744903 0.00339426 0.00717623 0.00148707 0.00607198 -0.00157078 0.0019323 -0.000374656 0.000212838 0.00705818 0.00290401 -0.00101438 -0.00399281 0.000821936 -0.00490394 -0.00726744 0.00490384 0.00649679 -0.00123675 -0.00301021 -0.0154524 0.00269386 0.000582641 -0.000936055 -0.00308066 0.00170471 -0.00860579 -0.00845354 0.0113728 0.0178605
internal_weight=249150 116201 38945 77256 35825 132949 74425 89005 82212 32878 62817 12500 43944 76030 2947 6182 21932 17414 4518 10461 1692 3962 74640 39571 21836 17735 6933 5952 10946 3145
internal_count=249150 116201 38945 77256 35825 132949 74425 89005 82212 32878 62817 12500 43944 76030 2947 6182 21932 17414 4518 10461 1692 3962 74640 39571 21836 17735 6933 5952 10946 3145
cat_boundaries=0 1 2 3 4 5 6
cat_threshold=40 80 146 10 2 32
is_linear=0
shrinkage=0.05


Tree=52
num_leaves=31
num_cat=4
split_feature=0 11 4 4 4 0 9 8 2 11 8 11 8 7 4 8 0 0 9 10 11 10 8 8 10 0 11 9 0 8
split_gain=551.621 306.901 197.302 145.771 142.456 137.01 111.327 103.362 97.4887 92.853 81.7087 79.5252 122.369 78.8793 75.8508 74.2128 79.1705 78.075 73.5718 136.482 73.0107 72.3619 68.584 98.5684 112.32 73.8488 69.3138 68.1236 79.3998 73.8368
threshold=35.500000000000007 116.25000000000001 0 1 2 17.500000000000004 -82.649999999999991 28.850000000000005 1.0000000180025095e-35 77.085000000000022 26.550000000000004 127.40000000000002 26.550000000000004 14.500000000000002 3 27.850000000000005 49.500000000000007 70.500000000000014 -86.549999999999983 18.335000000000004 55.415000000000006 15.085000000000003 26.450000000000003 27.050000000000004 39.720000000000006 45.500000000000007 65.415000000000006 -82.749999999999986 49.500000000000007 26.150000000000002
decision_type=2 10 9 9 9 2 2 2 2 10 2 10 2 2 9 2 2 2 2 8 8 10 2 2 10 2 8 2 2 2
left_child=5 4 27 6 -2 8 15 20 18 14 -5 12 -8 21 22 16 -4 -18 19 -1 -7 -13 26 -24 25 -25 -6 28 -3 -29
right_child=1 2 3 10 9 7 11 -9 -10 -11 -12 13 -14 -15 -16 -17 17 -19 -20 -21 -22 -23 23 24 -26 -27 -28 29 -30 -31
leaf_value=-0.019960748439858556 -0.011252879982425502 -0.024819374625827575 -0.020406493552293004 0.0039256803575386636 -0.016929599030857469 -0.010940675689930224 0.014882405342633477 0.0042830329146609893 -0.01282778603408561 0.0047123496502088358 -0.0095635685530163893 0.0010936749632234567 0.0029421579809972621 0.0062584148121411333 0.0081920124908532177 0.0064165914465059261 0.01608631668410343 0.0025862937959198365 -0.0057637941239736534 0.01484872346231665 -0.0014574393666128228 -0.024625269830546248 0.010227084983412028 -0.0015350462693151101 0.0033326773736310324 -0.017175340435668485 -0.0035348699291010369 0.0035508125342429866 0.037386883039101627 0.041768109286732275
leaf_weight=679 2831 322 212 1361 1965 6106 4027 24123 11111 33960 1586 940 13387 2633 6870 7801 2288 645 29203 2951 58776 945 3123 4537 11811 3441 8718 419 354 2025
leaf_count=679 2831 322 212 1361 1965 6106 4027 24123 11111 33960 1586 940 13387 2633 6870 7801 2288 645 29203 2951 58776 945 3123 4537 11811 3441 8718 419 354 2025
internal_value=0.000720421 0.00323678 0.00685535 0.00579579 0.00141201 -0.00147903 0.00675117 -0.000351064 -0.00376302 0.00183155 -0.00483654 0.00469419 0.00622704 -0.00121466 0.000213712 0.0108708 0.0173534 0.0194869 -0.00239168 0.00431319 -0.00139 -0.00899736 -0.000766027 0.000776547 -0.000527804 -0.00510766 -0.00407276 0.0188854 0.0048105 0.0228199
internal_weight=249150 116201 38945 35825 77256 132949 32878 89005 43944 74425 2947 21932 17414 4518 40465 10946 3145 2933 32833 3630 64882 1885 33595 22912 19789 7978 10683 3120 676 2444
internal_count=249150 116201 38945 35825 77256 132949 32878 89005 43944 74425 2947 21932 17414 4518 40465 10946 3145 2933 32833 3630 64882 1885 33595 22912 19789 7978 10683 3120 676 2444
cat_boundaries=0 1 2 3 4
cat_threshold=40 146 80 2
is_linear=0
shrinkage=0.05


Tree=53
num_leaves=31
num_cat=3
split_feature=0 11 0 7 10 2 3 11 10 2 3 7 10 10 3 11 10 11 7 9 10 9 10 0 0 11 11 10 7 9
split_gain=499.174 285.801 123.289 97.4586 103.117 88.116 97.8694 87.7504 113.471 84.1156 106.292 81.8754 108.408 99.3398 99.324 77.7773 76.1291 74.6481 72.6036 71.4173 71.1458 69.7925 79.2634 61.5369 60.7503 60.4154 59.5283 61.743 68.9624 57.2793
threshold=35.500000000000007 116.25000000000001 17.500000000000004 13.500000000000002 42.415000000000006 1.0000000180025095e-35 0 138.07000000000002 27.760000000000002 1.0000000180025095e-35 1 19.500000000000004 98.000000000000014 14.360000000000001 2 127.40000000000002 93.345000000000013 132.69000000000003 14.500000000000002 -85.449999999999989 19.450000000000006 -85.749999999999986 42.845000000000006 8.5000000000000018 39.500000000000007 127.40000000000002 46.835000000000008 30.795000000000005 22.500000000000004 -82.049999999999983
decision_type=2 10 2 2 10 2 9 10 10 2 9 2 10 8 9 10 10 10 2 2 8 2 10 2 2 10 8 8 2 2
left_child=2 5 9 15 19 6 -2 11 18 21 -11 12 13 -4 -13 29 -6 20 -9 -5 25 22 -1 -23 -18 -15 -8 28 -28 -3
right_child=1 3 7 4 16 -7 26 8 -10 10 -12 14 -14 17 -16 -17 24 -19 -20 -21 -22 23 -24 -25 -26 -27 27 -29 -30 -31
leaf_value=-0.003346236574958761 -0.0027086180419473751 -0.010419788134846543 -0.0084478455348231847 -0.021148718248672396 -0.0012686430614208711 -0.0049345420904955088 -0.010885512119010121 0.05449422871164309 -0.043963674354334972 -0.016300770395826447 0.00063423226263865657 -0.00093879986303706535 -0.01069200258122982 0.020834029593967164 -0.014066505728435708 -0.0072363857255078661 -0.014729243581235974 -0.022098527104089438 0.013659406452357548 0.01717970599571892 0.0017694460808355573 -0.011796530268430994 0.015166035805337775 -0.0027612789125958329 0.0058393931909822786 -0.011486943231741265 -0.0036544681175602724 0.0047327141280738344 0.027890436907166461 0.0048339449738564085
leaf_weight=3180 14097 549 6103 212 2755 10043 1488 339 265 8033 3078 9607 6080 4080 6731 2103 577 754 1563 6747 52818 9040 2189 18424 20729 665 6326 44811 491 5273
leaf_count=3180 14097 549 6103 212 2755 10043 1488 339 265 8033 3078 9607 6080 4080 6731 2103 577 754 1563 6747 52818 9040 2189 18424 20729 665 6326 44811 491 5273
internal_value=0.000684701 0.00307845 -0.00140758 0.0065704 0.00783435 0.00131753 0.00197031 -0.000337584 0.0095774 -0.00357419 -0.00733297 -0.000586081 0.00015317 0.000755859 -0.00377416 0.00161941 0.00627934 0.00139129 0.0138598 0.0131941 0.0015971 -0.00230034 0.00290946 -0.0033195 0.0072903 0.00745531 0.0029528 0.00323793 -0.00119379 0.00459534
internal_weight=249150 116201 132949 38945 31020 77256 67213 89005 2167 43944 11111 86838 70500 64420 16338 7925 24061 58317 1902 6959 57563 32833 5369 27464 21306 4745 53116 51628 6817 5822
internal_count=249150 116201 132949 38945 31020 77256 67213 89005 2167 43944 11111 86838 70500 64420 16338 7925 24061 58317 1902 6959 57563 32833 5369 27464 21306 4745 53116 51628 6817 5822
cat_boundaries=0 1 2 3
cat_threshold=10 4 20
is_linear=0
shrinkage=0.05


Tree=54
num_leaves=31
num_cat=2
split_feature=0 11 0 13 13 13 13 8 11 10 11 10 3 8 11 11 10 10 10 7 9 11 8 10 10 10 10 3 13 9
split_gain=452.235 255.412 113.168 126.234 125.728 106.559 94.1712 79.1039 75.0407 74.4978 74.4532 109.368 116.875 72.1911 69.5848 69.2581 102.728 97.1798 85.1402 72.0727 69.8485 73.6513 70.1543 69.2658 66.8938 112.813 150.495 65.8724 64.744 63.3099
threshold=35.500000000000007 116.25000000000001 17.500000000000004 1983.5000000000002 2022.5000000000002 2003.5000000000002 2004.5000000000002 25.250000000000004 67.915000000000006 99.655000000000015 67.445000000000007 15.290000000000001 0 26.250000000000004 106.99500000000002 138.07000000000002 27.760000000000002 14.360000000000001 4.04 14.500000000000002 -80.249999999999986 132.69000000000003 25.950000000000003 72.065000000000012 17.925000000000004 27.375000000000004 27.065000000000001 1 2003.5000000000002 -86.749999999999986
decision_type=2 10 2 2 2 2 2 2 8 10 10 10 9 2 8 10 10 8 10 2 2 10 2 8 10 10 10 9 2 2
left_child=2 5 7 -4 15 -2 -3 14 -6 10 -9 12 -12 -10 -1 17 19 18 -5 -17 21 23 -22 28 -8 26 -26 -7 -19 -13
right_child=1 6 3 4 8 27 24 9 13 -11 11 29 -14 -15 -16 16 -18 20 -20 -21 22 -23 -24 -25 25 -27 -28 -29 -30 -31
leaf_value=-0.034372470148249068 -0.0048172384253606822 -0.011767094807962808 -0.010895046758357641 0.012081300247558336 0.042018018790565576 -0.0032603401649908825 0.0013026407836843835 -0.0076865841172042426 0.019934755335229062 -0.016494279002080205 -0.025871011111580168 0.012687843074364125 0.0040983532114978521 -0.013386455840877699 -0.0053118107990503208 0.051769517276060918 -0.041765490636618191 0.00018759268546402199 -0.011388678738717496 0.012976436129739711 0.0063700673901569971 -0.020993600748884945 -0.011104103325000248 0.00047579977708238634 0.011347658068290301 0.0049899930433765505 0.032732530476470692 0.003445718902149775 0.010369762052747068 -0.00010257233490600371
leaf_weight=903 11611 1238 6793 1191 230 8154 5344 18462 313 3328 2481 3375 1529 5639 789 339 265 8571 6490 1563 1687 754 4810 31198 5339 26142 882 57491 19162 13077
leaf_count=903 11611 1238 6793 1191 230 8154 5344 18462 313 3328 2481 3375 1529 5639 789 339 265 8571 6490 1563 1687 754 4810 31198 5339 26142 882 57491 19162 13077
internal_value=0.000654599 0.00293303 -0.00133688 -0.000311745 0.000229865 0.00126835 0.00623412 -0.00341266 -0.00662145 -0.00298613 -0.00237068 -0.000293083 -0.00768657 -0.00771553 -0.0139835 0.000787743 0.0095774 0.00052861 -0.00479131 0.0136506 0.00114666 0.00168272 -0.00377286 0.00188239 0.00668001 0.0075356 0.0135853 0.00204935 0.00370003 0.00151257
internal_weight=249150 116201 132949 89005 82212 77256 38945 43944 6182 42252 38924 20462 4010 5952 1692 76030 2167 73863 7681 1902 66182 59685 6497 58931 37707 32363 6221 65645 27733 16452
internal_count=249150 116201 132949 89005 82212 77256 38945 43944 6182 42252 38924 20462 4010 5952 1692 76030 2167 73863 7681 1902 66182 59685 6497 58931 37707 32363 6221 65645 27733 16452
cat_boundaries=0 1 2
cat_threshold=4 2
is_linear=0
shrinkage=0.05


Tree=55
num_leaves=31
num_cat=8
split_feature=0 4 11 4 4 10 2 3 0 8 8 2 0 8 9 8 3 11 3 9 8 4 11 8 0 10 8 11 4 8
split_gain=412.873 246.035 287.337 131.322 121.522 108.179 105.131 127.385 110.851 102.968 110.429 95.4605 119.865 88.6129 120.667 86.902 78.5835 146.047 72.233 69.8692 78.5364 68.5889 67.9412 68.0109 104.543 79.5845 67.8639 66.7748 66.0633 79.9221
threshold=35.500000000000007 0 105.28000000000002 1 2 127.23 1.0000000180025095e-35 3 19.500000000000004 27.750000000000004 25.850000000000005 1.0000000180025095e-35 49.500000000000007 26.350000000000005 -82.549999999999983 28.650000000000002 4 103.98000000000002 5 -81.749999999999986 26.150000000000002 6 46.835000000000008 28.850000000000005 63.500000000000007 119.45500000000001 30.350000000000005 138.07000000000002 7 27.950000000000003
decision_type=2 9 10 9 9 10 2 9 2 2 2 2 2 2 2 2 9 10 9 2 2 9 8 2 2 8 2 10 9 2
left_child=4 -2 22 5 -1 -4 9 8 -8 10 -6 18 15 19 -15 -13 17 -11 -5 -12 -21 -10 -3 -24 25 -25 -9 -18 29 -20
right_child=1 2 3 11 6 -7 7 26 21 16 13 12 -14 14 -16 -17 27 -19 28 20 -22 -23 23 24 -26 -27 -28 -29 -30 -31
leaf_value=0.0068417514922141992 -0.011538006432338755 -0.012919159659942371 0.02359563930291575 0.016524864821749041 0.00092341584573079065 -0.004523327420412393 -0.015691490589561586 -0.0027163643653230099 0.023580345936685454 0.0054212452224558401 0.0015181394954229433 -0.012589559315752341 0.010102678616331585 -0.01816600539250688 -0.00091112694461727985 0.023586016581287162 -0.0045618666542878829 -0.015402626883139493 0.0059929867728758524 -0.0095562473543434837 -0.022810829114487331 -0.0067111883770324182 5.4701373595733577e-05 0.010689611945067325 -0.0068919359778582216 -0.0031442233390249542 0.01374823421308884 0.034441285884753862 0.00013926468165923467 0.0012535578820457973
leaf_weight=11218 2949 2530 4304 1689 18693 841 9026 4561 680 26490 2093 3614 2110 3355 15671 385 15564 2714 27561 7183 3405 10432 41729 9786 2885 2491 1651 242 5313 8034
leaf_count=11218 2949 2530 4304 1689 18693 841 9026 4561 680 26490 2093 3614 2110 3355 15671 385 15564 2714 27561 7183 3405 10432 41729 9786 2885 2491 1651 242 5313 8034
internal_value=0.000566392 0.00274324 0.00311496 0.0057602 -0.00133621 0.0133495 -0.00179504 -0.00459029 -0.0065185 -0.00102285 -0.00257489 0.00495218 -0.000890668 -0.00437147 -0.0022116 -0.00597406 0.000715238 0.00225157 0.0057913 -0.00760775 -0.00925646 -0.00317389 0.000717639 0.00107467 0.00394147 0.00595345 0.00166881 -0.00212309 0.00536552 0.00614207
internal_weight=249199 116221 113272 53851 132978 5145 121760 26350 20138 95410 50400 48706 6109 31707 19026 3999 45010 29204 42597 12681 10588 11112 59421 56891 15162 12277 6212 15806 40908 35595
internal_count=249199 116221 113272 53851 132978 5145 121760 26350 20138 95410 50400 48706 6109 31707 19026 3999 45010 29204 42597 12681 10588 11112 59421 56891 15162 12277 6212 15806 40908 35595
cat_boundaries=0 1 2 3 4 5 6 7 8
cat_threshold=64 40 160 4 20 16 8 2
is_linear=0
shrinkage=0.05


Tree=56
num_leaves=31
num_cat=5
split_feature=4 2 4 11 11 4 10 11 11 7 8 9 3 10 10 8 9 8 7 10 10 10 7 11 8 3 7 10 8 7
split_gain=309.512 265.035 279.416 314.572 150.466 110.219 109.016 166.208 102.827 100.532 155.455 97.6769 92.7314 86.2361 76.4579 75.7915 75.9431 88.7027 91.7314 78.8824 74.7765 78.1209 73.8457 65.2392 64.1503 65.131 80.1785 63.8765 62.4856 57.431
threshold=0 1.0000000180025095e-35 1 67.915000000000006 118.75000000000001 2 14.360000000000001 138.07000000000002 132.69000000000003 19.500000000000004 26.350000000000005 -80.34999999999998 3 36.655000000000008 17.925000000000004 25.750000000000004 -82.649999999999991 28.050000000000004 16.500000000000004 54.690000000000005 17.925000000000004 18.155000000000005 14.500000000000002 132.69000000000003 25.850000000000005 4 18.500000000000004 70.125000000000014 28.450000000000003 14.500000000000002
decision_type=9 2 9 10 10 9 10 10 10 2 2 2 9 8 10 2 2 2 2 8 10 10 2 10 2 9 2 10 2 2
left_child=4 2 -2 9 22 12 7 -5 -6 13 -11 23 20 -4 -13 -15 17 -17 -19 -18 -3 -22 -1 -8 -21 26 -26 28 -12 -9
right_child=1 5 3 6 8 -7 11 29 -10 10 27 14 -14 15 -16 16 19 18 -20 24 21 -23 -24 -25 25 -27 -28 -29 -30 -31
leaf_value=-0.0013607820507605341 -0.010982177151760197 -0.015574121019651299 -0.0057207564284107448 -0.0041979151321045018 0.041411082347340589 0.0031225906587396325 0.0049657436371944646 0.039383713686783312 -0.0015827591940212216 -0.01789757174020017 -0.0018932025822444134 0.010814122213648237 0.00091987508497526349 -0.011074654002634788 -0.010671290613972585 -0.012218647538060968 0.010986859196664422 -0.0070463094059843639 0.0063670700300269452 0.014828658031217046 0.053649347617867084 -0.0073175065391156485 0.01995092262344729 -0.0053122597476923166 0.0013389987182385711 -0.0045963322564263722 0.013962338801376806 0.0046382772126333906 -0.017525801710013455 0.013281418735433892
leaf_weight=2753 5305 7396 12368 10690 2442 7193 84472 357 519 4918 7643 1427 6869 3185 4491 5165 4653 4675 4715 3379 209 18907 2930 2302 16934 9437 4229 5488 3142 1006
leaf_count=2753 5305 7396 12368 10690 2442 7193 84472 357 519 4918 7643 1427 6869 3185 4491 5165 4653 4675 4715 3379 209 18907 2930 2302 16934 9437 4229 5488 3142 1006
internal_value=0.000549137 0.000214694 0.000962293 0.00127121 0.0098338 -0.00346935 0.0031335 -0.0013388 0.0189667 -0.000897811 -0.00390783 0.00371513 -0.004678 3.05455e-05 -0.00249663 0.000860204 0.00130928 -0.00176794 0.00112766 0.00246882 -0.00601915 -0.00436578 0.00506763 0.00413901 0.00163141 0.0009082 0.00244772 -0.0015507 -0.00378416 0.0150401
internal_weight=249199 240555 199981 194676 8644 40574 104745 12053 2961 89931 21191 92692 33381 68740 5918 56372 53187 14555 9390 38632 26512 19116 5683 86774 33979 30600 21163 16273 10785 1363
internal_count=249199 240555 199981 194676 8644 40574 104745 12053 2961 89931 21191 92692 33381 68740 5918 56372 53187 14555 9390 38632 26512 19116 5683 86774 33979 30600 21163 16273 10785 1363
cat_boundaries=0 1 2 3 4 5
cat_threshold=32 80 66 4 20
is_linear=0
shrinkage=0.05


Tree=57
num_leaves=31
num_cat=4
split_feature=0 11 10 11 8 11 11 2 10 7 2 3 3 9 3 10 8 3 9 10 10 9 0 8 10 8 8 0 0 0
split_gain=357.567 208.934 107.378 88.5017 95.915 121.006 149.475 86.3662 93.9882 82.6312 81.9016 80.4091 78.9286 77.594 75.2565 72.7806 70.8384 109.136 66.0629 87.4597 101.171 68.2365 63.8411 62.8721 61.3743 75.2773 93.4912 97.9006 71.0273 58.8565
threshold=35.500000000000007 116.25000000000001 99.655000000000015 36.250000000000007 29.750000000000004 138.07000000000002 97.185000000000016 1.0000000180025095e-35 96.385000000000019 12.500000000000002 1.0000000180025095e-35 0 1 -82.549999999999983 2 80.725000000000009 25.850000000000005 3 -80.34999999999998 15.290000000000001 15.545000000000002 -81.749999999999986 20.500000000000004 25.550000000000004 111.38500000000002 26.150000000000002 26.450000000000003 42.500000000000007 63.500000000000007 14.500000000000002
decision_type=2 10 10 8 2 10 8 2 10 2 2 9 9 2 9 10 2 9 2 8 8 2 2 2 10 2 2 2 2 2
left_child=2 10 3 -1 7 6 15 8 16 -3 12 -11 -2 -9 -8 -6 18 -18 19 -5 -21 -22 -4 -15 25 -13 27 -27 -26 -16
right_child=1 9 22 4 5 -7 14 13 -10 11 -12 24 -14 23 29 -17 17 -19 -20 20 21 -23 -24 -25 28 26 -28 -29 -30 -31
leaf_value=-0.015242141214434636 -0.0025664490497248949 -0.00037302278119559777 -0.017987983869418491 -0.022364837744377787 0.010027291345102452 0.037142762105073682 0.014877814681570279 -0.021526885913634965 0.017334440962910504 0.020154841053046726 -0.0051850750466605261 -0.002068783989549594 0.0031991529462091607 -0.012366594782342056 -0.016882756070272186 -0.0088495823955902619 -0.00080263572176595419 -0.0093864550771777921 0.010117385945634895 0.02577763493768508 0.022283773173454202 -0.0026736791329831536 -0.0046847753651129585 -0.0018523824430743297 0.0044450750479045455 0.0016204886034787425 0.0052404657301671877 0.021930583427984998 -0.0020549306741413534 -0.0031470407497946164
leaf_weight=4202 14185 4937 4489 970 13913 733 1175 1875 2031 1791 10119 2208 52988 3885 3073 1821 36446 15556 5331 1685 664 11142 6493 9405 5418 872 17208 2600 3895 8089
leaf_count=4202 14185 4937 4489 970 13913 733 1175 1875 2031 1791 10119 2208 52988 3885 3073 1821 36446 15556 5331 1685 664 11142 6493 9405 5418 872 17208 2600 3895 8089
internal_value=0.000535896 0.00256171 -0.0012347 -0.000808157 -0.000553462 0.00195391 0.00142623 -0.00136517 -0.000658902 0.00554842 0.00105689 0.00642609 0.00168867 -0.00480066 -0.00269296 0.00465574 -0.000959557 -0.0019284 0.0015857 -0.000169304 0.000877713 -0.000761679 -0.00596798 -0.00345113 0.00584246 0.00723644 0.00817303 0.0156519 0.00241875 -0.00396172
internal_weight=249199 116221 132978 121996 117794 28804 28071 88990 73825 38929 77292 33992 67173 15165 12337 15734 71794 52002 19792 14461 13491 11806 10982 13290 32201 22888 20680 3472 9313 11162
internal_count=249199 116221 132978 121996 117794 28804 28071 88990 73825 38929 77292 33992 67173 15165 12337 15734 71794 52002 19792 14461 13491 11806 10982 13290 32201 22888 20680 3472 9313 11162
cat_boundaries=0 1 2 3 4
cat_threshold=16 10 16 20
is_linear=0
shrinkage=0.05


Tree=58
num_leaves=31
num_cat=5
split_feature=13 4 4 0 11 11 10 9 11 3 4 11 7 0 10 0 7 0 9 11 10 7 9 0 4 9 10 0 0 0
split_gain=342.102 340.228 246.442 199.285 170.732 101.599 101.042 99.0094 207.398 108.486 98.9035 93.0253 91.6821 95.6306 82.7002 141.018 109.905 109.431 88.2761 97.9989 97.9341 103.19 83.8026 82.6637 82.4309 77.3958 77.2233 75.1295 74.236 70.601
threshold=2013.5000000000002 0 1 32.500000000000007 66.040000000000006 118.75000000000001 93.345000000000013 -86.549999999999983 98.055000000000021 2 3 132.69000000000003 14.500000000000002 46.500000000000007 100.98500000000001 49.500000000000007 15.500000000000002 55.500000000000007 -82.149999999999991 138.07000000000002 58.940000000000005 18.500000000000004 -82.449999999999989 7.5000000000000009 4 -82.749999999999986 68.420000000000016 26.500000000000004 63.500000000000007 30.500000000000004
decision_type=2 9 9 2 10 10 10 2 10 9 9 10 2 2 10 2 2 2 2 10 10 2 2 2 9 2 10 2 2 2
left_child=4 5 -3 6 23 12 -4 8 10 -10 -6 -7 -2 -14 17 16 -16 18 19 -5 -20 -22 24 -1 28 -18 27 -12 -17 -9
right_child=1 2 3 14 7 11 -8 29 9 -11 26 -13 13 -15 15 22 25 -19 20 -21 21 -23 -24 -25 -26 -27 -28 -29 -30 -31
leaf_value=-0.016293749769299027 0.001941920304651923 -0.011198729464748603 -0.00062795412849654404 -0.0011537620367156442 -0.0074490649814589194 0.037725824467330686 -0.011989777782357214 -0.0034350800459679756 0.03856610406186825 -0.0096689882260677443 0.015999763944775935 -9.4307708496987888e-05 0.011034270228723742 0.031886752728755012 -0.016813386373472027 0.0083734116054667417 -0.019124653911731217 -0.00096761420302211582 0.0078806241627171324 0.028961312153380006 -0.0080801421894325827 0.014852611440368247 -0.004452193677177441 -0.0043782030528300543 -0.0010215518342953089 0.0076236507420277995 -0.012851386509362284 0.028660213038203611 0.0041055709682289885 0.0033509391854808614
leaf_weight=4393 3263 3641 22620 11234 1186 2681 4504 26890 538 4185 4190 572 2142 1760 1865 9466 627 19991 20486 539 4253 1802 1255 62950 2221 2481 572 2010 9491 15391
leaf_count=4393 3263 3641 22620 11234 1186 2681 4504 26890 538 4185 4190 572 2142 1760 1865 9466 627 19991 20486 539 4253 1802 1255 62950 2221 2481 572 2010 9491 15391
internal_value=0.000512221 0.0023309 0.00155542 0.00196934 -0.00137473 0.0109791 -0.00176531 0.00069308 0.00456623 -0.00372914 0.00948795 0.0183114 0.0076446 0.0128067 0.0031515 0.00541655 -0.00219747 0.00208608 0.00365045 4.66774e-05 0.00524839 -0.000338005 0.00710467 -0.00306222 0.00784878 0.00355997 0.011808 0.0134461 0.00891342 -0.000469367
internal_weight=249199 126894 116476 112835 122305 10418 27124 54962 12681 4723 7958 3253 7165 3902 85711 27406 4973 58305 38314 11773 26541 6055 22433 67343 21178 3108 6772 6200 18957 42281
internal_count=249199 126894 116476 112835 122305 10418 27124 54962 12681 4723 7958 3253 7165 3902 85711 27406 4973 58305 38314 11773 26541 6055 22433 67343 21178 3108 6772 6200 18957 42281
cat_boundaries=0 1 2 3 4 5
cat_threshold=40 64 16 76 2
is_linear=0
shrinkage=0.05


Tree=59
num_leaves=31
num_cat=4
split_feature=13 4 2 4 0 6 0 13 9 9 9 13 0 0 0 0 9 9 9 9 3 7 13 7 12 0 10 9 4 10
split_gain=308.467 302.399 263.211 318.638 118.518 103.949 133.776 145.049 117.291 106.286 112.401 86.1881 137.102 106.842 82.1026 89.8822 78.3182 78.0972 126.582 77.0117 73.7971 72.4183 97.5668 67.2199 68.1158 63.4115 60.918 59.1827 57.7663 55.8632
threshold=2013.5000000000002 0 1.0000000180025095e-35 1 49.500000000000007 1.5000000000000002 25.500000000000004 2004.5000000000002 -86.749999999999986 -82.249999999999986 -81.149999999999991 2023.5000000000002 45.500000000000007 52.500000000000007 23.500000000000004 72.500000000000014 -81.749999999999986 -85.449999999999989 -85.149999999999991 -82.649999999999991 2 13.500000000000002 2004.5000000000002 20.500000000000004 1.5000000000000002 19.500000000000004 48.525000000000013 -81.84999999999998 3 101.04500000000002
decision_type=2 9 2 9 2 2 2 2 2 2 2 2 2 2 2 2 2 2 2 2 9 2 2 2 10 2 10 2 9 10
left_child=5 11 3 14 17 23 7 9 21 -7 25 -2 -13 -14 -3 29 -6 -4 -19 -20 27 -8 28 24 -1 -11 -12 -10 -23 -16
right_child=1 2 4 -5 16 6 8 -9 20 10 26 12 13 -15 15 -17 -18 18 19 -21 -22 22 -24 -25 -26 -27 -28 -29 -30 -31
leaf_value=-0.0023505211620938661 0.028276322359895457 -0.0017142108877078678 -0.028945094520316374 -0.010138829231135205 0.012823378349142623 0.003363584386347096 -0.004080993533856425 -0.017744255814485799 -0.0021765938135905219 -0.053795245151273319 0.0004831352782790788 -0.0070076417942241953 0.025976527612499647 0.0060138262979517526 0.0039914714923947603 -0.0029369920897836192 -0.0049767248826002143 0.037834603551298286 -0.015467498691049998 -0.0047348135377043299 -0.010585161004611399 0.00028087023529859144 -0.016036967093989718 -0.0098344679744633914 -0.014315218685054365 -0.016341516648311717 -0.037872332582798499 0.0078353249482657535 0.028079986568811589 0.0049623288444690331
leaf_weight=61869 5333 10264 1298 5222 2515 14460 723 3486 5427 658 3333 2015 1555 1515 51526 5383 2100 542 3414 12320 2426 390 424 11725 3872 974 296 9985 2257 21892
leaf_count=61869 5333 10264 1298 5222 2515 14460 723 3486 5427 658 3333 2015 1555 1515 51526 5383 2100 542 3414 12320 2426 390 424 11725 3872 974 296 9985 2257 21892
internal_value=0.000485737 0.0022127 0.0014816 0.00263476 -0.00341682 -0.00130605 0.000609824 -0.00202653 0.00343776 -0.000362374 -0.0064409 0.010366 0.00570167 0.0123377 0.00333895 0.00388715 0.00370811 -0.0052889 -0.00434115 -0.00516387 0.00173689 0.011409 0.0147517 -0.00241494 -0.00179237 -0.017296 -0.00152514 0.00301322 0.0183101 0.00434439
internal_weight=249199 126894 116476 94287 22189 122305 44839 23207 21632 19721 5261 10418 5085 3070 89065 78801 4615 17574 16276 15734 17838 3794 3071 77466 65741 1632 3629 15412 2647 73418
internal_count=249199 126894 116476 94287 22189 122305 44839 23207 21632 19721 5261 10418 5085 3070 89065 78801 4615 17574 16276 15734 17838 3794 3071 77466 65741 1632 3629 15412 2647 73418
cat_boundaries=0 1 2 3 4
cat_threshold=40 134 20 136
is_linear=0
shrinkage=0.05


Tree=60
num_leaves=31
num_cat=4
split_feature=13 4 2 4 11 0 0 11 11 9 0 0 8 7 0 9 11 0 11 4 9 9 13 13 8 4 8 13 13 13
split_gain=281.582 268.692 214.1 279.505 142.882 108.582 91.2397 86.0286 113.448 79.6873 79.4676 77.3803 110.991 77.0648 84.6255 75.9121 226.077 88.9508 80.5899 80.0612 71.8629 137.388 71.3888 236.702 142.272 80.1858 84.0634 73.3243 156.263 88.2229
threshold=2013.5000000000002 0 1.0000000180025095e-35 1 66.040000000000006 49.500000000000007 23.500000000000004 118.75000000000001 132.69000000000003 -81.34999999999998 8.5000000000000018 61.500000000000007 28.150000000000002 14.500000000000002 43.500000000000007 -86.949999999999989 98.055000000000021 20.500000000000004 90.160000000000011 2 -85.449999999999989 -85.249999999999986 1991.5000000000002 1993.5000000000002 27.950000000000003 3 26.050000000000004 1996.5000000000002 1995.5000000000002 1999.5000000000002
decision_type=2 9 2 9 10 2 2 10 10 2 2 2 2 2 2 2 10 2 10 9 2 2 2 2 2 9 2 2 2 2
left_child=4 7 3 6 10 20 -3 13 -9 -7 -1 -8 -13 -2 -15 16 18 -18 -6 -20 -4 -22 -12 24 -24 26 -25 28 -27 -29
right_child=1 2 5 -5 15 9 11 8 -10 -11 22 12 -14 14 -16 -17 17 -19 19 -21 21 -23 23 25 -26 27 -28 29 -30 -31
leaf_value=-0.015407316783033843 0.0014247985122366913 -0.0026449476075717463 -0.030305302438186167 -0.0096468034405501335 -0.034545039042917128 0.011339369664411248 0.0049503762757434622 0.033151012920661319 -0.0046308264774266748 -0.0084297521165645154 -0.010529734141187675 0.0023651801708951762 -0.0089394836987885199 0.0053968006251688301 0.027982766117421856 -0.00035843135865047952 -0.025430180137134606 0.0022107854091129478 0.020265984138001694 -0.0021350944107359385 0.044804946719805373 -0.0064236049949093939 -0.0073766879524906244 0.013569745418103763 0.011559984786537214 -0.016115496417914123 -0.0047838954474525687 -0.01473209818700596 0.010556482173789218 -0.0057790760129283747
leaf_weight=5047 3274 10188 1290 5270 201 3157 55848 2695 564 1535 10333 19981 2944 1758 2140 45772 1457 2233 4380 881 491 15693 2423 3218 5513 3036 4934 8447 4653 19794
leaf_count=5047 3274 10188 1290 5270 201 3157 55848 2695 564 1535 10333 19981 2944 1758 2140 45772 1457 2233 4380 881 491 15693 2423 3218 5513 3036 4934 8447 4653 19794
internal_value=0.000433858 0.00208455 0.00139456 0.00243472 -0.00127767 -0.00302579 0.00309785 0.00976462 0.0165035 0.00372182 -0.00282014 0.00367402 0.00122738 0.0066973 0.0114381 0.000615284 0.0047697 -0.00478378 0.0112208 0.012417 -0.00483871 -0.00392738 -0.00233078 -0.00157607 0.00636798 -0.00300735 0.00146843 -0.00402225 0.000305234 -0.00520159
internal_weight=249150 126828 116397 94231 122322 22166 88961 10431 3259 4692 67398 78773 22925 7172 3898 54924 9152 3690 5462 5261 17474 16184 62351 52018 7936 44082 8152 35930 7689 28241
internal_count=249150 126828 116397 94231 122322 22166 88961 10431 3259 4692 67398 78773 22925 7172 3898 54924 9152 3690 5462 5261 17474 16184 62351 52018 7936 44082 8152 35930 7689 28241
cat_boundaries=0 1 2 3 4
cat_threshold=40 134 2 140
is_linear=0
shrinkage=0.05


Tree=61
num_leaves=31
num_cat=7
split_feature=0 4 4 3 4 0 6 7 10 10 7 8 10 10 0 4 10 10 8 8 8 7 7 8 6 3 8 7 10 4
split_gain=217.488 147.036 130.307 143.194 100.912 94.9916 92.7846 117.145 75.52 73.8283 85.7058 78.9711 74.6033 70.5929 68.0791 65.5257 62.1611 65.58 61.6718 72.7753 93.3665 91.4737 71.547 147.547 88.9616 76.856 63.4523 86.8752 61.0482 61.0153
threshold=35.500000000000007 0 1 2 3 9.5000000000000018 1.5000000000000002 13.500000000000002 48.07500000000001 100.98500000000001 17.500000000000004 25.750000000000004 113.22500000000001 125.25500000000001 54.500000000000007 4 37.005000000000003 16.235000000000003 27.750000000000004 25.850000000000005 26.350000000000005 19.500000000000004 17.500000000000004 25.750000000000004 1.0000000180025095e-35 5 27.450000000000003 19.500000000000004 6.205000000000001 6
decision_type=2 9 9 9 9 2 2 2 10 10 2 2 10 10 2 9 8 10 2 2 2 2 2 2 2 9 2 2 10 9
left_child=4 -2 -3 15 16 -6 -5 13 -9 11 12 14 -11 28 -10 -4 17 -1 19 22 21 29 23 -7 -24 -25 -22 -28 -8 -21
right_child=1 2 3 6 5 18 7 8 9 10 -12 -13 -14 -15 -16 -17 -18 -19 -20 20 26 -23 24 25 -26 -27 27 -29 -30 -31
leaf_value=-0.0034388239691397707 0.01300592556224074 -0.009113901851967433 0.010262332063761193 0.00017624179997568492 -0.0081829831505463527 -0.0070385178238663755 -0.035604563106928437 0.011026913448974662 0.013607235170200483 0.0068501425167369241 -0.0094207193269226774 -0.0014811932683870045 0.0028060541982394939 0.0087896081424073454 -0.0089179967283818939 -0.0061301915344697203 0.0021109381923361428 0.027178862717914455 0.00060976178166010091 0.01505486788058983 -0.00035791906348530138 -0.020889859318943584 -0.0052114177723962211 0.05002680876303503 0.013901586869314109 0.0068442670690607617 -0.017963548541793141 0.011627762635993034 -0.00040121380532833764 -0.0093219935234239767
leaf_weight=984 8276 2966 1857 27541 16575 9767 468 11856 2040 8323 704 9742 11709 2111 534 13297 7679 2606 51484 957 18153 2610 2603 592 4693 1684 2972 941 14974 8452
leaf_count=984 8276 2966 1857 27541 16575 9767 468 11856 2040 8323 704 9742 11709 2111 534 13297 7679 2606 51484 957 18153 2610 2603 592 4693 1684 2972 941 14974 8452
internal_value=0.000408573 0.00198612 0.00149341 0.00178558 -0.000974676 -0.00139462 0.00254271 0.00360887 0.00496238 0.00373238 0.00555288 0.00066526 0.00615707 0.000145192 0.00843653 -0.00270858 0.0035477 0.00897222 -0.00083875 -0.00202867 -0.00341839 -0.00696234 0.00042121 -0.00194557 0.00432521 0.00949256 -0.00148578 -0.0072521 -0.00102899 -0.00465548
internal_weight=249150 116398 108122 105156 132752 121483 90002 62461 44908 33052 20736 12316 20032 17553 2574 15154 11269 3590 104908 53424 34085 12019 19339 12043 7296 2276 22066 3913 15442 9409
internal_count=249150 116398 108122 105156 132752 121483 90002 62461 44908 33052 20736 12316 20032 17553 2574 15154 11269 3590 104908 53424 34085 12019 19339 12043 7296 2276 22066 3913 15442 9409
cat_boundaries=0 1 2 3 4 5 6 7
cat_threshold=40 64 10 160 132 2 12
is_linear=0
shrinkage=0.05


Tree=62
num_leaves=31
num_cat=5
split_feature=13 4 2 4 11 0 11 11 9 11 10 11 0 10 9 0 10 11 4 11 4 9 0 10 10 10 2 3 0 9
split_gain=243.025 233.327 186.57 233.823 130.691 89.2057 78.569 104.7 78.3242 199.288 95.4855 76.0055 80.6526 72.944 72.25 68.2295 82.8129 69.1269 66.8766 66.8614 76.3825 65.8902 65.5506 114.856 86.2407 80.4625 63.1537 86.0655 87.5523 63.9596
threshold=2013.5000000000002 0 1.0000000180025095e-35 1 66.040000000000006 49.500000000000007 118.75000000000001 132.69000000000003 -86.949999999999989 98.055000000000021 1.0000000180025095e-35 138.07000000000002 23.500000000000004 62.685000000000009 -81.34999999999998 61.500000000000007 101.04500000000002 132.69000000000003 2 90.160000000000011 3 -82.449999999999989 45.500000000000007 33.400000000000006 130.96000000000001 99.655000000000015 1.0000000180025095e-35 4 24.500000000000004 -86.249999999999986
decision_type=2 9 2 9 10 2 10 10 2 10 10 10 2 8 2 2 10 10 9 10 9 2 2 8 10 10 2 9 2 2
left_child=4 6 3 11 13 -4 22 -8 9 19 -11 12 -3 -1 -7 17 -17 -14 -12 -6 -21 -18 25 -24 -25 -2 -10 28 -28 -29
right_child=1 2 5 -5 8 14 7 -9 26 10 18 -13 15 -15 -16 16 21 -19 -20 20 -22 -23 23 24 -26 -27 27 29 -30 -31
leaf_value=-0.0086485677291340945 0.013654926998760343 -0.0030965543864346582 -0.0061807393550952217 -0.0089507351676570319 -0.032848275179854274 0.010863848122850239 0.030674566984679786 -0.0046153342078696369 0.0011152641667399267 0.011194296867137155 0.0093459598223520676 0.024274840196871053 0.0046681993978729078 -0.0029367712124309889 -0.0084333201744096094 -0.0025407645203638475 0.0035163839032711589 -0.0078940494040216965 -0.024624647473030326 0.019378676749470448 -0.0022316549281008236 -0.011236267876044615 -0.029735440239152179 0.021069125574978288 -0.0055084031280182803 -0.016443140183803974 -0.01870496923758589 0.020602383100656232 -0.00011838138903765839 -0.002974760650365527
leaf_weight=16618 2367 9977 17474 5270 201 3157 2695 564 37112 891 510 659 54046 50780 1535 11329 11016 1387 2289 4380 881 547 364 2716 574 1151 3700 857 2535 1568
leaf_count=16618 2367 9977 17474 5270 201 3157 2695 564 37112 891 510 659 54046 50780 1535 11329 11016 1387 2289 4380 881 547 364 2716 574 1151 3700 857 2535 1568
internal_value=0.000394927 0.00192844 0.00128547 0.00225645 -0.00119511 -0.00284091 0.00908525 0.0155246 0.000615284 0.00483519 -0.00413514 0.00286297 0.00273576 -0.00267031 0.0032752 0.00327504 0.000978081 0.00422326 -0.00866857 0.0108918 0.0119806 0.00395317 0.00615427 0.0108352 0.0137879 0.00127551 -0.000229348 -0.00407151 -0.00717026 0.00390593
internal_weight=249150 126828 116397 94231 122322 22166 10431 3259 54924 9152 3690 88961 88302 67398 4692 78325 22892 55433 2799 5462 5261 11563 7172 3654 3290 3518 45772 8660 6235 2425
internal_count=249150 126828 116397 94231 122322 22166 10431 3259 54924 9152 3690 88961 88302 67398 4692 78325 22892 55433 2799 5462 5261 11563 7172 3654 3290 3518 45772 8660 6235 2425
cat_boundaries=0 1 2 3 4 5
cat_threshold=40 134 136 2 4
is_linear=0
shrinkage=0.05


Tree=63
num_leaves=31
num_cat=0
split_feature=13 11 8 11 10 9 11 10 13 10 8 11 7 6 10 7 10 9 10 11 8 10 9 13 13 8 8 13 13 13
split_gain=218.687 117.41 95.4904 90.8095 85.5554 74.4574 188.336 88.1915 73.5115 72.807 132.096 160.211 102.615 99.196 76.1132 80.9645 74.1991 69.8909 65.3534 64.6777 103.519 100.643 85.4894 63.3313 132.308 100.735 66.9803 132.149 97.798 114.011
threshold=2013.5000000000002 66.040000000000006 24.650000000000002 46.835000000000008 9.2300000000000022 -86.949999999999989 98.055000000000021 1.0000000180025095e-35 2017.5000000000002 30.295000000000005 26.450000000000003 138.07000000000002 14.500000000000002 4.5000000000000009 18.665000000000003 13.500000000000002 27.065000000000001 -82.249999999999986 62.685000000000009 63.750000000000007 27.250000000000004 100.98500000000001 -82.649999999999991 1991.5000000000002 1993.5000000000002 27.950000000000003 26.050000000000004 1998.5000000000002 1996.5000000000002 1995.5000000000002
decision_type=2 10 2 8 8 2 10 10 2 8 2 10 2 2 8 2 10 2 8 8 2 8 2 2 2 2 2 2 2 2
left_child=1 18 -2 -4 8 6 -3 -8 -5 10 16 14 -13 19 -12 17 -6 -16 -1 20 -11 22 -21 -20 25 -25 27 -26 29 -28
right_child=2 5 3 4 9 -7 7 -9 -10 13 11 12 -14 -15 15 -17 -18 -19 23 21 -22 -23 -24 24 26 -27 28 -29 -30 -31
leaf_value=-0.0082161393426773977 -0.020926897895910779 0.015031103870202589 -0.022127506179468528 -0.0027409785020452663 0.0095517114017435577 -0.00037218614750353932 0.010634582023780315 -0.015721032983963035 -0.041301217642698076 -0.01411374004825916 -0.001484478467254391 0.03942530530301918 -0.010360649007579249 -0.0084993221382883462 -0.027610584202722777 0.0023864930265965257 0.024372313062315333 0.017165872927754313 -0.0097485909866864354 -0.0056088597665059584 0.010130245609654455 0.0027976388496778527 0.0007124731584658762 -0.0072812568865467499 -0.016463318096406311 0.0092298713588947045 -0.015184201465205938 0.0046287627217329154 -0.011458501058108618 0.0087980899840352407
leaf_weight=16618 864 5462 942 2169 3681 45772 891 2799 649 1132 10406 935 291 3319 209 7396 1841 3709 8835 6457 10482 48865 23481 2507 1612 5808 2679 10194 13929 5216
leaf_count=16618 864 5462 942 2169 3681 45772 891 2799 649 1132 10406 935 291 3319 209 7396 1841 3709 8835 6457 10482 48865 23481 2507 1612 5808 2679 10194 13929 5216
internal_value=0.000371247 -0.00113707 0.00182595 0.00194008 0.00205707 0.000578876 0.0046933 -0.00402703 -0.00654173 0.00225588 0.00447012 0.00279665 0.0203074 0.001583 0.00179936 0.00463617 0.0114064 0.0104379 -0.00253531 0.0018949 0.00537681 0.00138112 -0.000901563 -0.00164402 -0.000833035 0.00481081 -0.00222949 0.000803995 -0.00387011 0.000575585
internal_weight=249150 122322 126828 125964 125022 54924 9152 3690 2818 122204 28468 22946 1226 93736 21720 11314 5522 3918 67398 90417 11614 78803 29938 50780 41945 8315 33630 11806 21824 7895
internal_count=249150 122322 126828 125964 125022 54924 9152 3690 2818 122204 28468 22946 1226 93736 21720 11314 5522 3918 67398 90417 11614 78803 29938 50780 41945 8315 33630 11806 21824 7895
is_linear=0
shrinkage=0.05


Tree=64
num_leaves=31
num_cat=5
split_feature=0 4 3 4 2 11 4 11 11 8 0 7 11 8 8 5 7 7 3 7 11 0 0 8 8 11 8 11 7 11
split_gain=185.439 155.636 130.465 144.63 108.894 93.4263 84.2106 86.8434 84.0347 78.1719 107.884 69.9959 65.6094 65.133 71.6103 64.4316 62.2209 58.6274 57.2282 64.4903 56.4162 56.1047 54.7755 54.5794 52.0312 51.249 50.2602 48.9879 47.5247 47.2227
threshold=24.500000000000004 0 1 2 1.0000000180025095e-35 117.08500000000002 3 137.08500000000001 77.085000000000022 28.550000000000004 58.500000000000007 22.500000000000004 64.705000000000013 25.250000000000004 25.650000000000002 3.5000000000000004 19.500000000000004 12.500000000000002 4 12.500000000000002 66.040000000000006 17.500000000000004 91.500000000000014 29.050000000000004 25.850000000000005 93.055000000000021 24.650000000000002 132.69000000000003 14.500000000000002 46.835000000000008
decision_type=2 9 9 9 2 10 9 10 10 2 2 2 10 2 2 2 2 2 9 2 10 2 2 2 2 10 2 10 2 8
left_child=13 5 3 -3 8 -2 -4 16 12 10 -6 17 29 -1 15 -15 23 26 19 -16 -12 -17 -11 24 -8 -13 -10 -7 -26 -5
right_child=1 2 6 4 9 27 7 -9 11 22 20 25 -14 14 18 21 -18 -19 -20 -21 -22 -23 -24 -25 28 -27 -28 -29 -30 -31
leaf_value=-0.013630481273118722 0.0062325631501444437 -0.0088861614494296862 0.010835457955065532 -0.0056187172404729147 -0.0077754537505951406 0.024546504480315701 0.0027265545453761145 0.027219601374956603 -0.030204139571393541 0.0070724682523657829 -0.0093075522486489436 0.046565437320423092 -0.0053331933355937004 -0.0039132578480312041 0.013499773663532721 0.0063429228324833001 -0.012545518546697387 0.003792446224509494 -0.0019294608149924121 -0.0098174529761581482 0.017373245676352411 0.028544771692664384 -0.019876832584113303 0.0025641977676432504 -0.0012293752825030424 0.010373189293671904 0.00025467936979541863 -0.0025723049043453019 -0.013081844948458344 0.003104530472838585
leaf_weight=3315 8461 3078 2764 3973 12177 3506 3269 370 263 5430 523 449 6680 1865 711 1680 6297 56169 59494 9027 1427 956 393 6587 3815 863 9621 501 7050 28436
leaf_count=3315 8461 3078 2764 3973 12177 3506 3269 370 263 5430 523 449 6680 1865 711 1680 6297 56169 59494 9027 1427 956 393 6587 3815 863 9621 501 7050 28436
internal_value=0.000358003 0.00127068 0.000849963 0.00153974 0.00180108 0.00664638 -0.00211123 -0.00295169 0.0024365 -0.00158818 -0.00359694 0.00350649 0.000592087 -0.00168055 -0.00137166 0.00473288 -0.00328548 0.00327793 -0.00176916 -0.00531871 0.00729592 0.00975057 0.00328304 -0.00196083 -0.00371182 0.0149017 -0.000272893 0.0129325 -0.00537471 0.00152226
internal_weight=249150 172102 159634 129482 126404 12468 30152 27388 106454 19950 14127 67365 39089 77048 73733 4501 27018 66053 69232 9738 1950 2636 5823 20721 14134 1312 9884 4007 10865 32409
internal_count=249150 172102 159634 129482 126404 12468 30152 27388 106454 19950 14127 67365 39089 77048 73733 4501 27018 66053 69232 9738 1950 2636 5823 20721 14134 1312 9884 4007 10865 32409
cat_boundaries=0 1 2 3 4 5
cat_threshold=40 20 64 128 8
is_linear=0
shrinkage=0.05


Tree=65
num_leaves=31
num_cat=4
split_feature=13 4 4 0 8 13 0 8 9 8 8 4 12 13 13 13 8 4 0 13 9 13 9 13 7 7 9 5 8 0
split_gain=204.441 224.228 144.924 123.5 89.9553 88.8356 107.931 117.192 87.3453 100.243 117.342 115.384 97.9437 128.943 96.5071 88.6381 120.666 82.2198 76.7444 76.0307 85.8728 82.2293 75.9005 72.559 90.6666 85.3216 83.6505 81.358 69.7753 63.2174
threshold=2013.5000000000002 0 1 32.500000000000007 24.650000000000002 2023.5000000000002 45.500000000000007 27.350000000000005 -85.649999999999991 25.850000000000005 26.650000000000002 2 1.5000000000000002 2004.5000000000002 1996.5000000000002 2003.5000000000002 27.450000000000003 3 7.5000000000000009 1999.5000000000002 -80.34999999999998 1997.5000000000002 -80.149999999999991 1992.5000000000002 16.500000000000004 20.500000000000004 -82.649999999999991 1.5000000000000002 25.950000000000003 24.500000000000004
decision_type=2 9 9 2 2 2 2 2 2 2 2 9 8 2 2 2 2 9 2 2 2 2 2 2 2 2 2 2 2 2
left_child=8 5 -3 -4 -5 -2 -7 -8 12 19 11 -11 13 29 17 16 -16 18 -12 20 21 -10 28 26 -25 -26 -20 -28 -13 -1
right_child=1 2 3 4 -6 6 7 -9 9 10 14 22 -14 -15 15 -17 -18 -19 23 -21 -22 -23 -24 24 25 -27 27 -29 -30 -31
leaf_value=0.0045257705511410505 0.024133790518959544 -0.0084418533769581756 -0.0025950014604882556 -0.020553978816821951 0.0026590432622226601 -0.0076912635037885927 -0.0004705191501090944 0.020451922049988358 -0.024541682510854559 0.0021267443247053653 -0.020969605759278889 -0.0048738179598582405 -0.010910238940737128 -0.016492138672839298 0.0033315061683269146 -0.0032422343974548352 -0.024815259451018257 -0.0091731606160228019 -0.0095795016316484027 0.0047313292065431336 0.005584626830091111 -0.0045752545568125136 -0.0013903008557078602 -0.007614504711964099 0.010957408366282496 -0.010000605492032834 -0.007283259035810819 0.013469141412953967 -0.018274615489174906 0.015039915090208479
leaf_weight=10823 5308 3627 26953 688 84937 2044 1405 1602 1341 4632 1210 3546 3408 1933 1824 14238 4404 5315 4925 16389 4769 7415 3094 2244 9120 1295 2323 3283 9697 4994
leaf_count=10823 5308 3627 26953 688 84937 2044 1405 1602 1341 4632 1210 3546 3408 1933 1824 14238 4404 5315 4925 16389 4769 7415 3094 2244 9120 1295 2323 3283 9697 4994
internal_value=0.000380231 0.00178868 0.00115939 0.00147694 0.00240614 0.00883033 0.00408022 0.0100928 -0.00107828 -0.00168985 -0.00271079 -0.00585109 0.0018424 0.00333333 -0.00139766 -0.00403887 -0.0090093 0.000422204 0.00165029 0.000738538 -0.00203546 -0.00497376 -0.00782234 0.0022931 0.00484253 0.00680576 -0.000773171 0.003401 -0.00947333 0.00482403
internal_weight=248786 126564 116205 112578 85625 10359 5051 3007 122222 101064 71150 20969 21158 17750 50181 20466 6228 29715 24400 29914 13525 8756 16337 23190 12659 10415 10531 5606 13243 15817
internal_count=248786 126564 116205 112578 85625 10359 5051 3007 122222 101064 71150 20969 21158 17750 50181 20466 6228 29715 24400 29914 13525 8756 16337 23190 12659 10415 10531 5606 13243 15817
cat_boundaries=0 1 2 3 4
cat_threshold=40 64 140 2
is_linear=0
shrinkage=0.05


Tree=66
num_leaves=31
num_cat=5
split_feature=0 4 13 4 3 4 10 8 8 8 10 0 8 3 10 10 13 9 8 0 0 8 13 8 9 8 7 9 6 0
split_gain=188.968 145.626 103.051 108.482 93.3696 79.6235 76.7744 71.0156 72.3689 65.726 64.4437 74.7378 56.5374 55.0416 80.2323 91.7656 54.6177 64.0589 113.402 146.975 58.3846 51.5705 62.8248 51.079 56.7221 51.0301 50.6045 49.9467 85.4339 57.4639
threshold=24.500000000000004 0 1991.5000000000002 1 2 3 14.360000000000001 25.250000000000004 25.650000000000002 29.050000000000004 15.545000000000002 17.500000000000004 24.650000000000002 4 17.925000000000004 19.450000000000006 2008.5000000000002 -82.149999999999991 27.350000000000005 46.500000000000007 56.500000000000007 25.950000000000003 2022.5000000000002 25.950000000000003 -85.34999999999998 27.950000000000003 15.500000000000002 -86.949999999999989 2.5000000000000004 32.500000000000007
decision_type=2 9 2 9 9 9 8 2 2 2 8 2 2 9 8 8 2 2 2 2 2 2 2 2 2 2 2 2 2 2
left_child=7 16 -3 -4 6 -6 12 -1 10 21 11 -9 -5 14 -10 -16 -2 18 -18 25 -21 -7 -23 -15 -25 -20 -19 28 -8 -29
right_child=1 2 3 4 5 9 27 8 13 -11 -12 -13 -14 23 15 -17 17 26 19 20 -22 22 -24 24 -26 -27 -28 29 -30 -31
leaf_value=-0.013805099224248352 0.0016134593119037977 -0.0061600649875311669 -0.0075010541230162708 -0.032192730052417538 0.012992399097972829 0.0012403031122275366 0.00073639444476301117 0.0053708811538388801 -0.013024392876952985 0.0019585523507299031 -0.0011905015087943839 0.031338309395921193 -0.0015866222732329406 0.025354856714047538 0.02321656916231345 -0.0038343454232543372 -0.01027451178415726 0.026733178213254407 -0.029050140255750367 0.023989599908368797 -0.0011979977639247075 -0.012917622419655573 0.0019341015261281848 0.0063653584756097285 -0.0041599191192023266 0.010144865740741161 0.0087492443724772606 -0.00063012426480919543 0.022029734852746688 0.002957396863023121
leaf_weight=3389 3133 10836 3321 528 2299 4019 1449 1215 7655 8152 2469 852 8954 929 1494 42103 1413 3023 579 1366 279 9177 2368 6588 10332 566 2016 17414 1433 89435
leaf_count=3389 3133 10836 3321 528 2299 4019 1449 1215 7655 8152 2469 852 8954 929 1494 42103 1413 3023 579 1366 279 9177 2368 6588 10332 566 2016 17414 1433 89435
internal_value=0.000371389 0.00129417 0.00088799 0.0012315 0.00143616 -0.00127713 0.00202838 -0.00168622 -0.00135987 -0.00214021 0.00475143 0.0112422 -0.00228614 -0.00176166 -0.00259401 -0.00176462 0.00651472 0.00845223 0.00388085 0.00971429 0.0192447 -0.0040452 -0.0057421 0.000629582 0 -0.00402597 0.01225 0.00240156 0.00888658 0.00222583
internal_weight=248786 171760 159385 148549 145228 26015 119213 77026 73637 23716 4536 2067 9482 69101 51252 43597 12375 9242 4203 2790 1645 15564 11545 17849 16920 1145 5039 109731 2882 106849
internal_count=248786 171760 159385 148549 145228 26015 119213 77026 73637 23716 4536 2067 9482 69101 51252 43597 12375 9242 4203 2790 1645 15564 11545 17849 16920 1145 5039 109731 2882 106849
cat_boundaries=0 1 2 3 4 5
cat_threshold=40 64 20 128 12
is_linear=0
shrinkage=0.05


Tree=67
num_leaves=31
num_cat=6
split_feature=13 4 2 4 11 9 9 10 10 9 11 10 11 4 11 8 10 7 4 3 12 9 10 11 10 10 8 8 8 4
split_gain=169.061 198.766 173.443 166.086 97.4008 76.7949 110.898 75.772 65.854 137.77 83.5638 100.543 79.8663 92.3855 68.0674 124.78 87.562 61.6 60.8313 52.1006 50.777 49.3869 57.3753 47.2932 66.0699 64.096 117.9 75.3197 59.6888 65.1442
threshold=2013.5000000000002 0 1.0000000180025095e-35 1 66.040000000000006 -85.449999999999989 -85.149999999999991 117.12500000000001 14.415000000000001 -86.749999999999986 141.82000000000002 1.0000000180025095e-35 98.055000000000021 2 90.160000000000011 24.650000000000002 86.885000000000005 22.500000000000004 3 4 2.5000000000000004 -82.649999999999991 98.550000000000026 138.07000000000002 14.360000000000001 32.690000000000005 26.450000000000003 24.750000000000004 26.050000000000004 5
decision_type=2 9 2 9 10 2 2 10 10 2 10 10 10 9 10 2 10 2 9 9 10 2 10 10 8 8 2 2 2 9
left_child=4 7 3 20 -1 -4 -7 -2 10 12 11 -6 13 -10 17 -16 -17 18 -11 -13 23 -18 -23 24 -3 26 27 -26 29 -27
right_child=1 2 5 -5 8 6 -8 -9 9 14 -12 19 -14 -15 15 16 21 -19 -20 -21 -22 22 -24 -25 25 28 -28 -29 -30 -31
leaf_value=-0.0037936429258502713 0.017564738199419016 -0.0026183814251429464 -0.025467116048780093 -0.0073340082294077293 0.0091727422901713325 0.031130855480573552 -0.0037567898849801828 -0.0020948106231994503 -0.012154251583130816 0.02239355899735478 0.01260906316846473 0.020954829617496618 -0.0048794862578618314 0.017007976639000777 0.0096942742262044138 -0.0099164980871472973 -0.009120870958567907 0.030008137748348141 0.0010856570723892568 -0.01634594738276194 -0.022794198815483349 0.011620379032293028 -0.016839950611255452 0.020683191754012988 0.005667789828327852 0.009574905529582357 0.0051910268326884612 0.025415109601799071 0.002740568576095637 -0.0086291621789266418
leaf_weight=67243 8640 6277 1435 5250 1179 588 20053 1719 777 1814 1023 433 1538 5512 3256 12407 2383 947 14399 5238 472 3239 834 660 885 1239 11612 1678 61878 4178
leaf_count=67243 8640 6277 1435 5250 1179 588 20053 1719 777 1814 1023 433 1538 5512 3256 12407 2383 947 14399 5238 472 3239 834 660 885 1239 11612 1678 61878 4178
internal_value=0.000360938 0.00164173 0.00104926 0.00198483 -0.000965377 -0.00293851 -0.00215728 0.00827151 0.000595574 0.00130317 -0.0036344 -0.00562682 0.00735613 0.00985077 9.54466e-05 -0.00173754 -0.00329836 0.00245778 0.00172903 -0.00838761 0.00249553 0.00142283 0.00476365 0.00258378 0.00248242 0.00286328 0.00591822 0.0156044 0.002219 -0.00281002
internal_weight=248786 126564 116205 94129 122222 22076 20641 10359 54979 47106 7873 6850 7827 6289 39279 22119 18863 17160 16213 5671 88879 6456 4073 88407 87747 81470 14175 2563 67295 5417
internal_count=248786 126564 116205 94129 122222 22076 20641 10359 54979 47106 7873 6850 7827 6289 39279 22119 18863 17160 16213 5671 88879 6456 4073 88407 87747 81470 14175 2563 67295 5417
cat_boundaries=0 1 2 3 4 5 6
cat_threshold=40 134 12 132 16 132
is_linear=0
shrinkage=0.05


Tree=68
num_leaves=31
num_cat=4
split_feature=13 4 2 4 13 8 12 13 10 8 8 13 8 8 8 4 3 7 7 12 13 10 13 10 12 12 7 10 10 8
split_gain=154.427 179.637 158.968 147.531 73.8194 83.069 65.5589 82.4609 74.7546 69.2213 83.6922 67.501 127.813 118.712 105.119 97.0328 92.0339 90.5932 71.1354 58.8516 58.5555 65.0398 57.125 74.1816 45.0633 43.8298 43.7426 42.1351 52.5278 82.5544
threshold=2013.5000000000002 0 1.0000000180025095e-35 1 2023.5000000000002 27.550000000000004 1.0000000180025095e-35 1981.5000000000002 73.675000000000026 30.350000000000005 25.650000000000002 1996.5000000000002 26.050000000000004 27.750000000000004 29.050000000000004 2 3 22.500000000000004 20.500000000000004 2.5000000000000004 1998.5000000000002 19.185000000000006 1995.5000000000002 56.660000000000004 2.5000000000000004 3.5000000000000004 22.500000000000004 115.06500000000001 96.385000000000019 27.850000000000005
decision_type=2 9 2 9 2 2 8 2 10 2 2 2 2 2 2 9 9 2 2 10 2 10 2 10 10 8 2 10 10 2
left_child=6 4 3 24 -2 -6 7 -1 9 10 -9 13 15 -8 17 -13 -17 25 22 26 21 -18 27 -24 -3 -14 -16 28 29 -15
right_child=1 2 -4 -5 5 -7 11 8 -10 -11 -12 12 14 18 19 16 20 -19 -20 -21 -22 -23 23 -25 -26 -27 -28 -29 -30 -31
leaf_value=-0.025836971538913844 0.021346248983561012 0.0026946438244826788 -0.0039087136678295662 -0.0069673078179373071 -0.0019865454490353598 0.017260687666197417 -0.0081623652867473424 0.009916357845299829 -0.0045460030881673942 0.013289288596865579 -0.00049546468871222162 0.011628958850726612 -0.010646559251298893 -0.013949770994790091 0.00074893402289251127 0.019399403387743066 -0.03442725791085284 0.007693792982665571 -0.014871966624078505 -0.027469907197321144 -0.0020709461513741092 -0.0064985628657534102 0.032807495509972105 0.0018658661041357051 -0.021654488874709221 -0.020245609087621297 -0.01877502610830746 -0.031767316315954107 0.016432143378304877 0.0033052514378286713
leaf_weight=784 5308 88407 22076 5250 3100 1951 10156 4713 8476 4007 13494 4279 9566 2315 10224 1528 722 1591 1609 871 16190 1793 1482 1487 472 6171 873 216 1807 17868
leaf_count=784 5308 88407 22076 5250 3100 1951 10156 4713 8476 4007 13494 4279 9566 2315 10224 1528 722 1591 1609 871 16190 1793 1482 1487 472 6171 873 216 1807 17868
internal_value=0.000349684 0.00157378 0.00101054 0.00190622 0.00787648 0.00354673 -0.000917927 0.00104815 0.00145928 0.00298326 0.00167152 -0.00159986 -0.00272957 4.60081e-05 -0.00495803 -6.52475e-05 -0.00151336 -0.00744607 0.00179145 -0.00135248 -0.00248064 -0.00956436 0.00244392 0.00894596 0.00238754 -0.00859529 -0.000364635 0.00157094 0.00179091 0.0010573
internal_weight=248786 126564 116205 94129 10359 5051 122222 31474 30690 22214 18207 90748 53808 36940 29296 24512 20233 17328 26784 11968 18705 2515 25175 2969 88879 15737 11097 22206 21990 20183
internal_count=248786 126564 116205 94129 10359 5051 122222 31474 30690 22214 18207 90748 53808 36940 29296 24512 20233 17328 26784 11968 18705 2515 25175 2969 88879 15737 11097 22206 21990 20183
cat_boundaries=0 1 2 3 4
cat_threshold=40 134 140 2
is_linear=0
shrinkage=0.05


Tree=69
num_leaves=31
num_cat=5
split_feature=0 4 10 11 9 4 4 11 11 0 11 11 9 12 13 4 8 8 10 3 8 11 13 2 0 8 9 0 13 8
split_gain=165.976 95.1125 83.2034 80.0305 78.0845 109.045 75.5442 57.5589 60.277 65.31 80.3238 57.4095 57.5309 54.8678 49.8074 48.8253 55.7852 50.596 60.4363 98.7133 64.594 80.8383 48.0907 59.4868 68.0231 91.665 59.4033 56.495 63.0267 49.3947
threshold=20.500000000000004 0 78.52500000000002 117.08500000000002 -81.749999999999986 1 2 47.680000000000007 62.915000000000006 50.500000000000007 60.415000000000006 132.69000000000003 -82.749999999999986 2.5000000000000004 1992.5000000000002 3 25.350000000000005 25.650000000000002 17.925000000000004 4 30.350000000000005 90.160000000000011 1992.5000000000002 1.0000000180025095e-35 49.500000000000007 28.650000000000002 -82.649999999999991 28.500000000000004 2018.5000000000002 26.550000000000004
decision_type=2 9 10 10 2 9 9 8 8 2 10 10 2 10 2 9 2 2 8 9 2 10 2 2 2 2 2 2 2 2
left_child=2 3 13 -2 6 -6 -3 -7 9 10 -9 12 -5 15 -4 -1 -17 -18 19 -19 -20 -22 -8 29 25 26 -25 -27 -29 -24
right_child=1 4 14 11 5 7 22 8 -10 -11 -12 -13 -14 -15 -16 16 17 18 20 -21 21 -23 23 24 -26 27 -28 28 -30 -31
leaf_value=0.01068620123687718 0.0045043844726346816 -0.0062157774267126882 -0.00083524083186268258 0.0005951558951248437 0.0063409006810793761 -0.013645686614175824 -0.00337274946743551 0.0021637061236216225 -0.003078962130927199 -0.0044042894423046873 0.016078362766320711 -0.0036425742289159404 0.024390079655165264 -0.029680388684334959 -0.013549519628416018 -0.014979423419637339 0.0063998686696111308 -0.019406154634943197 -0.0030156229245731584 0.00072020451532575083 -0.0039946146766744132 0.015494142754772788 0.0067344162621800763 -0.016267849142995595 0.0079430240747798923 -0.005577397394307626 -0.0045228766862953412 0.02225907245280654 -0.0071712361586580902 0.002073016415631246
leaf_weight=3334 9868 3111 2466 742 8693 2533 8794 3673 43065 2691 1917 589 2958 786 6829 1581 3844 3969 26045 3058 3120 3071 14241 1988 3023 2214 6701 1869 689 71324
leaf_count=3334 9868 3111 2466 742 8693 2533 8794 3673 43065 2691 1917 589 2958 786 6829 1581 3844 3969 26045 3058 3120 3071 14241 1988 3023 2214 6701 1869 689 71324
internal_value=0.000337224 0.00105012 -0.00200213 0.00499048 0.00073352 -0.000685501 0.00151276 -0.00152415 -0.00116053 0.00274394 0.00582143 0.0106885 0.0129919 -0.0011758 -0.0063353 -0.000959777 -0.00139572 -0.00105643 -0.0015927 -0.00579082 -0.000676053 0.00391066 0.00172871 0.00203461 -0.000715412 -0.00223814 -0.00529371 0.00332497 0.00837227 0.00256442
internal_weight=248786 190683 58103 14157 176526 62572 113954 53879 51346 8281 5590 4289 3700 48808 9295 48022 44688 43107 39263 7027 32236 6191 110843 102049 16484 13461 8689 4772 2558 85565
internal_count=248786 190683 58103 14157 176526 62572 113954 53879 51346 8281 5590 4289 3700 48808 9295 48022 44688 43107 39263 7027 32236 6191 110843 102049 16484 13461 8689 4772 2558 85565
cat_boundaries=0 1 2 3 4 5
cat_threshold=40 132 64 160 4
is_linear=0
shrinkage=0.05


Tree=70
num_leaves=31
num_cat=7
split_feature=11 4 11 11 4 13 10 11 8 10 10 10 3 8 11 10 7 11 3 10 8 3 3 8 10 8 11 13 4 8
split_gain=119.107 105.563 79.9633 80.4383 75.0746 77.2935 107.959 82.1658 80.0242 67.8429 106.853 91.1502 62.5789 61.2792 59.1927 166.375 123.988 122.566 58.7929 58.4964 82.0675 64.7283 58.0953 54.1887 53.1424 51.7035 104.943 61.1283 48.9848 48.6115
threshold=47.680000000000007 0 118.75000000000001 132.69000000000003 1 2021.5000000000002 9.2300000000000022 49.585000000000008 25.950000000000003 45.990000000000002 100.98500000000001 16.235000000000003 2 27.650000000000002 138.07000000000002 18.765000000000004 14.500000000000002 116.25000000000001 3 26.445000000000004 24.650000000000002 4 5 26.650000000000002 21.375000000000004 26.950000000000003 94.585000000000022 2023.5000000000002 6 26.050000000000004
decision_type=8 9 10 10 9 2 8 8 2 10 10 8 9 2 10 10 2 10 9 10 2 9 9 2 10 2 8 2 9 2
left_child=23 2 13 24 -3 7 -7 -6 -8 11 12 -10 -11 -2 17 16 -16 19 -12 20 -9 -22 -21 -1 -4 -13 -27 -28 -24 -23
right_child=1 4 3 -5 5 6 8 14 9 10 18 25 -14 -15 15 -17 -18 -19 -20 22 21 29 28 -25 -26 26 27 -29 -30 -31
leaf_value=-0.017233269347879322 -0.0022547869287694589 -0.0066188533282565132 0.014689164880172979 -0.0050827659376118106 0.016125742484689409 -0.037236280214159659 -0.016738226667789926 -0.021544721169512827 -0.0012181465392565372 0.0072568548168050924 0.0016826941454586297 0.0085759302530934896 -0.0036586971495057522 0.018761753084173629 0.036195003077539221 -0.024103429841456993 0.006100123148701897 -0.017645160778153191 0.016219903141768379 0.002509723689380117 0.0090343606668095155 0.0006240447163787799 0.01720477615072169 -0.0052457905324075687 0.029586397071893523 0.0096841998544759285 -0.020260539210157892 -0.00048146135506037528 -0.0060505047108935454 -0.0038765772392738819
leaf_weight=2394 3630 3628 1024 493 1908 539 1275 1251 7211 1875 28217 18900 13838 1984 935 934 2332 2767 1172 46299 3208 25352 1014 9585 1391 4310 1141 3024 11797 45586
leaf_count=2394 3630 3628 1024 493 1908 539 1275 1251 7211 1875 28217 18900 13838 1984 935 934 2332 2767 1172 46299 3208 25352 1014 9585 1391 4310 1141 3024 11797 45586
internal_value=0.000220461 0.000466367 0.00592367 0.0126456 0.000262325 0.000377715 0.00160713 -0.000321145 0.00175676 0.00195613 0.000678312 0.00362181 -0.00264899 0.00243599 -0.000460473 0.00537877 0.0106958 -0.00063955 0.00245757 -0.000424853 -0.00134802 -0.00113275 0.000752706 -0.00464175 0.0163918 0.00493884 0.00169122 -0.00396407 -0.00222508 -0.00144734
internal_weight=249014 237035 8522 2908 228513 224885 81502 143383 80963 79688 45102 34586 15713 5614 141475 4201 3267 137274 29389 134507 75397 74146 59110 11979 2415 27375 8475 4165 12811 70938
internal_count=249014 237035 8522 2908 228513 224885 81502 143383 80963 79688 45102 34586 15713 5614 141475 4201 3267 137274 29389 134507 75397 74146 59110 11979 2415 27375 8475 4165 12811 70938
cat_boundaries=0 1 2 3 4 5 6 7
cat_threshold=32 64 10 4 16 20 128
is_linear=0
shrinkage=0.05


Tree=71
num_leaves=31
num_cat=7
split_feature=0 13 10 4 4 3 4 11 11 9 4 4 11 7 11 7 9 0 13 0 9 10 4 0 11 9 11 7 7 10
split_gain=120.011 94.0111 86.6001 85.3036 75.8242 64.5767 57.7303 53.9517 53.6746 52.4512 78.1039 58.0361 54.9167 91.3086 51.7172 66.3677 59.3173 69.5638 66.5445 113.503 94.3014 86.2136 67.4634 62.8231 61.7589 91.5336 67.8471 66.5407 83.4402 67.5838
threshold=20.500000000000004 1991.5000000000002 99.655000000000015 0 1 2 3 117.08500000000002 89.720000000000013 -81.749999999999986 4 5 138.07000000000002 14.500000000000002 127.40000000000002 14.500000000000002 -82.049999999999983 56.500000000000007 1996.5000000000002 49.500000000000007 -86.949999999999989 101.04500000000002 6 62.500000000000007 92.160000000000011 -82.649999999999991 118.75000000000001 17.500000000000004 16.500000000000004 123.30500000000002
decision_type=2 2 10 9 9 9 9 10 8 2 9 9 10 2 10 2 2 2 2 2 2 10 9 2 8 2 10 2 2 8
left_child=2 -2 6 -3 7 8 -1 -5 -6 12 -11 -12 14 -14 16 -16 18 -18 -7 20 -20 -21 23 -23 25 -22 27 28 29 -26
right_child=1 3 -4 4 5 9 -8 -9 -10 10 11 -13 13 -15 15 -17 17 -19 19 21 24 22 -24 -25 26 -27 -28 -29 -30 -31
leaf_value=0.010750868399573356 -0.005244879803485248 -0.0062879106618437325 -0.013956201242451716 0.0048985832786158316 -0.0043413201949432439 0.0078459849068718054 -0.0027826299910168831 0.015899366866650499 0.010421385449019428 0.0060856027527459227 -0.0013680135240714542 -0.013723441621647403 0.031824817309294054 -0.020941832872398439 -0.0094752500767293583 0.0038158128260477931 0.006625290214682434 -0.0022536113573758954 0.004839370512032027 -0.0014376611627458403 -0.011459973064315676 0.0055476012516822775 -0.0048180598265191504 0.0018406728426147547 -0.017677295563512854 0.009225888594754662 0.0018477705644501796 -0.025770059250001066 0.0047043415688595939 -0.0038186836402280379
leaf_weight=3798 12347 3479 4489 9209 1450 9509 49835 4259 6112 7774 49050 809 559 243 3556 2409 17126 3527 5220 11500 2540 9427 1309 10433 4910 3548 2617 1892 2202 3876
leaf_count=3798 12347 3479 4489 9209 1450 9509 49835 4259 6112 7774 49050 809 559 243 3556 2409 17126 3527 5220 11500 2540 9427 1309 10433 4910 3548 2617 1892 2202 3876
internal_value=0.000217248 0.000822935 -0.00177183 0.00111478 0.00126909 0.000968333 -0.00121265 0.004871 0.00547349 0.000746482 -0.000446715 -0.00117384 0.00145987 0.0144089 0.00134974 -0.00315481 0.00164982 0.0039999 0.000945748 0.000324457 -0.00208652 0.0023027 0.00419519 0.00491952 -0.0035448 0.000721548 -0.00522022 -0.00671063 -0.00521004 -0.00738972
internal_weight=249014 190892 58122 178545 175066 161598 53633 13468 7562 154036 57633 49859 96403 802 95601 5965 89636 20653 68983 59474 26805 32669 21169 19860 21585 6088 15497 12880 10988 8786
internal_count=249014 190892 58122 178545 175066 161598 53633 13468 7562 154036 57633 49859 96403 802 95601 5965 89636 20653 68983 59474 26805 32669 21169 19860 21585 6088 15497 12880 10988 8786
cat_boundaries=0 1 2 3 4 5 6 7
cat_threshold=64 40 16 160 132 2 130
is_linear=0
shrinkage=0.05


Tree=72
num_leaves=31
num_cat=4
split_feature=2 13 4 4 4 11 0 0 3 0 11 11 0 11 10 9 9 0 9 8 8 0 11 13 0 11 8 13 13 8
split_gain=112.97 128.909 136.508 111.279 90.2557 87.0261 79.3199 76.7992 69.1997 78.05 65.2941 51.1186 48.1722 48.1191 47.7621 77.1483 60.5102 46.3778 79.4508 55.0076 43.316 42.1513 59.2712 49.353 58.8638 56.9674 47.4288 41.3563 163.412 83.779
threshold=1.0000000180025095e-35 2013.5000000000002 0 1 2 66.040000000000006 52.500000000000007 72.500000000000014 3 49.500000000000007 46.835000000000008 66.040000000000006 23.500000000000004 77.915000000000006 36.655000000000008 -82.649999999999991 -81.84999999999998 48.500000000000007 -82.149999999999991 27.350000000000005 27.850000000000005 19.500000000000004 130.19000000000003 2018.5000000000002 25.500000000000004 103.04000000000001 28.250000000000004 1992.5000000000002 1993.5000000000002 27.850000000000005
decision_type=2 2 9 9 9 10 2 2 9 2 8 10 2 8 10 2 2 2 2 2 2 2 10 2 2 8 2 2 2 2
left_child=1 5 13 6 8 27 17 12 9 21 -6 -11 14 -3 16 -16 -5 18 20 -19 -4 22 -2 25 26 -23 -25 -1 29 -29
right_child=4 2 3 7 10 -7 -8 -9 -10 11 -12 -13 -14 -15 15 -17 -18 19 -20 -21 -22 23 -24 24 -26 -27 -28 28 -30 -31
leaf_value=-0.0073553672995584577 -0.014805945080212003 -0.024196892424952578 -0.025994878292725287 -0.0025158761884718217 -0.041160969811746911 0.0019710395536382207 -0.0011304048879537288 -0.0042513550774700981 0.0019899214098968443 -0.0086142775412148872 0.0038237372844176056 0.0097209902603307089 0.0028022931235481608 -0.0046087855601466996 -0.037122342984291824 -0.003117897354120647 0.023892910953699477 0.012966434924798299 0.021460296410289459 0.020236084638906516 0.0094517483144681783 0.0049229187301693678 0.0072845053430389498 0.005219457329585531 -0.013737021777738745 -0.0075221276228098159 -0.028307179379218717 -0.014509701616160787 -0.0036794378105072579 0.0091098565534427859
leaf_weight=12500 7163 507 412 4447 297 43033 1912 5383 6863 1500 9868 2381 73230 4687 699 3391 1802 682 2664 1018 464 3815 710 1201 5280 4309 243 891 41996 5666
leaf_count=12500 7163 507 412 4447 297 43033 1912 5383 6863 1500 9868 2381 73230 4687 699 3391 1802 682 2664 1018 464 3815 710 1201 5280 4309 243 891 41996 5666
internal_value=0.000213634 0.0007045 0.00197418 0.00240107 -0.0020967 -0.00053124 0.00839375 0.00191746 -0.00334926 -0.00450379 0.00202749 0.00204318 0.00229065 -0.00590717 -0.000903469 -0.00509756 0.00184534 0.011581 0.00828169 0.0183626 -0.00474041 -0.00562448 -0.00858176 -0.00405169 -0.00721711 -0.00142611 0.00171939 -0.00174492 -0.00108416 0.00625095
internal_weight=249014 205384 101298 96104 43630 104086 7152 88952 33465 26602 10165 3881 83569 5194 10339 4090 6249 5240 3540 1700 876 22721 7873 14848 6724 8124 1444 61053 48553 6557
internal_count=249014 205384 101298 96104 43630 104086 7152 88952 33465 26602 10165 3881 83569 5194 10339 4090 6249 5240 3540 1700 876 22721 7873 14848 6724 8124 1444 61053 48553 6557
cat_boundaries=0 1 2 3 4
cat_threshold=80 40 66 4
is_linear=0
shrinkage=0.05


Tree=73
num_leaves=31
num_cat=4
split_feature=2 13 4 4 4 10 0 0 8 9 8 9 8 8 4 6 0 9 13 10 10 8 0 8 0 9 10 8 13 9
split_gain=102.014 117.157 124.462 101.769 83.8152 81.0038 74.8131 61.3414 55.5111 73.3708 73.0497 81.0316 89.5678 78.6688 58.8111 57.0195 56.9716 55.7919 93.7586 54.6636 52.1044 50.35 49.8692 49.7782 48.4608 47.2718 69.6004 43.99 116.693 87.7341
threshold=1.0000000180025095e-35 2013.5000000000002 0 1 2 44.865000000000009 52.500000000000007 72.500000000000014 25.650000000000002 -82.249999999999986 25.950000000000003 -80.149999999999991 26.650000000000002 28.150000000000002 3 2.5000000000000004 54.500000000000007 -80.34999999999998 1998.5000000000002 15.290000000000001 15.635000000000003 25.750000000000004 23.500000000000004 26.050000000000004 20.500000000000004 -81.84999999999998 32.690000000000005 28.350000000000005 1996.5000000000002 -82.649999999999991
decision_type=2 2 9 9 9 10 2 2 2 2 2 2 2 2 9 2 2 2 2 10 10 2 2 2 2 2 8 2 2 2
left_child=1 8 3 6 24 -4 -3 22 15 14 17 12 -12 -14 -10 19 -17 18 -11 -1 -21 -20 25 -24 -2 -5 -27 28 29 -16
right_child=4 2 5 7 -6 -7 -8 -9 9 10 11 -13 13 -15 27 16 -18 -19 21 20 -22 -23 23 -25 -26 26 -28 -29 -30 -31
leaf_value=-0.014402834236937778 -0.0092671531646393752 0.015870387027622623 0.0013005018969161064 -0.0079672550224533911 0.0025788502493735879 -0.0071586795976622767 -0.0010738846435560223 -0.0039414895925387943 -0.0072418451641585342 -0.031839929692583847 -0.013580715556987411 0.0024308604854721416 0.0038136325488587809 -0.011753840685142514 -0.0027713837628283501 0.010900093521736133 -0.01031863019644317 0.0039009077104406042 -0.0066818411512184822 0.019411960383463892 -0.00054658587887521646 0.012736412588860803 -0.0024475237753028623 0.0031403346767083563 -0.0026527616886338201 0.038766385509589843 -0.00063986708031760209 0.0040276259265463743 -0.015029359677219835 0.010779857413711636
leaf_weight=1532 11375 5240 4060 5955 10165 4860 1912 4949 5966 763 10256 5508 5981 6175 8988 3943 464 10844 4035 1836 5625 1577 5433 64655 22090 938 3296 19727 4113 6753
leaf_count=1532 11375 5240 4060 5955 10165 4860 1912 4949 5966 763 10256 5508 5981 6175 8988 3943 464 10844 4035 1836 5625 1577 5433 64655 22090 938 3296 19727 4113 6753
internal_value=0.000199579 0.000666037 0.00187646 0.00242105 -0.00199588 -0.00375839 0.00814278 0.00193909 -0.000512027 -0.000955941 -0.00238433 -0.00396348 -0.00529837 -0.00239191 0.000459863 0.00249068 0.00714286 0.000177027 -0.00353171 0.000205487 0.0019743 -0.00128068 0.00227247 0.00274758 -0.00320293 -0.000995196 0.00303959 0.0011578 -0.000503423 0.00145705
internal_weight=249014 205384 101298 92378 43630 8920 7152 85226 104086 90686 45139 27920 22412 12156 45547 13400 4407 17219 6375 8993 7461 5612 80277 70088 33465 10189 4234 39581 19854 15741
internal_count=249014 205384 101298 92378 43630 8920 7152 85226 104086 90686 45139 27920 22412 12156 45547 13400 4407 17219 6375 8993 7461 5612 80277 70088 33465 10189 4234 39581 19854 15741
cat_boundaries=0 1 2 3 4
cat_threshold=170 40 66 76
is_linear=0
shrinkage=0.05


Tree=74
num_leaves=31
num_cat=5
split_feature=2 13 4 4 3 11 0 4 0 9 0 9 9 11 11 0 9 8 11 13 13 8 13 13 8 13 12 11 3 8
split_gain=93.8108 107.454 120.931 96.9643 83.9796 69.6318 67.0118 66.9001 75.9948 60.3856 60.0533 56.5053 47.9833 44.2225 57.8189 42.9955 74.7642 51.3286 41.962 40.6658 140.015 75.5663 67.2162 94.6582 84.6662 79.8566 77.9675 69.9765 69.567 61.7623
threshold=1.0000000180025095e-35 2013.5000000000002 0 1 2 66.040000000000006 52.500000000000007 3 49.500000000000007 -81.649999999999991 72.500000000000014 -82.149999999999991 -81.749999999999986 138.07000000000002 132.69000000000003 48.500000000000007 -82.149999999999991 27.350000000000005 85.680000000000021 1992.5000000000002 1993.5000000000002 27.850000000000005 1995.5000000000002 1996.5000000000002 26.050000000000004 1999.5000000000002 -1.0000000180025095e-35 46.250000000000007 4 29.150000000000002
decision_type=2 2 9 9 9 10 2 9 2 2 2 2 2 10 10 2 2 2 10 2 2 2 2 2 2 2 10 10 9 2
left_child=1 5 12 6 7 19 15 -2 11 -10 13 -9 -3 14 -5 16 -4 -17 -6 -1 21 -21 27 -24 25 -25 29 -22 -27 -26
right_child=4 2 3 10 18 -7 -8 8 9 -11 -12 -13 -14 -15 -16 17 -18 -19 -20 20 22 -23 23 24 26 28 -28 -29 -30 -31
leaf_value=-0.0068206751471356691 0.0042266689672657348 -0.0039401400619873961 -0.0070766249952198823 0.0023643878917924965 -0.002124102236542491 0.0017583448596317553 -0.0010201904113781967 -0.011554047679485936 0.0097139960930692666 -0.0078930755215466785 -0.0037678708302089528 -0.0037250663071740856 -0.020583088084222025 0.018054441258979727 -0.0073895964109700341 0.011524593827177255 0.019593762238393889 0.018430761055580103 0.0082117013131946422 -0.013515528714285808 -0.0096454769278758075 0.0086554246849895652 0.0088134297405168659 -0.0086470186975237343 -0.017300473778446967 0.026017897300383865 -0.002415816867241816 -0.041937354037406886 0.0025611614978568124 -0.0033934673044676345
leaf_weight=12500 3981 4492 876 80891 3823 43033 1912 12648 2477 1820 5383 13481 702 664 2014 682 2664 1018 5400 891 3556 5666 4964 3644 6509 1244 10284 522 8002 3271
leaf_count=12500 3981 4492 876 80891 3823 43033 1912 12648 2477 1820 5383 13481 702 664 2014 682 2664 1018 5400 891 3556 5666 4964 3644 6509 1244 10284 522 8002 3271
internal_value=0.000191949 0.000639259 0.00179848 0.00220028 -0.00191338 -0.000488972 0.0077942 -0.00304848 -0.00384615 0.00231019 0.00174886 -0.00486055 -0.00561949 0.00207887 0.00197491 0.0107238 0.0075493 0.0172515 0.00232068 -0.0015746 -0.000919424 0.00587026 -0.00198067 -0.00132356 -0.00229341 0.000868217 -0.004324 -0.00807241 0.00333838 -0.00751788
internal_weight=249014 205384 101298 96104 43630 104086 7152 34407 30426 4297 88952 26129 5194 83569 82905 5240 3540 1700 9223 61053 48553 6557 41996 37918 32954 12890 20064 4078 9246 9780
internal_count=249014 205384 101298 96104 43630 104086 7152 34407 30426 4297 88952 26129 5194 83569 82905 5240 3540 1700 9223 61053 48553 6557 41996 37918 32954 12890 20064 4078 9246 9780
cat_boundaries=0 1 2 3 4 5
cat_threshold=80 40 4 152 2
is_linear=0
shrinkage=0.05


Tree=75
num_leaves=31
num_cat=2
split_feature=0 13 3 2 10 3 0 8 8 13 11 8 10 10 10 0 8 10 11 11 8 11 0 10 13 8 0 11 7 11
split_gain=95.5956 63.8437 65.3244 64.9362 61.1642 66.9069 61.3832 54.7793 82.2493 54.5446 50.3449 50.3138 58.3939 81.7861 48.3549 45.8607 54.07 45.4577 73.6966 54.6438 52.148 68.6506 57.2992 52.8423 50.9039 51.0126 49.0073 78.4945 53.6616 47.6726
threshold=18.500000000000004 1991.5000000000002 0 1.0000000180025095e-35 128.71500000000003 1 62.500000000000007 25.850000000000005 29.050000000000004 2022.5000000000002 89.720000000000013 25.750000000000004 15.545000000000002 12.415000000000001 105.16000000000001 53.500000000000007 29.250000000000004 15.635000000000003 132.69000000000003 121.55000000000003 26.450000000000003 128.30500000000004 42.500000000000007 19.870000000000001 2022.5000000000002 24.650000000000002 29.500000000000004 104.58500000000002 22.500000000000004 53.165000000000006
decision_type=2 2 9 2 10 9 2 2 2 2 8 2 8 10 10 2 2 8 10 10 2 10 2 10 2 2 2 10 2 10
left_child=14 -2 10 4 5 6 17 11 9 -9 -3 12 13 -7 -1 16 -10 24 19 26 22 23 -21 -22 25 -4 27 -19 -28 -30
right_child=1 2 3 -5 -6 7 -8 8 15 -11 -12 -13 -14 -15 -16 -17 -18 18 -20 20 21 -23 -24 -25 -26 -27 28 -29 29 -31
leaf_value=-0.0022396974271696735 -0.0043729883440013495 -0.0040292402353880874 -0.031510869590595993 -0.0019835295674186962 -0.0061393816534464742 -0.021702367045341033 -0.00061401935165488202 -0.008359196734633834 0.012564653686114192 0.0044270908084955707 0.0089976209876159625 0.018687274545467324 -0.0055438518001744708 0.034052211621375686 -0.013261158580147515 -0.010315110572600796 0.0015591533298136007 0.0019414827018050752 -0.0066180150238796202 0.010656491393478263 0.011488003539362347 -0.017787529083761112 0.015469486346824546 0.00040650542185129981 -0.043747600388124044 0.00075522314278675395 0.0032740764619080044 -0.024024912418150902 -0.0010450435136898585 0.024978137943018997
leaf_weight=45160 12807 1651 443 28145 4215 255 19275 13131 1492 2827 8066 2341 3014 770 3172 1190 8189 15010 2064 1853 1891 492 1937 2312 261 10475 54052 1116 502 1274
leaf_count=45160 12807 1651 443 28145 4215 255 19275 13131 1492 2827 8066 2341 3014 770 3172 1190 8189 15010 2064 1853 1891 492 1937 2312 261 10475 54052 1116 502 1274
internal_value=0.000254619 0.000734607 0.00096705 0.000749387 0.00116197 0.00133332 0.00191322 -0.000639502 -0.00163009 -0.00391408 0.00495533 0.00352113 0.000135836 0.0103865 -0.00174176 0.00172319 0.00286348 0.00244204 0.00284743 0.00308705 0.00688052 0.0033475 0.0112368 0.00542369 -0.000549647 -1.83016e-05 0.00263882 0.000210709 0.00334002 0.0118701
internal_weight=249382 201050 188243 178526 150381 146166 112957 33209 26829 15958 9717 6380 4039 1025 48332 10871 9681 93682 82503 80439 8485 4695 3790 4203 11179 10918 71954 16126 55828 1776
internal_count=249382 201050 188243 178526 150381 146166 112957 33209 26829 15958 9717 6380 4039 1025 48332 10871 9681 93682 82503 80439 8485 4695 3790 4203 11179 10918 71954 16126 55828 1776
cat_boundaries=0 1 2
cat_threshold=16 4
is_linear=0
shrinkage=0.05


Tree=76
num_leaves=31
num_cat=3
split_feature=0 12 13 3 2 3 8 8 13 0 11 13 11 13 0 8 0 8 8 11 2 12 3 8 9 9 0 7 13 0
split_gain=85.5104 72.3793 53.3028 57.5778 58.4314 49.0594 47.7756 66.1626 55.4467 46.9828 44.5566 42.9548 42.89 62.6001 57.6819 42.368 41.0794 84.9408 40.7313 46.4065 40.4141 44.4784 41.641 46.6736 41.7157 40.3604 40.2078 48.7943 42.7336 37.8749
threshold=18.500000000000004 -1.0000000180025095e-35 1991.5000000000002 0 1.0000000180025095e-35 1 25.850000000000005 29.050000000000004 2022.5000000000002 62.500000000000007 89.720000000000013 1993.5000000000002 104.13000000000001 2017.5000000000002 72.500000000000014 25.750000000000004 24.500000000000004 30.050000000000004 29.250000000000004 138.07000000000002 1.0000000180025095e-35 2.5000000000000004 2 30.350000000000005 -81.149999999999991 -87.249999999999986 30.500000000000004 22.500000000000004 2023.5000000000002 37.500000000000007
decision_type=2 8 2 9 2 9 2 2 2 2 8 2 8 2 2 2 2 2 2 10 2 10 9 2 2 2 2 2 2 2
left_child=20 -2 -3 10 5 9 15 8 11 25 -4 -8 13 16 -14 -7 -6 -18 -9 -20 -1 22 24 -24 -22 -5 28 -28 -27 -10
right_child=1 2 3 4 12 6 7 18 29 -11 -12 -13 14 -15 -16 -17 17 -19 19 -21 21 -23 23 -25 -26 26 27 -29 -30 -31
leaf_value=-0.0014667959379330853 -0.0083503973098353335 -0.003746036366447747 -0.003827778223618683 0.01873457614310987 -0.0043947502346257218 0.00048161086509477261 0.011570341004740303 0.0097516059184029839 0.035278353443148537 -0.00042735041735859626 0.008850215898603242 -0.0088758955250243694 -0.00462457118802746 -0.0079758502052569291 0.011350281614507641 0.017853584884844988 0.0027166831064963761 0.026913143492032356 -0.00055078533741008688 0.022941763659885473 -0.010793208900802931 -0.037995849432960242 -0.0052434319378123822 0.013637707665455646 0.0064018871995529031 0.0013950674933512987 0.0026501008192063137 0.015210319144986962 -0.013751019253232057 9.7077321690086657e-05
leaf_weight=36282 4365 12440 1597 992 1947 3927 468 1763 522 19579 7961 12256 16646 2381 794 2318 3932 1705 8695 272 7490 305 2071 1072 1112 21934 69214 1678 1333 2331
leaf_count=36282 4365 12440 1597 992 1947 3927 468 1763 522 19579 7961 12256 16646 2381 794 2318 3932 1705 8695 272 7490 305 2071 1072 1112 21934 69214 1678 1333 2331
internal_value=0.000249808 0.00070377 0.000845217 0.00105913 0.000851998 0.0012465 -0.000466658 -0.00140024 -0.00348046 0.00173246 0.00483399 -0.00489241 -0.00126755 0.00134837 -0.00276218 0.00346123 0.00356861 0.00572871 0.00162011 0.000250641 -0.00163833 -0.00414594 -0.00364526 0.00128043 -0.00543957 0.00219155 0.00208508 0.00267693 0.000281394 0.00281174
internal_weight=249382 201050 196685 184245 174687 147282 32552 26307 15577 114730 9558 12724 27405 9965 17440 6245 7584 5637 10730 8967 48332 12050 11745 3143 8602 95151 94159 70892 23267 2853
internal_count=249382 201050 196685 184245 174687 147282 32552 26307 15577 114730 9558 12724 27405 9965 17440 6245 7584 5637 10730 8967 48332 12050 11745 3143 8602 95151 94159 70892 23267 2853
cat_boundaries=0 1 2 3
cat_threshold=16 4 4
is_linear=0
shrinkage=0.05


Tree=77
num_leaves=31
num_cat=1
split_feature=13 10 11 10 7 13 7 7 11 13 13 8 7 7 8 3 9 9 10 13 13 10 9 11 11 10 12 10 9 11
split_gain=63.2107 105.353 177.457 126.763 98.1421 80.1747 57.655 54.7919 53.6514 52.9076 82.6657 67.828 67.0552 63.1376 59.2974 77.8403 54.533 65.2188 59.6181 72.0871 87.489 53.651 52.118 51.4483 49.2732 75.276 47.2857 46.3312 50.4601 45.9736
threshold=2003.5000000000002 14.360000000000001 138.07000000000002 45.990000000000002 12.500000000000002 2001.5000000000002 20.500000000000004 10.500000000000002 118.75000000000001 1996.5000000000002 1998.5000000000002 27.750000000000004 19.500000000000004 18.500000000000004 27.850000000000005 0 -81.749999999999986 -82.749999999999986 110.94000000000001 1995.5000000000002 1993.5000000000002 9.2300000000000022 -82.049999999999983 93.610000000000014 80.870000000000019 15.545000000000002 -1.0000000180025095e-35 20.870000000000001 -80.149999999999991 72.915000000000006
decision_type=2 8 10 8 2 2 2 2 10 2 2 2 2 2 2 9 2 2 10 2 2 8 2 10 10 10 8 8 2 10
left_child=5 2 22 4 7 6 9 -3 26 11 13 12 -1 21 15 -12 17 -13 19 20 -19 -11 23 -2 25 -6 -5 -8 -29 -27
right_child=1 3 -4 8 24 -7 27 -9 -10 10 14 16 -14 -15 -16 -17 -18 18 -20 -21 -22 -23 -24 -25 -26 29 -28 28 -30 -31
leaf_value=-0.007226079414942888 0.003666981209057063 0.0031733383883437052 0.028924633658539367 -0.0099050704624100497 0.017152655497758709 -0.021853535856885209 0.0031721608478123111 -0.007427377997034146 -0.0029463355280607397 0.01443514930407952 0.019393018422011556 0.00085760618472265906 0.0087234713501485924 -0.038587273372170654 -0.024503027240315414 -0.001170817338109842 -0.024086731578832454 0.0070589137943560592 -0.012559376393016032 0.024402496719505874 -0.044349412476859529 -0.010181604784449317 -0.0028676018626125456 -0.018217787026960953 0.0074271080804910738 -6.3180965073073034e-07 0.00082644370670470479 -0.015170494454943562 0.0015539573260795693 -0.020689850024185399
leaf_weight=8821 881 3016 657 1827 2226 1508 2077 3660 8489 364 1800 16262 1831 579 767 18877 572 8750 682 1914 286 6292 10543 3622 34268 6021 94363 5563 1849 1015
leaf_count=8821 881 3016 657 1827 2226 1508 2077 3660 8489 364 1800 16262 1831 579 767 18877 572 8750 682 1914 286 6292 10543 3622 34268 6021 94363 5563 1849 1015
internal_value=0.000232165 0.000773163 -0.00312798 0.00116886 0.00323403 -0.000939039 -0.000715432 -0.00240802 0.000178147 -0.000204256 -0.0018352 0.000991617 -0.00241043 -0.00645273 -0.000275007 0.000234447 0.00226507 0.00258028 0.00543721 0.00633212 0.00445501 -0.00505551 -0.00424416 -0.00874141 0.00409968 0.000862813 0.000514553 -0.00436362 -0.00621126 -0.00167471
internal_weight=249382 170588 15703 154885 50206 78794 77286 6676 104679 67797 28679 39118 10652 7235 21444 20677 28466 27894 11632 10950 9036 6656 15046 4503 43530 9262 96190 9489 7412 7036
internal_count=249382 170588 15703 154885 50206 78794 77286 6676 104679 67797 28679 39118 10652 7235 21444 20677 28466 27894 11632 10950 9036 6656 15046 4503 43530 9262 96190 9489 7412 7036
cat_boundaries=0 1
cat_threshold=2
is_linear=0
shrinkage=0.05


Tree=78
num_leaves=31
num_cat=5
split_feature=0 4 12 10 11 9 10 11 9 13 13 4 7 9 13 10 4 10 9 0 3 9 9 7 11 0 11 4 13 0
split_gain=77.5019 71.7121 61.0526 57.8843 100.026 62.624 62.268 53.3352 55.4565 51.3625 60.6549 93.2716 86.1773 77.5361 57.2469 53.4186 48.8079 45.092 43.8649 46.0029 43.6433 58.6524 82.9392 43.5507 43.0459 46.1004 42.3373 55.5079 102.108 71.2935
threshold=18.500000000000004 0 -1.0000000180025095e-35 14.360000000000001 138.07000000000002 -80.34999999999998 16.605000000000004 103.98000000000002 -82.049999999999983 1992.5000000000002 1996.5000000000002 1 14.500000000000002 -82.449999999999989 1998.5000000000002 11.010000000000002 2 120.88500000000002 -80.34999999999998 59.500000000000007 3 -80.84999999999998 -87.149999999999991 14.500000000000002 118.75000000000001 42.500000000000007 132.69000000000003 4 2023.5000000000002 45.500000000000007
decision_type=2 9 8 10 10 2 10 10 2 2 2 9 2 2 2 10 9 10 2 2 9 2 2 2 8 2 10 9 2 2
left_child=17 24 -3 4 7 26 -7 9 -9 -4 13 18 15 -11 -14 -13 -8 -1 -12 -20 21 22 -16 -6 -2 -26 27 28 -5 -30
right_child=1 2 3 5 23 6 16 8 -10 10 11 12 14 -15 20 -17 -18 -19 19 -21 -22 -23 -24 -25 25 -27 -28 -29 29 -31
leaf_value=-0.0021984015203782461 -0.0077474753546121992 -0.0074119764079165762 -0.0079341696792409877 0.025912419264726563 0.03097973956845386 0.012282707011562489 0.007579003718309974 -0.016643345625995922 -0.001648253027290947 0.0081052474020387958 0.00021380013656484566 0.0050703429712923853 -0.024785355108523668 -0.010119078588563825 0.0054581084104960986 -0.021847154383954993 -0.0080858587580990623 -0.020005725393278741 0.016958662388593428 -0.0049532992580545894 -0.01313925524665125 0.0021635562272193988 -0.011824930524853361 0.0078840870659616872 -0.0076635717502979263 0.0040863086830539965 -0.0046017843300483639 0.0022037643259897877 -0.01137701581631765 0.0076874668978837773
leaf_weight=47170 4125 4197 5517 2434 394 1426 1479 2254 4814 8307 2842 7962 1424 1721 1209 512 8734 1162 3224 547 3271 7781 5821 545 1279 1624 3003 110736 1484 2384
leaf_count=47170 4125 4197 5517 2434 394 1426 1479 2254 4814 8307 2842 7962 1424 1721 1209 512 8734 1162 3224 547 3271 7781 5821 545 1279 1624 3003 110736 1484 2384
internal_value=0.000223343 0.000655526 0.000835386 0.000967419 -0.000346488 0.00154757 -0.00195296 -0.000613465 -0.00467646 -3.98819e-05 0.000523179 -0.000469612 -0.00173214 0.00394501 -0.00356118 0.00247525 -0.00332094 -0.0015742 0.00486205 0.00839725 -0.00279682 -0.00163509 -0.00494318 0.0157534 -0.00429909 0.000360453 0.00188711 0.00203763 0.00659601 0.00154719
internal_weight=249382 201050 194022 189825 58145 131680 11639 57206 7068 50138 44621 34593 27980 10028 19506 8474 10213 48332 6613 3771 18082 14811 7030 939 7028 2903 120041 117038 6302 3868
internal_count=249382 201050 194022 189825 58145 131680 11639 57206 7068 50138 44621 34593 27980 10028 19506 8474 10213 48332 6613 3771 18082 14811 7030 939 7028 2903 120041 117038 6302 3868
cat_boundaries=0 1 2 3 4 5
cat_threshold=80 140 168 6 32
is_linear=0
shrinkage=0.05


Tree=79
num_leaves=31
num_cat=2
split_feature=2 3 3 7 13 11 10 10 9 10 9 10 9 11 9 11 10 13 12 10 10 8 11 10 11 11 9 7 11 11
split_gain=68.9121 69.4582 68.3547 74.1225 50.534 77.447 60.2854 58.5412 49.4249 45.3 44.9725 44.4219 44.2321 55.3157 42.4249 41.2772 63.6577 37.8222 35.2501 38.4664 43.941 38.9018 35.141 40.6528 34.8312 65.2619 56.5189 34.2978 33.8329 54.6759
threshold=1.0000000180025095e-35 0 1 18.500000000000004 1992.5000000000002 36.250000000000007 14.360000000000001 127.87500000000001 -82.649999999999991 4.04 -85.34999999999998 80.88000000000001 -86.649999999999991 80.870000000000019 -82.449999999999989 138.07000000000002 21.125000000000004 2013.5000000000002 2.5000000000000004 15.290000000000001 45.990000000000002 25.550000000000004 85.680000000000021 78.52500000000002 85.680000000000021 97.185000000000016 -86.84999999999998 8.5000000000000018 132.69000000000003 121.55000000000003
decision_type=2 9 9 2 2 10 8 10 2 10 2 10 2 8 2 10 10 2 10 8 8 2 8 8 10 10 2 2 10 10
left_child=2 15 4 11 5 14 9 12 -7 -6 22 -4 13 -8 -1 18 -17 -5 19 -2 21 -21 -3 -24 26 -26 -23 -11 29 -14
right_child=1 10 3 17 6 8 7 -9 -10 27 -12 -13 28 -15 -16 16 -18 -19 -20 20 -22 24 23 -25 25 -27 -28 -29 -30 -31
leaf_value=-0.021897318812108591 -0.0094295250784667498 -0.012233283752509561 0.001210539320098203 -0.0077333278025481181 0.013179750379454137 -0.0043434683746309769 -0.010379738402753524 -0.0040398840812897246 0.0058711425363852324 0.016220493389698821 -8.3260194598366866e-05 -0.0097851776540858193 0.0017313118250928295 0.012451689216181805 -0.0050956555025877042 0.040953836008544103 -0.021216276312128281 0.0033574576663743198 -0.030204577443353697 -0.0096851142610435495 -0.0046756647946367023 -0.026724610444795086 0.022662748161662361 -0.00069001915497457489 0.025036555237689929 0.0015209681461093361 0.0026105336692253457 -0.0047395704801189709 -0.0046200591208302557 0.0058444012711889931
leaf_weight=1834 5375 374 34609 13519 1010 4942 669 5088 5851 260 4847 3254 101178 3692 2569 411 216 2480 506 1140 18729 723 1675 567 1700 6054 1300 8519 2487 13804
leaf_count=1834 5375 374 34609 13519 1010 4942 669 5088 5851 260 4847 3254 101178 3692 2569 411 216 2480 506 1140 18729 723 1675 567 1700 6054 1300 8519 2487 13804
internal_value=0.00021773 -0.00158732 0.000600413 -0.00092981 0.00114301 -0.00159148 0.00144715 0.00173878 0.000689623 -0.00233187 0.00279968 0.000275922 0.00195831 0.00689774 -0.00717199 -0.0024935 0.0101256 -0.00378225 -0.0027197 -0.00252776 -0.00182088 0.000700101 0.00807312 0.0104352 0.00172167 0.00324575 -0.00410723 -0.00348731 0.00177436 0.00189926
internal_weight=249382 43617 205765 53862 151903 15196 136707 126918 10793 9789 7463 37863 121830 4361 4403 36154 627 15999 35527 35021 29646 10917 2616 2242 9777 7754 2023 8779 117469 114982
internal_count=249382 43617 205765 53862 151903 15196 136707 126918 10793 9789 7463 37863 121830 4361 4403 36154 627 15999 35527 35021 29646 10917 2616 2242 9777 7754 2023 8779 117469 114982
cat_boundaries=0 1 2
cat_threshold=12 20
is_linear=0
shrinkage=0.05


Tree=80
num_leaves=31
num_cat=6
split_feature=0 4 11 3 2 4 0 4 3 4 9 2 13 9 13 0 13 7 10 11 0 10 13 0 13 0 13 7 9 13
split_gain=85.6211 59.7066 49.2846 47.2361 46.6412 60.5574 67.9427 51.2519 48.0953 72.6121 45.5727 40.6638 55.2993 43.6734 44.3094 39.9973 67.9251 39.9932 45.7415 49.6817 41.5672 67.632 41.5905 39.6403 39.2868 38.2976 38.19 50.6558 47.0552 50.2233
threshold=17.500000000000004 0 118.75000000000001 1 1.0000000180025095e-35 2 52.500000000000007 3 4 5 -82.549999999999983 1.0000000180025095e-35 2002.5000000000002 -80.449999999999989 1995.5000000000002 45.500000000000007 2023.5000000000002 18.500000000000004 80.725000000000009 94.585000000000022 53.500000000000007 46.535000000000004 2004.5000000000002 70.500000000000014 2013.5000000000002 42.500000000000007 1999.5000000000002 22.500000000000004 -82.549999999999983 1992.5000000000002
decision_type=2 9 8 9 2 9 2 9 9 9 2 2 2 2 2 2 2 2 10 8 2 10 2 2 2 2 2 2 2 2
left_child=11 2 -2 -3 5 6 15 -6 23 -10 -8 -1 13 14 -13 16 -5 18 19 20 21 22 -11 26 -19 -4 28 -28 29 -7
right_child=1 3 25 4 7 8 10 -9 9 17 -12 12 -14 -15 -16 -17 -18 24 -20 -21 -22 -23 -24 -25 -26 -27 27 -29 -30 -31
leaf_value=-0.0015046361589738932 -0.0076685626249865637 0.0059139713033532276 -0.0062210596417442872 0.017341486046926136 0.015260508254050453 -0.0031434966311843396 0.011374994865429811 -0.0025517447449871613 0.010202609669977748 -0.0033710137532937169 -0.010688626567293991 -0.012390714673069115 -0.0025191483657173389 0.012618104139614018 -0.030584484078300146 0.014147669623309423 -0.022161496393833382 -0.0087096224647078557 -0.011503121814682516 -0.0026726969818074322 -0.0089829466063423343 0.013719105940535404 0.010559658191183631 -0.0023787631672622213 0.0041159676956875838 0.0040464208786861631 0.0019866501583897466 0.01343153542403739 -0.0036141703981833473 0.0057335564448970817
leaf_weight=32922 4183 10516 1317 1450 1106 5140 482 25937 3397 3475 881 2088 7477 404 1226 1611 526 8907 2509 11788 1029 2374 2906 6803 1907 1597 80903 2582 12393 9656
leaf_count=32922 4183 10516 1317 1450 1106 5140 482 25937 3397 3475 881 2088 7477 404 1226 1611 526 8907 2509 11788 1029 2374 2906 6803 1907 1597 80903 2582 12393 9656
internal_value=0.000213626 0.000642939 -0.00385696 0.000804345 0.000621465 0.000944758 0.00637827 -0.0012993 0.000771235 -0.000767384 -0.00309541 -0.00178462 -0.00438643 -0.00936159 -0.0112515 0.00999444 0.0051863 -0.0014478 -0.000313395 0.000430915 0.0030631 0.0041814 0.00149429 0.0012728 -0.00397265 0.00112859 0.00150067 0.00203066 -0.000126843 0.00177631
internal_weight=249492 205375 7097 198278 187762 160719 4950 27043 155769 38292 1363 44117 11195 3718 3314 3587 1976 34895 24081 21572 9784 8755 6381 117477 10814 2914 110674 83485 27189 14796
internal_count=249492 205375 7097 198278 187762 160719 4950 27043 155769 38292 1363 44117 11195 3718 3314 3587 1976 34895 24081 21572 9784 8755 6381 117477 10814 2914 110674 83485 27189 14796
cat_boundaries=0 1 2 3 4 5 6
cat_threshold=80 16 32 8 4 128
is_linear=0
shrinkage=0.05


Tree=81
num_leaves=31
num_cat=2
split_feature=0 12 3 10 8 11 9 11 10 11 10 7 11 10 11 9 7 0 10 10 10 0 8 9 0 11 0 12 9 3
split_gain=77.2306 44.3436 41.9937 39.3577 37.9744 55.3987 35.6981 35.0507 53.1884 34.109 81.0336 63.6683 63.4897 56.1977 50.5505 76.8698 57.1822 68.5268 53.1409 43.8942 69.2254 37.3815 35.4747 32.119 31.9851 31.6312 36.0603 30.3934 32.7674 29.9196
threshold=18.500000000000004 -1.0000000180025095e-35 0 105.16000000000001 25.250000000000004 106.99500000000002 -87.249999999999986 67.445000000000007 6.9200000000000008 138.07000000000002 18.765000000000004 14.500000000000002 132.69000000000003 14.360000000000001 121.55000000000003 -82.249999999999986 12.500000000000002 42.500000000000007 16.605000000000004 21.375000000000004 30.025000000000002 41.500000000000007 24.650000000000002 -80.149999999999991 26.500000000000004 126.38500000000001 42.500000000000007 1.5000000000000002 -86.449999999999989 1
decision_type=2 8 9 10 2 8 2 10 10 10 10 2 10 8 10 2 2 2 8 10 10 2 2 2 2 10 2 10 2 9
left_child=3 -2 -3 4 5 -1 -4 23 -9 12 11 -11 13 22 18 21 25 24 -15 -19 -21 -16 -8 27 -18 26 -17 -6 -29 -20
right_child=1 2 6 -5 7 -7 9 8 -10 10 -12 -13 -14 14 15 16 17 19 29 20 -22 -23 -24 -25 -26 -27 -28 28 -30 -31
leaf_value=-0.022954737307257923 -0.0063677662081057743 0.0053990715211600822 0.0076853055998792113 -0.011526531240031314 -0.0037577932819586658 0.0025056721740305044 -0.027948634590308431 -0.013683338267728697 0.0017037847158928978 0.02768963168092884 -0.024678923356323958 0.0068363756044828696 -0.0073813417795619788 0.017680386204772438 0.0014497285110250504 0.018741470210325861 0.01674165723987402 0.0045496189464107493 0.00084827256351047717 0.020298072948316162 0.0080388218370329948 -0.020227327226497227 -0.002488908937096124 0.014967543298510355 0.00077813467181138136 -0.0053306392363880132 -0.001711689804993899 -0.043302665277326825 -0.0071887381091283236 -0.0015642511801810866
leaf_weight=1009 4390 10587 3402 3198 17734 823 569 1210 21957 578 459 1330 2645 1874 328 471 2376 1744 114378 1426 1202 456 12395 1114 4734 2395 528 461 1016 32703
leaf_count=1009 4390 10587 3402 3198 17734 823 569 1210 21957 578 459 1330 2645 1874 328 471 2376 1744 114378 1426 1202 456 12395 1114 4734 2395 528 461 1016 32703
internal_value=0.000191181 0.000623445 0.000734524 -0.00159895 -0.00121984 -0.0082519 0.000559907 -0.000921797 0.000407732 0.000465222 0.00641565 0.0109489 0.000386719 0.000501439 0.000751101 0.00345246 0.00425904 0.00594326 0.000466888 0.0108626 0.0149356 -0.0117128 -0.00266687 -0.00243669 0.0029073 -0.00143948 0.00599604 -0.00291608 -0.0097848 0.000359981
internal_weight=249492 200970 196580 48522 45324 1832 185993 43492 23167 182591 2367 1908 180224 177579 164615 15660 14876 11482 148955 4372 2628 784 12964 20325 7110 3394 999 19211 1477 147081
internal_count=249492 200970 196580 48522 45324 1832 185993 43492 23167 182591 2367 1908 180224 177579 164615 15660 14876 11482 148955 4372 2628 784 12964 20325 7110 3394 999 19211 1477 147081
cat_boundaries=0 1 2
cat_threshold=16 4
is_linear=0
shrinkage=0.05


Tree=82
num_leaves=31
num_cat=4
split_feature=4 0 4 3 2 0 13 0 0 8 13 8 7 11 11 8 8 13 0 13 0 11 3 8 11 8 7 0 11 7
split_gain=75.1081 69.5589 56.4897 52.0671 43.8152 41.2399 67.9298 60.0108 58.3475 85.3262 46.9438 49.561 40.1037 55.1141 69.2268 47.0763 103.906 64.2832 39.3685 41.9632 38.2385 37.9412 36.2776 36.1202 45.9173 33.8498 33.2553 38.1267 42.3923 33.1366
threshold=0 17.500000000000004 1 2 1.0000000180025095e-35 49.500000000000007 2019.5000000000002 30.500000000000004 24.500000000000004 29.750000000000004 2021.5000000000002 29.050000000000004 14.500000000000002 90.160000000000011 138.07000000000002 25.950000000000003 26.350000000000005 1999.5000000000002 55.500000000000007 2021.5000000000002 71.500000000000014 118.75000000000001 3 25.250000000000004 107.64000000000001 27.950000000000003 20.500000000000004 28.500000000000004 98.750000000000014 15.500000000000002
decision_type=9 2 9 9 2 2 2 2 2 2 2 2 2 8 10 2 2 2 2 2 2 8 9 2 10 2 2 2 8 2
left_child=-1 23 21 12 20 6 8 25 -6 -10 -7 -12 13 -4 22 17 -17 -14 19 -18 -5 -3 -15 24 -2 -8 27 -11 -29 -19
right_child=1 2 3 4 5 10 7 -9 9 26 11 -13 15 14 -16 16 18 29 -20 -21 -22 -23 -24 -25 -26 -27 -28 28 -30 -31
leaf_value=0.00479495783439381 -0.023050783930813303 -0.007285400318688762 0.0098095272757316998 0.0017720667075884046 -0.0074424141452515084 -0.0015409044713806887 0.00261193087339473 -0.013713663420297407 -0.0010474154921893408 0.0094925480338081247 0.01761584011775863 -0.011444655545587335 -0.0059329564124239731 0.0020311115228743406 0.02554473319290116 -0.015522670896113545 -0.0025058512721345405 -0.013166178306038612 -0.012700450734545045 0.0084442455168254327 -0.0026328085522720813 0.00046324316366490596 -0.014750223765748416 -0.002538814248397392 0.0010514494115051677 -0.0105179473952707 -0.0029961872158120965 0.04119194000987339 0.019745698704684678 0.01648659404035855
leaf_weight=24321 866 4183 3645 111535 3829 2517 2367 4752 5705 700 1645 276 2519 2285 307 4104 13170 326 1880 1757 5567 2914 2499 39622 671 799 424 666 637 3004
leaf_count=24321 866 4183 3645 111535 3829 2517 2367 4752 5705 700 1645 276 2519 2285 307 4104 13170 326 1880 1757 5567 2914 2499 39622 671 799 424 666 637 3004
internal_value=0.000169538 -0.00011568 0.000299964 0.000475598 0.000905337 -0.00102561 -0.00199859 -0.00558779 0.000380085 0.00277573 0.00332734 0.00919213 -0.00123606 0.00170364 -0.00165654 -0.00219649 -0.00330529 0.00176651 -0.00156092 -0.000699605 0.00130644 -0.00406773 -0.00314977 -0.00197357 -0.00946994 -0.000251889 0.0106073 0.0132886 0.0183168 0.00631737
internal_weight=249492 225171 184012 176915 141419 24317 19879 7918 11961 8132 4438 1921 35496 8736 5091 26760 20911 5849 16807 14927 117102 7097 4784 41159 1537 3166 2427 2003 1303 3330
internal_count=249492 225171 184012 176915 141419 24317 19879 7918 11961 8132 4438 1921 35496 8736 5091 26760 20911 5849 16807 14927 117102 7097 4784 41159 1537 3166 2427 2003 1303 3330
cat_boundaries=0 1 2 3 4
cat_threshold=160 80 10 8
is_linear=0
shrinkage=0.05


Tree=83
num_leaves=31
num_cat=3
split_feature=2 3 13 13 10 11 3 10 11 9 13 10 10 11 11 11 13 9 8 10 3 13 8 13 8 11 13 10 10 9
split_gain=56.7843 55.56 46.6779 85.7345 46.7326 63.8113 59.9946 61.3708 61.4719 50.5963 47.0871 43.2499 42.2272 66.5592 76.5405 37.1354 35.8071 35.4175 93.9955 52.674 52.3073 46.2308 44.3508 81.4862 84.1766 73.5486 67.5913 59.3855 37.7713 37.2527
threshold=1.0000000180025095e-35 0 2003.5000000000002 2001.5000000000002 14.360000000000001 138.07000000000002 1 45.990000000000002 118.75000000000001 -87.049999999999983 2023.5000000000002 15.290000000000001 45.250000000000007 90.160000000000011 97.185000000000016 92.160000000000011 2015.5000000000002 -81.749999999999986 27.450000000000003 48.525000000000013 2 1999.5000000000002 27.750000000000004 1996.5000000000002 28.250000000000004 60.415000000000006 1992.5000000000002 96.385000000000019 7.0600000000000014 -86.049999999999983
decision_type=2 9 2 2 8 10 9 8 10 2 2 10 10 10 10 8 2 2 2 10 9 2 2 2 2 8 2 10 8 2
left_child=2 11 3 17 5 -4 9 -8 -9 -6 -11 -2 13 -13 -15 -12 -16 22 19 20 21 -19 25 26 -25 -1 27 -24 -22 -28
right_child=1 -3 4 -5 6 -7 7 8 -10 10 15 12 -14 14 16 -17 -18 18 -20 -21 28 -23 23 24 -26 -27 29 -29 -30 -31
leaf_value=0.004594291101125858 -0.0080915044174151522 0.0030951860824439239 -0.0032560531225920286 -0.02148175926695748 0.0062013888700468206 0.017632755221956044 0.0050173399904183576 0.0015817959055433484 -0.0024494433526903061 -0.0063698763367560311 0.01548437680473116 -0.0093866321352815696 -0.0044112770625357014 0.029154971043491962 -0.01090291619826802 -0.012073174934321251 0.0045216871339516023 0.0031719755658071503 -0.020579230032312879 -0.014082524902881088 0.010973417160123056 0.024347871246266497 -0.0039413830225098149 -0.036670008562167934 -0.00090553235040333755 -0.011375995294839437 -0.00013170702933633651 0.013828409239753193 -0.0021235805031248225 0.0083104521130526361
leaf_weight=3906 8685 9158 10476 1311 2470 416 32369 67349 6819 12062 1328 2889 14762 1096 1098 627 5828 2976 2488 1638 536 1176 8209 897 2373 5010 3263 1855 23752 12670
leaf_count=3906 8685 9158 10476 1311 2470 416 32369 67349 6819 12062 1328 2889 14762 1096 1098 627 5828 2976 2488 1638 536 1176 8209 897 2373 5010 3263 1855 23752 12670
internal_value=0.000165931 -0.00147498 0.000512656 -0.00051339 0.00106477 -0.00207301 0.00134272 0.00177698 0.000984119 -0.00146302 -0.00262708 -0.00239688 -0.00136472 0.000993499 0.00333665 0.00455471 0.00138408 -0.000277703 -0.00148883 -0.000714571 -0.000210896 0.00496165 0.000755374 0.00169587 -0.00573171 -0.00233027 0.00263198 -0.00057574 -0.0010984 0.00465722
internal_weight=249492 43516 205976 72060 133916 10892 123024 106537 74168 16487 14017 34358 25673 10911 8022 1955 6926 70749 32566 30078 28440 4152 38183 29267 3270 8916 25997 10064 24288 15933
internal_count=249492 43516 205976 72060 133916 10892 123024 106537 74168 16487 14017 34358 25673 10911 8022 1955 6926 70749 32566 30078 28440 4152 38183 29267 3270 8916 25997 10064 24288 15933
cat_boundaries=0 1 2 3
cat_threshold=4 2 18
is_linear=0
shrinkage=0.05


Tree=84
num_leaves=31
num_cat=0
split_feature=0 8 0 8 0 0 10 13 10 0 10 8 2 0 7 10 8 10 10 10 8 10 10 0 13 7 13 7 10 7
split_gain=62.217 38.9497 85.3967 68.0178 61.4139 56.5074 92.7186 76.0459 65.8149 60.3513 60.1491 50.7267 48.6118 46.7224 50.5165 45.9275 59.9115 56.1565 44.5861 52.6796 42.1887 46.1605 41.1766 52.9285 60.1719 41.6317 40.3967 35.6472 56.6087 43.3997
threshold=18.500000000000004 28.850000000000005 53.500000000000007 28.150000000000002 53.500000000000007 49.500000000000007 98.000000000000014 2021.5000000000002 18.665000000000003 62.500000000000007 127.87500000000001 26.750000000000004 1.0000000180025095e-35 30.500000000000004 16.500000000000004 100.98500000000001 27.850000000000005 46.535000000000004 108.94500000000001 109.14500000000001 26.450000000000003 45.250000000000007 119.325 24.500000000000004 1997.5000000000002 21.500000000000004 2014.5000000000002 14.500000000000002 122.84500000000001 15.500000000000002
decision_type=2 2 2 2 2 2 10 2 8 2 10 2 2 2 2 8 2 10 10 10 2 10 8 2 2 2 2 2 8 2
left_child=-1 3 22 5 -5 6 -2 -7 11 10 15 -9 27 -8 -15 17 -17 20 -16 -20 -10 -22 23 24 -3 26 -24 -11 29 -29
right_child=1 2 -4 4 -6 7 13 8 9 12 -12 -13 -14 14 18 16 -18 -19 19 -21 21 -23 25 -25 -26 -27 -28 28 -30 -31
leaf_value=-0.0022525797694751492 0.00048127046221493333 0.013631353882800124 -0.0040689658359045035 -0.0014408404134605313 -0.0084057694631301423 -0.0027814188591402281 0.00096618376942441135 -0.00030883959965031241 0.014099453721477051 0.003779534276759389 -0.0036081531733928255 -0.031633761122022541 0.016464632995269925 -0.015333932898800074 -0.018441608508436149 0.0072527231706518876 0.0013942273894602232 -0.0031536612080720339 0.012989923504250545 -0.0042553400040257648 0.00040786904217782194 0.017539152734133978 0.0025066188303500161 0.0069558929822616912 -0.0060288823546268862 -0.024485505122088958 -0.020950778791959748 -0.0039126884462002747 -0.011905509457034835 0.0018469600441394008
leaf_weight=48522 83123 2127 6174 11743 2421 10669 2916 2030 1224 4953 1644 827 1005 4378 687 9847 3311 2461 471 1333 2567 292 6090 20911 4816 686 767 2992 1241 7264
leaf_count=48522 83123 2127 6174 11743 2421 10669 2916 2030 1224 4953 1644 827 1005 4378 687 9847 3311 2461 471 1333 2567 292 6090 20911 4816 686 767 2992 1241 7264
internal_value=0.000162323 0.000550304 0.00191313 0.000194782 -0.00311133 0.000517402 -0.000222777 0.0018314 0.00279591 0.00333539 0.005118 -0.00451692 0.00115374 -0.00482389 -0.00707225 0.00588474 0.00758657 0.00245652 -0.00137945 0.00275634 0.00604691 0.00270129 0.0028596 0.00374677 -3.59557e-05 -0.000417053 0.000764526 0.000498177 -0.00102981 0.000194818
internal_weight=249492 200970 41571 159399 14164 145235 92908 52327 41658 38801 21346 2857 17455 9785 6869 19702 13158 6544 2491 1804 4083 2859 35397 27854 6943 7543 6857 16450 11497 10256
internal_count=249492 200970 41571 159399 14164 145235 92908 52327 41658 38801 21346 2857 17455 9785 6869 19702 13158 6544 2491 1804 4083 2859 35397 27854 6943 7543 6857 16450 11497 10256
is_linear=0
shrinkage=0.05


Tree=85
num_leaves=31
num_cat=3
split_feature=9 9 10 0 13 10 10 3 0 10 10 7 9 6 0 13 7 9 3 9 10 10 10 9 13 13 7 13 3 10
split_gain=45.1896 62.2188 68.9549 68.8044 64.7515 52.8795 95.2376 56.5578 71.5136 46.4124 45.8743 48.9588 47.4262 76.1085 48.9859 112.256 110.008 113.005 54.6378 54.3195 108.503 60.7597 92.791 53.6324 109.539 96.5546 87.4575 57.184 56.9149 49.8792
threshold=-81.749999999999986 -81.149999999999991 81.960000000000022 27.500000000000004 1999.5000000000002 17.925000000000004 19.450000000000006 0 19.500000000000004 48.525000000000013 20.955000000000002 12.500000000000002 -82.149999999999991 4.5000000000000009 49.500000000000007 2017.5000000000002 16.500000000000004 -82.749999999999986 1 -82.749999999999986 105.69500000000001 107.355 87.375000000000014 -86.949999999999989 2003.5000000000002 1996.5000000000002 17.500000000000004 1992.5000000000002 2 96.385000000000019
decision_type=2 2 8 2 2 8 8 9 2 10 8 2 2 2 2 2 2 2 9 2 8 10 10 2 2 2 2 2 9 10
left_child=5 2 3 -2 9 7 -7 8 -1 -3 11 -8 13 14 15 23 18 -18 -17 20 -16 22 -21 24 -12 27 -27 29 -26 -25
right_child=1 4 -4 -5 -6 6 10 -9 -10 -11 12 -13 -14 -15 19 16 17 -19 -20 21 -22 -23 -24 25 28 26 -28 -29 -30 -31
leaf_value=-0.019256789045410061 -0.0098425526297383666 -0.0023051667379623275 -0.012615578184145894 0.0013338952479177381 0.0016341746983556506 0.011554820498336138 -0.027329484458835651 0.0045849351374537498 -0.0018782503966185971 -0.015160333239981005 -0.012158784491536246 0.010558195916347657 0.0038617820075813828 -0.019781920277512646 0.0056251306970757755 -0.0096295820614790816 -0.010604404616933084 0.0069691829130865031 0.018881235199858404 0.001759370626371215 -0.0076375265665219244 0.0019658373346001846 -0.0064948017330988435 -0.0045366140822991506 -0.023737191363896671 -0.0026416512744509291 -0.020769945973467419 0.0054775293986775164 0.010639332329115625 0.0097242715936391999
leaf_weight=2682 5378 21457 5417 10204 45395 4411 571 4414 11635 1816 1983 231 29317 1024 7974 10081 2590 4345 650 5067 1630 17911 2949 9460 402 11853 2276 17064 6680 2676
leaf_count=2682 5378 21457 5417 10204 45395 4411 571 4414 11635 1816 1983 231 29317 1024 7974 10081 2590 4345 650 5067 1630 17911 2949 9460 402 11853 2276 17064 6680 2676
internal_value=0.000164093 -0.000734302 -0.00311533 -0.00142381 -5.82428e-06 0.000667976 0.000999256 -0.00182754 -0.00335147 -0.00214964 0.000765664 -0.0110837 0.000836386 0.000346542 0.000478689 -0.000288283 -0.00373388 0.00117351 -0.00690345 0.00199066 0.00520075 0.000800015 -0.00281585 0.000873979 0.00436915 0.000141905 -0.00324988 0.00178364 0.0072758 -0.000839783
internal_weight=249543 89667 20999 15582 68668 159876 141145 18731 14317 23273 136734 802 135932 106615 105591 70060 17666 6935 10731 35531 9604 25927 8016 52394 9065 43329 14129 29200 7082 12136
internal_count=249543 89667 20999 15582 68668 159876 141145 18731 14317 23273 136734 802 135932 106615 105591 70060 17666 6935 10731 35531 9604 25927 8016 52394 9065 43329 14129 29200 7082 12136
cat_boundaries=0 1 2 3
cat_threshold=4 20 8
is_linear=0
shrinkage=0.05


Tree=86
num_leaves=31
num_cat=5
split_feature=4 13 4 10 8 10 10 8 0 4 13 10 8 10 7 8 7 8 7 4 7 10 8 0 8 0 4 13 8 10
split_gain=67.2644 51.9115 63.8577 55.8987 51.6021 44.0921 50.6678 83.571 68.5169 69.8885 54.8667 52.4108 83.2917 100.36 110.247 100.822 83.1198 100.413 77.3249 70.8331 63.3914 56.4903 71.7253 62.9125 83.0561 53.0022 50.5713 40.333 39.9718 64.5587
threshold=0 2013.5000000000002 1 117.12500000000001 24.650000000000002 6.205000000000001 32.690000000000005 26.450000000000003 43.500000000000007 2 2021.5000000000002 101.04500000000002 27.450000000000003 120.88500000000002 17.500000000000004 30.350000000000005 14.500000000000002 26.050000000000004 16.500000000000004 3 14.500000000000002 58.940000000000005 29.550000000000004 59.500000000000007 28.950000000000003 50.500000000000007 4 2014.5000000000002 29.950000000000003 24.535
decision_type=9 2 9 10 2 8 8 2 2 9 2 8 2 8 2 2 2 2 2 9 2 10 2 2 2 2 9 2 2 10
left_child=-1 28 3 -3 -4 -6 7 8 -7 10 -10 18 16 14 20 -15 17 19 21 -13 25 22 23 24 -8 -14 -22 -17 -2 -30
right_child=1 2 4 -5 5 6 11 -9 9 -11 -12 12 13 15 -16 27 -18 -19 -20 -21 26 -23 -24 -25 -26 -27 -28 -29 29 -31
leaf_value=-0.0053673548355570588 -0.0014243738074114277 0.010861769664597443 -0.01725792659616179 -0.0039333250401162095 -0.01756116168848303 0.0052217302371252664 -0.0013926953873096616 0.0014305710368224924 0.010015189584686191 -0.0047446007470547174 0.020120463218524787 0.013734366932004161 -0.021917310881335528 -0.0094744699399522247 -0.01337158966601857 0.00979239792396518 -0.0033606325401888352 0.010035853862991086 0.0021189288182097421 -0.016673030492610243 0.0028675206723379532 -0.0062867251869864306 -0.024341134657225805 -0.0075630724088586732 0.0090440576834757824 -5.4615172772187749e-05 -0.0066682118901427506 -0.018482881831958897 -0.0027833828039171673 0.0055368829150596712
leaf_weight=3691 95940 8674 844 1771 1034 3850 7555 21780 1148 412 933 575 793 5462 911 1502 3154 8004 15347 1195 19058 10501 837 2144 2895 1594 1071 374 9519 16975
leaf_count=3691 95940 8674 844 1771 1034 3850 7555 21780 1148 412 933 575 793 5462 911 1502 3154 8004 15347 1195 19058 10501 837 2144 2895 1594 1071 374 9519 16975
internal_value=0.000173711 0.000274533 0.000998153 0.00473483 0.00065181 0.000745057 0.000841096 0.00267479 0.00772076 0.014163 0.0178248 0.000219325 0.00141066 -4.87409e-06 0.00159363 -0.00510343 0.00477663 0.00705233 -0.00110591 -0.00370787 0.00228625 -0.00288196 -0.000732832 0.000214218 0.00181644 -0.00540259 0.00320026 0.00487805 -0.000454902 0.00126396
internal_weight=249543 245852 123418 10445 112973 112129 111095 28123 6343 2493 2081 82972 43693 30765 23427 7338 12928 9774 39279 1770 22516 23932 13431 12594 10450 2387 20129 1876 122434 26494
internal_count=249543 245852 123418 10445 112973 112129 111095 28123 6343 2493 2081 82972 43693 30765 23427 7338 12928 9774 39279 1770 22516 23932 13431 12594 10450 2387 20129 1876 122434 26494
cat_boundaries=0 1 2 3 4 5
cat_threshold=64 40 6 132 130
is_linear=0
shrinkage=0.05


Tree=87
num_leaves=31
num_cat=2
split_feature=4 13 11 4 10 11 13 10 10 0 0 10 11 0 9 0 11 7 13 11 9 7 10 0 10 10 9 11 7 9
split_gain=63.3947 47.4265 56.9602 59.8155 52.6808 51.3645 39.9343 47.8802 39.0714 38.1821 37.6762 67.3883 37.5797 37.4827 41.9234 39.7519 69.2226 81.981 55.427 48.3911 54.4327 42.9033 38.9842 43.6991 40.8545 37.0712 103.227 86.5242 70.5207 65.0598
threshold=0 2013.5000000000002 45.395000000000003 1 117.12500000000001 132.69000000000003 2023.5000000000002 108.59500000000001 6.205000000000001 45.500000000000007 46.500000000000007 33.400000000000006 49.585000000000008 43.500000000000007 -85.34999999999998 25.500000000000004 101.25000000000001 19.500000000000004 1991.5000000000002 77.085000000000022 -80.249999999999986 17.500000000000004 21.740000000000006 31.500000000000004 70.125000000000014 32.690000000000005 -84.34999999999998 138.07000000000002 14.500000000000002 -82.249999999999986
decision_type=9 2 8 9 10 10 2 10 8 2 2 8 8 2 2 2 10 2 2 10 2 2 10 2 10 10 2 10 2 2
left_child=-1 13 -3 4 5 6 -4 10 -5 -6 -8 -12 -10 15 -15 16 -2 -18 -17 -20 21 22 -21 24 -24 27 -27 29 -29 -14
right_child=1 2 3 8 9 -7 7 -9 12 -11 11 -13 25 14 -16 18 17 -19 19 20 -22 -23 23 -25 -26 26 -28 28 -30 -31
leaf_value=-0.005098987093779251 -0.000667659927886799 -0.017939780916509208 0.017294671305732569 -0.016683103604058846 -0.026615498552968121 -0.0064669191430143163 -0.0053936369780133832 0.017175514582315188 0.014041045736277714 0.0018441346974803709 -0.039441027337126802 0.012720369288565748 -0.0030602828310192899 0.010626001747725234 -0.0056286087347742434 -0.0034432056654662094 -0.016116213005132041 0.0033521840800939452 0.00069407310101583526 -0.0047307553526566796 -0.0034319739075137526 0.017574038929100724 0.010500056214771458 0.013510782931779498 -0.0060075660058187992 -0.02080494877502095 0.00024095540606103861 0.02598819834914954 -0.011786697398828806 0.0032694398127015136
leaf_weight=3691 55546 877 4613 1032 528 564 1464 489 1545 1219 262 1212 9980 1030 12439 10993 3884 2031 23403 1489 1852 2484 2172 3468 1643 1474 66204 947 284 30724
leaf_count=3691 55546 877 4613 1032 528 564 1464 489 1545 1219 262 1212 9980 1030 12439 10993 3884 2031 23403 1489 1852 2484 2172 3468 1643 1474 66204 947 284 30724
internal_value=0.000167299 0.000265179 0.000956833 0.00104814 0.00468132 0.00629208 0.00731677 0.00321501 0.000712058 -0.00321571 0.00078019 0.00640162 0.000802389 -0.000432034 -0.00291936 -0.00012434 -0.000963869 -0.00610127 0.000961822 0.00189891 0.00432993 0.00563643 0.00398542 0.00549157 0.00179085 0.000692829 -3.10247e-05 0.00186077 0.014867 0.00146387
internal_weight=249543 245852 123418 122541 10351 8604 8040 3427 112190 1747 2938 1474 111158 122434 13469 108965 61461 5915 47504 36511 13108 11256 8772 7283 3815 109613 67678 41935 1231 40704
internal_count=249543 245852 123418 122541 10351 8604 8040 3427 112190 1747 2938 1474 111158 122434 13469 108965 61461 5915 47504 36511 13108 11256 8772 7283 3815 109613 67678 41935 1231 40704
cat_boundaries=0 1 2
cat_threshold=64 40
is_linear=0
shrinkage=0.05


Tree=88
num_leaves=31
num_cat=6
split_feature=4 9 4 3 11 9 2 0 8 0 13 11 11 11 4 8 0 11 11 4 0 13 8 4 8 11 9 0 0 13
split_gain=59.6699 47.3424 114.878 51.8204 53.2845 60.3747 50.9453 59.1563 55.6492 78.6233 65.0096 64.4618 59.6697 49.6223 46.9296 46.5393 96.0524 61.9062 81.6875 58.2033 57.9011 56.6551 47.0133 84.4175 45.9401 44.9964 53.9355 49.8822 44.6937 43.2546
threshold=0 -81.749999999999986 1 2 138.07000000000002 -85.249999999999986 1.0000000180025095e-35 67.500000000000014 26.550000000000004 53.500000000000007 2004.5000000000002 128.30500000000004 136.12000000000003 46.835000000000008 3 27.750000000000004 49.500000000000007 117.08500000000002 105.28000000000002 4 45.500000000000007 2023.5000000000002 27.450000000000003 5 26.750000000000004 49.585000000000008 -81.34999999999998 96.500000000000014 49.500000000000007 2022.5000000000002
decision_type=9 2 9 9 10 2 2 2 2 2 2 10 10 8 9 2 2 10 8 9 2 2 2 9 2 8 2 2 2 2
left_child=-1 3 13 28 6 -6 8 14 9 10 -5 15 -12 -3 -8 16 29 18 -18 20 -17 -20 23 -23 -19 -15 -27 -28 -2 -10
right_child=1 2 -4 4 5 -7 7 -9 11 -11 12 -13 -14 25 -16 19 17 24 21 -21 -22 22 -24 -25 -26 26 27 -29 -30 -31
leaf_value=-0.0048440377390902793 0.0035275716707755312 -0.011195248466863551 0.0049712150281111533 -0.0048955620482168177 0.018422530066491128 -0.024519916273266107 0.0058161538949636164 0.013251762694018999 -0.0036467653442745275 -0.0033418897958669815 0.0099922634088168046 -0.013966640381136576 -0.0067010670207629632 0.011508264268377789 -0.0049207560491866704 -0.011857778841340851 -0.005054626456619183 -0.001019315531080256 -0.0207191566286173 0.001092727495834378 0.022716096356889093 0.011549006291333531 0.0019993621481684265 -0.00020856962068789288 -0.014222463401912489 -0.0064126121289164841 -0.001081752363269839 -0.023558202129277464 0.011780179494509558 -0.016296749280354784
leaf_weight=3691 14526 3402 15932 2313 1099 218 2991 1040 10065 3142 12807 1287 1016 1616 20308 271 3366 1538 390 66055 710 2805 3539 1253 608 10902 57105 324 2302 2922
leaf_count=3691 14526 3402 15932 2313 1099 218 2991 1040 10065 3142 12807 1287 1016 1616 20308 271 3366 1538 390 66055 710 2805 3539 1253 608 10902 57105 324 2302 2922
internal_value=0.000162491 0.000257451 -0.000661321 0.000781385 0.000465431 0.0104371 0.000369846 -0.00170644 0.000812905 0.00326109 0.00466989 0.00031481 0.00596761 -0.00149723 -0.00222875 0.000468289 -0.00130586 0.00164705 0.00311977 0.00116935 0.0131369 0.00587095 0.00682924 0.0104966 -0.00612245 -0.00121003 -0.00140545 -0.000793015 0.003401 -0.00437409
internal_weight=249543 245852 89281 156571 139743 1317 138426 24339 114087 19278 16136 94809 13823 73349 23299 93522 26486 13499 11353 67036 981 7987 7597 4058 2146 69947 68331 57429 16828 12987
internal_count=249543 245852 89281 156571 139743 1317 138426 24339 114087 19278 16136 94809 13823 73349 23299 93522 26486 13499 11353 67036 981 7987 7597 4058 2146 69947 68331 57429 16828 12987
cat_boundaries=0 1 2 3 4 5 6
cat_threshold=64 18 24 152 32 26
is_linear=0
shrinkage=0.05


Tree=89
num_leaves=31
num_cat=4
split_feature=4 0 4 3 11 7 10 10 11 11 10 7 13 0 4 8 0 11 10 10 11 11 8 0 13 10 11 10 7 6
split_gain=54.0291 41.1702 38.0699 37.5757 41.6043 89.7794 73.3987 61.5285 40.4801 40.4574 39.5952 64.1217 86.619 60.8637 46.0502 47.0196 51.0368 44.7308 50.0412 43.7967 40.7683 49.2153 39.8673 36.8609 35.9697 35.3233 68.0676 35.2039 34.4438 32.6121
threshold=0 6.5000000000000009 1 2 138.07000000000002 14.500000000000002 14.360000000000001 15.085000000000003 95.605000000000004 132.69000000000003 78.52500000000002 12.500000000000002 2003.5000000000002 52.500000000000007 3 24.650000000000002 30.500000000000004 52.615000000000002 83.035000000000011 77.700000000000003 54.675000000000004 75.640000000000015 30.050000000000004 21.500000000000004 1995.5000000000002 60.355000000000011 51.335000000000008 13.355000000000002 16.500000000000004 4.5000000000000009
decision_type=9 2 9 9 10 2 8 10 8 10 8 2 2 2 9 2 2 8 8 10 10 10 2 2 2 10 10 10 2 2
left_child=-1 2 -2 8 6 -6 27 -7 -3 10 11 -8 19 14 23 16 -16 22 24 -13 -15 -22 -12 -14 -19 -17 -27 -5 -28 -25
right_child=1 3 -4 4 5 7 9 -9 -10 -11 17 12 13 20 15 25 -18 18 -20 -21 21 -23 -24 29 -26 26 28 -29 -30 -31
leaf_value=-0.0046018358521357607 -0.0070439060065264243 -0.0021570851550631875 0.006405388892082798 -0.0026799804529421324 0.023367537724718182 0.0075071519049760838 -0.0027741660369154709 -0.030726558995195496 0.0069574501084110453 -0.0056824054704760485 -0.011615597256358213 -0.0025757443502576471 0.026321024022617226 0.009631648755399614 -0.0092636066185100684 0.0049920095951068617 0.01401595229709738 0.0092409258947295566 0.00033611115224667647 0.033885006084953331 -0.0088859387045634019 0.00029393370024184408 0.0039939010815825075 0.0094578243778664205 -0.013000921110934094 0.013735638710557564 -0.0034708285259525519 -0.015179873700656722 -0.024895216235023821 0.040768105710698513
leaf_weight=3691 9453 3584 1795 15342 888 2010 12007 663 9313 2709 4178 17617 347 1229 435 35418 2151 639 104399 392 2172 6823 1641 1753 2365 1375 2445 1645 839 225
leaf_count=3691 9453 3584 1795 15342 888 2010 12007 663 9313 2709 4178 17617 347 1229 435 35418 2151 639 104399 392 2172 6823 1641 1753 2365 1375 2445 1645 839 225
internal_value=0.000154075 0.000244436 -0.00270918 0.000386166 0.000233395 0.00558667 0.000145767 0.0009877 0.00300766 0.00041234 0.000495314 0.00130928 0.00186465 0.00284669 0.00363794 0.00326008 0.00978428 -0.000117458 0.000114046 -0.00114601 -0.000635138 -0.00180455 -0.00438326 0.0104691 -0.00623756 0.00283758 -0.00125294 -0.00300935 -0.0051609 0.00779678
internal_weight=249543 245852 11248 234604 221707 3561 218146 2673 12897 201159 198450 85228 73221 55212 44988 42663 2586 113222 107403 18009 10224 8995 5819 2325 3004 40077 4659 16987 3284 1978
internal_count=249543 245852 11248 234604 221707 3561 218146 2673 12897 201159 198450 85228 73221 55212 44988 42663 2586 113222 107403 18009 10224 8995 5819 2325 3004 40077 4659 16987 3284 1978
cat_boundaries=0 1 2 3 4
cat_threshold=64 18 16 32
is_linear=0
shrinkage=0.05


Tree=90
num_leaves=31
num_cat=4
split_feature=4 0 3 4 10 10 10 8 8 12 4 8 6 2 0 10 8 10 10 7 8 0 7 10 0 0 0 10 8 7
split_gain=61.4349 50.7456 54.9745 63.9345 46.0807 68.8553 43.5279 41.7892 37.2974 39.278 32.8794 31.4022 36.0638 31.4639 46.4372 30.9237 31.4808 30.7177 35.688 29.8778 29.6904 96.4665 52.0868 97.6358 42.9992 42.8955 39.2151 77.4692 55.2107 51.6331
threshold=0 20.500000000000004 1 2 30.295000000000005 23.905000000000005 124.43000000000002 27.450000000000003 25.250000000000004 1.5000000000000002 3 30.050000000000004 4.5000000000000009 1.0000000180025095e-35 70.500000000000014 4.04 30.150000000000002 117.12500000000001 108.94500000000001 14.500000000000002 27.950000000000003 46.500000000000007 16.500000000000004 101.42000000000002 62.500000000000007 30.500000000000004 50.500000000000007 25.785000000000004 26.750000000000004 18.500000000000004
decision_type=9 2 9 9 8 10 10 2 2 10 9 2 2 2 2 8 2 10 10 2 2 2 2 8 2 2 2 8 2 2
left_child=4 6 3 -3 5 -1 8 -8 -2 -10 -7 13 15 14 20 -13 -17 18 -6 -16 26 25 -23 -24 -25 -22 29 28 -28 -5
right_child=1 2 -4 11 17 10 7 -9 9 -11 -12 12 -14 -15 19 16 -18 -19 -20 -21 21 22 23 24 -26 -27 27 -29 -30 -31
leaf_value=0.0051771504953719294 -0.011128924208329938 -0.0048501498255762781 -0.0025100822103208743 3.755753441678778e-05 0.0029295996928437431 0.026992541166913055 0.0027756177698798016 -0.031092157354608397 -0.0011156599909779353 -0.01232065412996688 0.01896020692745122 0.020473504542016796 -0.034370695911649651 -0.0015847187937111152 0.0022191227106024059 0.017770507148243908 0.0039829078929387142 -0.0047941917343895749 0.018299144886186669 -0.005186137490075105 -0.0021444659119730148 -0.0059560545269291779 0.0031656988888466575 -0.0030688643697746269 -0.010871030464273535 0.0051137889333000347 -0.00033231818099093151 0.0036674118095792354 -0.027859216935985212 0.006792451262283894
leaf_weight=4150 2017 3205 33690 36417 15440 524 304 679 48611 2481 929 472 200 19554 1823 950 9884 2571 700 4499 4354 3522 3722 1758 776 8660 2865 24194 729 9833
leaf_count=4150 2017 3205 33690 36417 15440 524 304 679 48611 2481 929 472 200 19554 1823 950 9884 2571 700 4499 4354 3522 3722 1758 776 8660 2865 24194 729 9833
internal_value=0.000132453 -0.000125433 0.000296581 0.000740339 0.00251911 0.00649385 -0.0014602 -0.0118328 -0.00126603 -0.00100192 0.0158237 0.000907384 0.00340396 0.000673099 0.00102169 0.00378226 0.00322759 0.00132739 0.00213622 -0.00312697 0.00129285 -0.000285063 -0.00403555 -0.00129269 -0.00884434 0.00253378 0.00177858 0.00326282 -0.00357936 0.000886295
internal_weight=249513 225199 171107 137417 24314 5603 54092 983 53109 51092 1453 134212 11506 122706 103152 11306 10834 18711 16140 6322 96830 22792 9778 6256 2534 13014 74038 27788 3594 46250
internal_count=249513 225199 171107 137417 24314 5603 54092 983 53109 51092 1453 134212 11506 122706 103152 11306 10834 18711 16140 6322 96830 22792 9778 6256 2534 13014 74038 27788 3594 46250
cat_boundaries=0 1 2 3 4
cat_threshold=160 20 64 32
is_linear=0
shrinkage=0.05


Tree=91
num_leaves=31
num_cat=1
split_feature=0 12 8 0 8 0 9 11 13 0 9 9 6 7 8 7 9 3 8 8 11 13 9 9 11 8 8 8 8 13
split_gain=40.945 40.6804 31.8782 63.4238 53.6151 47.0846 46.3575 46.2396 40.7776 32.1869 89.0191 77.9073 103.19 75.1741 51.673 55.8955 67.067 54.0835 51.5927 56.8134 51.1766 47.7063 52.6308 42.4423 51.9906 55.0793 51.5621 83.5185 49.2304 40.0959
threshold=20.500000000000004 -1.0000000180025095e-35 28.850000000000005 61.500000000000007 28.150000000000002 56.500000000000007 -81.34999999999998 48.590000000000011 2014.5000000000002 49.500000000000007 -82.649999999999991 -82.649999999999991 3.5000000000000004 14.500000000000002 27.350000000000005 16.500000000000004 -82.549999999999983 0 27.850000000000005 28.050000000000004 97.640000000000015 2023.5000000000002 -82.049999999999983 -81.749999999999986 132.69000000000003 26.450000000000003 26.050000000000004 26.350000000000005 27.250000000000004 2022.5000000000002
decision_type=2 8 2 2 2 2 2 10 2 2 2 2 2 2 2 2 2 9 2 2 8 2 2 2 8 2 2 2 2 2
left_child=-1 -2 4 7 9 -6 -5 8 -4 10 13 12 20 -3 21 16 -16 18 -17 -20 -11 23 -23 24 25 -12 -25 29 -29 -28
right_child=1 2 3 6 5 -7 -8 -9 -10 11 14 -13 -14 -15 15 17 -18 -19 19 -21 -22 22 -24 26 -26 -27 27 28 -30 -31
leaf_value=-0.0016975487539773405 -0.0063239138523179424 -0.026891074254476923 0.0009707858071812403 0.002453786998701535 -0.0015848346945323223 -0.0092387168616493657 -0.012450887574143277 0.004993878223085702 -0.014388979497922351 0.0028365959165480349 0.0085778640815540545 0.00035847295491535651 0.0047745976701854438 -0.0041104519968643066 -0.015760563903988303 0.020844337011223325 0.007349733192162056 -0.0019058177106810348 0.0014832900314095455 0.026950868735822822 -0.013509124217940816 -0.014470964939067256 0.0015927805245415706 0.00073198858295349118 -0.0062117643290437565 0.00073950614633173657 -0.014375629727607376 0.0073310674529357472 -0.0099718228363412827 0.017303121850197202
leaf_weight=58255 4166 1258 7476 1675 11008 1613 2057 25360 1324 1527 8443 38529 10724 9819 1648 3078 1776 2088 2506 354 1095 2935 2218 25515 2583 11676 4762 3117 683 245
leaf_count=58255 4166 1258 7476 1675 11008 1613 2057 25360 1324 1527 8443 38529 10724 9819 1648 3078 1776 2088 2506 354 1095 2935 2218 25515 2583 11676 4762 3117 683 245
internal_value=0.000121231 0.000474727 0.000583639 0.00187853 0.000254675 -0.00286201 -0.00430251 0.00255487 -0.000567537 0.000542869 -5.78417e-05 0.00152356 0.00481432 -0.00423469 0.000571044 0.0036562 -0.00168899 0.00593579 0.00835851 0.00351916 -0.00406535 2.41208e-06 -0.00460004 0.000419048 0.00209581 0.00295345 -0.000690318 -0.00398662 0.00160105 -0.00822205
internal_weight=249513 191258 187092 37892 149200 12621 3732 34160 8800 136579 84704 51875 13346 11077 73627 11450 3424 8026 5938 2860 2622 62177 5153 57024 22702 20119 34322 8807 3800 5007
internal_count=249513 191258 187092 37892 149200 12621 3732 34160 8800 136579 84704 51875 13346 11077 73627 11450 3424 8026 5938 2860 2622 62177 5153 57024 22702 20119 34322 8807 3800 5007
cat_boundaries=0 1
cat_threshold=4
is_linear=0
shrinkage=0.05


Tree=92
num_leaves=31
num_cat=3
split_feature=4 4 9 0 10 4 10 9 9 0 9 13 10 13 13 13 11 9 11 12 10 8 10 13 13 13 8 8 0 11
split_gain=55.8898 45.601 45.8972 47.0578 43.5571 42.3608 53.8994 50.6313 46.7387 38.8301 36.6389 60.7704 44.4668 56.3972 52.6888 44.1768 39.3777 33.8337 58.5069 49.3494 48.7123 124.026 91.9207 76.2075 62.9928 45.5526 44.9911 44.6068 40.4417 39.2058
threshold=0 1 -81.649999999999991 96.500000000000014 117.12500000000001 2 54.690000000000005 -81.449999999999989 -80.249999999999986 7.5000000000000009 -80.149999999999991 1999.5000000000002 88.225000000000009 2000.5000000000002 2004.5000000000002 2018.5000000000002 34.345000000000006 -82.049999999999983 127.40000000000002 1.5000000000000002 21.740000000000006 25.850000000000005 30.295000000000005 2018.5000000000002 2016.5000000000002 2016.5000000000002 26.750000000000004 26.250000000000004 52.500000000000007 79.585000000000022
decision_type=9 9 2 2 10 9 8 2 2 2 2 2 10 2 2 2 10 2 10 10 10 2 10 2 2 2 2 2 2 10
left_child=4 -2 17 5 -1 -4 7 -7 9 -9 11 -8 13 -13 -15 -14 -12 19 20 -3 21 -19 -22 25 26 28 -23 -25 -24 -26
right_child=1 2 3 -5 -6 6 10 8 -10 -11 16 12 15 14 -16 -17 -18 18 -20 -21 22 24 23 27 29 -27 -28 -29 -30 -31
leaf_value=0.0053425244894092401 -0.0044864563139995544 0.00028364047163034203 0.0037467392646601816 -0.020995076620058839 -0.0043713592150568031 -0.013110331999129921 -0.013602855778406298 -0.0061243047503334314 -0.0043272064460957438 0.0030638582743494958 0.0045931639940013369 0.00093621646514447938 0.0074173506146093526 -0.022015805128937773 -0.0058527326703965883 -0.0093217250843114392 -0.017375080178671887 -0.031162513910102874 -0.0059478880911988169 -0.0084626568902691265 0.018393473057718612 -0.020624584718616834 0.0080908099450626384 0.0080677706774608723 0.0098215495335676195 0.026009749398711347 0.00028189805738119137 -0.0066701230749997009 -0.0087323655583747325 0.0019703327264897655
leaf_weight=21743 3731 107455 7515 433 2571 1628 4739 2654 6177 23611 4189 5641 3818 1148 12875 1183 605 707 3615 3946 1865 854 4891 1594 2070 1437 1045 3559 628 11586
leaf_count=21743 3731 107455 7515 433 2571 1628 4739 2654 6177 23611 4189 5641 3818 1148 12875 1183 605 707 3615 3946 1865 854 4891 1594 2070 1437 1045 3559 628 11586
internal_value=0.000127644 -0.000118329 -2.5735e-05 -0.00101934 0.00240404 -0.000924228 -0.00131648 9.09624e-05 0.000523851 0.00144434 -0.00271866 -0.00337934 -0.00238095 -0.00345126 -0.00514858 0.00182598 0.00133222 0.000495656 0.00187974 7.49477e-05 0.00259869 0.000737463 0.00476259 0.00316445 0.00167363 0.00657479 -0.00683604 -0.00144296 0.00449448 0.00286112
internal_weight=249513 225199 221468 76216 24314 75783 68268 34070 32442 26265 34198 29404 24665 19664 14023 5001 4794 145252 33851 111401 30236 16262 13974 12109 15555 6956 1899 5153 5519 13656
internal_count=249513 225199 221468 76216 24314 75783 68268 34070 32442 26265 34198 29404 24665 19664 14023 5001 4794 145252 33851 111401 30236 16262 13974 12109 15555 6956 1899 5153 5519 13656
cat_boundaries=0 1 2 3
cat_threshold=160 64 12
is_linear=0
shrinkage=0.05


Tree=93
num_leaves=31
num_cat=4
split_feature=4 10 10 4 0 10 12 4 9 4 10 10 11 13 13 9 0 9 7 13 13 13 11 10 9 9 0 7 10 11
split_gain=51.8841 41.3766 64.879 40.0927 43.0168 41.6321 41.0037 37.973 37.0253 44.7232 42.5468 38.1542 50.5051 48.4535 81.7256 61.6921 67.2049 42.1708 41.0179 40.2173 59.9023 40.852 68.2077 37.2179 37.1426 35.9255 35.9166 35.8862 34.8644 35.3114
threshold=0 30.295000000000005 23.905000000000005 1 20.500000000000004 124.43000000000002 -1.0000000180025095e-35 2 -80.949999999999989 3 21.375000000000004 17.925000000000004 138.07000000000002 2023.5000000000002 2022.5000000000002 -82.34999999999998 46.500000000000007 -87.249999999999986 21.500000000000004 1996.5000000000002 1992.5000000000002 2004.5000000000002 65.415000000000006 13.355000000000002 -82.449999999999989 -81.049999999999983 55.500000000000007 22.500000000000004 19.450000000000006 137.08500000000001
decision_type=9 8 10 9 2 10 8 9 2 9 8 10 10 2 2 2 2 2 2 2 2 2 8 10 2 2 2 2 10 10
left_child=1 2 -1 -2 5 -5 -6 -4 11 -10 23 12 13 14 18 -15 -17 -13 19 20 -8 22 -21 -11 -22 -3 -23 -25 -19 -30
right_child=3 25 7 4 6 -7 8 -9 9 10 -12 17 -14 15 -16 16 -18 28 -20 21 24 26 -24 27 -26 -27 -28 -29 29 -31
leaf_value=0.0045376339860226265 -0.0042621334982995583 -0.0002265561557367235 0.025291213288158067 -0.0017067314999035244 -0.0064785156180426906 -0.01880110888486888 -0.010021919529780333 0.017829947794307088 0.0052150331268290273 -0.0047568637428248911 -0.0037467397735301057 0.01533508282312015 0.019797889466429644 -0.020989434991739043 -0.028952498054030953 -0.0036497047031481601 0.010283142197325469 0.0073597351150973545 -0.022759050187639664 0.014434605482185515 0.0084931117979828667 7.381953995722057e-05 -0.017369528186886151 0.0048406929729189144 -0.010681734947506349 0.007904660273760156 -0.005833760037554825 0.03104377680750945 0.0012952462635967166 -0.012308421578258379
leaf_weight=4150 3731 13757 524 52880 3786 980 2350 929 4409 1944 25234 1483 427 701 423 1020 2127 2841 600 806 6261 13649 3466 3210 684 4954 2301 637 88431 818
leaf_count=4150 3731 13757 524 52880 3786 980 2350 929 4409 1944 25234 1483 427 701 423 1020 2127 2841 600 806 6261 13649 3466 3210 684 4954 2301 637 88431 818
internal_value=0.000124437 0.00231774 0.00608409 -0.000112557 -2.5735e-05 -0.00125487 0.000369292 0.0151401 0.000488305 -0.000942332 -0.00161218 0.000883191 -0.000529792 -0.000744229 -0.0014108 0.00453603 0.00752296 0.00140891 -0.00110034 -0.000834829 0.00188608 -0.0020858 -0.00642223 0.00224961 0.00421999 0.0011885 -0.000921053 0.00509463 0.00127362 0.00109961
internal_weight=249513 24314 5603 225199 221468 53860 167608 1453 163822 35434 31025 128388 34815 34388 30540 3848 3147 93573 30117 29517 9295 20222 4272 5791 6945 18711 15950 3847 92090 89249
internal_count=249513 24314 5603 225199 221468 53860 167608 1453 163822 35434 31025 128388 34815 34388 30540 3848 3147 93573 30117 29517 9295 20222 4272 5791 6945 18711 15950 3847 92090 89249
cat_boundaries=0 1 2 3 4
cat_threshold=160 64 32 12
is_linear=0
shrinkage=0.05


Tree=94
num_leaves=31
num_cat=5
split_feature=4 10 10 7 4 9 9 9 10 10 9 4 9 10 9 8 3 8 9 11 10 8 10 13 13 3 11 7 10 11
split_gain=48.1505 37.9564 64.2755 37.872 37.6094 39.2379 41.4055 48.0395 50.3144 45.041 43.1332 42.917 41.7725 33.6706 33.6297 35.7127 33.2538 73.7707 32.7859 50.5411 43.4169 105.841 86.1614 65.9117 56.2333 42.328 49.9776 63.6953 62.5145 51.7058
threshold=0 30.295000000000005 16.235000000000003 10.500000000000002 1 -81.649999999999991 -81.249999999999986 -80.949999999999989 31.880000000000006 40.745000000000012 -81.449999999999989 2 -80.749999999999986 19.870000000000001 -81.049999999999983 27.550000000000004 3 25.650000000000002 -82.049999999999983 127.40000000000002 21.125000000000004 25.850000000000005 30.295000000000005 2018.5000000000002 2016.5000000000002 4 138.07000000000002 14.500000000000002 18.335000000000004 89.165000000000006
decision_type=9 8 10 2 9 2 2 2 10 8 2 9 2 10 2 2 9 2 2 10 10 2 10 2 2 9 10 2 8 10
left_child=1 2 3 -1 -2 18 9 11 12 10 -7 -8 -9 -13 15 -3 17 -14 25 20 21 -20 -22 -24 -23 -6 28 -28 29 -27
right_child=4 14 -4 -5 5 6 7 8 -10 -11 -12 13 16 -15 -16 -17 -18 -19 19 -21 22 24 23 -25 -26 26 27 -29 -30 -31
leaf_value=0.022976952310510158 -0.0040490268233845939 -0.0038835246524250525 0.015550354264812816 -0.0089920898913792516 0.003892029075843162 -0.01158449010275482 -0.013728436859150463 -0.025598405812676986 -0.0063189987178049025 -0.0092101760292051978 0.0030403802029668192 -0.011485852056892655 0.0068529325520088058 0.0051189057454514852 0.0075094272600721105 0.0043475493641341066 0.0014063104327042275 -0.0058882118083365409 -0.02874443256310899 -0.0056651419875999309 0.017409037091652823 -0.010390583751510718 0.0089658251183619263 -0.0019423022297289983 0.002927597597110543 0.0039921395818298235 0.020204779452875687 -0.015374842869735251 -4.7840557016165522e-05 -0.0099926996132852618
leaf_weight=275 3731 6553 3684 1644 13059 1388 332 464 11257 7471 4340 958 3505 9063 4954 7204 27210 10228 707 3615 1907 1865 6956 5153 13648 1810 879 324 89008 6321
leaf_count=275 3731 6553 3684 1644 13059 1388 332 464 11257 7471 4340 958 3505 9063 4954 7204 27210 10228 707 3615 1907 1865 6956 5153 13648 1810 879 324 89008 6321
internal_value=0.000114418 0.00222734 0.00583467 -0.00158113 -0.000113889 -2.97985e-05 -0.000948495 -0.000414902 -0.00102707 -0.00349383 -0.000156849 0.0026971 -0.000220924 0.0032915 0.00114577 -0.000127116 -5.00574e-05 -0.0020541 0.000452286 0.00181477 0.00248297 0.000720887 0.00452018 0.00295816 0.00158797 3.8147e-05 -0.000317196 0.00976917 -0.000443134 -0.00463702
internal_weight=249513 24314 5603 1919 225199 221468 76216 63017 52664 13199 5728 10353 41407 10021 18711 13757 40943 13733 145252 33851 30236 16220 14016 12109 15513 111401 98342 1203 97139 8131
internal_count=249513 24314 5603 1919 225199 221468 76216 63017 52664 13199 5728 10353 41407 10021 18711 13757 40943 13733 145252 33851 30236 16220 14016 12109 15513 111401 98342 1203 97139 8131
cat_boundaries=0 1 2 3 4 5
cat_threshold=160 64 16 8 24
is_linear=0
shrinkage=0.05


Tree=95
num_leaves=31
num_cat=3
split_feature=0 2 3 0 0 8 13 13 11 3 9 8 6 3 11 9 11 8 8 9 0 0 8 8 13 13 9 7 6 11
split_gain=39.5849 32.8015 43.4045 41.4002 40.8108 54.9319 54.6692 51.3661 48.1191 68.6803 65.2372 47.0667 48.9221 62.2636 40.6871 40.2342 34.2478 35.4353 94.5733 44.2078 44.9472 43.7119 42.4435 42.1541 33.2265 32.4655 31.8832 54.3028 38.8668 42.3896
threshold=6.5000000000000009 1.0000000180025095e-35 0 50.500000000000007 60.500000000000007 28.150000000000002 2017.5000000000002 2016.5000000000002 63.750000000000007 1 -82.649999999999991 25.650000000000002 2.5000000000000004 2 138.07000000000002 -85.34999999999998 117.08500000000002 26.150000000000002 26.450000000000003 -81.84999999999998 23.500000000000004 39.500000000000007 26.350000000000005 26.250000000000004 2023.5000000000002 1993.5000000000002 -82.649999999999991 14.500000000000002 3.5000000000000004 54.260000000000012
decision_type=2 2 9 2 2 2 2 2 10 9 2 2 2 9 10 2 10 2 2 2 2 2 2 2 2 2 2 2 2 8
left_child=25 4 3 14 7 26 -7 11 9 -9 -11 12 13 -2 -3 -4 -10 -18 22 20 -20 -21 23 -19 -5 -1 28 -28 29 -6
right_child=1 2 15 24 5 6 -8 8 16 10 -12 -13 -14 -15 -16 -17 17 18 19 21 -22 -23 -24 -25 -26 -27 27 -29 -30 -31
leaf_value=-0.017359998457040816 0.011339213402775484 -0.0038854683414127236 0.012717029855839269 3.9689630620687315e-05 0.010614353187243976 0.0018381380300565909 -0.010352816004184185 -0.003478090300014447 -0.00042816625289141544 -0.01855541269216161 0.0087464544834932496 -0.00060499291410334168 0.0086239189213615838 -0.0051216845752262152 0.018848587220686455 -5.4265726443647468e-05 -0.0051041951322187808 0.016795311919322486 -0.0085570440740009076 0.032036002023706267 0.001426019040548976 -0.00016519598625084342 0.015700643989119589 -0.0031585134853048037 0.013543251764345588 -0.0025209146683776496 0.0018023410909972172 -0.003926712759874551 0.0027704235378919863 -0.010830425579198534
leaf_weight=1820 2944 28348 2081 3684 267 1353 2407 3347 22861 467 10485 89504 4110 4981 518 4608 1755 1192 3240 620 21411 469 1850 1152 1202 9486 7470 8601 5631 1206
leaf_count=1820 2944 28348 2081 3684 267 1353 2407 3347 22861 467 10485 89504 4110 4981 518 4608 1755 1192 3240 620 21411 469 1850 1152 1202 9486 7470 8601 5631 1206
internal_value=2.6096e-05 0.000163601 -0.00113347 -0.00186249 0.000429477 -0.00137873 -0.00697613 0.000715384 0.00176956 0.00435041 0.00626139 4.92373e-07 0.00293483 0.000636421 -0.00258346 0.00254136 0.00109238 0.00215622 0.00256145 0.00142524 0.000987389 0.0112375 0.00951475 0.00501274 0.00238971 -0.0028632 -0.000467975 -0.00170076 0.00231937 -0.00488874
internal_weight=249070 237764 40441 33752 197323 26935 3760 170388 68849 14299 10952 101539 12035 7925 28866 6689 54550 31689 29934 25740 24651 1089 4194 2344 4886 11306 23175 16071 7104 1473
internal_count=249070 237764 40441 33752 197323 26935 3760 170388 68849 14299 10952 101539 12035 7925 28866 6689 54550 31689 29934 25740 24651 1089 4194 2344 4886 11306 23175 16071 7104 1473
cat_boundaries=0 1 2 3
cat_threshold=12 18 8
is_linear=0
shrinkage=0.05


Tree=96
num_leaves=31
num_cat=6
split_feature=4 11 2 3 4 10 11 11 10 13 10 10 11 12 4 10 10 8 10 10 10 8 10 8 11 4 11 3 8 13
split_gain=33.7265 40.6046 39.0974 50.9129 47.2289 40.0916 39.7986 55.3157 42.7529 35.13 50.3463 61.1333 34.3655 33.0509 33.6667 34.087 22.4811 21.3945 21.1133 23.9505 22.7592 20.8622 22.7271 20.7145 42.5804 36.8985 52.0251 37.8458 35.9909 126.348
threshold=0 118.75000000000001 1.0000000180025095e-35 1 2 128.71500000000003 109.36000000000001 132.69000000000003 35.830000000000005 1991.5000000000002 96.385000000000019 96.570000000000007 89.165000000000006 2.5000000000000004 3 15.290000000000001 61.445000000000007 30.350000000000005 128.71500000000003 127.23 125.34000000000002 26.450000000000003 36.145000000000003 28.850000000000005 100.41500000000001 4 90.160000000000011 5 28.150000000000002 1993.5000000000002
decision_type=9 8 2 9 9 10 10 10 8 2 10 10 10 10 9 10 10 2 10 10 10 2 10 2 8 9 10 9 2 2
left_child=1 -1 4 13 5 6 8 21 -2 10 -6 -12 -5 14 -4 -16 17 -14 19 20 23 22 -8 28 25 27 -27 -25 -11 -30
right_child=2 -3 3 12 9 -7 7 -9 -10 18 11 -13 16 -15 15 -17 -18 -19 -20 -21 -22 -23 -24 24 -26 26 -28 -29 29 -31
leaf_value=-0.0065156427667805161 -0.029666119646403824 0.00080165191988532678 0.0095422587627964194 -0.0022026723451389787 -0.0050375820598126181 -0.0077301680149256318 0.034356954805257092 -0.0077344259529755106 0.0087660619059483757 0.00068577164633607532 0.018997587175512989 -0.003742562057428467 0.0074322015198297732 -0.030859895953612694 -0.0076784350522903118 -0.0019645425454227097 -0.00076417084266680038 0.02164814675437823 -0.0044095458385505102 0.0054354738979844443 -0.0110466612268461 0.0087188245958353516 0.014191045464106012 0.006431501280938879 -0.0012316605885986931 0.0032568458046867478 -0.02420945251372424 0.00097486450640302822 0.0063319120153177092 -0.0045847089902659732
leaf_weight=4450 423 3143 1393 3638 15341 600 209 348 1240 118718 1130 1872 2686 441 7669 22943 1531 939 4069 1581 264 2478 362 15914 11098 1927 1076 8096 3157 10334
leaf_count=4450 423 3143 1393 3638 15341 600 209 348 1240 118718 1130 1872 2686 441 7669 22943 1531 939 4069 1581 264 2478 362 15914 11098 1927 1076 8096 3157 10334
internal_value=2.56946e-05 -0.00325102 0.000128987 -0.00127273 0.000417734 0.00491197 0.00637081 0.00946581 2.98864e-05 0.00028649 -0.00179535 0.00411687 0.00209893 -0.0021869 -0.0019975 -0.00234395 0.00472319 0.00686382 0.00050328 0.000587484 0.000530499 0.0116214 0.0202238 0.000553631 0.00158049 0.00265145 -0.00256368 0.0033042 0.000257527 -0.00218873
internal_weight=249070 7593 241477 41240 200237 5660 5060 3397 1663 194577 18343 3002 8794 32446 32005 30612 5156 3625 176234 172165 170584 3049 571 170320 38111 27013 3003 24010 132209 13491
internal_count=249070 7593 241477 41240 200237 5660 5060 3397 1663 194577 18343 3002 8794 32446 32005 30612 5156 3625 176234 172165 170584 3049 571 170320 38111 27013 3003 24010 132209 13491
cat_boundaries=0 1 2 3 4 5 6
cat_threshold=80 4 32 8 130 12
is_linear=0
shrinkage=0.05


Tree=97
num_leaves=31
num_cat=5
split_feature=0 4 4 11 2 3 0 4 0 11 0 9 0 11 9 13 0 7 7 9 0 9 0 11 7 7 0 13 8 4
split_gain=34.9831 37.461 30.8633 37.5609 29.9369 40.893 47.2834 39.1509 50.4041 36.7039 34.5812 44.8328 34.4584 33.6343 33.3989 31.9497 33.9019 31.5467 31.2207 29.7895 29.1139 28.7926 26.7653 26.3886 27.244 26.3444 32.2296 24.9467 56.5251 59.6273
threshold=6.5000000000000009 0 1 118.75000000000001 1.0000000180025095e-35 2 50.500000000000007 3 52.500000000000007 138.07000000000002 45.500000000000007 -82.149999999999991 70.500000000000014 89.165000000000006 -81.34999999999998 1991.5000000000002 35.500000000000007 13.500000000000002 14.500000000000002 -86.84999999999998 91.500000000000014 -82.549999999999983 42.500000000000007 36.250000000000007 17.500000000000004 14.500000000000002 25.500000000000004 1993.5000000000002 27.950000000000003 4
decision_type=2 9 9 8 2 9 2 9 2 10 2 2 2 10 2 2 2 2 2 2 2 2 2 10 2 2 2 2 2 9
left_child=1 -1 3 -2 7 13 9 8 10 -7 11 -4 15 -6 -8 16 23 -13 -12 -15 -16 -10 -5 -9 25 -25 -27 28 -17 -30
right_child=2 -3 4 22 5 6 14 12 21 -11 18 17 -14 19 20 27 -18 -19 -20 -21 -22 -23 -24 24 -26 26 -28 -29 29 -31
leaf_value=0.0057462341250182018 -0.0061199226119329712 -0.0068747432616879768 -0.016854177300658347 -0.0047941638111455021 -0.0038433203877047185 -0.0037563487214754333 0.0089580644196483924 -0.0059053490667847269 0.0079282532766541177 0.017365633109340983 0.0027955453870771585 0.020577708646986673 -0.0030870320532319084 0.026416192059655022 0.001076023159464068 -0.0013122955965238605 -0.016796515128450772 0.0047921442927232327 0.01789549384076632 0.0056039706550132795 -0.019977103451905488 -0.0089529906952074082 0.0044700072765295751 -0.0017951649993556808 -0.0042113676720012096 0.020877071265939143 0.0033014321389829072 0.00074335417051267787 0.0084137382577301519 -0.010451151784384827
leaf_weight=1770 4366 9536 582 1492 2251 26857 2736 7333 517 515 762 504 8126 712 1380 4637 750 1256 998 3424 346 958 1599 2126 3885 1076 1907 151442 4605 622
leaf_count=1770 4366 9536 582 1492 2251 26857 2736 7333 517 515 762 504 8126 712 1380 4637 750 1256 998 3424 346 958 1599 2126 3885 1076 1907 151442 4605 622
internal_value=2.97093e-05 -0.00268646 0.000158974 -0.00300254 0.000261585 -0.00101619 -0.0017486 0.000515888 0.00463641 -0.00252721 0.00749027 0.00348639 0.000392164 0.00262994 0.00301878 0.000537297 -0.0015187 0.00745763 0.0127684 0.00530632 -0.00241935 -0.00326599 0.00120929 -0.00103752 0.000777432 0.00317445 0.00619779 0.00075504 0.0031902 0.00675005
internal_weight=249070 11306 237764 7457 230307 38221 31834 192086 5577 27372 4102 2342 186509 6387 4462 178383 17077 1760 1760 4136 1726 1475 3091 16327 8994 5109 2983 161306 9864 5227
internal_count=249070 11306 237764 7457 230307 38221 31834 192086 5577 27372 4102 2342 186509 6387 4462 178383 17077 1760 1760 4136 1726 1475 3091 16327 8994 5109 2983 161306 9864 5227
cat_boundaries=0 1 2 3 4 5
cat_threshold=172 80 18 32 2
is_linear=0
shrinkage=0.05


Tree=98
num_leaves=31
num_cat=3
split_feature=10 4 13 13 10 11 10 7 4 13 10 9 9 11 7 8 11 9 4 10 13 8 8 13 10 9 10 11 13 10
split_gain=32.0576 30.534 30.0003 82.9828 44.4845 73.8035 70.8634 82.3637 44.3013 48.1872 37.2594 38.4046 36.4152 34.7066 32.0479 31.6647 62.1409 52.155 50.9321 49.8658 48.7573 106.635 68.6083 52.3723 40.4809 36.1384 40.4435 35.1737 39.3387 34.1976
threshold=147.58500000000004 0 2003.5000000000002 2001.5000000000002 14.360000000000001 138.07000000000002 45.990000000000002 12.500000000000002 1 2022.5000000000002 15.290000000000001 -81.749999999999986 -80.249999999999986 120.57500000000002 20.500000000000004 27.850000000000005 62.915000000000006 -86.649999999999991 2 69.680000000000021 2023.5000000000002 28.650000000000002 29.350000000000005 2020.5000000000002 99.655000000000015 -82.949999999999989 120.86500000000002 61.865000000000009 2004.5000000000002 115.06500000000001
decision_type=10 9 2 2 8 10 8 2 9 2 10 2 2 10 2 2 8 2 9 8 2 2 2 2 10 2 8 8 2 8
left_child=1 -1 3 14 5 -4 7 10 9 -9 -6 -12 -10 15 -3 19 24 18 -18 -8 21 23 -23 -19 -17 26 -24 -21 -29 -30
right_child=-2 2 4 -5 6 -7 13 8 12 -11 11 -13 -14 -15 -16 16 17 20 -20 27 -22 22 25 -25 -26 -27 -28 28 29 -31
leaf_value=-0.0032608402129569395 -0.031897988199718695 -0.00015621195954862444 -0.0033860787352142821 -0.019316237317467167 0.0068545710221187056 0.017674685195876182 -0.0060081423639502867 0.017612316735126577 0.0042050650278867788 -0.011012020414385405 -0.0087458849059499858 0.0029100332381363893 -0.0080671940190224067 -0.0054465441374726533 -0.0053311743896883096 0.0059068663504918909 0.005650279999878105 -0.010141459933220798 -0.027992621323210055 -0.00868489083150914 -0.00059164089822427712 0.0055164418230923221 -0.012612623826831461 -0.014068838788821258 -0.01119933889685667 -0.01649329281573584 0.0028873449603351812 -0.027177807904466403 0.0037793403755661537 0.00072006449744916885
leaf_weight=3678 261 67725 14710 1497 607 619 4108 2103 38376 484 4089 1885 1236 2905 9414 9092 4665 2783 366 1647 17847 2724 2841 1438 1136 1638 2374 214 19101 27507
leaf_count=3678 261 67725 14710 1497 607 619 4108 2103 38376 484 4089 1885 1236 2905 9414 9092 4665 2783 366 1647 17847 2724 2841 1438 1136 1638 2374 214 19101 27507
internal_value=2.89064e-05 4.7625e-05 0.000115643 -0.000689164 0.000495781 -0.00206989 0.000756072 0.00232425 0.00313559 0.00945531 -0.00287513 -0.00407754 0.0027175 8.78941e-06 -0.000462093 0.000166347 -0.000778019 -0.00173908 0.00298552 0.0010088 -0.00249092 -0.0047219 -0.00179931 -0.011333 0.00266654 -0.00446598 -0.00242105 0.00145733 0.00171037 0.00181046
internal_weight=249070 248809 245131 78636 166495 15329 151166 48780 42199 2587 6581 5974 39612 102386 77139 99481 46904 36676 5031 52577 31645 13798 9577 4221 10228 6853 5215 48469 46822 46608
internal_count=249070 248809 245131 78636 166495 15329 151166 48780 42199 2587 6581 5974 39612 102386 77139 99481 46904 36676 5031 52577 31645 13798 9577 4221 10228 6853 5215 48469 46822 46608
cat_boundaries=0 1 2 3
cat_threshold=64 32 134
is_linear=0
shrinkage=0.05


Tree=99
num_leaves=31
num_cat=7
split_feature=0 4 4 8 2 13 0 8 13 7 3 8 7 0 11 3 0 11 8 8 3 4 11 4 11 13 11 7 7 0
split_gain=30.3562 34.0045 28.0975 40.0585 35.2106 36.616 60.8951 61.3986 37.3693 33.8724 33.2466 32.8032 31.155 41.6218 38.6861 30.0766 46.3427 36.1308 29.6422 80.559 71.3373 50.742 44.2781 32.7058 32.7235 65.7322 56.1251 50.3757 65.5508 46.4493
threshold=6.5000000000000009 0 1 26.650000000000002 1.0000000180025095e-35 2013.5000000000002 60.500000000000007 28.150000000000002 2017.5000000000002 24.500000000000004 2 25.650000000000002 17.500000000000004 56.500000000000007 69.030000000000015 3 50.500000000000007 138.07000000000002 27.050000000000004 26.050000000000004 4 5 65.415000000000006 6 77.085000000000022 1996.5000000000002 90.350000000000009 17.500000000000004 14.500000000000002 17.500000000000004
decision_type=2 9 9 2 2 2 2 2 2 2 9 2 2 2 10 9 2 10 2 2 9 9 8 9 10 2 10 2 2 2
left_child=1 -1 3 -2 5 11 9 10 -9 -7 -8 12 -4 14 -14 16 17 -6 19 20 -13 -22 -21 -20 25 -25 29 28 -28 -26
right_child=2 -3 4 -5 15 6 7 8 -10 -11 -12 18 13 -15 -16 -17 -18 -19 23 22 21 -23 -24 24 26 -27 27 -29 -30 -31
leaf_value=0.0054733774673200843 0.0011883968226038988 -0.0064810670841418455 -0.00028238174972550212 -0.0038324349322363727 -0.003865005989156334 0.0021905587021301188 0.012349944007037018 0.0023954311510054893 -0.0096181593036567935 0.028824409145723619 -0.00023020644066988895 0.017890404105042192 -0.0009232748240607159 -0.021142542152481528 0.011185436295618701 0.0027734429209964606 0.0042934261706313315 0.016384045691463813 -0.0087560606604563784 -0.001764813215264205 0.014280557436768327 -0.0023741690303611396 -0.012045863290569604 0.0024827806482135453 -0.0001837982223446222 -0.0054113861713569024 -0.0042955920753095182 -0.0056374031456057246 0.0091324977481850311 0.020319597938896684
leaf_weight=1770 7354 9536 5871 11094 24543 66879 590 839 2331 299 19828 2033 1711 261 3864 7438 4057 504 3519 4823 1477 15344 6781 17606 1260 12418 3083 4475 4892 2590
leaf_count=1770 7354 9536 5871 11094 24543 66879 590 839 2331 299 19828 2033 1711 261 3864 7438 4057 504 3519 4823 1477 15344 6781 17606 1260 12418 3083 4475 4892 2590
internal_value=4.69729e-05 -0.00248321 0.000167386 -0.00170565 0.000325072 0.000608368 0.00132083 -0.00086448 -0.00732704 0.00208817 0.000141962 -9.45467e-05 0.00237689 0.00496066 0.00588183 -0.0010916 -0.00181637 -0.00262003 -0.000455106 -0.00168373 0.000333969 -0.000739267 -0.00495953 0.00029587 0.000649491 -0.000329626 0.00245248 0.00081862 0.00319975 0.00772021
internal_weight=249070 11306 237764 18448 219316 182774 90766 23588 3170 67178 20418 92008 11707 5836 5575 36542 29104 25047 80301 30458 18854 16821 11604 49843 46324 30024 16300 12450 7975 3850
internal_count=249070 11306 237764 18448 219316 182774 90766 23588 3170 67178 20418 92008 11707 5836 5575 36542 29104 25047 80301 30458 18854 16821 11604 49843 46324 30024 16300 12450 7975 3850
cat_boundaries=0 1 2 3 4 5 6 7
cat_threshold=172 84 16 4 18 128 8
is_linear=0
shrinkage=0.05


Tree=100
num_leaves=31
num_cat=6
split_feature=4 8 0 13 13 4 3 9 0 4 4 11 2 0 9 0 8 0 6 3 8 0 13 11 5 8 0 9 9 13
split_gain=39.1821 35.5695 32.4086 32.1739 41.0256 31.326 28.957 26.5371 44.3901 42.7086 37.3429 56.1872 36.5321 43.7286 42.2919 59.0136 49.3878 53.3565 57.847 30.656 30.453 57.6372 58.0458 53.4916 54.8996 66.0932 48.4562 45.9272 41.3484 39.0973
threshold=0 30.750000000000004 7.5000000000000009 1993.5000000000002 1992.5000000000002 1 2 -81.749999999999986 96.500000000000014 3 4 90.160000000000011 1.0000000180025095e-35 73.500000000000014 -81.84999999999998 57.500000000000007 26.450000000000003 42.500000000000007 3.5000000000000004 5 27.750000000000004 49.500000000000007 2023.5000000000002 117.08500000000002 1.5000000000000002 27.450000000000003 57.500000000000007 -82.249999999999986 -82.549999999999983 2012.5000000000002
decision_type=9 2 2 2 2 9 9 2 2 9 9 8 2 2 2 2 2 2 2 9 2 2 2 10 2 2 2 2 2 2
left_child=6 2 3 4 -2 -5 -1 10 9 -9 11 -4 14 -14 16 -16 17 -12 -19 -18 21 28 -23 24 25 -24 -26 -22 29 -21
right_child=1 -3 7 5 -6 -7 -8 8 -10 -11 12 -13 13 -15 15 -17 19 18 -20 20 27 22 23 -25 26 -27 -28 -29 -30 -31
leaf_value=0.01060829358967892 -0.0098713807637794485 0.023536270343717858 0.0062371860694240061 0.010530883366577726 -0.050437003825426797 -0.0037296702153890582 0.0019656985083714496 -0.0091300531609481272 -0.02138673952913539 -0.00075118956266262416 -0.0082120956835099786 -0.0034769679357574469 -0.002311705945540421 0.015288691317736892 0.0086578820485238694 -0.0041089246830465333 0.0054832170428447125 0.00019228730243132653 0.01568682310850944 -0.0091560842287030653 0.00083388709148488624 -0.0037122970335037755 0.0099400029670434712 -0.011050616534422143 0.0058976655295714057 0.0011883565620720129 -0.018113568849792826 0.018554818286044307 -0.0024512986563169914 -0.032884605138276422
leaf_weight=3707 1691 264 3404 856 245 9614 20551 1305 466 74331 586 12541 20551 723 7166 1268 7536 408 761 2042 53735 3220 2966 456 1027 2847 1010 1105 11896 711
leaf_count=3707 1691 264 3404 856 245 9614 20551 1305 466 74331 586 12541 20551 723 7166 1268 7536 408 761 2042 53735 3220 2966 456 1027 2847 1010 1105 11896 711
internal_value=8.53417e-05 -0.0001208 -0.000142776 -0.00262564 -0.00853032 -0.00152672 0.00199357 2.59347e-06 -0.000744955 -0.000649076 0.000421052 -0.00185092 0.000723128 -0.0011558 0.0011281 0.00451208 0.000811595 0.00909348 0.0152248 0.000646447 0.000362189 -0.00104067 0.00160368 0.00381193 0.00478372 0.00725571 -0.00227162 0.00103191 -0.00312095 -0.00863192
internal_weight=248989 224731 224467 12406 1936 10470 24258 212061 76102 75636 135959 15945 120014 21274 98740 8434 90306 1755 1169 88551 81015 26175 11526 8306 7850 5813 2037 54840 14649 2753
internal_count=248989 224731 224467 12406 1936 10470 24258 212061 76102 75636 135959 15945 120014 21274 98740 8434 90306 1755 1169 88551 81015 26175 11526 8306 7850 5813 2037 54840 14649 2753
cat_boundaries=0 1 2 3 4 5 6
cat_threshold=160 12 24 80 76 24
is_linear=0
shrinkage=0.05


Tree=101
num_leaves=31
num_cat=7
split_feature=4 8 12 0 9 10 4 3 10 9 10 7 4 9 4 4 0 9 8 10 0 8 3 8 8 7 9 7 0 8
split_gain=35.3175 30.0205 31.8221 30.8907 30.1105 31.4046 30.1306 26.6455 25.607 27.7831 24.9494 22.9181 33.9956 26.3683 52.1968 47.2153 38.1633 34.2994 38.0239 26.6616 33.8661 54.604 24.9642 51.9875 35.107 37.2202 33.49 33.8897 39.9608 30.4854
threshold=0 30.750000000000004 -1.0000000180025095e-35 9.5000000000000018 -80.149999999999991 72.810000000000016 1 2 42.845000000000006 -81.649999999999991 146.27500000000003 11.500000000000002 3 -81.749999999999986 4 5 95.500000000000014 -82.049999999999983 27.050000000000004 45.250000000000007 21.500000000000004 27.750000000000004 6 25.950000000000003 26.350000000000005 13.500000000000002 -81.149999999999991 16.500000000000004 58.500000000000007 26.450000000000003
decision_type=9 2 8 2 2 8 9 9 10 2 10 2 9 2 9 9 2 2 2 8 2 2 9 2 2 2 2 2 2 2
left_child=7 2 -2 4 5 6 -4 -1 -8 -10 11 12 -5 14 19 -15 22 -16 -19 20 -13 -22 29 -24 25 -25 -26 28 -28 -17
right_child=1 -3 3 10 -6 -7 8 -9 9 -11 -12 13 -14 15 17 16 -18 18 -20 -21 21 -23 23 24 26 -27 27 -29 -30 -31
leaf_value=0.010077878910195005 -0.005410151095701643 0.022359456826531999 0.011969203918901262 0.0059772778089898894 0.019307503384418823 -0.0088422471541715463 -0.0051692910779731708 0.0018674135829528816 0.0085659201109445689 -0.01483623917067849 -0.016924748769920051 -0.012275140489282334 -0.0031862429111613189 -0.0097314971815785078 0.00073963241497292391 -0.0007678175856145053 -0.020177735224404358 0.0026811049772031306 0.018419637149844539 -0.003728303380925935 -0.0011113643119345263 0.015815429349727683 0.0024161941823399148 0.0012437021230896407 -0.009736379378084959 -0.012660931078138217 0.0099386311080536423 -0.0023585349894661434 -0.013927742464953142 0.003411953040304283
leaf_weight=3707 5357 264 795 2247 461 5771 6869 20551 1690 360 425 977 12621 1063 87599 25022 484 17409 1831 9178 2174 1245 9601 1597 3248 4798 1341 5291 247 14766
leaf_count=3707 5357 264 795 2247 461 5771 6869 20551 1690 360 425 977 12621 1063 87599 25022 484 17409 1831 9178 2174 1245 9601 1597 3248 4798 1341 5291 247 14766
internal_value=7.8916e-05 -0.000116796 -0.000136985 -4.38116e-05 -0.0021622 -0.00253953 -0.000802139 0.0018906 -0.00163889 0.00325243 0.000122555 0.000148213 -0.00174083 0.000297795 0.000741137 -0.000493567 -0.000324475 0.00111221 0.00302338 -0.00217743 0.00102133 0.00336833 -0.000220719 -0.00142103 -0.00312122 -0.00601874 -0.00128736 0.000689505 0.00707134 0.000567725
internal_weight=248989 224731 224467 219110 15946 15485 9714 24258 8919 2050 203164 202739 14868 187871 120413 67458 66395 106839 19240 13574 4396 3419 65911 26123 16522 6395 10127 6879 1588 39788
internal_count=248989 224731 224467 219110 15946 15485 9714 24258 8919 2050 203164 202739 14868 187871 120413 67458 66395 106839 19240 13574 4396 3419 65911 26123 16522 6395 10127 6879 1588 39788
cat_boundaries=0 1 2 3 4 5 6 7
cat_threshold=160 12 24 28 76 80 20
is_linear=0
shrinkage=0.05


Tree=102
num_leaves=31
num_cat=1
split_feature=4 10 8 12 0 8 8 11 10 10 10 11 8 8 11 11 10 11 0 8 8 2 13 0 10 10 10 11 0 13
split_gain=29.6829 28.679 27.3118 27.3421 28.1013 32.0992 43.577 40.2782 32.8745 31.3988 30.6761 30.0679 37.6804 29.5015 42.7086 29.4496 27.9401 32.5799 31.8958 27.1405 37.2206 40.6147 24.0161 23.8482 25.7774 41.0302 33.8932 27.0152 23.3537 22.5714
threshold=0 147.58500000000004 30.750000000000004 -1.0000000180025095e-35 21.500000000000004 25.250000000000004 25.650000000000002 107.64000000000001 17.925000000000004 83.035000000000011 30.295000000000005 85.680000000000021 30.350000000000005 27.950000000000003 90.160000000000011 52.085000000000008 20.195000000000004 97.185000000000016 14.500000000000002 27.750000000000004 27.450000000000003 1.0000000180025095e-35 2011.5000000000002 14.500000000000002 42.415000000000006 23.905000000000005 30.295000000000005 129.37500000000003 17.500000000000004 1997.5000000000002
decision_type=9 10 2 8 2 2 2 10 8 10 8 8 2 2 10 10 8 8 2 2 2 2 2 2 10 10 10 8 2 2
left_child=-1 2 3 -2 5 7 10 -5 -8 11 28 12 15 19 -15 22 18 -18 -13 20 21 -11 29 -19 25 27 -27 -25 -7 -10
right_child=1 -3 -4 4 -6 6 8 -9 9 13 -12 16 -14 14 -16 -17 17 23 -20 -21 -22 -23 -24 24 -26 26 -28 -29 -30 -31
leaf_value=0.0028056145778195597 -0.005107902124233555 -0.029965135687595713 0.021241483985205402 -0.018164762549626623 0.00035868332547810415 0.0059895616674176646 -0.0062658165170612181 0.0012283107409275297 0.008270860558897631 -0.0074915283438765634 -0.0060350159315047062 0.035779840154240627 -0.023405163918813532 -0.0032549086654122487 -0.019364890117688473 -0.0044821036010418867 0.0058852559806669372 -0.0052503851538896924 0.00043267990989983576 0.0046675886424953463 -0.017307176603817222 0.026204444664903015 0.024201764623892431 -0.010328647761936828 -0.015258132821851867 0.034899810472740045 0.0065396147996230171 0.0022330207947699244 0.019041078981958927 -0.012674362471941869
leaf_weight=24258 5318 251 264 1147 162469 2297 7611 869 1200 1003 814 526 935 1550 1575 5328 7115 9031 535 1975 854 275 433 1034 654 516 624 7215 780 533
leaf_count=24258 5318 251 264 1147 162469 2297 7611 869 1200 1003 814 526 935 1550 1575 5328 7115 9031 535 1975 854 275 433 1034 654 516 624 7215 780 533
internal_value=7.73095e-05 -0.000102113 -8.28545e-05 -0.000102129 -1.59885e-05 -0.000977161 -0.000746927 -0.00715696 -0.00113987 -0.000602269 0.00434504 7.00496e-06 -0.00260102 -0.00360398 -0.00725678 -0.00141258 0.00081438 0.000490477 0.00873016 -0.000813699 -0.00471522 0.000698758 0.00349265 -0.000586879 0.00108923 0.00176083 0.0106087 0.000526698 0.00662455 0.000831899
internal_weight=248989 224731 224480 224216 218898 56429 54413 2016 50522 42911 3891 35679 8429 7232 3125 7494 27250 26189 1061 4107 2132 1278 2166 19074 10043 9389 1140 8249 3077 1733
internal_count=248989 224731 224480 224216 218898 56429 54413 2016 50522 42911 3891 35679 8429 7232 3125 7494 27250 26189 1061 4107 2132 1278 2166 19074 10043 9389 1140 8249 3077 1733
cat_boundaries=0 1
cat_threshold=160
is_linear=0
shrinkage=0.05


Tree=103
num_leaves=31
num_cat=0
split_feature=10 8 12 0 13 9 10 13 8 8 10 10 13 9 9 11 10 7 9 11 10 11 8 10 10 8 10 13 2 0
split_gain=28.2148 23.5749 25.0942 24.7204 29.1565 42.7358 42.3824 57.5423 37.079 37.107 35.1926 25.6969 24.6755 29.2062 20.2242 19.7127 67.12 43.5643 48.0257 31.1 29.227 26.5988 62.2351 64.8534 59.5654 46.8962 51.1004 36.7823 34.3009 35.4866
threshold=147.58500000000004 30.750000000000004 -1.0000000180025095e-35 13.500000000000002 1998.5000000000002 -86.949999999999989 9.2300000000000022 1995.5000000000002 30.350000000000005 28.250000000000004 4.04 81.960000000000022 2015.5000000000002 -86.949999999999989 -86.549999999999983 138.07000000000002 23.210000000000004 14.500000000000002 -80.34999999999998 132.69000000000003 14.360000000000001 121.55000000000003 26.850000000000005 21.375000000000004 16.605000000000004 26.350000000000005 42.395000000000003 2021.5000000000002 1.0000000180025095e-35 19.500000000000004
decision_type=10 2 8 2 2 2 8 2 2 2 10 8 2 2 2 10 10 2 2 10 8 10 2 10 8 2 10 2 2 2
left_child=1 2 -1 4 5 10 -7 14 9 -6 -4 -11 13 -10 -8 19 17 -17 -19 20 -5 24 23 27 -22 26 -25 -23 29 -27
right_child=-2 -3 3 15 8 6 7 -9 12 11 -12 -13 -14 -15 -16 16 -18 18 -20 -21 21 22 -24 25 -26 28 -28 -29 -30 -31
leaf_value=-0.0045409024557821814 -0.028466878903215954 0.020179409785945124 0.0013813773078386938 -0.0021683215820567981 0.00033027970311279021 0.014401457143421982 0.017676952506225609 -0.023052024280717554 0.01695354723179392 -0.004376542383785864 -0.03956128830536905 -0.017872182054889853 -0.01942278675719096 0.0016670801276537084 -0.0038110139037523362 0.01917171389420096 -0.019931993374252513 -0.028895892164203563 0.009436811345751207 -0.0047724135971093156 0.015290338906073142 -0.014643198981659111 -0.011862492539475779 -0.0067046739293036067 0.000265368992155679 0.056744688709131366 0.012985360147359916 0.0011470648281489027 0.005963303986267033 0.011873809051135709
leaf_weight=5677 261 272 249 15429 12214 342 602 1236 1250 1921 720 961 242 1487 7769 716 567 301 1881 2928 2813 773 1016 1696 170723 283 1478 8690 2179 2313
leaf_count=5677 261 272 249 15429 12214 342 602 1236 1250 1921 720 961 242 1487 7769 716 567 301 1881 2928 2813 773 1016 1696 170723 283 1478 8690 2179 2313
internal_value=7.28919e-05 9.04566e-05 7.40544e-05 0.000150954 -0.00121884 -0.00325769 -0.00227432 -0.00289591 1.38236e-05 -0.000992983 -0.0132278 -0.00608575 0.00510204 0.00646159 -0.00140198 0.00033677 0.00407194 0.00715268 0.00360401 0.000275043 0.000347391 0.000515695 0.00232129 0.00302491 0.000323833 0.0063513 0.00163317 0.000226961 0.00947753 0.0133538
internal_weight=248989 248728 248456 242779 28993 10918 9949 9607 18075 15096 969 2882 2979 2737 8371 213786 3465 2898 2182 210321 207393 191964 18428 17412 173536 7949 3174 9463 4775 2596
internal_count=248989 248728 248456 242779 28993 10918 9949 9607 18075 15096 969 2882 2979 2737 8371 213786 3465 2898 2182 210321 207393 191964 18428 17412 173536 7949 3174 9463 4775 2596
is_linear=0
shrinkage=0.05


Tree=104
num_leaves=31
num_cat=1
split_feature=10 0 13 13 11 10 10 10 11 8 11 8 10 10 8 10 10 9 10 10 0 0 0 11 10 8 11 13 3 9
split_gain=24.4462 22.9428 31.7096 42.5625 23.8864 71.5485 40.8329 39.1853 22.1446 26.3466 24.9371 66.1903 52.0266 49.6095 50.9463 40.1999 34.5815 33.2917 31.7545 27.4228 24.7748 23.4327 25.1671 22.9895 20.7539 32.8009 30.4975 27.7723 34.9694 26.7102
threshold=147.58500000000004 7.5000000000000009 1993.5000000000002 1992.5000000000002 138.07000000000002 39.720000000000006 14.360000000000001 12.415000000000001 132.69000000000003 25.950000000000003 126.38500000000001 26.550000000000004 16.605000000000004 21.375000000000004 26.350000000000005 42.395000000000003 23.905000000000005 -81.949999999999989 18.665000000000003 16.605000000000004 51.500000000000007 34.500000000000007 17.500000000000004 69.030000000000015 1.0000000180025095e-35 26.550000000000004 67.915000000000006 2016.5000000000002 0 -82.049999999999983
decision_type=10 2 2 2 10 10 8 10 10 2 10 2 8 10 2 10 10 2 10 10 2 2 2 10 10 2 10 2 9 2
left_child=1 2 3 -1 6 7 24 -6 10 -10 12 13 21 17 15 -15 20 18 -12 -13 -16 22 -8 -24 25 -3 -26 28 -28 -29
right_child=-2 4 -4 -5 5 -7 8 -9 9 -11 11 19 -14 14 16 -17 -18 -19 -20 -21 -22 -23 23 -25 26 -27 27 29 -30 -31
leaf_value=-0.0086127135542413361 -0.027043534958055115 -0.013776187523935191 -0.0011932362896125426 -0.046160086451090446 0.014480039139768364 -0.03043356034764404 0.0027797575298679437 0.0043170325773854495 -0.021657977287396157 -0.0020966640292237495 -0.0036855129501681461 -0.0026516886074718473 0.00011725121589734044 -0.0060094308966788471 0.007778916726163443 0.010773889965354578 0.014052958993364319 -0.0047093827285206837 0.0083808391989075304 -0.022754613066619814 -0.014934378621897082 -0.00017746886452920665 0.003500931271506236 0.030860096778075177 0.0033550928632508636 0.011671241998930793 0.02340301402805052 -0.0094452348307195073 -0.011412443614980505 -0.00028450745877952601
leaf_weight=1822 261 448 11219 253 1052 363 1231 2454 404 2485 1228 1533 188612 1746 1962 1550 2738 3711 2691 571 217 1137 484 1417 2447 1213 374 2428 4660 6278
leaf_count=1822 261 448 11219 253 1052 363 1231 2454 404 2485 1228 1533 188612 1746 1962 1550 2738 3711 2691 571 217 1137 484 1417 2447 1213 374 2428 4660 6278
internal_value=6.44581e-05 8.08079e-05 -0.00193927 -0.00760192 0.000194951 0.0040861 0.000129764 0.00628555 0.000321672 -0.00401863 0.000381335 0.0021635 0.000215407 0.00327067 0.00596498 0.00114943 0.00918409 0.000366492 0.00357597 -0.00614948 0.00445409 0.00566721 0.00789306 0.0114861 -0.0021671 0.00314183 -0.00271347 -0.00362909 -0.00658208 -0.00191602
internal_weight=248989 248728 13294 2075 235434 3869 231565 3506 213717 2889 210828 17947 192881 15843 8213 3296 4917 7630 3919 2104 2179 4269 3132 1901 17848 1661 16187 13740 5034 8706
internal_count=248989 248728 13294 2075 235434 3869 231565 3506 213717 2889 210828 17947 192881 15843 8213 3296 4917 7630 3919 2104 2179 4269 3132 1901 17848 1661 16187 13740 5034 8706
cat_boundaries=0 1
cat_threshold=16
is_linear=0
shrinkage=0.05


Tree=105
num_leaves=31
num_cat=0
split_feature=10 11 7 10 10 7 11 11 7 10 10 10 0 8 10 8 8 10 10 7 8 10 10 10 8 9 11 7 9 11
split_gain=21.2881 75.3452 30.3448 25.1804 43.0472 36.2177 32.2395 29.2832 27.1905 57.4067 40.2547 33.6599 33.1693 28.1761 35.0594 30.3865 28.0864 26.7807 32.0507 28.803 27.7341 32.8643 32.2624 24.7003 24.3554 21.5839 30.7951 22.2877 23.1966 21.2249
threshold=14.360000000000001 138.07000000000002 14.500000000000002 19.450000000000006 18.665000000000003 17.500000000000004 132.69000000000003 138.07000000000002 19.500000000000004 20.195000000000004 20.955000000000002 137.31000000000003 84.500000000000014 26.350000000000005 26.445000000000004 26.050000000000004 27.950000000000003 37.025000000000013 69.680000000000021 20.500000000000004 29.550000000000004 80.88000000000001 80.725000000000009 7.0600000000000014 24.650000000000002 -87.149999999999991 89.720000000000013 13.500000000000002 -87.449999999999989 126.38500000000001
decision_type=8 10 2 8 10 2 10 10 2 8 8 10 2 2 8 2 2 8 8 2 2 10 8 10 2 2 8 2 2 10
left_child=1 24 -3 4 5 7 8 -2 10 -10 16 25 13 15 -15 -11 -5 19 -19 -16 21 -20 -22 -4 -1 26 -12 -28 -29 -27
right_child=3 2 23 6 -6 -7 -8 -9 9 12 11 -13 -14 14 17 -17 -18 18 20 -21 22 -23 -24 -25 -26 29 27 28 -30 -31
leaf_value=-0.018837972096996669 -0.0028682708357289145 0.020398689526397718 0.011741001246402051 -0.015882541500954517 0.0082434575603622662 0.00608433664466066 -0.0048834055751680872 0.018319198252664926 0.026086317670730531 -0.00078820937677952512 -0.010764172567706254 -0.0092767788725016675 -0.018094343522716282 -0.018318836644433258 -0.016427654287842142 -0.012820082890511132 0.0094640387980557076 -0.011215260379816218 -0.0016841889886752171 0.0076032886123395651 0.019435377513068189 0.0067766786618473247 -0.0078080091643806249 -0.0059898106669685983 -0.0024333058551150089 0.00030257534073001584 -0.006725752294513887 -0.0063920425968999163 0.010463518201919443 0.0031859983071505838
leaf_weight=737 6637 571 527 1137 4067 5207 3691 396 505 2349 741 1642 640 776 242 2489 242 2214 7015 3022 410 4472 3756 560 18604 159144 540 426 3697 12775
leaf_count=737 6637 571 527 1137 4067 5207 3691 396 505 2349 741 1642 640 776 242 2489 242 2214 7015 3022 410 4472 3756 560 18604 159144 540 426 3697 12775
internal_value=7.84381e-05 -0.00144462 0.008753 0.000218628 0.00211129 0.000628571 7.28997e-05 -0.00171092 0.000155107 -0.00129749 0.000379809 0.000445593 -0.00160796 -0.0013362 -0.000572615 -0.00478548 -0.00809935 -0.000186841 -0.000948146 0.00397068 -0.000150035 0.00111768 -0.00363985 0.00378304 -0.00232288 0.000511749 0.00362024 0.00512519 0.00637551 0.000413834
internal_weight=249231 20999 1658 228232 16307 12240 211925 7033 208234 27890 180344 178965 27385 26745 21907 4838 1379 21131 17867 3264 15653 11487 4166 1087 19341 177323 5404 4663 4123 171919
internal_count=249231 20999 1658 228232 16307 12240 211925 7033 208234 27890 180344 178965 27385 26745 21907 4838 1379 21131 17867 3264 15653 11487 4166 1087 19341 177323 5404 4663 4123 171919
is_linear=0
shrinkage=0.05


Tree=106
num_leaves=31
num_cat=3
split_feature=12 4 0 10 11 10 8 8 4 9 11 7 9 0 8 10 0 8 7 0 8 11 4 7 10 0 8 8 0 0
split_gain=25.0679 25.6499 26.511 20.9066 54.5234 34.6523 34.184 86.4766 65.9343 55.3568 33.0812 32.7591 32.4356 31.6459 31.3771 46.5606 31.2125 30.8813 29.1284 26.4367 32.6754 31.9569 25.6545 45.2944 102.968 50.6181 44.9755 44.3033 28.6898 36.9283
threshold=2.5000000000000004 0 42.500000000000007 14.360000000000001 138.07000000000002 1.0000000180025095e-35 26.150000000000002 26.250000000000004 1 -80.34999999999998 84.305000000000021 12.500000000000002 -86.949999999999989 13.500000000000002 27.650000000000002 13.355000000000002 9.5000000000000018 28.150000000000002 14.500000000000002 32.500000000000007 26.650000000000002 126.38500000000001 2 14.500000000000002 25.785000000000004 45.500000000000007 26.550000000000004 26.150000000000002 38.500000000000007 26.500000000000004
decision_type=10 9 2 10 10 10 2 2 9 2 10 2 2 2 2 10 2 2 2 2 2 10 9 2 10 2 2 2 2 2
left_child=1 2 -1 4 5 6 8 -8 11 -10 -9 -3 13 -7 15 19 -16 -18 -6 21 -21 -14 23 26 -25 -26 28 -27 29 -5
right_child=-2 3 -4 22 18 12 7 10 9 -11 -12 -13 14 -15 16 -17 17 -19 -20 20 -22 -23 -24 24 25 27 -28 -29 -30 -31
leaf_value=-0.013377521376428626 -0.0073659025411111582 -0.015829257115052009 -0.00072090047359494322 0.011200499856102209 0.019396313032762791 -0.036067109312861945 -0.016292651183235508 -0.0011220676816272146 -0.011280741085832702 0.012424072414071931 0.010076128492334481 0.0005593696418924488 -0.00287750393182602 -0.0070424784522097553 0.016193237522530792 -0.025662056311656436 0.019910554011286274 -0.0042876923306324425 0.0046539454620360132 0.0023716676228637823 -0.0059439328732835868 -0.024162162047409109 0.00047166568923628915 0.04927733317321055 -0.0010183676229158056 -0.0077227886845694371 -0.0058455189792711694 0.017087745261870513 0.039658068504244783 -0.0069533080883781295
leaf_weight=1249 3459 803 2428 401 569 524 1826 34750 711 4479 1179 13172 3695 1432 673 780 724 1964 1087 4093 1936 1315 159027 341 2022 341 2129 1248 377 497
leaf_count=1249 3459 803 2428 401 569 524 1826 34750 711 4479 1179 13172 3695 1432 673 780 724 1964 1087 4093 1936 1315 159027 341 2022 341 2129 1248 377 497
internal_value=8.40552e-05 0.000143623 -0.00398972 0.00020672 -0.000482026 -0.000683174 -8.95837e-05 -0.000962531 0.00162973 0.00642994 -0.000421548 -0.000160772 -0.00265368 -0.00869786 -0.00186965 -0.00308141 0.00238802 -3.70645e-05 0.00846339 -0.00224002 -8.27952e-06 -0.00492032 0.000520154 0.00340293 0.0070419 0.00451533 -0.000820152 0.0111632 0.00657588 0.00165198
internal_weight=249231 245772 3677 242095 75712 74056 56920 37755 19165 5190 35929 13975 17136 1956 15180 11819 3361 2688 1656 11039 6029 5010 166383 7356 3952 3611 3404 1589 1275 898
internal_count=249231 245772 3677 242095 75712 74056 56920 37755 19165 5190 35929 13975 17136 1956 15180 11819 3361 2688 1656 11039 6029 5010 166383 7356 3952 3611 3404 1589 1275 898
cat_boundaries=0 1 2 3
cat_threshold=64 18 32
is_linear=0
shrinkage=0.05


Tree=107
num_leaves=31
num_cat=3
split_feature=12 4 0 0 13 9 13 2 10 0 12 7 10 10 10 10 9 10 10 0 13 13 0 4 4 7 0 10 7 10
split_gain=23.1349 21.5903 22.0888 20.1145 25.8154 27.854 53.2128 57.8442 28.315 26.5943 22.7225 21.9215 31.5932 36.2921 24.9132 62.0115 21.5816 21.298 22.1969 19.9456 74.8724 56.0162 40.4137 49.1129 40.1993 54.7392 41.6373 39.6845 47.9907 37.2571
threshold=3.5000000000000004 0 42.500000000000007 24.500000000000004 1991.5000000000002 -86.949999999999989 2004.5000000000002 1.0000000180025095e-35 30.795000000000005 40.500000000000007 -1.0000000180025095e-35 20.500000000000004 37.005000000000003 45.235000000000007 120.88500000000002 125.25500000000001 -84.249999999999986 6.9200000000000008 1.0000000180025095e-35 42.500000000000007 2016.5000000000002 2022.5000000000002 38.500000000000007 1 2 14.500000000000002 52.500000000000007 98.550000000000026 15.500000000000002 39.720000000000006
decision_type=10 9 2 2 2 2 2 2 10 2 8 2 8 8 10 10 2 8 10 2 2 2 2 9 9 2 2 8 2 10
left_child=1 2 -1 11 9 6 7 -6 -8 -5 -7 14 -13 -14 17 -16 -17 18 -3 21 -21 29 23 -23 25 -22 -27 28 -24 -12
right_child=-2 3 -4 4 5 10 8 -9 -10 -11 19 12 13 -15 15 16 -18 -19 -20 20 24 22 27 -25 -26 26 -28 -29 -30 -31
leaf_value=-0.012510079003862097 -0.011000588082290985 0.00098982912506642164 -0.00066261918342771511 -0.0019072023070961564 0.0055234088578708374 -0.0050348016355012074 0.00066259020844547942 0.028213109216368437 -0.02450666782391302 -0.019777583715351724 0.0014932211120383789 0.001407437110441734 -0.027627339915027794 -0.0079141755311833428 -0.032990755763342074 -0.025448802580058594 0.0022008374824554091 0.00014356950929572676 -0.018010226181779564 -0.0043297853561867329 -0.00057900893829572204 0.012090312596620568 -0.010190369791735333 -0.011141691516309216 0.0004109826178445797 0.014336416112931261 0.0012363952219656583 -0.0071427948393376186 0.018868860303795823 0.0059503319760725766
leaf_weight=1255 1545 838 2432 10941 2428 3129 2846 804 248 442 37252 3208 495 3733 311 277 1084 64646 1447 15525 2439 630 424 4220 63978 2072 963 1461 1019 17139
leaf_count=1255 1545 838 2432 10941 2428 3129 2846 804 248 442 37252 3208 495 3733 311 277 1084 64646 1447 15525 2439 630 424 4220 63978 2072 963 1461 1019 17139
internal_value=6.68028e-05 0.000104967 -0.00368222 0.000162487 0.000467941 0.00063511 0.00388258 0.00835904 -0.000805412 -0.00183007 0.000498133 -0.00051217 -0.00308891 -0.00592261 -0.000232463 -0.00624257 -0.0015682 -8.1415e-05 -0.00481481 0.000587907 9.00138e-05 0.0012686 -0.00270479 -0.00549383 0.0007918 0.00489625 0.00937603 0.00195607 0.00781142 0.00183544
internal_weight=249231 247686 3687 243999 167960 156577 6326 3232 3094 11383 150251 76039 7436 4228 68603 1672 1361 66931 2285 147122 84977 62145 7754 4850 69452 5474 3035 2904 1443 54391
internal_count=249231 247686 3687 243999 167960 156577 6326 3232 3094 11383 150251 76039 7436 4228 68603 1672 1361 66931 2285 147122 84977 62145 7754 4850 69452 5474 3035 2904 1443 54391
cat_boundaries=0 1 2 3
cat_threshold=64 152 40
is_linear=0
shrinkage=0.05


Tree=108
num_leaves=31
num_cat=5
split_feature=12 7 10 11 10 13 8 9 11 10 4 7 9 4 11 7 3 10 4 0 0 8 0 10 0 8 4 11 0 10
split_gain=21.7999 19.5445 18.8528 57.1499 26.7573 41.3363 40.5244 79.3291 52.6857 38.2732 37.9516 34.2478 86.4498 36.6327 33.9939 44.4131 33.5916 32.5034 31.6864 29.0963 27.6844 27.6151 26.834 39.9455 51.2905 42.8914 42.5591 38.5309 43.8303 56.4664
threshold=2.5000000000000004 14.500000000000002 14.360000000000001 138.07000000000002 45.990000000000002 2020.5000000000002 29.650000000000002 -81.449999999999989 89.165000000000006 16.605000000000004 0 16.500000000000004 -82.149999999999991 1 61.250000000000007 18.500000000000004 2 17.925000000000004 3 37.500000000000007 42.500000000000007 30.450000000000003 55.500000000000007 21.375000000000004 45.500000000000007 26.950000000000003 4 62.915000000000006 21.500000000000004 35.290000000000013
decision_type=10 2 8 10 8 2 2 2 10 10 9 2 2 9 10 2 9 10 9 2 2 2 2 10 2 2 9 10 2 10
left_child=2 -2 3 -1 5 6 7 10 18 -9 -4 12 -7 16 15 -12 19 -10 -8 -14 -16 -20 23 -18 26 -26 27 -25 29 -29
right_child=1 -3 4 -5 -6 11 8 9 17 -11 14 -13 13 -15 20 -17 22 -19 21 -21 -22 -23 -24 24 25 -27 -28 28 -30 -31
leaf_value=-0.0026218632491750607 -0.016259638582362169 -0.0027325276903744202 0.0087674048504140963 0.0098334025617409903 -0.00010048044101163001 -0.0077480079211557753 0.016707908934730398 0.0079913655532735991 -0.012299654383780024 -0.00087995359065708991 -8.2401783986529869e-05 0.0097763126464084586 0.0031993232580703082 -0.003296805396939018 -0.014052616433046028 -0.034624945424413411 0.0019496610740815435 0.0074246824171743777 -0.015048436603404759 0.022497541769876728 -0.03405649118470877 0.0043940355599372261 -0.0018265373476695325 0.022694869024157162 0.013672053493725045 0.0014597482846737009 -0.011023609856965821 0.026068353689270476 0.0015731691894357526 -0.00088404941500610514
leaf_weight=19172 933 2526 531 1658 156062 3729 380 4105 841 18572 2045 2556 240 2323 2130 335 7602 9703 2096 452 820 767 1940 756 1348 476 422 839 3280 592
leaf_count=19172 933 2526 531 1658 156062 3729 380 4105 841 18572 2045 2556 240 2323 2130 335 7602 9703 2096 452 820 767 1940 756 1348 476 422 839 3280 592
internal_value=5.87785e-05 -0.0038772 0.000114329 -0.00132438 0.000247608 0.00106837 9.80276e-05 -0.000977301 0.00232297 0.000363644 -0.00615738 0.00261434 0.00202632 0.00331361 -0.00742056 -0.00297071 0.00407692 0.00403638 -0.00324316 0.0147472 -0.0110135 -0.00504683 0.00363242 0.00433605 0.00686909 0.0141767 0.00458552 0.00576818 0.00407753 0.0113463
internal_weight=249231 3459 245772 20830 224942 68880 42325 28538 13787 22677 5861 26555 23999 20270 5330 2380 17947 10544 3243 692 2950 2863 17255 15315 7713 1824 5889 5467 4711 1431
internal_count=249231 3459 245772 20830 224942 68880 42325 28538 13787 22677 5861 26555 23999 20270 5330 2380 17947 10544 3243 692 2950 2863 17255 15315 7713 1824 5889 5467 4711 1431
cat_boundaries=0 1 2 3 4 5
cat_threshold=4 54 16 152 34
is_linear=0
shrinkage=0.05


Tree=109
num_leaves=31
num_cat=3
split_feature=12 8 12 0 9 11 11 2 8 10 9 4 10 12 10 8 4 8 0 11 10 8 0 11 8 4 10 11 11 0
split_gain=20.3115 19.5838 19.6061 21.5939 22.4366 31.2774 46.7366 46.0023 34.8895 33.0542 21.4298 24.4417 23.2817 19.2471 19.0938 17.1977 32.5707 24.9201 23.4277 47.9471 19.2474 17.0143 96.9984 43.7083 43.5099 36.1496 33.6082 30.6226 69.3499 38.8748
threshold=3.5000000000000004 30.750000000000004 -1.0000000180025095e-35 24.500000000000004 -86.949999999999989 96.885000000000005 98.055000000000021 1.0000000180025095e-35 30.350000000000005 5.9750000000000005 -86.34999999999998 0 31.880000000000006 2.5000000000000004 90.50500000000001 25.250000000000004 1 25.650000000000002 23.500000000000004 107.64000000000001 30.295000000000005 28.850000000000005 52.500000000000007 115.41500000000001 28.150000000000002 2 12.115 118.75000000000001 111.25000000000001 39.500000000000007
decision_type=10 2 8 2 2 10 10 2 2 10 2 9 8 10 10 2 9 2 2 10 8 2 2 8 2 9 8 10 10 2
left_child=1 2 14 13 5 8 7 -7 -5 -8 11 -6 -13 15 -1 16 18 20 19 -4 -17 24 23 25 -12 -23 -25 28 -26 -29
right_child=-2 -3 3 4 10 6 9 -9 -10 -11 21 12 -14 -15 -16 17 -18 -19 -20 -21 -22 22 -24 26 27 -27 -28 29 -30 -31
leaf_value=-0.0017951621119436378 -0.010149445891209209 0.01769084371252223 -0.021874255407349663 -0.016141140733588698 0.009913200679607527 0.0083857194305089876 0.016664067025084162 0.032349518449543126 0.0025366562304494967 -0.0044629019617170142 0.00056330170513607669 0.0078763217562757056 -0.020956020002160528 -0.015482975108540131 -0.011161815939246811 0.0078163515740956591 0.010020926435742972 -0.00091529375812049452 0.0046822421298289285 -0.00028374321343860309 -0.0037324566574392648 -0.007682065607372124 -0.0045787490648131705 0.01537810455600388 -0.0041129746379296788 0.0074664076015139363 -0.001789791198857138 -0.016451435502795597 -0.010675440051730956 0.0013612169701969991
leaf_weight=4372 1545 273 1186 757 468 1370 421 524 2644 1268 124658 296 1144 720 1351 3379 494 65952 625 918 918 505 5595 396 6354 11533 4863 413 762 3527
leaf_count=4372 1545 273 1186 757 468 1370 421 524 2644 1268 124658 296 1144 720 1351 3379 494 65952 625 918 918 505 5595 396 6354 11533 4863 413 762 3527
internal_value=6.96113e-05 0.000105371 9.03311e-05 0.000158875 0.00047341 0.00324564 0.00649875 0.0118697 -0.00019056 0.000441436 0.000352595 -0.00490094 -0.00808219 -0.000551198 -0.00279958 -0.000470864 -0.0040365 -0.000306722 -0.00616588 -0.00870388 0.00337822 0.000416099 0.00167671 0.00352747 0.000203354 0.00518758 -0.000275195 -0.00280137 -0.00475723 0.000734177
internal_weight=249231 247686 247413 241690 167498 6984 3583 1894 3401 1689 160514 1908 1440 74192 5723 73472 3223 70249 2729 2104 4297 158606 22892 17297 135714 12038 5259 11056 7116 3940
internal_count=249231 247686 247413 241690 167498 6984 3583 1894 3401 1689 160514 1908 1440 74192 5723 73472 3223 70249 2729 2104 4297 158606 22892 17297 135714 12038 5259 11056 7116 3940
cat_boundaries=0 1 2 3
cat_threshold=136 2 80
is_linear=0
shrinkage=0.05


Tree=110
num_leaves=31
num_cat=2
split_feature=3 11 9 9 4 9 8 9 8 13 7 9 9 11 11 9 8 8 7 11 5 11 9 9 11 8 8 11 11 9
split_gain=24.0608 48.4968 33.333 28.6298 24.0825 44.7655 35.5096 46.6927 33.817 31.5376 34.6656 28.8545 35.673 36.4686 71.0431 66.5731 69.8224 39.9209 38.586 40.9058 39.6306 31.2033 50.4429 77.3053 57.5045 55.1095 29.8977 29.3081 28.8492 31.0775
threshold=0 89.720000000000013 -86.84999999999998 -86.949999999999989 1 -80.34999999999998 27.650000000000002 -82.149999999999991 26.150000000000002 2005.5000000000002 13.500000000000002 -81.749999999999986 -81.84999999999998 102.75000000000001 108.48500000000001 -82.649999999999991 27.150000000000002 29.650000000000002 17.500000000000004 59.440000000000005 1.5000000000000002 77.085000000000022 -85.84999999999998 -85.749999999999986 57.425000000000004 30.550000000000004 26.350000000000005 108.05500000000002 97.185000000000016 -86.649999999999991
decision_type=9 8 2 2 9 2 2 2 2 2 2 2 2 8 8 2 2 2 2 10 2 10 2 2 10 2 2 8 10 2
left_child=1 -1 3 -3 11 6 7 -6 -7 10 -8 12 13 15 -15 18 -17 -18 20 -20 -2 22 25 -24 -25 -22 27 -14 29 -23
right_child=4 2 -4 -5 5 8 9 -9 -10 -11 -12 -13 26 14 -16 16 17 -19 19 -21 21 28 23 24 -26 -27 -28 -29 -30 -31
leaf_value=-0.0061749945447489912 -0.0094566655562005053 0.01081264710583767 0.0039147483860338282 0.037921356895864379 -0.008547454627434092 0.012343442012283923 0.01266686652494764 0.00037355944997941037 -0.0012294972898430957 0.007009048915142424 -0.0044489942559359898 -0.0014575949361564256 0.0051277941686021407 -0.010637018136800248 -0.00024973913843950868 -0.003710830040788338 0.0066815620212233645 0.030936057087799985 -0.024992432013622157 -0.005286485418784315 -0.024436120348143353 0.0095771662006857387 0.017833272836257085 0.0035079257373915596 -0.029454571059939118 0.020383048620292412 0.009906507035650769 -0.0012935403009779025 -0.0026368046014860094 0.0013395696963651284
leaf_weight=2758 1999 831 10119 327 3317 4802 1860 8415 1809 6318 4627 75987 3502 5046 72105 3480 11092 617 463 5288 1324 5509 246 2423 415 320 3047 4606 2893 3746
leaf_count=2758 1999 831 10119 327 3317 4802 1860 8415 1809 6318 4627 75987 3502 5046 72105 3480 11092 617 463 5288 1324 5509 246 2423 415 320 3047 4606 2893 3746
internal_value=9.28596e-05 0.00210245 0.00355719 0.0115582 -2.72021e-05 0.00126733 0.00028313 -0.00170329 0.00491618 0.002103 -0.000346314 -0.000224859 0.000232965 -2.47914e-05 -0.000659012 0.00120402 0.00380617 0.00565321 -0.000401851 -0.00398368 0.000691025 0.00148052 -0.00196285 0.00180995 -0.000561798 -0.00900846 0.00293327 0.0013427 0.00282119 0.00418241
internal_weight=249291 14035 11277 1158 235256 31148 24537 11732 6611 12805 6487 204108 128121 116966 77151 39815 15189 11709 24626 5751 18875 16876 4728 3084 2838 1644 11155 8108 12148 9255
internal_count=249291 14035 11277 1158 235256 31148 24537 11732 6611 12805 6487 204108 128121 116966 77151 39815 15189 11709 24626 5751 18875 16876 4728 3084 2838 1644 11155 8108 12148 9255
cat_boundaries=0 1 2
cat_threshold=16 86
is_linear=0
shrinkage=0.05


Tree=111
num_leaves=31
num_cat=2
split_feature=3 11 9 9 2 12 9 13 11 8 10 10 3 11 11 13 10 10 10 13 10 7 10 7 10 13 13 13 10 10
split_gain=20.8478 42.6945 30.4017 28.6868 25.8622 29.4725 21.1824 24.2038 25.6094 23.6172 25.0797 20.472 20.613 29.6429 28.8311 24.269 32.5867 46.3623 31.7825 36.2405 31.0815 45.9249 40.1589 33.0541 28.8699 28.8252 28.7929 27.9094 27.1539 26.3906
threshold=0 89.720000000000013 -86.84999999999998 -86.949999999999989 1.0000000180025095e-35 2.5000000000000004 -81.249999999999986 2020.5000000000002 117.08500000000002 27.850000000000005 42.415000000000006 128.71500000000003 1 93.055000000000021 89.720000000000013 2003.5000000000002 96.385000000000019 96.570000000000007 14.360000000000001 2023.5000000000002 20.195000000000004 17.500000000000004 21.375000000000004 24.500000000000004 18.765000000000004 2021.5000000000002 2001.5000000000002 2017.5000000000002 4.04 45.990000000000002
decision_type=9 8 2 2 2 10 2 2 10 2 10 10 9 10 10 2 10 10 8 2 8 2 8 2 10 2 2 2 8 10
left_child=1 -1 3 -3 11 -6 7 9 -9 -4 -11 12 15 14 -14 16 26 -18 19 -17 21 27 25 29 -23 -22 28 -20 -2 -24
right_child=4 2 6 -5 5 -7 -8 8 -10 10 -12 -13 13 -15 -16 18 17 -19 20 -21 22 24 23 -25 -26 -27 -28 -29 -30 -31
leaf_value=-0.0058662448175115459 0.0076627441472873594 0.010272014750545823 -0.0087928954582316542 0.036025289051071142 -0.0013602339937726527 -0.020124807775991641 0.012953359583175407 -9.3702824987218505e-06 0.010346434202980781 0.0073659040035439997 -0.0034486884193684732 -0.0035124078582834174 -0.001167048078980404 -0.0075771612988903671 0.010475778913730905 -0.0013242890164315568 0.018228129949139939 0.0011911340668302019 -0.0058591307671584051 -0.028444510052910623 -0.033869890147280257 0.012050898884783568 0.0030199451991402173 0.017750126060111972 0.027993484490776144 -0.0040252812465393362 -0.015947953941442352 0.0032736045388528368 -0.0011698529788065405 0.00033767295994788785
leaf_weight=2758 643 831 1832 327 37723 556 973 1579 2123 2019 1593 4817 23303 5332 2362 8185 1099 2843 1242 488 232 2598 31228 629 454 3153 895 5319 47320 54835
leaf_count=2758 643 831 1832 327 37723 556 973 1579 2123 2019 1593 4817 23303 5332 2362 8185 1099 2843 1242 488 232 2598 31228 629 454 3153 895 5319 47320 54835
internal_value=8.24305e-05 0.00195304 0.00331798 0.0109589 -2.93273e-05 -0.00121837 0.00243361 0.00168196 0.00479526 -0.000440044 0.00190502 0.00020179 0.000282562 -0.000897895 -0.000192795 0.000509669 -0.000369248 0.00399798 0.000937964 -0.00196361 0.00119057 0.00389172 0.000901906 0.0011107 0.0089484 -0.00443299 -0.000722354 0.00152945 -0.000555521 0.00102645
internal_weight=249291 14035 11277 1158 235256 38279 10119 9146 3702 5444 3612 196977 192160 30997 25665 161163 52800 3942 108363 8673 99690 9613 90077 86692 3052 3385 48858 6561 47963 86063
internal_count=249291 14035 11277 1158 235256 38279 10119 9146 3702 5444 3612 196977 192160 30997 25665 161163 52800 3942 108363 8673 99690 9613 90077 86692 3052 3385 48858 6561 47963 86063
cat_boundaries=0 1 2
cat_threshold=16 12
is_linear=0
shrinkage=0.05


Tree=112
num_leaves=31
num_cat=1
split_feature=0 7 8 9 2 0 9 8 7 12 3 8 13 8 9 8 7 13 0 13 0 7 0 13 9 11 8 7 8 9
split_gain=20.5782 32.7255 28.3989 27.0813 42.9421 25.0308 23.0736 20.8552 20.4512 17.7829 17.2724 35.4919 36.7668 41.1166 35.2448 32.4477 27.9475 47.8039 27.7614 33.3864 26.8329 24.2108 24.1665 21.7841 27.6486 21.4934 21.0154 19.685 49.9383 35.3916
threshold=69.500000000000014 14.500000000000002 26.050000000000004 -81.649999999999991 1.0000000180025095e-35 18.500000000000004 -80.149999999999991 27.450000000000003 18.500000000000004 1.0000000180025095e-35 0 25.950000000000003 2022.5000000000002 28.250000000000004 -87.249999999999986 25.750000000000004 17.500000000000004 2002.5000000000002 37.500000000000007 2013.5000000000002 23.500000000000004 18.500000000000004 58.500000000000007 1979.5000000000002 -82.549999999999983 132.69000000000003 27.850000000000005 12.500000000000002 24.650000000000002 -84.949999999999989
decision_type=2 2 2 2 2 2 2 2 2 8 9 2 2 2 2 2 2 2 2 2 2 2 2 2 2 10 2 2 2 2
left_child=5 2 -2 4 9 6 -1 -4 -8 -3 14 15 13 18 -7 16 -12 -18 19 23 -19 25 -14 -13 26 27 -25 28 -16 -30
right_child=1 3 7 -5 -6 10 8 -9 -10 -11 11 12 22 -15 21 -17 17 20 -20 -21 -22 -23 -24 24 -26 -27 -28 -29 29 -31
leaf_value=-0.0016126539218053626 -0.010208769220804825 -0.0079411422846213508 0.0082407802807282771 -0.012027816479396325 0.013572223949111662 0.012677612815060347 0.029894924221833333 -0.0020951691978868593 0.0023361298383364204 -0.0016953237563000379 -0.0066395696090800985 0.0044715574252130351 0.0082864535025580117 5.6714949185554536e-05 -0.02562479236266171 0.010323786423901993 -0.0026548587197484431 0.03268991660700591 -0.012114811730238451 0.0066176144978832953 0.0071610133618325916 0.0033181398668207687 -0.0039419659032922548 -0.034528132436184092 -0.0056341015760078775 -0.0036649873339320571 -0.0091167258801258654 0.00069583826153252204 0.013059643189282788 -0.0012012741061955712
leaf_weight=46902 813 1255 1960 2143 810 2026 450 796 944 3933 2131 1193 2445 14070 480 3581 1539 391 3935 1569 366 24494 904 404 5940 3104 480 99275 1282 19676
leaf_count=46902 813 1255 1960 2143 810 2026 450 796 944 3933 2131 1193 2445 14070 480 3581 1539 391 3935 1569 366 24494 904 404 5940 3104 480 99275 1282 19676
internal_value=8.28316e-05 -0.00196246 0.00202571 -0.0037112 -0.00198069 0.000183719 -0.000832195 0.00444685 0.00548433 -0.00365525 0.000442959 -0.000495278 -0.00126333 -0.00186406 0.000686034 0.00246944 -0.000394411 0.00342585 -0.00383194 -0.00237599 0.0136245 0.000596342 0.00367669 -0.00368133 -0.00477027 0.000312129 -0.0129754 0.000417899 -0.0009558 -0.000586608
internal_weight=249291 11710 3569 8141 5998 237581 48296 2756 1394 5188 189285 38948 30940 27591 150337 8008 4427 2296 13521 9586 757 148311 3349 8017 6824 123817 884 120713 21438 20958
internal_count=249291 11710 3569 8141 5998 237581 48296 2756 1394 5188 189285 38948 30940 27591 150337 8008 4427 2296 13521 9586 757 148311 3349 8017 6824 123817 884 120713 21438 20958
cat_boundaries=0 1
cat_threshold=20
is_linear=0
shrinkage=0.05


Tree=113
num_leaves=31
num_cat=2
split_feature=4 11 11 0 8 8 0 5 0 8 11 8 8 9 0 4 9 9 13 13 2 8 9 8 8 11 0 7 9 2
split_gain=23.3238 30.7366 47.2663 36.6877 40.3745 32.1742 41.2201 27.0103 26.5655 25.9543 32.0764 21.759 19.906 17.3398 16.9153 32.1719 22.1141 24.1021 32.8816 43.7482 29.103 19.0225 28.6697 21.2869 18.7089 32.4388 18.1111 28.2939 25.5921 27.9918
threshold=0 132.69000000000003 118.75000000000001 39.500000000000007 26.450000000000003 27.650000000000002 47.500000000000007 3.5000000000000004 26.500000000000004 28.850000000000005 89.165000000000006 27.450000000000003 30.750000000000004 -82.749999999999986 9.5000000000000018 1 -80.149999999999991 -85.34999999999998 1998.5000000000002 1992.5000000000002 1.0000000180025095e-35 30.250000000000004 -86.549999999999983 30.450000000000003 28.350000000000005 61.865000000000009 69.500000000000014 14.500000000000002 -82.649999999999991 1.0000000180025095e-35
decision_type=9 10 10 2 2 2 2 2 2 2 10 2 2 2 2 9 2 2 2 2 2 2 2 2 2 8 2 2 2 2
left_child=1 2 5 8 -5 7 9 11 -4 13 -11 -1 14 -7 15 -2 17 20 19 -19 21 -17 23 -23 -20 -26 -16 -28 29 -29
right_child=12 -3 3 4 -6 6 -8 -9 -10 10 -12 -13 -14 -15 26 16 -18 18 24 -21 -22 22 -24 -25 25 -27 27 28 -30 -31
leaf_value=0.00087709106966187282 0.0065371235545629075 -0.0075404185740610254 0.010786587503468682 0.034561284076723986 0.0045307519024122556 -0.021763402452441571 0.018936560205624176 -0.023192472288045531 -0.001559284549071105 -0.0029553686389324875 0.044300734086519356 -0.02219276398087491 0.017794645863785697 0.010144257058937668 0.00024146431541938185 0.021208371525034766 0.016366217213041833 -0.0044653408090429723 -0.0021482477724378058 -0.026174744880027002 -0.0059337970740550366 0.0038791570096690545 -0.018895064222079583 0.021891686207432138 0.002814974558351935 -0.021612807999145424 0.0023028563822212965 -0.00096121738310568367 -0.0067251174713421243 0.015206199629576301
leaf_weight=3081 2473 507 521 461 524 478 845 330 888 283 204 281 273 234 211314 497 336 1389 6971 1338 1708 1113 349 287 427 596 3519 2702 5058 304
leaf_count=3081 2473 507 521 461 524 478 845 330 888 283 204 281 273 234 211314 497 336 1389 6971 1338 1708 1113 349 287 427 596 3519 2702 5058 304
internal_value=8.96507e-05 0.00263948 0.00339066 0.00927621 0.0166332 0.000922381 0.00593963 -0.00186386 0.00405215 -4.13565e-05 0.00875252 -0.000504152 -2.0775e-06 -0.00609418 -1.76795e-05 -0.00151481 -0.00238507 -0.00267961 -0.00390923 -0.00864085 0.000655903 0.0043883 0.00190449 0.00510638 -0.00228636 -0.00856728 9.98174e-05 -0.00182438 -0.00345554 0.000198939
internal_weight=249291 8637 8130 2394 985 5736 2044 3692 1409 1199 487 3362 240654 712 240381 17484 15011 14675 10721 2727 3954 2246 1749 1400 7994 1023 222897 11583 8064 3006
internal_count=249291 8637 8130 2394 985 5736 2044 3692 1409 1199 487 3362 240654 712 240381 17484 15011 14675 10721 2727 3954 2246 1749 1400 7994 1023 222897 11583 8064 3006
cat_boundaries=0 1 2
cat_threshold=32 140
is_linear=0
shrinkage=0.05


Tree=114
num_leaves=31
num_cat=2
split_feature=4 12 11 11 10 0 10 0 8 10 2 8 8 10 10 10 10 0 4 10 13 8 8 2 8 11 13 0 2 13
split_gain=21.1619 29.6945 33.8852 49.9427 45.0033 30.6152 28.7864 24.2456 23.502 22.2718 20.2373 19.911 17.6365 16.8505 21.5636 18.1352 16.2905 16.0736 26.475 20.8032 20.103 30.4345 26.9223 30.4783 23.3661 18.1445 17.185 15.6372 21.7959 37.5775
threshold=0 1.0000000180025095e-35 118.75000000000001 132.69000000000003 21.375000000000004 39.500000000000007 24.435000000000006 41.500000000000007 26.350000000000005 127.23 1.0000000180025095e-35 30.750000000000004 27.250000000000004 105.16000000000001 95.295000000000016 69.715000000000018 147.58500000000004 9.5000000000000018 1 27.065000000000001 1998.5000000000002 30.350000000000005 26.050000000000004 1.0000000180025095e-35 28.350000000000005 61.865000000000009 1994.5000000000002 72.500000000000014 1.0000000180025095e-35 2022.5000000000002
decision_type=9 8 10 10 10 2 8 2 2 10 2 2 2 8 10 10 10 2 9 8 2 2 2 2 2 8 2 2 2 2
left_child=1 -1 6 4 10 -6 -3 8 -8 13 -4 16 -11 14 15 -9 17 18 19 -2 22 24 26 -24 -22 -26 -20 -19 -29 -30
right_child=11 2 3 -5 5 -7 7 9 -10 12 -12 -13 -14 -15 -16 -17 -18 27 20 -21 21 -23 23 -25 25 -27 -28 28 29 -31
leaf_value=0.015461375169177494 0.015790135467156043 -0.022331288329951883 0.010302161376643771 -0.0068063088200087662 0.0070920966344525833 0.020912124813276558 0.010888107997043229 -0.0057671622203921309 -0.012048155793243077 0.014201139473744462 -0.014470700881410538 0.016904913570596404 -0.0096348643980917366 0.0075569676987155892 -0.0095358162543528035 0.032360548254513337 -0.021494092806749521 0.00022810048264636508 -0.0083615115417557291 0.0018927920130867638 -0.001790257271298934 0.0075657713936986507 -0.00089408577034895138 -0.01691550492663918 0.0023762008122997003 -0.015591827921154345 -0.032392410938536557 -0.0041318883178051991 -0.0036387726415580083 0.01712645855986308
leaf_weight=954 605 314 772 473 638 635 355 323 1216 296 266 273 485 1303 339 268 265 214507 521 1866 7165 1711 2681 951 402 1191 355 6266 1278 617
leaf_count=954 605 314 772 473 638 635 355 323 1216 296 266 273 485 1303 339 268 265 214507 521 1866 7165 1711 2681 951 402 1191 355 6266 1278 617
internal_value=8.36338e-05 0.00251242 0.00147537 0.00586972 0.00889703 0.0151598 -0.00102872 -1.08814e-05 -0.00502846 0.00261243 0.00114504 -3.7395e-06 -0.00461441 0.00514935 0 0.00574043 -1.93435e-05 -5.41382e-06 -0.00146638 0.00331192 -0.00225712 -0.00105449 -0.00504648 -0.00313015 -0.00224681 -0.0077043 -0.0128668 0.000109126 -0.00203769 0.00265092
internal_weight=249291 8637 7683 2784 2311 1273 4899 4585 1571 3014 1038 240654 781 2233 930 591 240381 240116 17448 2471 14977 10469 4508 3632 8758 1593 876 222668 8161 1895
internal_count=249291 8637 7683 2784 2311 1273 4899 4585 1571 3014 1038 240654 781 2233 930 591 240381 240116 17448 2471 14977 10469 4508 3632 8758 1593 876 222668 8161 1895
cat_boundaries=0 1 2
cat_threshold=32 140
is_linear=0
shrinkage=0.05


Tree=115
num_leaves=31
num_cat=2
split_feature=10 4 11 7 10 9 0 10 9 0 7 0 10 10 2 0 0 10 4 0 10 10 0 7 9 10 10 7 9 12
split_gain=20.5634 18.8829 27.5445 52.1469 51.0024 46.2489 42.209 36.9914 28.1728 28.1189 27.2828 24.5551 26.6431 22.8597 23.1394 21.8531 20.7278 15.7393 15.353 20.9924 20.6522 19.2031 15.086 20.4089 32.2912 14.8735 19.1925 16.4112 18.2844 14.8735
threshold=146.27500000000003 0 132.69000000000003 14.500000000000002 25.785000000000004 -82.049999999999983 46.500000000000007 119.56500000000001 -82.749999999999986 40.500000000000007 15.500000000000002 53.500000000000007 101.04500000000002 24.535 1.0000000180025095e-35 45.500000000000007 36.500000000000007 33.920000000000009 1 44.500000000000007 50.155000000000008 17.820000000000004 7.5000000000000009 18.500000000000004 -82.449999999999989 87.375000000000014 41.005000000000003 13.500000000000002 -82.749999999999986 -1.0000000180025095e-35
decision_type=10 9 8 2 10 2 2 10 2 2 2 2 10 10 2 2 2 10 9 2 10 8 2 2 2 8 10 2 2 8
left_child=1 2 3 5 -5 7 8 -1 16 -10 -4 -8 -13 14 -7 -9 -6 -15 19 20 21 -3 23 -20 -25 26 -21 -27 -29 -24
right_child=-2 18 10 4 6 13 11 15 9 -11 -12 12 -14 17 -16 -17 -18 -19 22 25 -22 -23 29 24 -26 27 -28 28 -30 -31
leaf_value=-0.020560395850897351 -0.011855715617270769 -0.020656451213397809 0.00907644278848041 0.041062646743546517 0.0024646309674474678 0.012741754008396456 0.015540925427921515 -0.017457215096444403 0.00083403015341745326 0.025169638878483714 -0.0086194998335681113 -0.0080189080997836292 0.015837083401480666 0.01045620550881976 -0.014253563298379391 0.0032143797184462034 -0.030756947961638484 0.0031668649687823349 -0.00063928102034562786 -0.0010807469529100723 -0.0226299019098712 -0.0021268352457248342 -0.0034928052881368467 -0.032127299261014743 -0.0040268038956155832 0.0043195202838026692 0.016546842853170717 0.00010325413015594976 -0.010027234578660595 0.00020186492900844402
leaf_weight=923 753 203 397 387 234 832 889 262 928 292 858 202 236 342 346 824 329 210 10282 465 349 971 5107 401 2432 572 302 384 484 218102
leaf_count=923 753 203 397 387 234 832 889 262 928 292 858 202 236 342 346 824 329 210 10282 465 349 971 5107 401 2432 572 302 384 484 218102
internal_value=4.41221e-06 2.95709e-05 0.00234403 0.00353298 0.00791275 -0.000573486 0.00573718 -0.00572065 0.000697156 0.00495935 -0.0044664 0.0124533 0.00267857 0.0054023 0.00143098 0.000547445 -0.00846422 0.0137011 -5.24838e-05 -0.00322667 -0.00772994 -0.00447635 -2.11556e-06 -0.00164952 -0.00539923 -0.000112765 0.00546976 -0.00310345 -0.00740319 9.475e-05
internal_weight=249298 248545 8491 7236 3497 3739 3110 2009 1783 1220 1255 1327 438 1730 1178 1086 563 552 240054 3730 1523 1174 236324 13115 2833 2207 767 1440 868 223209
internal_count=249298 248545 8491 7236 3497 3739 3110 2009 1783 1220 1255 1327 438 1730 1178 1086 563 552 240054 3730 1523 1174 236324 13115 2833 2207 767 1440 868 223209
cat_boundaries=0 1 2
cat_threshold=32 64
is_linear=0
shrinkage=0.05


Tree=116
num_leaves=31
num_cat=4
split_feature=10 2 4 4 11 10 11 10 10 11 4 9 9 10 7 9 11 12 13 4 13 11 10 12 10 10 9 13 9 11
split_gain=19.9011 17.8235 39.6613 36.2201 25.3408 45.2581 35.8301 27.0791 32.2478 23.603 21.9278 21.7539 19.8758 32.2054 18.3468 29.5975 25.9194 18.0515 17.0271 16.8703 31.2017 29.6577 35.3172 16.6416 15.9022 19.4077 15.8102 29.7144 17.8304 39.7671
threshold=146.27500000000003 1.0000000180025095e-35 0 1 109.36000000000001 35.830000000000005 132.69000000000003 90.50500000000001 21.375000000000004 42.555000000000007 2 -87.449999999999989 -87.149999999999991 27.760000000000002 13.500000000000002 -84.249999999999986 90.160000000000011 2.5000000000000004 1995.5000000000002 3 2003.5000000000002 85.680000000000021 106.34000000000002 1.0000000180025095e-35 10.200000000000001 12.125000000000002 -82.549999999999983 2007.5000000000002 -86.949999999999989 90.160000000000011
decision_type=10 2 9 9 10 8 10 10 10 8 9 2 2 8 2 2 10 10 2 9 2 8 10 8 10 10 2 2 2 10
left_child=1 3 9 4 5 -1 7 8 -6 -3 14 -4 13 -13 -5 16 -16 24 -11 20 -17 -21 -23 -22 -14 -26 28 -28 29 -27
right_child=-2 2 11 10 6 -7 -8 -9 -10 18 -12 12 17 -15 15 19 -18 -19 -20 21 23 22 -24 -25 25 26 27 -29 -30 -31
leaf_value=-0.033063409059855033 -0.011262929836407221 -0.033282452557084244 -0.026445828735062626 0.0021255170804715729 0.012206828892612355 0.0060805526013544059 -0.0064773406243571864 0.0030614597954575552 0.011862948772119708 0.022989348556064826 0.00031323573635511082 -0.007784634337251007 -0.0055889168316177523 0.017869707706595152 0.0070905107035450499 -0.0066265495794163524 -0.022819016498564972 -0.017213250750328202 0.0025502678590700436 -0.017799881161475996 -0.0045112103847297471 -0.00015103417073993877 -0.013141825258362161 0.0086287796197361821 0.016782700908465831 -0.015714950203201995 -0.0048802878167124144 0.0014236248087905246 -0.0046232304687776615 0.01890986151859915
leaf_weight=400 753 230 261 3102 803 1259 354 1875 796 786 186467 757 6869 941 269 3224 871 388 6125 535 471 2516 551 1733 437 431 4617 11637 9006 834
leaf_count=400 753 230 261 3102 803 1259 354 1875 796 786 186467 757 6869 941 269 3224 871 388 6125 535 471 2516 551 1733 437 431 4617 11637 9006 834
internal_value=2.40666e-06 2.7157e-05 -0.00089432 0.000221696 0.0042219 -0.0009287 0.0064617 0.00800804 0.0127719 0.00250663 0.000111384 -0.00156638 -0.0014599 0.00380562 -0.00185074 -0.00287819 -0.0104348 -0.00172222 0.00304147 -0.00191372 -0.000146843 -0.00455549 -0.00264868 0.00442638 -0.00159718 -0.00104924 -0.00122291 -0.000252091 -0.00275751 0.00278431
internal_weight=249298 248545 43319 205226 5487 1659 3828 3474 1599 7141 199739 36178 35917 1698 13272 10170 1140 34219 6911 9030 5428 3602 3067 2204 33831 26962 26525 16254 10271 1265
internal_count=249298 248545 43319 205226 5487 1659 3828 3474 1599 7141 199739 36178 35917 1698 13272 10170 1140 34219 6911 9030 5428 3602 3067 2204 33831 26962 26525 16254 10271 1265
cat_boundaries=0 1 2 3 4
cat_threshold=156 32 88 8
is_linear=0
shrinkage=0.05


Tree=117
num_leaves=31
num_cat=2
split_feature=10 4 13 13 0 10 11 0 7 10 10 9 10 0 10 7 10 0 7 4 0 10 13 10 7 0 9 2 11 2
split_gain=18.653 16.9832 30.3706 26.5466 45.3006 58.737 42.6448 22.1714 31.1214 29.5852 19.4151 28.5686 26.1058 26.5837 20.2558 19.3206 18.515 16.6429 15.6738 12.2365 18.2425 17.8496 17.3532 16.52 15.1586 12.8019 27.3967 30.6042 27.2575 16.4602
threshold=146.27500000000003 0 2015.5000000000002 2023.5000000000002 45.500000000000007 33.400000000000006 132.69000000000003 54.500000000000007 12.500000000000002 107.91500000000001 15.635000000000003 -81.949999999999989 21.125000000000004 34.500000000000007 33.425000000000004 13.500000000000002 27.760000000000002 33.500000000000007 14.500000000000002 1 44.500000000000007 50.155000000000008 2023.5000000000002 17.820000000000004 12.500000000000002 77.500000000000014 -81.649999999999991 1.0000000180025095e-35 49.585000000000008 1.0000000180025095e-35
decision_type=10 9 2 2 2 8 10 2 2 8 8 2 8 2 10 2 8 2 2 9 2 10 2 8 2 2 2 2 10 2
left_child=1 2 -1 6 15 -6 10 -7 -9 -10 -4 16 13 -13 17 -5 18 -14 -12 20 21 23 -22 -3 -24 29 27 28 -27 -21
right_child=-2 19 3 4 5 7 -8 8 9 -11 11 12 14 -15 -16 -17 -18 -19 -20 25 22 -23 24 -25 -26 26 -28 -29 -30 -31
leaf_value=-0.015775756361527015 -0.010699783344586856 -0.019729904506751519 -0.0046002996148451379 -0.017998651291351832 -0.036601742664973937 0.0081771783320443003 -0.0062733249137879813 -0.012260308736506699 -0.0069621095740623144 0.01494415044824029 0.026260282441446538 0.027798277398645866 0.0030341334167055759 -0.015712604364772842 0.0070272991183013113 -0.0031079260469829787 0.007811505248000828 0.038379857636699113 0.041898707976259081 0.00031053696316405425 0.0060476824018079528 -0.021490855105840635 0.0077783712272821333 -0.0021267693374621643 -0.0031199408744125193 0.012152882374144093 -0.012850282077539977 0.013944357645670903 -0.0050034767456984324 -0.0011610070321341759
leaf_weight=286 753 203 470 513 254 1597 508 204 203 249 270 217 255 254 1017 1381 237 243 333 193186 702 349 321 971 1184 388 1530 699 1918 38603
leaf_count=286 753 203 470 513 254 1597 508 204 203 249 270 217 255 254 1017 1381 237 243 333 193186 702 349 321 971 1184 388 1530 699 1918 38603
internal_value=7.6211e-06 3.15825e-05 0.00222653 0.00279367 0.000147359 0.00454907 0.00584688 0.00713654 -0.000600601 0.00670996 0.00792498 0.00948519 0.00616232 -0.00405405 0.00934426 -0.00567227 0.0171765 0.0175197 0.0217781 -4.62357e-05 -0.00288 -0.00707763 2.2553e-05 -0.00405405 -0.0030033 -1.26934e-06 -0.00262926 0.000149254 -0.00263385 5.02591e-05
internal_weight=249298 248545 8491 8205 4401 2507 3804 2253 656 452 3296 2826 1986 471 1515 1894 840 498 603 240054 3730 1523 2207 1174 1505 236324 4535 3005 2306 231789
internal_count=249298 248545 8491 8205 4401 2507 3804 2253 656 452 3296 2826 1986 471 1515 1894 840 498 603 240054 3730 1523 2207 1174 1505 236324 4535 3005 2306 231789
cat_boundaries=0 1 2
cat_threshold=32 64
is_linear=0
shrinkage=0.05


Tree=118
num_leaves=31
num_cat=2
split_feature=3 0 8 9 4 13 10 6 10 8 10 0 7 9 10 10 10 10 8 8 12 8 7 9 8 0 6 13 8 10
split_gain=19.7976 25.9098 33.8776 26.141 21.8572 31.7219 18.6297 21.6723 20.6959 18.2699 18.0575 16.3581 32.7897 60.8543 43.5653 59.1791 34.504 32.6228 40.548 37.1004 29.8259 25.6995 22.8653 21.2878 19.4471 22.9105 19.5659 17.6939 34.0376 36.4969
threshold=0 48.500000000000007 30.350000000000005 -80.34999999999998 1 2020.5000000000002 65.485000000000014 2.5000000000000004 31.385000000000002 28.050000000000004 147.58500000000004 62.500000000000007 14.500000000000002 -82.649999999999991 117.38000000000001 123.30500000000002 54.385000000000012 86.830000000000013 27.450000000000003 27.150000000000002 1.0000000180025095e-35 29.950000000000003 12.500000000000002 -80.84999999999998 26.650000000000002 82.500000000000014 2.5000000000000004 2013.5000000000002 24.650000000000002 15.290000000000001
decision_type=9 2 2 2 9 2 10 2 8 2 10 2 2 2 10 10 8 8 2 2 10 2 2 2 2 2 2 2 2 8
left_child=1 2 3 -1 -3 -6 7 8 -4 -7 11 27 17 20 16 -16 -15 24 19 22 -14 23 -19 -18 26 -26 -13 28 29 -2
right_child=10 4 6 -5 5 9 -8 -9 -10 -11 -12 12 13 14 15 -17 21 18 -20 -21 -22 -23 -24 -25 25 -27 -28 -29 -30 -31
leaf_value=-0.00085252827343387241 -0.020537850865253574 -0.0022472267735293983 -0.010422363474259689 0.030821124835842276 -0.0022854591317537309 0.01455008244274545 -0.0061427413609672857 0.031224939553192145 0.019300148742795998 0.00011556114557249587 -0.022425945697330276 -0.021361115539352896 -0.0032341898103194211 -0.00090307932722484281 0.0045761859957092815 -0.012549537092027574 -0.0089955720293509074 -0.0069646336357048538 -0.0032006987964633641 0.013139229078282756 0.0022820451940305021 0.0029098032691910803 0.0055636280752976225 -0.0050353623838308437 -0.010298201749218805 0.012435549457919049 0.0054251629085269931 0.00059382516551433897 -0.00084558820473863434 0.0072565779494269123
leaf_weight=9850 417 637 216 318 504 1147 215 605 325 224 228 202 1819 2144 1743 309 4775 563 1111 964 4902 632 2517 1377 1399 252 965 97497 108106 3335
leaf_count=9850 417 637 216 318 504 1147 215 605 325 224 228 202 1819 2144 1743 309 4775 563 1111 964 4902 632 2517 1377 1399 252 965 97497 108106 3335
internal_value=8.82443e-06 0.00183131 0.000827628 -0.000167027 0.00642347 0.0091029 0.00820569 0.0107266 0.00335753 0.0130702 -0.000100095 -8.61559e-05 -0.00127706 -0.00247586 -0.00476797 0.00179437 -0.00627657 0.00138419 0.00374637 0.00606808 0.00127024 -0.00802178 0.0033657 -0.00900682 -0.00293494 -0.0064118 0.0019966 5.99432e-05 -0.000369185 0.00430622
internal_weight=249298 14041 11529 10168 2512 1875 1361 1146 541 1371 235257 235029 25674 17701 10980 2052 8928 7973 5155 4044 6721 6784 3080 6152 2818 1651 1167 209355 111858 3752
internal_count=249298 14041 11529 10168 2512 1875 1361 1146 541 1371 235257 235029 25674 17701 10980 2052 8928 7973 5155 4044 6721 6784 3080 6152 2818 1651 1167 209355 111858 3752
cat_boundaries=0 1 2
cat_threshold=16 204
is_linear=0
shrinkage=0.05


Tree=119
num_leaves=31
num_cat=2
split_feature=10 8 2 4 4 11 11 10 11 10 9 13 9 13 13 9 10 10 10 10 7 10 10 9 9 10 8 9 11 8
split_gain=16.8248 15.7967 16.7476 36.4084 31.7168 23.3565 22.733 40.7881 30.245 23.5582 20.7665 19.5965 35.6129 26.6878 23.7359 19.2339 24.9633 19.0502 48.2877 25.6872 20.6437 35.9559 33.5727 51.238 28.8109 25.6247 24.6099 21.7123 19.809 46.5543
threshold=146.27500000000003 30.750000000000004 1.0000000180025095e-35 0 1 42.555000000000007 109.36000000000001 35.830000000000005 132.69000000000003 117.12500000000001 -87.449999999999989 2000.5000000000002 -87.149999999999991 2004.5000000000002 1992.5000000000002 -82.749999999999986 21.375000000000004 125.25500000000001 122.43500000000002 120.86500000000002 13.500000000000002 45.480000000000011 45.235000000000007 -85.449999999999989 -85.049999999999983 108.94500000000001 30.450000000000003 -80.249999999999986 52.085000000000008 29.950000000000003
decision_type=10 2 2 9 9 8 10 8 10 10 2 2 2 2 2 2 10 10 10 10 2 8 10 2 2 10 2 2 8 2
left_child=1 2 4 5 6 -4 7 -1 9 15 -5 14 13 -13 -12 -8 -17 18 19 20 27 22 23 26 -25 28 -22 -14 29 -23
right_child=-2 -3 3 10 -6 -7 8 -9 -10 -11 11 12 17 -15 -16 16 -18 -19 -20 -21 21 25 -24 24 -26 -27 -28 -29 -30 -31
leaf_value=-0.031017402915562233 -0.009818257673071696 0.017273815404440906 -0.031589970835899005 -0.025095178204978464 0.00013083655931902526 0.0036694576444087803 0.0037080403990032099 0.0053912163591199663 -0.0058694986057256319 0.0007386586747444746 0.012197584279636509 0.023556705171636508 -0.0059480245117351505 -0.0018945281000169345 -0.0092727218649051764 0.011536460687703887 0.010726088763836562 0.0092918909474158269 -0.029705681055562306 0.021179306801021803 -0.01885443770340052 -0.01443172661043053 0.039286890860303993 0.021488427911659971 0.0026875625327899225 0.0072118542303325484 0.0070852990861959069 0.017307677768137176 -0.004574339729209953 0.016396680373037053
leaf_weight=400 753 273 228 261 199557 6907 465 1259 354 1016 356 739 7684 623 4537 803 1190 931 260 323 907 470 227 517 6105 846 329 236 9969 773
leaf_count=400 753 273 228 261 199557 6907 465 1259 354 1016 356 739 7684 623 4537 803 1190 931 260 323 907 470 227 517 6105 846 329 236 9969 773
internal_value=8.42332e-06 3.11802e-05 1.77218e-05 -0.000876544 0.000206287 0.00238295 0.00394952 -0.0009287 0.00607087 0.00749139 -0.00152161 -0.00141733 -0.000951565 0.0069242 -0.00435448 0.0101297 0.0122566 -0.00131646 -0.00154592 -0.00134526 -0.00150857 -0.00065747 0.00192094 0.00135994 0.00310615 -0.00238648 -0.00794543 -0.00366961 -0.00302085 0.00291301
internal_weight=249298 248545 248272 43228 205044 7135 5487 1659 3828 3474 36093 35832 30939 1362 4893 2458 1993 29577 28646 28386 28063 20143 8085 7858 6622 12058 1236 7920 11212 1243
internal_count=249298 248545 248272 43228 205044 7135 5487 1659 3828 3474 36093 35832 30939 1362 4893 2458 1993 29577 28646 28386 28063 20143 8085 7858 6622 12058 1236 7920 11212 1243
cat_boundaries=0 1 2
cat_threshold=156 32
is_linear=0
shrinkage=0.05


Tree=120
num_leaves=31
num_cat=2
split_feature=12 11 4 13 4 8 11 11 0 11 8 0 0 2 0 0 10 10 10 0 10 10 10 12 10 13 11 8 8 8
split_gain=18.2063 25.3051 16.4938 16.9559 15.6673 33.9061 39.76 27.5528 27.8278 24.2094 34.137 37.0143 21.0191 19.2098 17.1189 17.5422 17.5617 15.3529 19.1912 14.7919 14.1912 13.9489 12.9693 12.6495 20.3589 18.1746 16.143 46.6783 47.1302 34.1815
threshold=3.5000000000000004 41.250000000000007 0 2024.5000000000002 1 28.850000000000005 89.165000000000006 117.08500000000002 42.500000000000007 136.12000000000003 26.450000000000003 34.500000000000007 52.500000000000007 1.0000000180025095e-35 28.500000000000004 50.500000000000007 20.955000000000002 69.680000000000021 133.49500000000003 25.500000000000004 117.38000000000001 147.58500000000004 99.655000000000015 -1.0000000180025095e-35 45.480000000000011 1994.5000000000002 103.04000000000001 27.050000000000004 25.950000000000003 28.150000000000002
decision_type=10 10 9 2 9 2 10 10 2 10 2 2 2 2 2 2 10 8 10 2 8 10 10 8 10 2 8 2 2 2
left_child=2 -2 -1 4 5 7 -7 8 -4 10 11 19 -10 14 -12 16 -16 -14 20 -9 -19 23 -18 24 25 -6 27 28 -25 -29
right_child=1 -3 3 -5 21 6 -8 9 12 -11 13 -13 17 -15 15 -17 22 18 -20 -21 -22 -23 -24 26 -26 -27 -28 29 -30 -31
leaf_value=-0.0024481106670536158 -0.0011302906028074044 -0.026526948301050759 -0.010540845986219339 -0.02110066391847152 0.020695804016174792 0.0011801555305736679 0.024259341813921156 0.014358477622516653 0.0043999948599867892 -0.0051337014384120749 0.0099596386069929835 0.024106095349324265 -0.032352524781491664 -0.0093997303044868648 0.013301299796575128 0.009267684054468539 -0.02070091032927799 -0.0034863177963869955 -0.0070262056523130671 -0.006243901581001055 0.018278694771051197 -0.019030724341284791 4.3155640000946963e-05 0.00096529908345628363 -0.0071357757144918654 -0.00055750903806339736 -0.00028648778516604523 0.0045571995418041134 -0.0047939087133562989 0.00081015643145554428
leaf_weight=3738 1028 526 1573 243 247 387 373 221 1350 493 252 590 202 636 388 499 246 283 401 285 217 241 293 17359 2834 2489 133860 21187 13137 43392
leaf_count=3738 1028 526 1573 243 247 387 373 221 1350 493 252 590 202 636 388 499 246 283 401 285 217 241 293 17359 2834 2489 133860 21187 13137 43392
internal_value=6.82786e-06 -0.00537084 4.08203e-05 9.15067e-05 0.000104952 0.00218739 0.0122078 0.00121552 -0.00168484 0.00420394 0.00570175 0.0129295 0.00164434 0.00223752 0.00503555 0.00285515 -0.00122732 -0.00345912 -0.000603732 0.00290698 0.00588235 2.76871e-05 -0.00701275 4.02959e-05 -0.00231183 0.000764749 9.76217e-05 0.000595783 -0.00101619 0.00135704
internal_weight=248970 1554 247416 243678 243435 8689 760 7929 4026 3903 3410 1096 2453 2314 1678 1426 927 1103 901 506 500 234746 539 234505 5570 2736 228935 95075 30496 64579
internal_count=248970 1554 247416 243678 243435 8689 760 7929 4026 3903 3410 1096 2453 2314 1678 1426 927 1103 901 506 500 234746 539 234505 5570 2736 228935 95075 30496 64579
cat_boundaries=0 1 2
cat_threshold=64 32
is_linear=0
shrinkage=0.05


Tree=121
num_leaves=31
num_cat=2
split_feature=4 8 11 10 10 8 7 10 6 12 11 4 12 10 8 12 10 7 10 11 8 9 8 9 8 11 10 10 11 8
split_gain=16.5126 32.4949 37.9535 26.7532 44.3983 27.2456 21.4063 18.2648 16.6938 14.81 23.156 14.3784 14.1231 12.0736 11.879 14.41 15.4538 16.5523 14.458 14.3014 41.0071 53.3837 73.4126 41.8669 41.6401 41.3442 51.8575 66.5061 64.1048 40.6032
threshold=0 28.850000000000005 89.165000000000006 18.665000000000003 44.545000000000009 26.450000000000003 11.500000000000002 20.955000000000002 4.5000000000000009 3.5000000000000004 41.250000000000007 1 1.0000000180025095e-35 147.58500000000004 30.750000000000004 -1.0000000180025095e-35 45.480000000000011 12.500000000000002 15.085000000000003 103.04000000000001 27.050000000000004 -82.649999999999991 28.150000000000002 -81.649999999999991 25.950000000000003 89.720000000000013 72.065000000000012 69.715000000000018 90.160000000000011 28.850000000000005
decision_type=9 2 10 8 8 2 2 10 2 10 10 9 8 10 2 8 10 2 10 8 2 2 2 2 2 10 10 10 10 2
left_child=1 3 -3 6 5 8 -1 -7 -5 11 -11 -2 -6 14 15 16 18 -18 -13 20 24 25 -23 29 -17 -22 27 -27 -28 -24
right_child=9 2 -4 4 12 7 -8 -9 -10 10 -12 13 -14 -15 -16 19 17 -19 -20 -21 21 22 23 -25 -26 26 28 -29 -30 -31
leaf_value=0.007543312697799287 -0.0023257051337009396 0.0011211477540450155 0.023046374723225061 0.010235862699256072 0.011520673144856853 0.025684964801909561 -0.021305638767380498 -0.001232246347945143 0.030908300819764992 -0.0010177320384206824 -0.025197570212675571 -0.0054989015054413672 -0.001190118783115768 -0.018079188124220557 0.014899511625867135 0.00091703412928350052 0.0065154021204369529 -0.0084796758221696855 0.004169334225726829 -0.00028915877593078677 -0.0039371891921338607 0.0080645647579432374 -0.0037214975956822551 -0.00076646299536546896 -0.0045542132776884795 0.0036095334527604275 0.014538640633476785 0.047626739843232985 -0.0075721183218978366 0.012273259492712097
leaf_weight=229 3738 387 373 869 458 238 476 934 256 1027 525 760 4485 241 263 17359 393 2434 1911 133985 11296 13619 1270 15066 13137 12307 1421 287 5493 3733
leaf_count=229 3738 387 373 869 458 238 476 934 256 1027 525 760 4485 241 263 17359 393 2434 1911 133985 11296 13619 1270 15066 13137 12307 1421 287 5493 3733
internal_value=8.03277e-07 0.00213754 0.0119481 0.00118793 0.00209655 0.00782401 -0.00804196 0.00245347 0.013348 -7.67838e-05 -0.00492958 -4.50313e-05 -0.000575409 4.04264e-06 1.57619e-05 3.62503e-06 -0.0025236 -0.00509341 0.000205147 6.44153e-05 0.000533695 0.00124802 0.0026233 0.000699736 -0.000976857 -0.000256377 0.00113741 0.00304665 -0.00233969 0.00465789
internal_weight=248970 8705 760 7945 7240 2297 705 1172 1125 240265 1552 238713 4943 234975 234734 234471 5498 2827 2671 228973 94988 64492 33688 20069 30496 30804 19508 12594 6914 5003
internal_count=248970 8705 760 7945 7240 2297 705 1172 1125 240265 1552 238713 4943 234975 234734 234471 5498 2827 2671 228973 94988 64492 33688 20069 30496 30804 19508 12594 6914 5003
cat_boundaries=0 1 2
cat_threshold=32 64
is_linear=0
shrinkage=0.05


Tree=122
num_leaves=31
num_cat=5
split_feature=3 11 9 4 0 11 0 4 10 10 10 11 4 9 0 10 4 10 10 10 10 0 0 0 10 8 8 10 10 0
split_gain=22.2606 25.2188 37.6345 19.035 20.4437 16.533 19.1166 25.9298 16.3509 22.9955 24.168 41.3604 23.5948 23.7262 22.5106 21.9535 38.6641 37.3955 42.4836 44.6604 40.8376 30.4619 45.5686 35.2911 37.5849 29.531 32.5429 27.0245 33.1638 60.7477
threshold=0 89.165000000000006 -86.84999999999998 1 7.5000000000000009 101.25000000000001 33.500000000000007 2 128.71500000000003 127.23 122.84500000000001 117.08500000000002 3 -82.549999999999983 50.500000000000007 117.38000000000001 4 113.96500000000002 113.26500000000001 111.38500000000002 108.59500000000001 49.500000000000007 30.500000000000004 62.500000000000007 117.08500000000002 27.750000000000004 27.550000000000004 106.34000000000002 105.61500000000001 49.500000000000007
decision_type=9 8 2 9 2 8 2 9 10 10 10 10 9 2 2 10 9 10 10 10 10 2 2 2 10 2 2 10 10 2
left_child=1 -1 3 4 -3 -4 -7 -8 9 10 15 -12 13 -11 -15 17 -17 18 19 20 27 22 -19 24 -23 26 -18 28 -2 -30
right_child=8 2 5 -5 -6 6 7 -9 -10 12 11 -13 -14 14 -16 16 25 21 -20 -21 -22 23 -24 -25 -26 -27 -28 -29 29 -31
leaf_value=-0.0035541790631757665 -0.00014444669212174688 0.0048374998588736513 -0.0021907984783035238 -0.0025446235802788933 0.033419666345530084 0.00073567737511366367 0.0093597811730502297 -0.0021139393581796283 -0.0034061519859401204 0.011055611892876982 -0.0022052773483237863 -0.014692082132765183 -0.0046029072324788702 0.0037989681132089004 -0.0078825017123655538 -0.016498587739510517 0.0020614668935262427 -0.0028839124259344654 0.0049768123833910495 -0.0055421412149234683 0.0065800939982947788 -0.0078387463081274877 -0.029794343893718267 -0.0043805547195791663 0.0025628317915816546 0.0055492721000736552 -0.010517629105831185 -0.00668308911908202 -0.006429667538302564 0.0056476644219772172
leaf_weight=2782 200223 290 2097 222 697 3667 3307 1081 5509 1050 1249 506 337 421 207 202 872 819 2237 1800 2181 446 721 2498 2794 4294 571 1812 1278 2800
leaf_count=2782 200223 290 2097 222 697 3667 3307 1081 5509 1050 1249 506 337 421 207 202 872 819 2237 1800 2181 446 721 2498 2794 4294 571 1812 1278 2800
internal_value=6.02458e-06 0.00193109 0.00297687 0.0112797 0.0141509 0.00197796 0.00300682 0.00522965 -0.000110072 -4.53499e-05 -9.26036e-05 -0.00592068 0.00525926 0.00765607 0 -4.69946e-05 0.00295008 -0.000128177 -7.29958e-06 -8.04364e-05 -1.24818e-05 -0.00364984 -0.00987097 -0.0019659 0.00147692 0.0037259 -0.00244322 -8.46582e-05 -3.05906e-05 0.00442759
internal_weight=248970 14143 11361 1209 987 10152 8055 4388 234827 229318 227303 1755 2015 1678 628 225548 5939 219609 212331 210094 208294 7278 1540 5738 3240 5737 1443 206113 204301 4078
internal_count=248970 14143 11361 1209 987 10152 8055 4388 234827 229318 227303 1755 2015 1678 628 225548 5939 219609 212331 210094 208294 7278 1540 5738 3240 5737 1443 206113 204301 4078
cat_boundaries=0 1 2 3 4 5
cat_threshold=16 38 50 138 20
is_linear=0
shrinkage=0.05


Tree=123
num_leaves=31
num_cat=3
split_feature=3 11 8 10 0 4 7 10 10 4 10 11 7 0 11 11 8 8 8 7 11 13 7 10 0 7 13 13 13 0
split_gain=20.9104 23.531 27.2865 23.2226 19.1359 17.7987 17.1142 14.5011 20.883 21.5436 21.4686 37.1065 20.851 19.8991 18.6312 38.7259 38.3821 41.3127 33.1321 54.2402 73.5112 43.5476 54.4151 48.1667 59.0463 43.5528 47.0519 41.9387 66.2481 59.9234
threshold=0 89.720000000000013 30.350000000000005 68.420000000000016 33.500000000000007 1 18.500000000000004 128.71500000000003 127.23 2 122.84500000000001 117.08500000000002 15.500000000000002 44.500000000000007 103.04000000000001 106.99500000000002 26.650000000000002 25.950000000000003 27.850000000000005 16.500000000000004 138.07000000000002 1994.5000000000002 19.500000000000004 117.12500000000001 49.500000000000007 12.500000000000002 2015.5000000000002 1993.5000000000002 2004.5000000000002 8.5000000000000018
decision_type=9 8 2 10 2 9 2 10 10 9 10 10 2 2 8 8 2 2 2 2 10 2 2 10 2 2 2 2 2 2
left_child=1 -1 4 -4 6 -6 -3 8 10 12 14 -12 -10 -13 16 -16 17 -2 21 20 -20 22 -17 25 -25 26 -23 29 -29 -21
right_child=7 2 3 -5 5 -7 -8 -9 9 -11 11 13 -14 -15 15 18 -18 -19 19 27 -22 23 -24 24 -26 -27 -28 28 -30 -31
leaf_value=-0.0033758953419352981 0.00061003374442121234 -0.0021075867369833023 0.024312737566475919 -0.009258223940282485 0.0075280199332695037 -0.0024046593997132607 0.0066601395419153336 -0.0032358443866431054 0.0099599939416546782 -0.004372761870854891 -0.0020950134809075926 -0.031957018197485622 0.00010903496633751786 -0.0059776724478206589 -0.0046689268661149535 -0.015241953172394141 0.0017478939290234586 -0.0052830598794492371 -0.0050074668467333444 -0.028095892576987681 0.0088517578463358504 -0.013026824548769512 -0.00014675202868945638 -0.023376166986328696 -0.00026707427048471287 0.001877571370777309 -0.00012796165013355678 -0.016066403502755743 1.0655532960868186e-05 0.0056353593967192863
leaf_weight=2791 17811 4058 940 205 4106 1027 1016 5509 1055 337 1249 211 623 295 9726 2890 65153 10254 12211 389 1207 2377 5392 1086 2375 57074 12431 2817 16121 6234
leaf_count=2791 17811 4058 940 205 4106 1027 1016 5509 1055 337 1249 211 623 295 9726 2890 65153 10254 12211 389 1207 2377 5392 1086 2375 57074 12431 2817 16121 6234
internal_value=8.83605e-06 0.0018746 0.00288682 0.0101732 0.00206029 0.00420961 -0.000118017 -0.000103685 -4.27336e-05 0.00501235 -8.77644e-05 -0.00558074 0.00730271 -0.0168605 -4.47778e-05 -0.000426175 0.000496632 -0.00104898 -0.000185134 -0.00138885 -0.00396187 0.000376039 -0.00306319 0.000754449 -0.00499856 0.0010321 -0.00138345 -3.71515e-05 -0.00123496 0.00338459
internal_weight=248970 14143 11352 1145 10207 5133 5074 234827 229318 2015 227303 1755 1678 506 225548 132330 93218 28065 122604 38979 13418 83625 8282 75343 3461 71882 14808 25561 18938 6623
internal_count=248970 14143 11352 1145 10207 5133 5074 234827 229318 2015 227303 1755 1678 506 225548 132330 93218 28065 122604 38979 13418 83625 8282 75343 3461 71882 14808 25561 18938 6623
cat_boundaries=0 1 2 3
cat_threshold=16 54 138
is_linear=0
shrinkage=0.05


Tree=124
num_leaves=31
num_cat=2
split_feature=3 9 9 10 8 12 13 10 9 9 9 3 10 10 13 10 8 10 10 13 10 10 13 10 7 13 13 10 7 7
split_gain=18.6768 21.4644 19.2238 16.4945 15.5923 15.0566 19.3174 14.6953 14.1116 60.025 41.746 29.7143 33.6105 34.9015 32.0477 74.108 36.9937 39.3459 33.5772 23.199 21.3226 18.7377 22.2578 41.5051 25.9081 17.0474 34.7281 50.5149 45.4188 35.424
threshold=0 -86.249999999999986 -82.84999999999998 15.075000000000001 24.650000000000002 3.5000000000000004 1993.5000000000002 31.385000000000002 -85.949999999999989 -85.749999999999986 -86.549999999999983 1 15.290000000000001 4.04 2014.5000000000002 27.760000000000002 30.350000000000005 56.465000000000011 48.935000000000009 1997.5000000000002 50.155000000000008 9.2300000000000022 1995.5000000000002 70.125000000000014 16.500000000000004 2004.5000000000002 2001.5000000000002 20.195000000000004 22.500000000000004 20.500000000000004
decision_type=9 2 2 8 2 10 2 8 2 2 2 9 8 8 2 8 2 10 8 2 10 8 2 8 2 2 2 8 2 2
left_child=1 3 -3 -1 -4 8 -7 -5 10 21 11 12 13 -2 16 -16 18 20 -14 -13 -18 -10 23 -23 -24 26 -11 28 -28 -29
right_child=5 2 4 7 -6 6 -8 -9 9 25 -12 19 14 -15 15 -17 17 -19 -20 -21 -22 22 24 -25 -26 -27 27 29 -30 -31
leaf_value=0.032516939187767858 0.0074146470758236667 -0.0034993335875195264 -0.014714065507520413 -0.0062061160226983608 0.0032098745800132281 0.014737996780429353 -0.012043891699710096 0.011175861522938126 0.013747094879520506 -0.0002917455239110467 -0.012385531255924943 0.00081274652361704733 0.0006865552871573755 -0.01340481279727186 0.0068268703856161133 -0.024753292680552531 0.00712806066345193 -0.0039004663416245759 -0.019006594176592451 -0.022239494594064182 0.028744026535669678 0.045165230489226271 -0.01631564031999666 0.0067650885558392382 0.0075585327071957314 0.00031707692149121061 -0.0022194175196793785 -0.015250827700099556 0.018816127789035787 -0.002153065040017266
leaf_weight=429 643 2875 325 321 8941 206 1272 1252 220 62786 3372 334 2351 2391 1310 907 6101 1847 615 757 337 343 341 555 304 137745 3093 3638 923 2436
leaf_count=429 643 2875 325 321 8941 206 1272 1252 220 62786 3372 334 2351 2391 1310 907 6101 1847 615 757 337 343 341 555 304 137745 3093 3638 923 2436
internal_value=1.24508e-05 0.00177575 0.000983458 0.00656064 0.00209142 -9.38909e-05 -0.00510753 0.00413771 -6.19218e-05 6.02654e-05 -0.00129917 -0.000320968 0.000211839 -0.00453351 0.00128357 -0.00419847 0.00236657 0.00408077 -0.00241935 -0.00823582 0.00592432 0.00922166 0.00717965 0.0122247 7.63359e-05 -1.68541e-05 -0.000635239 -0.00335644 0.000993542 -0.00622945
internal_weight=248970 14143 12141 2002 9266 234827 1478 1573 233349 212384 20965 17593 16502 3034 13468 2217 11251 8285 2966 1091 6438 1763 1543 898 645 210621 72876 10090 4016 6074
internal_count=248970 14143 12141 2002 9266 234827 1478 1573 233349 212384 20965 17593 16502 3034 13468 2217 11251 8285 2966 1091 6438 1763 1543 898 645 210621 72876 10090 4016 6074
cat_boundaries=0 1 2
cat_threshold=16 6
is_linear=0
shrinkage=0.05


Tree=125
num_leaves=31
num_cat=2
split_feature=12 11 9 4 10 13 0 9 11 8 0 8 10 13 0 0 8 11 11 8 10 4 8 10 8 9 0 13 10 8
split_gain=18.2468 21.2732 20.4786 16.2003 13.7675 13.5225 42.8974 41.6302 27.7298 65.2241 45.1019 43.7834 42.687 62.1409 75.1011 62.302 45.603 38.9997 38.3282 36.35 32.4562 29.4813 28.8205 28.4309 27.9409 28.2596 95.6646 82.9873 52.2406 52.1108
threshold=2.5000000000000004 69.030000000000015 -83.549999999999983 0 18.665000000000003 2007.5000000000002 43.500000000000007 -85.749999999999986 63.750000000000007 27.150000000000002 40.500000000000007 28.150000000000002 25.785000000000004 2016.5000000000002 38.500000000000007 55.500000000000007 30.050000000000004 93.610000000000014 60.415000000000006 28.350000000000005 50.865000000000002 1 29.350000000000005 37.695000000000007 24.650000000000002 -82.049999999999983 49.500000000000007 2022.5000000000002 11.955000000000002 26.650000000000002
decision_type=10 10 2 9 8 2 2 2 8 2 2 2 8 2 2 2 2 10 10 2 10 9 2 10 2 2 2 2 8 2
left_child=3 2 -2 4 -1 6 -5 -8 9 -7 18 24 16 19 -15 20 -13 -18 22 -14 -16 -22 23 -11 -10 26 -26 29 -29 -28
right_child=1 -3 -4 5 -6 8 7 -9 11 10 -12 12 13 14 15 -17 17 -19 -20 -21 21 -23 -24 -25 25 -27 27 28 -30 -31
leaf_value=-0.011777220383075715 -0.014536193815512544 -0.017926466659790297 0.0010381888743603352 -2.1195414170094298e-05 -0.0021243202547130305 -0.011323264506530872 0.0091315705421340706 -0.0065398453826517322 -0.009360656684068892 0.0057565872312541179 0.00093100989886636405 0.014025690781741852 -0.01971549075898249 -0.016409448170346331 -0.013065374874621671 -0.0072008508985097926 0.0065257912838401211 -0.018401268266561389 0.020836641980080773 0.0020022598615309305 0.0015506908460698465 -0.010683192768921225 0.012887992389637804 -0.017869218906476636 -0.0044475808412485661 0.002056667954992797 0.0028899499497679671 -0.033297079071332815 0.0018371924962888642 -0.024945800666275986
leaf_weight=327 759 609 2092 100692 3369 1584 885 9784 868 1034 7075 1431 455 4020 923 2748 1280 789 1668 8385 5594 388 3156 690 16171 42693 517 287 28083 917
leaf_count=327 759 609 2092 100692 3369 1584 885 9784 868 1034 7075 1431 455 4020 923 2748 1280 789 1668 8385 5594 388 3156 690 16171 42693 517 287 28083 917
internal_value=-3.0688e-05 -0.00363112 -0.00180007 2.01364e-05 -0.00325619 7.04147e-05 -0.000334468 -0.00334769 0.000415246 0.00242163 0.00353921 0.000151005 -0.00165431 -0.00245305 -0.00456406 -0.00216806 0.00347578 -0.00127465 0.00652638 0.000813559 0.000368764 0.00171896 0.00427403 -0.000922722 0.00067563 0.000763436 -9.67707e-05 0.00158315 0.00217759 -0.0101108
internal_weight=249273 3460 2851 245813 3696 242117 111361 10669 130756 15207 13623 115549 26013 22513 13673 9653 3500 2069 6548 8840 6905 5982 4880 1724 89536 88668 45975 29804 28370 1434
internal_count=249273 3460 2851 245813 3696 242117 111361 10669 130756 15207 13623 115549 26013 22513 13673 9653 3500 2069 6548 8840 6905 5982 4880 1724 89536 88668 45975 29804 28370 1434
cat_boundaries=0 1 2
cat_threshold=64 50
is_linear=0
shrinkage=0.05


Tree=126
num_leaves=31
num_cat=4
split_feature=3 8 0 9 11 4 13 0 7 9 5 8 8 8 7 0 11 13 13 11 4 9 9 11 7 13 13 4 0 7
split_gain=16.0547 28.0607 29.3968 22.7371 21.012 20.188 28.0954 17.5344 26.681 49.2501 25.5212 23.4096 22.665 50.9358 25.8118 21.6038 20.0179 27.0275 17.3697 35.1439 61.5014 45.3235 45.3796 35.9522 55.1347 37.1484 34.3726 32.8836 41.6915 54.4881
threshold=0 30.350000000000005 50.500000000000007 -81.449999999999989 102.08500000000002 1 2020.5000000000002 63.500000000000007 14.500000000000002 -82.649999999999991 2.5000000000000004 26.650000000000002 27.450000000000003 27.150000000000002 12.500000000000002 73.500000000000014 114.81500000000001 2021.5000000000002 2007.5000000000002 63.750000000000007 2 -80.649999999999991 -80.149999999999991 46.835000000000008 14.500000000000002 2016.5000000000002 2014.5000000000002 3 38.500000000000007 13.500000000000002
decision_type=9 2 2 2 8 9 2 2 2 2 2 2 2 2 2 2 10 2 2 10 9 2 2 10 2 2 2 9 2 2
left_child=1 2 3 -1 -5 6 -4 18 10 16 12 -12 13 14 -9 -13 17 -10 -2 20 -20 23 -23 24 25 -22 -26 28 -21 -30
right_child=7 -3 5 4 -6 -7 -8 8 9 -11 11 15 -14 -15 -16 -17 -18 -19 19 27 21 22 -24 -25 26 -27 -28 -29 29 -31
leaf_value=-0.0016772847719427554 -0.00067675754460130302 0.013977077127256888 -0.0025788243058889829 0.00014808055098254337 0.019141282756519475 -0.0026743722274912064 0.011483542235219879 -0.0093994751524774777 0.0040148641960300324 -0.0048020247510438098 0.0037986323568960593 -0.013463488529253454 -0.0022558886483135866 0.013287545691714709 0.0041421959737321769 0.004157478611809662 0.0016936624662060142 -0.00974311111518107 0.01030908443223324 -0.0019494800877998487 -0.0058256220229416129 -0.0095500109360465053 0.0067053508072000062 0.0058605764806365819 0.00067286241243564866 0.0094132332966075719 -0.010417966641631526 -0.0032565870785670192 -0.0013045989255490833 0.0019542399970362114
leaf_weight=9068 103730 1387 433 776 603 558 1192 630 708 10129 700 797 1239 905 2642 356 4735 881 4530 28131 864 3789 1673 9062 4471 2250 3106 8761 12391 28776
leaf_count=9068 103730 1387 433 776 603 558 1192 630 708 10129 700 797 1239 905 2642 356 4735 881 4530 28131 864 3789 1673 9062 4471 2250 3106 8761 12391 28776
internal_value=-2.90834e-05 0.00161359 0.000870253 -0.000234293 0.00572354 0.00613315 0.00890578 -0.000127085 -0.00141581 -0.00252992 0.00110592 -0.00394525 0.00283819 0.00459756 0.00167581 -0.00829751 0.000931481 -0.00390869 1.74905e-05 0.000461907 0.00192405 0.000957004 -0.00307018 0.00207205 0.000107467 0.00569782 -0.00219454 -9.54284e-05 0.000269771 0.00128348
internal_weight=249273 14017 12630 10447 1379 2183 1625 235256 23722 16453 7269 1853 5416 4177 3272 1153 6324 1589 211534 107804 29745 25215 5462 19753 10691 3114 7577 78059 69298 41167
internal_count=249273 14017 12630 10447 1379 2183 1625 235256 23722 16453 7269 1853 5416 4177 3272 1153 6324 1589 211534 107804 29745 25215 5462 19753 10691 3114 7577 78059 69298 41167
cat_boundaries=0 1 2 3 4
cat_threshold=16 50 140 58
is_linear=0
shrinkage=0.05


Tree=127
num_leaves=31
num_cat=2
split_feature=12 0 13 13 4 12 10 0 9 8 10 10 10 10 11 8 10 8 11 2 0 11 0 9 9 4 8 9 0 11
split_gain=16.8271 12.7537 35.2915 43.0114 39.775 23.2971 14.5493 14.5273 28.2859 41.1422 49.8958 33.3616 39.1639 32.3068 29.0956 25.2246 29.5245 23.5849 21.3455 16.7287 19.0079 24.3217 16.1174 14.857 23.2967 14.4872 13.8579 13.5562 13.1592 31.5694
threshold=3.5000000000000004 7.5000000000000009 1993.5000000000002 1992.5000000000002 0 1.0000000180025095e-35 41.005000000000003 62.500000000000007 -82.649999999999991 27.450000000000003 88.225000000000009 117.38000000000001 93.870000000000019 123.30500000000002 123.89000000000001 27.150000000000002 95.89500000000001 26.050000000000004 118.75000000000001 1.0000000180025095e-35 69.500000000000014 117.08500000000002 74.500000000000014 -81.549999999999983 -82.249999999999986 1 27.850000000000005 -81.549999999999983 70.500000000000014 49.585000000000008
decision_type=10 2 2 2 9 10 8 2 2 2 10 10 8 10 8 2 10 2 8 2 2 10 2 2 2 9 2 2 2 10
left_child=1 2 3 6 5 -4 -1 -3 18 10 14 12 27 -13 23 16 -12 -16 19 20 21 -9 -20 24 -10 -19 -23 28 -11 -30
right_child=-2 7 4 -5 -6 -7 -8 8 9 11 15 13 -14 -15 17 -17 -18 25 22 -21 -22 26 -24 -25 -26 -27 -28 -29 29 -31
leaf_value=-0.020849829721730287 -0.0087664242865018952 0.0003017561327671281 0.00036746345587683753 -0.038958247583095677 -0.0028097921747537672 0.015712664499916731 -0.0051316889282816197 -0.00012709738781992996 0.0017350694921879129 0.0042148259577291297 0.015827169744390447 0.0029036539483419336 -0.0076703492463458646 -0.0076176550311068073 -0.0070246014239205403 0.013743398094301851 -0.005829873856329027 0.0047653361089412989 -0.0090493658463533851 0.012515286390581304 -0.00086183585891062018 0.0062755799771542446 0.0052384620222144301 0.0014555404340888423 -0.014026549822749024 -0.010726366702203106 0.0020319245134852617 -0.0063263413879725231 0.014582102699013789 -0.020071259717284476
leaf_weight=315 1508 208147 725 253 9603 854 1475 1751 528 893 545 2105 3212 437 1559 826 542 2831 649 400 2913 1249 214 610 1350 317 776 2037 303 346
leaf_count=315 1508 208147 725 253 9603 854 1475 1751 528 893 545 2105 3212 437 1559 826 542 2831 649 400 2913 1249 214 610 1350 317 776 2037 303 346
internal_value=-2.18627e-05 1.02916e-05 -0.00149981 -0.00752557 -0.000393138 0.00691057 -0.00472222 9.5502e-05 -0.00100935 -0.0020839 0.000307085 -0.00441507 -0.00624173 0.000470219 -0.00160305 0.0074623 0.00241568 0.000710197 0.00148204 0.00238766 0.00178385 0.00412044 -0.0058992 -0.00596477 -0.00815678 0.00319823 0.00783784 -0.00263305 0.000902062 -0.00447648
internal_weight=249273 247765 13225 2043 11182 1579 1790 234540 26393 18441 9108 9333 6791 2542 7195 1913 1087 4707 7952 7089 6689 3776 863 2488 1878 3148 2025 3579 1542 649
internal_count=249273 247765 13225 2043 11182 1579 1790 234540 26393 18441 9108 9333 6791 2542 7195 1913 1087 4707 7952 7089 6689 3776 863 2488 1878 3148 2025 3579 1542 649
cat_boundaries=0 1 2
cat_threshold=172 102
is_linear=0
shrinkage=0.05


Tree=128
num_leaves=31
num_cat=0
split_feature=12 7 11 8 11 13 10 10 11 7 9 10 9 11 12 11 7 11 13 10 8 13 7 11 11 8 10 7 10 9
split_gain=16.1451 19.153 13.4728 10.4603 51.2291 59.6865 47.6763 46.9334 38.9697 43.5013 54.7082 33.2315 26.2726 26.268 25.8252 24.6483 24.1436 33.1187 23.7676 32.5002 23.203 22.6078 47.0268 57.199 34.3805 33.4963 32.8851 46.9219 46.4179 51.9738
threshold=2.5000000000000004 14.500000000000002 67.915000000000006 29.950000000000003 52.085000000000008 2015.5000000000002 22.705000000000002 80.725000000000009 97.185000000000016 10.500000000000002 -85.949999999999989 5.9750000000000005 -81.749999999999986 53.45000000000001 1.0000000180025095e-35 54.260000000000012 12.500000000000002 93.610000000000014 2010.5000000000002 81.960000000000022 30.250000000000004 2015.5000000000002 15.500000000000002 68.540000000000006 55.415000000000006 25.050000000000004 42.415000000000006 21.500000000000004 101.04500000000002 -81.049999999999983
decision_type=10 2 10 2 8 2 8 10 8 2 2 10 2 8 10 8 2 10 2 10 2 2 2 8 8 2 10 2 10 2
left_child=3 -2 -3 13 18 7 16 8 9 -6 -11 12 -10 14 -1 -15 -7 -18 -5 -20 -9 22 23 -17 -24 -25 -23 28 29 -28
right_child=1 2 -4 4 5 6 -8 20 11 10 -12 -13 -14 15 -16 21 17 -19 19 -21 -22 26 24 25 -26 -27 27 -29 -30 -31
leaf_value=-0.0012403603796628639 -0.014573672262388416 0.0005364563929140864 -0.020100522659887335 0.0017996396130632421 -0.025808280452008159 0.018069001951781162 -0.015615973518266379 0.0024445030875461351 0.0036896522080922091 0.0045109839946653628 0.01996338368228532 -0.0062143813179778469 -0.01008248481816798 0.0080185462009693797 -0.0095691606192011679 0.0032220605553975549 0.0077518676836020543 -0.016894774470247054 0.020471378626973992 -0.0012344037831124146 -0.021142910894137047 0.0015680914533397596 -0.015716529895722208 0.00088863867342432463 0.00011571634350704407 -0.010109935861942622 -0.0035584851612576966 0.020872116128533992 0.0005769186977649277 0.0013916514955742976
leaf_weight=6479 944 2181 335 2041 459 211 3042 599 6651 9289 1710 4313 847 795 3700 4072 1189 765 2335 760 1172 50446 1020 2242 69880 9899 18638 742 33833 8684
leaf_count=6479 944 2181 335 2041 459 211 3042 599 6651 9289 1710 4313 847 795 3700 4072 1189 765 2335 760 1172 50446 1020 2242 69880 9899 18638 742 33833 8684
internal_value=-1.38397e-05 -0.00340058 -0.00110847 3.39675e-05 0.00082926 4.46178e-05 -0.00482078 0.00105788 0.001656 0.00373212 0.00436461 -0.00035953 0.00165157 -9.97909e-05 -0.00257631 2.62158e-05 0.000850575 -0.000916497 0.00544112 0.00819646 -0.00676586 -9.02409e-06 -0.0006135 -0.00304198 -5.78198e-05 -0.00476093 0.000459712 -0.000312566 -0.000465135 -0.00199766
internal_weight=249273 3460 2516 245813 35383 30247 5207 25040 23269 11458 10999 11811 7498 210430 10179 200251 2165 1954 5136 3095 1771 199456 87113 16213 70900 12141 112343 61897 61155 27322
internal_count=249273 3460 2516 245813 35383 30247 5207 25040 23269 11458 10999 11811 7498 210430 10179 200251 2165 1954 5136 3095 1771 199456 87113 16213 70900 12141 112343 61897 61155 27322
is_linear=0
shrinkage=0.05


Tree=129
num_leaves=31
num_cat=4
split_feature=3 9 11 9 13 8 8 7 11 10 10 10 10 4 6 10 11 10 6 8 10 7 13 10 10 4 11 7 4 10
split_gain=14.687 26.7865 22.387 26.83 19.6188 24.0517 27.1226 19.1131 18.5593 18.1993 18.9243 19.8575 17.1797 16.5921 17.3578 14.5391 43.587 27.8831 26.5069 23.9691 21.0733 53.8248 29.9567 23.4611 24.2529 22.7684 20.7228 19.9527 26.5639 22.6137
threshold=0 -86.249999999999986 102.08500000000002 -81.34999999999998 2021.5000000000002 27.850000000000005 28.750000000000004 14.500000000000002 89.720000000000013 11.010000000000002 27.375000000000004 105.61500000000001 59.585000000000001 1 4.5000000000000009 14.360000000000001 138.07000000000002 13.355000000000002 3.5000000000000004 30.350000000000005 20.195000000000004 22.500000000000004 2004.5000000000002 21.375000000000004 21.435000000000006 2 128.30500000000004 12.500000000000002 3 15.290000000000001
decision_type=9 2 8 2 2 2 2 2 8 10 10 10 10 9 2 8 10 10 2 2 8 2 2 8 8 9 10 2 9 10
left_child=1 8 -3 4 5 -4 -7 -8 -1 -6 13 -12 -10 -11 -15 16 17 19 -19 -2 21 22 -17 25 -25 -22 -27 -24 -29 -30
right_child=15 2 3 -5 9 6 7 -9 12 10 11 -13 -14 14 -16 20 -18 18 -20 -21 23 -23 27 24 -26 26 -28 28 29 -31
leaf_value=-0.0075449775578750435 -0.0010269714101116989 -0.0030506983701294567 -0.013304173755384063 0.019429614683216512 -0.012483095297272408 0.010136917897170063 0.0024834118403969543 -0.015686362536548339 0.019879884322279828 0.032469912769908495 -0.0027273460168166785 0.0074031719400512678 -0.0040865201870876611 0.011401595953260291 -0.004685221934575168 -0.0036034025654423821 0.0082865257532677827 -0.0071330311144207851 -0.040768406202641577 -0.016703548973086547 0.014333659236748897 0.020097619735947349 -0.0013979768843690899 0.0073318305643030879 -0.00010183505844221231 -0.0042385436564036814 -0.028795738834560769 0.021572393792140557 -0.0044402511327633403 0.0058344070597837749
leaf_weight=309 15542 4239 1033 626 340 927 1133 495 1401 206 1152 1082 281 482 311 4474 1597 1687 277 794 416 1098 2605 1410 191153 5083 349 582 1275 6914
leaf_count=309 15542 4239 1033 626 340 927 1133 495 1401 206 1152 1082 281 482 311 4474 1597 1687 277 794 416 1098 2605 1410 191153 5083 349 582 1275 6914
internal_value=-7.42128e-06 0.00156372 0.000672981 0.00226369 0.00138753 -0.0012229 0.00138402 -0.00250305 0.00692154 0.00400502 0.00516497 0.00258467 0.00898345 0.0108523 0.00707257 -0.000101158 -0.00139398 -0.00208629 -0.0077001 -0.00140707 1.83406e-05 0.00171011 0.000964691 -0.000126247 -3.14167e-05 -0.00324343 -0.00410858 0.00232742 0.00346771 0.00271044
internal_weight=249273 14017 12026 7787 7161 3588 2555 1628 1991 3573 3233 2234 1682 999 793 235256 19897 18300 1964 16336 215359 16948 15850 198411 192563 5848 5432 11376 8771 8189
internal_count=249273 14017 12026 7787 7161 3588 2555 1628 1991 3573 3233 2234 1682 999 793 235256 19897 18300 1964 16336 215359 16948 15850 198411 192563 5848 5432 11376 8771 8189
cat_boundaries=0 1 2 3 4
cat_threshold=16 36 144 36
is_linear=0
shrinkage=0.05


Tree=130
num_leaves=31
num_cat=3
split_feature=12 7 10 10 0 4 10 8 0 8 0 8 10 8 4 10 10 8 10 10 11 11 2 8 10 0 8 0 0 4
split_gain=13.2944 15.4732 14.5463 13.8994 13.1379 20.5882 19.062 14.8069 13.1142 12.6938 12.4093 36.285 32.7524 31.685 23.2715 20.9239 19.6323 28.5983 54.2797 27.5344 32.1617 27.5437 26.7989 24.2566 60.3482 48.949 22.0409 21.83 21.4104 19.5189
threshold=-1.0000000180025095e-35 10.500000000000002 146.27500000000003 107.91500000000001 7.5000000000000009 0 73.475000000000009 30.250000000000004 45.500000000000007 26.350000000000005 56.500000000000007 28.150000000000002 25.785000000000004 29.350000000000005 1 85.760000000000005 119.56500000000001 27.450000000000003 123.30500000000002 113.96500000000002 114.81500000000001 106.33500000000002 1.0000000180025095e-35 27.850000000000005 106.34000000000002 66.500000000000014 26.350000000000005 68.500000000000014 75.500000000000014 2
decision_type=8 2 10 10 2 9 8 2 2 2 2 2 8 2 9 8 10 2 10 10 10 10 2 2 10 2 2 2 2 9
left_child=1 -1 4 -3 5 6 7 9 -5 -2 -6 12 -12 29 16 -15 19 -18 27 20 -14 -21 23 25 -25 26 -22 -19 -27 -13
right_child=2 3 -4 8 10 -7 -8 -9 -10 -11 11 13 14 15 -16 -17 17 18 -20 21 22 -23 -24 24 -26 28 -28 -29 -30 -31
leaf_value=0.010367086048177755 0.011819419037351155 -0.0031012732616131802 -0.0091897981571603896 -0.019121309392807408 0.00056213264225162267 -0.0038511322736142443 -0.0034079158580430317 0.0020481080307140687 0.00014606522641891218 0.019827947759570998 -0.0053521986143532096 -0.008089145955615119 -0.00047495700886717178 0.0034143769718277817 -0.0033937147372895106 -0.0085672070342656791 0.0082568593553959957 0.0089245539983910938 -0.0074692915967770725 0.0067674740597940541 0.0021977629645853814 -0.0036604801770326214 0.018100263408156538 0.0043376015710407945 -0.0055098343901706318 0.0021060674144657734 0.0083197993535563345 -0.00041236499872052693 -0.0048424944332339237 0.0076942669602546145
leaf_weight=327 244 4664 641 550 191951 10779 974 425 271 359 3267 3160 10917 1987 2227 1289 1345 949 558 483 556 3383 269 1552 1022 1762 1615 893 487 326
leaf_count=327 244 4664 641 550 191951 10779 974 425 271 359 3267 3160 10917 1987 2227 1289 1345 949 558 483 556 3383 269 1552 1022 1762 1615 893 487 326
internal_value=0.000111137 -0.00225009 0.000167605 -0.00288444 0.000187611 -0.00137206 0.00326409 0.00799615 -0.00884477 0.012969 0.000274338 -0.00055049 0.000167758 -0.00386887 0.000720708 -0.000334753 0.00114486 0.00448735 0.00120332 0.000575807 0.00139087 -0.00325077 0.00396673 0.00335523 -0.000503096 0.00559819 0.0109354 0.00534557 0.00042054 -0.00717963
internal_weight=249232 5812 243420 5485 242779 12781 2002 1028 821 603 229998 38047 31285 6762 28018 3276 25791 3745 2400 22046 18180 3866 7263 6994 2574 4420 2171 1842 2249 3486
internal_count=249232 5812 243420 5485 242779 12781 2002 1028 821 603 229998 38047 31285 6762 28018 3276 25791 3745 2400 22046 18180 3866 7263 6994 2574 4420 2171 1842 2249 3486
cat_boundaries=0 1 2 3
cat_threshold=172 162 54
is_linear=0
shrinkage=0.05


Tree=131
num_leaves=31
num_cat=2
split_feature=0 13 13 6 3 7 13 11 12 7 9 9 9 10 0 9 10 9 10 9 13 13 0 2 0 9 2 11 3 13
split_gain=12.4387 30.3234 35.6398 19.6117 14.1673 14.0714 35.7992 19.0855 12.2727 13.72 12.0713 32.0539 11.5977 11.5391 11.93 34.4977 35.3017 39.3414 30.2631 25.785 33.0144 25.1336 24.6025 24.4775 22.4447 18.2826 17.3131 24.4877 23.526 22.516
threshold=7.5000000000000009 1993.5000000000002 1992.5000000000002 1.5000000000000002 0 13.500000000000002 1998.5000000000002 109.08500000000002 -1.0000000180025095e-35 10.500000000000002 -85.949999999999989 -85.749999999999986 -80.34999999999998 146.27500000000003 56.500000000000007 -82.749999999999986 117.38000000000001 -82.449999999999989 31.400000000000002 -80.749999999999986 2023.5000000000002 2015.5000000000002 69.500000000000014 1.0000000180025095e-35 91.500000000000014 -83.049999999999983 1.0000000180025095e-35 36.250000000000007 1 2004.5000000000002
decision_type=2 2 2 2 9 2 2 8 8 2 2 2 2 10 2 2 10 2 10 2 2 2 2 2 2 2 2 8 9 2
left_child=1 2 3 4 -1 7 12 10 9 -2 -3 -12 -7 14 26 18 19 -18 25 21 -21 -17 -20 -23 -25 -16 29 -28 -29 -10
right_child=8 5 -4 -5 -6 6 -8 -9 13 -11 11 -13 -14 -15 15 16 17 -19 22 20 -22 23 -24 24 -26 -27 27 28 -30 -31
leaf_value=-0.0098378024540326514 0.0092097575359169521 0.0064578114138342359 -0.036818472654513372 -0.017199635701743522 0.0063049232879948576 -0.013742717837245212 -0.00033681026297358588 -0.0036574013113187757 2.0707814307119324e-05 -0.0044146948679832931 0.034030306372463494 0.0085371763921731521 0.00098064907096584442 -0.0087049939876720824 -0.0011498776700567426 -0.012550235947482015 0.0041386297378115172 -0.0071007673299442247 0.0046897150081277594 0.0031442028274923928 -0.014405459347934624 -0.0026010012354793946 -0.00026122337813418996 0.0085576350528813634 -0.0076847078883105274 -0.026093818103576229 -0.021543771340475096 -0.0013572527846723139 0.0035495853465046245 0.0012837521031171752
leaf_weight=350 304 769 253 656 820 784 7598 1116 74182 5009 220 537 200 618 563 1494 4332 522 3574 5078 647 17343 2013 1697 552 232 672 27278 6915 82904
leaf_count=350 304 769 253 656 820 784 7598 1116 74182 5009 220 537 200 618 563 1494 4332 522 3574 5078 647 17343 2013 1697 552 232 672 27278 6915 82904
internal_value=0.000101107 -0.00138586 -0.00691719 -0.00441176 -0.000508475 -0.000356062 -0.00133845 0.00282805 0.000185005 -0.00218862 0.00644531 0.0108866 -0.0102616 0.000239782 0.000258252 -0.00055049 -0.00122652 0.00269326 0.00280038 -0.00193692 0.00103749 -0.0027446 0.00410041 -0.00226507 0.00263391 -0.00627329 0.000418575 -0.000589247 -0.000402012 0.000642282
internal_weight=249232 13303 2079 1826 1170 11224 8582 2642 235929 5313 1526 757 984 230616 229998 38047 31665 4854 6382 26811 5725 21086 5587 19592 2249 795 191951 34865 34193 157086
internal_count=249232 13303 2079 1826 1170 11224 8582 2642 235929 5313 1526 757 984 230616 229998 38047 31665 4854 6382 26811 5725 21086 5587 19592 2249 795 191951 34865 34193 157086
cat_boundaries=0 1 2
cat_threshold=8 4
is_linear=0
shrinkage=0.05


Tree=132
num_leaves=31
num_cat=3
split_feature=10 0 10 11 10 9 10 10 11 3 0 7 4 10 9 10 13 9 13 11 0 13 4 11 11 9 7 9 7 10
split_gain=10.6958 10.104 24.5144 22.2152 16.9865 17.469 21.4432 47.1812 22.9141 16.4327 37.8438 29.8123 16.6169 20.4154 20.9677 24.4764 20.2914 20.1993 18.9254 17.6063 18.6596 23.8 15.8549 19.2743 30.4913 14.9913 31.8994 14.8673 14.7281 36.512
threshold=148.19500000000002 20.500000000000004 78.52500000000002 118.75000000000001 78.540000000000006 -82.649999999999991 120.88500000000002 125.25500000000001 97.640000000000015 0 29.500000000000004 18.500000000000004 1 91.455000000000013 -81.049999999999983 12.115 1979.5000000000002 -87.049999999999983 2003.5000000000002 92.160000000000011 37.500000000000007 2004.5000000000002 2 61.250000000000007 90.160000000000011 -80.149999999999991 18.500000000000004 -87.149999999999991 20.500000000000004 37.005000000000003
decision_type=10 2 10 10 10 2 10 10 10 9 2 2 9 10 2 8 2 2 2 8 2 2 9 10 10 2 2 2 2 8
left_child=1 2 22 4 -4 -6 8 -8 -7 10 11 -3 13 14 15 -12 -17 -18 -14 -19 21 -21 23 -1 -25 28 -27 -11 -24 -30
right_child=-2 9 3 -5 5 6 7 -9 -10 27 12 -13 18 -15 -16 16 17 19 -20 20 -22 -23 25 24 -26 26 -28 -29 29 -31
leaf_value=-0.001518015981219012 -0.019859498107076101 0.008805849782702246 -0.02338180796164311 -0.024140802747660353 -0.0074565805096337371 -0.003873574484558251 -0.027054256929739839 0.00086027776449473239 0.0081401380698196586 0.0054084744409127698 0.0066963910026347053 -0.0045119395240966753 -0.0093698892355297044 -0.016656338649561422 0.00046265195654910941 0.018397562449953764 0.00023316591252040553 -0.0059160298167815206 0.0074924544148697869 -0.027178065474521243 -0.019378316913575944 0.002236239823955666 -0.00020066215790786048 0.033411647490430151 0.0026681020904891998 0.031886152634037844 0.0009437144873138515 0.00042359205758271126 0.0012552861880953615 -0.013340565263068394
leaf_weight=1633 210 4193 206 316 4212 1783 227 597 1894 2897 593 2045 660 1012 4429 339 1293 2457 1567 511 1859 786 40420 625 1146 315 934 166236 2103 1734
leaf_count=1633 210 4193 206 316 4212 1783 227 597 1894 2897 593 2045 660 1012 4429 339 1293 2457 1567 511 1859 786 40420 625 1146 315 934 166236 2103 1734
internal_value=0.000110736 0.000120466 -0.000456539 -0.00281774 -0.00234629 -0.00200046 0.00016626 -0.00707434 0.00180363 0.000296249 -0.000997059 0.00228873 -0.00232019 -0.00298895 -0.00242323 -0.00397554 -0.00477602 -0.00536437 0.00166889 -0.00666015 -0.00912824 -0.0044759 -1.02208e-05 0.00327103 0.00687816 -0.000256996 0.00512311 0.000462599 -0.000410012 -0.00336626
internal_weight=249232 249022 58145 9235 8919 8713 4501 824 3677 190877 21744 6238 15506 13279 12267 7838 7245 6906 2227 5613 3156 1297 48910 3404 1771 45506 1249 169133 44257 3837
internal_count=249232 249022 58145 9235 8919 8713 4501 824 3677 190877 21744 6238 15506 13279 12267 7838 7245 6906 2227 5613 3156 1297 48910 3404 1771 45506 1249 169133 44257 3837
cat_boundaries=0 1 2 3
cat_threshold=2 54 160
is_linear=0
shrinkage=0.05


Tree=133
num_leaves=31
num_cat=4
split_feature=12 7 0 4 13 0 13 8 4 13 5 7 8 6 13 8 3 12 8 8 0 8 13 8 8 13 7 3 0 7
split_gain=10.2215 13.776 10.5892 19.1026 18.6115 55.9227 37.2142 26.7888 32.5061 31.9299 26.8259 25.3388 22.4084 20.9935 19.2329 46.7566 24.1857 29.5897 17.6527 39.591 23.2077 22.4084 23.3634 29.5349 16.8988 16.2941 16.5624 21.4933 15.4938 17.1491
threshold=-1.0000000180025095e-35 10.500000000000002 20.500000000000004 0 1993.5000000000002 8.5000000000000018 1992.5000000000002 28.150000000000002 1 1991.5000000000002 1.5000000000000002 17.500000000000004 29.250000000000004 1.5000000000000002 1998.5000000000002 26.050000000000004 2 1.5000000000000002 30.350000000000005 26.550000000000004 18.500000000000004 26.650000000000002 2007.5000000000002 27.950000000000003 27.250000000000004 2017.5000000000002 14.500000000000002 3 15.500000000000002 13.500000000000002
decision_type=8 2 2 9 2 2 2 2 9 2 2 2 2 2 2 2 9 10 2 2 2 2 2 2 2 2 2 9 2 2
left_child=1 -1 3 -2 5 6 13 10 9 12 -7 -12 -9 -5 15 -6 -17 24 19 -16 25 -21 23 -23 -18 26 27 -20 29 -26
right_child=2 -3 -4 4 14 7 -8 8 -10 -11 11 -13 -14 -15 18 16 17 -19 20 21 -22 22 -24 -25 28 -27 -28 -29 -30 -31
leaf_value=0.0093670642660939052 0.005212455129758542 -0.0039491023061374976 0.00035820640808652553 0.0029325177544679672 -0.020049864499982119 -0.0063574441265154659 -0.034967515913892293 -0.015845612571498437 -0.017300034884614846 0.008516894350492521 0.016795557434704466 0.00029463382234760086 0.0097475742510479968 -0.015795639778423576 0.00087992062177399966 0.001651925901409257 0.019367365704524887 -0.03039728897405718 0.016192119096825632 -0.020334100633095889 -0.0077971827940771735 0.00034231344213457864 -0.0016161967383176103 -0.014399021449335426 -0.0053523547280255107 -0.010825860746191697 0.010159291043279107 -0.010457295596010408 0.0019846972530389805 -0.020215633080783314
leaf_weight=327 4141 5485 186857 1082 1038 2310 295 307 313 2483 1236 2038 449 676 15904 3077 313 481 252 667 834 1299 7062 2451 1939 410 2778 703 1245 780
leaf_count=327 4141 5485 186857 1082 1038 2310 295 307 313 2483 1236 2038 449 676 15904 3077 313 481 252 667 834 1299 7062 2451 1939 410 2778 703 1245 780
internal_value=0.000112341 -0.00195809 0.000161854 -0.000437488 -0.000696007 0.00111171 -0.00632574 0.0027881 0.00617631 0.00765572 0.00062567 0.00353228 -0.00130548 -0.00350679 -0.00118687 -0.00324778 -0.00191842 -0.00414399 -0.000620945 -0.0011189 0.0021155 -0.00335538 -0.00279985 -0.00598404 -0.00281082 0.00364797 0.00468875 -0.000984456 -0.00369904 -0.00580799
internal_weight=249232 5812 243420 56563 52422 11189 2053 9136 3552 3239 5584 3274 756 1758 41233 8873 7835 4758 32360 27383 4977 11479 10812 3750 4277 4143 3733 955 3964 2719
internal_count=249232 5812 243420 56563 52422 11189 2053 9136 3552 3239 5584 3274 756 1758 41233 8873 7835 4758 32360 27383 4977 11479 10812 3750 4277 4143 3733 955 3964 2719
cat_boundaries=0 1 2 3 4
cat_threshold=160 2 10 16
is_linear=0
shrinkage=0.05


Tree=134
num_leaves=31
num_cat=2
split_feature=12 7 11 9 9 11 9 0 9 11 0 13 4 5 0 11 11 13 5 9 4 7 13 11 9 13 13 7 7 13
split_gain=9.47411 13.5851 10.6423 33.0687 32.8546 25.085 22.1387 34.5764 35.5503 29.6538 20.855 20.7457 20.1833 19.8512 35.0453 31.8176 17.9738 17.7421 16.4692 14.9073 37.535 27.0696 24.7734 23.361 59.3107 38.5348 33.3538 40.6707 29.0404 57.5172
threshold=-1.0000000180025095e-35 10.500000000000002 63.750000000000007 -82.949999999999989 -80.649999999999991 66.040000000000006 -82.549999999999983 46.500000000000007 -81.649999999999991 46.835000000000008 24.500000000000004 1995.5000000000002 0 2.5000000000000004 57.500000000000007 39.395000000000003 49.585000000000008 2015.5000000000002 3.5000000000000004 -80.34999999999998 1 19.500000000000004 2023.5000000000002 127.40000000000002 -81.749999999999986 1997.5000000000002 2000.5000000000002 16.500000000000004 17.500000000000004 1996.5000000000002
decision_type=8 2 8 2 2 8 2 2 2 10 2 2 9 2 2 10 10 2 2 2 9 2 2 8 2 2 2 2 2 2
left_child=1 -1 3 11 6 18 13 9 17 12 16 -2 -8 -5 15 -15 -11 -9 -4 23 22 -22 -21 -7 28 -26 27 -27 -25 -30
right_child=2 -3 5 4 -6 19 7 8 -10 10 -12 -13 -14 14 -16 -17 -18 -19 -20 20 21 -23 -24 24 25 26 -28 -29 29 -31
leaf_value=0.0088987110527892106 -0.036376388877950472 -0.0037516471908306316 -0.0090770096411374457 0.0023242833389358177 -0.0046683881031800434 0.00029974468360132183 0.0036026856972301681 -0.0025868930206828901 -0.0041279209342478312 0.020685096202837806 0.010108649301806862 -0.0041861282688032912 -0.030025150368243381 0.0011257494532401768 0.0089965348699315491 -0.019817379448022178 0.0018583051279887908 0.011922153788873048 -0.0011666112680172702 0.00049438473605007977 0.010010985665263927 -0.00035850004577797634 -0.013651671067281114 -0.0014952584474090536 -0.020129948425601119 0.025236704348176001 -0.0096980229559358935 -0.0035215254526438145 0.0051420645962611646 -0.0043144310434682252
leaf_weight=327 207 5485 2948 5301 3180 128599 3161 593 3172 416 6392 2463 246 782 290 1061 2590 1084 4131 21053 5315 2369 644 26844 1594 651 3570 2225 8548 3991
leaf_count=327 207 5485 2948 5301 3180 128599 3161 593 3172 416 6392 2463 246 782 290 1061 2590 1084 4131 21053 5315 2369 644 26844 1594 651 3570 2225 8548 3991
internal_value=0.000103915 -0.00188939 0.000151584 0.00101784 0.00152062 2.54127e-05 0.00212766 0.00309103 -0.000504219 0.00445181 0.00589923 -0.00429104 0.000453614 -0.000161204 -0.00422305 -0.0067728 0.00245358 0.00536455 -0.00289886 0.000126331 0.00116873 0.00416667 0.000103605 -4.77186e-05 -0.000996142 -0.00490683 -0.00317534 0.000831601 -0.000196735 0.00178899
internal_weight=249232 5812 243420 30938 28268 212482 25088 17654 4849 12805 9398 2670 3407 7434 2133 1843 3006 1677 7079 205403 29381 7684 21697 176022 47423 8040 6446 2876 39383 12539
internal_count=249232 5812 243420 30938 28268 212482 25088 17654 4849 12805 9398 2670 3407 7434 2133 1843 3006 1677 7079 205403 29381 7684 21697 176022 47423 8040 6446 2876 39383 12539
cat_boundaries=0 1 2
cat_threshold=134 18
is_linear=0
shrinkage=0.05


Tree=135
num_leaves=31
num_cat=1
split_feature=11 11 8 12 9 10 9 10 0 0 3 10 0 7 9 12 11 7 10 10 9 0 11 9 7 7 13 11 11 7
split_gain=11.5506 43.8483 24.3686 19.8804 19.5033 39.7824 21.0726 18.7617 15.7745 13.8216 17.6387 12.1409 11.3578 33.4161 45.1965 24.3365 21.0829 25.2224 18.4675 17.5839 17.7642 31.3216 19.6421 16.1524 39.1167 20.6061 19.3309 15.1116 32.9736 28.1649
threshold=47.680000000000007 49.585000000000008 30.650000000000002 3.5000000000000004 -81.449999999999989 39.330000000000005 -81.249999999999986 83.035000000000011 20.500000000000004 33.500000000000007 0 147.58500000000004 61.500000000000007 14.500000000000002 -82.649999999999991 1.0000000180025095e-35 136.12000000000003 16.500000000000004 123.30500000000002 122.84500000000001 -82.549999999999983 71.500000000000014 99.585000000000022 -80.149999999999991 16.500000000000004 15.500000000000002 2022.5000000000002 90.350000000000009 91.745000000000019 23.500000000000004
decision_type=8 8 2 10 2 10 2 10 2 2 9 10 2 2 2 10 10 2 10 8 2 2 10 2 2 2 2 8 8 2
left_child=2 7 4 11 5 8 -6 -2 -1 10 -7 12 23 18 15 -15 17 -16 -14 20 22 -22 -19 27 25 26 -25 -3 -29 -30
right_child=1 3 -4 -5 6 9 -8 -9 -10 -11 -12 -13 13 14 16 -17 -18 19 -20 -21 21 -23 -24 24 -26 -27 -28 28 29 -31
leaf_value=-0.022720311616195189 0.015863256654568138 0.0013186957982019188 0.02514957820881172 -0.020608236118370017 -0.02336917746475331 0.0025528000284678501 -0.0043878615754723961 -0.0070253856653554438 -0.0051207595690181407 -0.0013940472232358836 0.015796957057560946 -0.019788910884186883 0.00091358170019999467 -0.0025789402415194122 -0.0061734209207911844 0.0019011425635145685 0.01486056292962994 0.0038682943881637403 0.0062733922808244635 -0.0094161869683862878 0.004527490261428113 -0.0055025984057810009 -0.0075051343401997712 -0.0029063941886584123 0.00055604924978007735 0.025686583574065572 0.01416849979571806 -0.022747619077687409 4.4577463928341392e-05 -0.0090719934599707182
leaf_weight=696 1721 51666 231 424 551 1965 3293 229 865 3360 1137 200 7681 1989 5217 5301 261 257 1165 796 2273 1749 708 718 5748 935 423 422 145364 2094
leaf_count=696 1721 51666 231 424 551 1965 3293 229 865 3360 1137 200 7681 1989 5217 5301 261 257 1165 796 2273 1749 708 718 5748 935 423 422 145364 2094
internal_value=7.7571e-05 0.000154413 -0.00142881 9.23955e-05 -0.00174707 -0.000342338 -0.00467047 0.00760204 -0.00747931 0.00139061 0.00379177 0.000112139 0.000122883 -0.000833729 -0.00203922 0.0010274 -0.0040236 -0.00435967 0.00169377 -0.0020801 -0.000970582 0.000496032 -0.00702564 0.000249301 0.00247638 0.00834132 0.00377932 0.000161859 -9.53411e-05 -5.49272e-05
internal_weight=249439 237341 12098 235391 11867 8023 3844 1950 1561 6462 3102 234967 234767 27397 18551 7290 11261 11000 8846 5783 4987 4022 965 207370 7824 2076 1141 199546 147880 147458
internal_count=249439 237341 12098 235391 11867 8023 3844 1950 1561 6462 3102 234967 234767 27397 18551 7290 11261 11000 8846 5783 4987 4022 965 207370 7824 2076 1141 199546 147880 147458
cat_boundaries=0 1
cat_threshold=20
is_linear=0
shrinkage=0.05


Tree=136
num_leaves=31
num_cat=3
split_feature=0 7 10 9 10 4 8 13 8 13 10 7 9 10 8 8 10 4 13 0 10 11 9 7 13 13 9 4 9 10
split_gain=11.1835 27.4278 39.3474 29.1809 22.6683 21.8512 21.2001 20.4096 17.8292 27.1076 21.3518 20.6686 19.2192 16.7746 26.2578 28.3281 34.645 20.5148 17.4046 15.6613 14.6999 22.584 13.5405 32.7313 16.7922 24.1495 15.4919 66.6124 50.8747 49.178
threshold=61.500000000000007 14.500000000000002 122.84500000000001 -82.749999999999986 117.38000000000001 0 26.150000000000002 2000.5000000000002 27.750000000000004 2020.5000000000002 42.415000000000006 16.500000000000004 -81.049999999999983 88.225000000000009 27.450000000000003 26.050000000000004 93.345000000000013 1 2022.5000000000002 75.500000000000014 79.535000000000011 136.12000000000003 -80.149999999999991 16.500000000000004 2009.5000000000002 2022.5000000000002 -80.949999999999989 2 -81.049999999999983 41.495000000000005
decision_type=2 2 8 2 10 9 2 2 2 2 10 2 2 8 2 2 8 9 2 2 10 10 2 2 2 2 2 9 2 8
left_child=22 13 3 5 8 19 -4 -8 20 -10 -11 12 -12 -2 15 16 -15 -17 -19 -3 21 -5 26 24 -24 -26 28 -28 -1 -29
right_child=1 2 6 4 -6 -7 7 -9 9 10 11 -13 -14 14 -16 17 -18 18 -20 -21 -22 -23 23 -25 25 -27 27 29 -30 -31
leaf_value=0.00019619554855188071 -0.001457303950727651 0.0034922655448213825 -0.0031888920542025192 -0.0099232166826149996 0.002801129099797173 -0.0049847916465910027 0.0053581060964897897 -0.012958309544370383 0.00095931055466085273 0.00041640848483801566 -0.0030662849630792802 -0.0095522038637955841 -0.019257653937605614 0.019704468867215844 -0.0024471871444128549 -0.0024161788241008342 -0.0085671211947754965 -0.0025501205752128889 0.0084772121428258636 -0.0017364695311857582 0.0022297212988105389 0.014117534783148412 0.028531728713883809 0.00045320681824998491 -0.0023483261487887044 0.014959373034209068 0.0060226772608980468 0.00040129888736322177 0.005236337604525243 -0.0054313939327498952
leaf_weight=161807 3452 3326 1097 1023 1853 498 232 1377 1823 1013 3006 1293 438 202 1193 400 1043 278 2448 762 1329 261 634 6066 843 630 7046 19469 5769 18828
leaf_count=161807 3452 3326 1097 1023 1853 498 232 1377 1823 1013 3006 1293 438 202 1193 400 1043 278 2448 762 1329 261 634 6066 843 630 7046 19469 5769 18828
internal_value=6.55445e-05 -0.000869274 -0.00193113 -0.00101894 -0.0023114 0.00237163 -0.00751105 -0.0111489 -0.00323656 -0.00446393 -0.00614583 -0.00755214 -0.00550087 0.00140705 0.0031037 0.00489614 -0.0014741 0.00742985 0.00895849 0.00357838 0.000324056 -0.00347759 0.000185435 0.00218135 0.00753425 0.00455158 0.000108722 -0.000711089 0.000330577 -0.00153326
internal_weight=249439 28347 19331 16625 12039 4586 2706 1609 10186 7573 5750 4737 3444 9016 5564 4371 1245 3126 2726 4088 2613 1284 221092 8173 2107 1473 212919 45343 167576 38297
internal_count=249439 28347 19331 16625 12039 4586 2706 1609 10186 7573 5750 4737 3444 9016 5564 4371 1245 3126 2726 4088 2613 1284 221092 8173 2107 1473 212919 45343 167576 38297
cat_boundaries=0 1 2 3
cat_threshold=130 196 140
is_linear=0
shrinkage=0.05


Tree=137
num_leaves=31
num_cat=3
split_feature=4 0 12 11 7 11 11 10 9 10 0 7 3 10 10 4 10 13 13 7 10 0 0 13 11 9 0 11 9 10
split_gain=11.0812 13.6714 10.6157 17.3537 10.7864 41.29 29.5179 47.8935 39.505 50.611 39.4927 31.5705 23.612 20.4575 17.7747 16.2217 15.7769 12.3235 41.1301 39.4821 35.1695 42.5424 32.443 36.3012 34.2088 33.5465 32.8481 31.8771 39.1333 30.1404
threshold=0 42.500000000000007 3.5000000000000004 31.250000000000004 20.500000000000004 53.165000000000006 86.515000000000015 14.360000000000001 -80.449999999999989 81.960000000000022 23.500000000000004 23.500000000000004 1 43.525000000000013 90.02500000000002 2 107.49500000000002 1996.5000000000002 1998.5000000000002 18.500000000000004 9.2300000000000022 18.500000000000004 13.500000000000002 1991.5000000000002 83.440000000000012 -86.949999999999989 6.5000000000000009 63.750000000000007 -80.84999999999998 66.570000000000007
decision_type=9 2 10 10 2 10 10 10 2 10 2 2 9 10 10 9 10 2 2 2 8 2 2 2 8 2 2 8 2 10
left_child=1 -1 4 -4 17 12 7 -7 9 -9 -10 13 16 -8 -11 -12 -6 22 19 20 -19 -22 25 -24 -25 26 -2 28 -20 -26
right_child=2 -3 3 -5 5 6 11 8 10 14 15 -13 -14 -15 -16 -17 -18 18 27 -21 21 -23 23 24 29 -27 -28 -29 -30 -31
leaf_value=-0.00954981491817577 -0.00085160100028391916 -0.00023690815165915426 0.0016520214745953333 -0.016947299125834904 -0.0075973935885435221 -0.019380881638111136 0.0014070045118104169 -0.021088909816081802 -0.00016421352915161336 0.016295997863321254 0.028735329986305038 -0.020038570641438814 -0.0017850752427840178 -0.012874546572976221 0.0024391857797183558 0.012622031035806947 -0.025098824054609281 0.011776452034296891 0.0042637478379142562 -0.033927967312716016 -0.017701489879557553 -0.0010712152582105451 -0.00066018306380972731 -0.001353596958457537 0.0051053175849431033 -0.0010698640319788844 -0.040164644841415333 1.3179960747322639e-05 -0.0082382816432176927 0.027082678612175483
leaf_weight=1260 354 2436 854 703 4709 386 5407 489 549 849 1014 605 6037 790 1414 278 211 360 14188 572 1757 4336 11186 3943 13962 7869 416 159817 1479 1209
leaf_count=1260 354 2436 854 703 4709 386 5407 489 549 849 1014 605 6037 790 1414 278 211 360 14188 572 1757 4336 11186 3943 13962 7869 416 159817 1479 1209
internal_value=7.27604e-05 -0.00263724 0.000113727 -0.00398851 0.000140051 -0.000896782 0.00115766 0.00407897 0.00550728 0.00170167 0.0111561 -0.000983558 -0.00310477 8.86096e-05 0.00486142 0.0158986 -0.00566802 0.000246548 7.42388e-05 -0.00367448 -0.00254526 -0.00344912 0.00105394 0.00182448 0.00314788 -0.00164759 -0.0115385 0.000224509 0.00237609 0.00422568
internal_weight=249439 3696 245743 1557 244186 22738 11781 4979 4593 2752 1841 6802 10957 6197 2263 1292 4920 221448 182509 7025 6453 6093 38939 30300 19114 8639 770 175484 15667 15171
internal_count=249439 3696 245743 1557 244186 22738 11781 4979 4593 2752 1841 6802 10957 6197 2263 1292 4920 221448 182509 7025 6453 6093 38939 30300 19114 8639 770 175484 15667 15171
cat_boundaries=0 1 2 3
cat_threshold=64 4 2
is_linear=0
shrinkage=0.05


Tree=138
num_leaves=31
num_cat=0
split_feature=12 11 11 13 2 11 9 8 11 8 0 9 9 0 9 11 11 8 0 10 8 9 11 9 10 10 10 10 0 10
split_gain=10.063 16.8348 9.63863 19.048 20.8439 12.7175 31.4875 38.8199 47.2973 37.3157 29.1096 32.7641 27.2631 22.7263 24.0996 25.3489 21.2921 33.8344 18.2528 17.7389 30.2014 17.5954 17.2369 19.0011 16.2026 15.7041 30.3264 57.8999 48.1348 31.096
threshold=3.5000000000000004 31.250000000000004 36.250000000000007 1983.5000000000002 1.0000000180025095e-35 63.750000000000007 -82.649999999999991 30.050000000000004 53.165000000000006 28.950000000000003 49.500000000000007 -82.449999999999989 -80.649999999999991 16.500000000000004 -80.84999999999998 54.675000000000004 66.040000000000006 27.550000000000004 16.500000000000004 36.195000000000007 29.950000000000003 -82.449999999999989 47.250000000000007 -81.84999999999998 85.760000000000005 45.480000000000011 69.680000000000021 70.125000000000014 44.500000000000007 85.760000000000005
decision_type=10 10 8 2 2 8 2 2 10 2 2 2 2 2 2 10 8 2 2 10 2 2 10 2 10 8 8 8 2 8
left_child=2 -2 3 -1 -5 6 19 8 9 12 11 -10 18 -13 -15 -16 17 -7 -8 20 -4 -12 -11 -24 -19 -18 -27 28 -28 -29
right_child=1 -3 5 4 -6 16 7 -9 10 22 21 13 -14 14 15 -17 25 24 -20 -21 -22 -23 23 -25 -26 26 27 29 -30 -31
leaf_value=-0.012148487120563135 0.0015694204008656065 -0.016615967886572405 -0.024807259034996455 0.0023668394668228568 -0.01519156891676552 -0.0016105432234194252 0.015667570377429298 0.01246177308652543 -0.0020647480379488493 -0.023642084443701708 0.0056836731904721383 -0.0028791318992510643 -0.0082897771887942458 0.010786007708610424 0.02300001740326554 -0.0095108029149068695 0.00091139457715740948 -0.02369988049776213 0.0011397637497729373 -0.0017588134912959409 0.012760821973389814 -0.0039923228591838278 0.015632195714295173 -0.010137185251423509 -0.0049252192642883948 -0.0030741624775693314 0.014477782795455996 -0.0042334664541616718 -0.00047468270695514295 0.00013731543591273266
leaf_weight=977 854 705 540 3747 877 6046 716 3179 1731 497 671 793 1198 5554 211 596 75299 655 1874 4638 245 2330 202 1554 512 13993 1450 9294 1019 107482
leaf_count=977 854 705 540 3747 877 6046 716 3179 1731 497 671 793 1198 5554 211 596 75299 655 1874 4638 245 2330 202 1554 512 13993 1450 9294 1019 107482
internal_value=7.19586e-05 -0.00391969 9.72205e-05 -0.00195152 -0.00060423 0.000144662 0.00117751 0.00205058 0.00114568 -0.00245414 0.00297579 0.00441259 0.000579252 0.00590452 0.00689845 -0.00116279 1.76122e-05 -0.00265125 0.00346154 -0.00221793 -0.0091195 -0.00127864 -0.00753425 -0.00515289 -0.0104078 0.000110047 -0.000216138 4.23462e-05 0.00760387 -0.000118165
internal_weight=249439 1559 247880 5601 4624 242279 26529 21106 17927 6041 11886 8885 3788 7154 6361 807 215750 7213 2590 5423 785 3001 2253 1756 1167 208537 133238 119245 2469 116776
internal_count=249439 1559 247880 5601 4624 242279 26529 21106 17927 6041 11886 8885 3788 7154 6361 807 215750 7213 2590 5423 785 3001 2253 1756 1167 208537 133238 119245 2469 116776
is_linear=0
shrinkage=0.05


Tree=139
num_leaves=31
num_cat=2
split_feature=4 11 12 11 7 11 10 11 9 10 0 7 10 0 10 13 4 8 13 9 11 13 13 11 11 13 13 7 10 0
split_gain=10.0393 11.909 9.65797 15.1984 9.73295 36.9064 29.0689 32.2628 35.3908 46.2933 38.0591 31.0223 22.7864 19.7805 18.9217 16.8217 15.4884 14.4794 14.2525 29.4134 14.0835 14.2919 13.6701 14.5339 13.2724 11.8392 35.106 35.9302 32.8537 38.6826
threshold=0 105.28000000000002 3.5000000000000004 31.250000000000004 20.500000000000004 53.165000000000006 11.955000000000002 87.500000000000014 -80.449999999999989 85.760000000000005 23.500000000000004 23.500000000000004 43.525000000000013 26.500000000000004 90.02500000000002 2019.5000000000002 1 27.350000000000005 2003.5000000000002 -82.549999999999983 51.335000000000008 2011.5000000000002 1991.5000000000002 24.585000000000004 87.500000000000014 1996.5000000000002 1998.5000000000002 18.500000000000004 9.2300000000000022 18.500000000000004
decision_type=9 8 10 10 2 10 10 10 2 10 2 2 10 2 10 2 9 2 2 2 10 2 2 10 10 2 2 2 8 2
left_child=1 -1 4 -4 25 15 13 8 9 -8 -10 12 -9 24 -11 18 17 -12 19 -6 21 -20 23 -21 -7 -2 27 28 -27 -30
right_child=2 -3 3 -5 5 6 7 11 10 14 16 -13 -14 -15 -16 -17 -18 -19 20 22 -22 -23 -24 -25 -26 26 -28 -29 29 -31
leaf_value=-0.015549081763753404 0.0016529673224128238 -0.0010970845609520996 0.0014909493808223041 -0.015269135775214515 -0.02224934703196273 -0.013572464033778875 -0.018535334150661997 0.0029385093832494658 -0.0012160102596391555 0.016147968408073154 0.018758554789772397 -0.018882933985488393 -0.012266703489400489 -0.011668584512389391 0.0024272238050175423 -0.023161742390069674 0.01101878836483694 0.032304532843069465 0.0031384276747107977 0.00025725667483968986 -0.012143022293238204 -0.0053700631424971057 -0.010360076045301004 -0.011625523408422867 0.0068642789720401165 0.011142059703724172 0.00022815830098306123 -0.032238434718875865 -0.016823281157375282 -0.0010226731377156906
leaf_weight=556 38939 3140 854 703 386 207 556 4552 560 808 297 605 789 620 1414 241 279 724 2664 2880 315 1739 2026 706 370 360 175484 572 1757 4336
leaf_count=556 38939 3140 854 703 386 207 556 4552 560 808 297 605 789 620 1414 241 279 724 2664 2880 315 1739 2026 706 370 360 175484 572 1757 4336
internal_value=7.67692e-05 -0.00250269 0.000115762 -0.00379706 0.00014087 -0.00084403 0.0010983 0.00193506 0.00505594 0.00147059 0.0103743 -0.000503694 0.000719492 -0.00625518 0.0047043 -0.00293152 0.0150382 0.0178194 -0.00262913 -0.00424434 -0.000571066 0.000169952 -0.00330843 -0.00144605 0.000425894 0.000242032 7.31431e-05 -0.00339019 -0.00231317 -0.00318696
internal_weight=249439 3696 245743 1557 244186 22738 11781 10584 4638 2778 1860 5946 5341 1197 2222 10957 1300 1021 10716 5998 4718 4403 5612 3586 577 221448 182509 7025 6453 6093
internal_count=249439 3696 245743 1557 244186 22738 11781 10584 4638 2778 1860 5946 5341 1197 2222 10957 1300 1021 10716 5998 4718 4403 5612 3586 577 221448 182509 7025 6453 6093
cat_boundaries=0 1 2
cat_threshold=64 2
is_linear=0
shrinkage=0.05


Tree=140
num_leaves=31
num_cat=5
split_feature=10 10 0 0 0 13 0 0 3 13 6 3 7 9 4 6 7 0 9 7 6 10 10 9 4 0 0 10 4 10
split_gain=11.6273 26.0208 29.238 28.2335 20.2305 17.0223 21.1262 13.6807 47.232 16.234 37.933 17.8203 12.2662 12.0821 50.1185 59.6264 39.9725 48.3175 22.7807 34.8886 46.1625 36.7012 41.4596 69.2696 62.1377 30.6337 31.6245 29.6158 30.6536 30.5013
threshold=15.290000000000001 15.545000000000002 32.500000000000007 17.500000000000004 23.500000000000004 2022.5000000000002 36.500000000000007 17.500000000000004 0 1997.5000000000002 2.5000000000000004 1 13.500000000000002 -81.649999999999991 2 4.5000000000000009 17.500000000000004 58.500000000000007 -82.34999999999998 12.500000000000002 1.5000000000000002 35.290000000000013 21.125000000000004 -81.949999999999989 3 42.500000000000007 21.500000000000004 37.005000000000003 4 43.525000000000013
decision_type=8 8 2 2 2 2 2 2 9 2 2 9 2 2 9 2 2 2 2 2 2 8 10 2 9 2 2 8 9 8
left_child=5 2 3 -2 -5 7 -7 8 -1 10 12 -12 -9 18 15 -15 17 -16 -3 20 -20 22 23 -21 25 26 -24 -23 -29 -30
right_child=1 13 -4 4 -6 6 -8 9 -10 -11 11 -13 -14 14 16 -17 -18 -19 19 21 -22 27 24 -25 -26 -27 -28 28 29 -31
leaf_value=-0.012130430629831058 0.0043346017745269361 -5.5283860947774602e-06 -0.01860571944336753 0.03307832757890683 0.015571181809854196 0.010771081636172575 -0.024479610787168406 -0.0035124992557406644 0.0025327830691204592 -0.00071798924361958787 0.023711025369360518 0.0044078408501267317 -0.027852513339809627 -0.0013446994095887455 0.0091752380553883125 -0.044197445758251554 -0.0010249232983975622 -0.0076408171861796605 0.0035873724899691873 0.0090212309855584039 -0.0060553559113347257 -0.0062070109929710966 0.020328785741918057 -0.0035368658736387283 -0.0024554247993221704 0.012666220841131892 0.0048456285335141576 0.0028305358409014937 -0.037857386477702454 -0.0017247359995964829
leaf_weight=2994 1042 104865 231 477 262 213 577 205 2289 15543 365 2516 205 59303 6496 292 6396 1037 4092 3078 4804 2342 955 3738 1200 1407 1610 17550 237 2705
leaf_count=2994 1042 104865 231 477 262 213 577 205 2289 15543 365 2516 205 59303 6496 292 6396 1037 4092 3078 4804 2342 955 3738 1200 1407 1610 17550 237 2705
internal_value=7.54911e-05 0.0001894 0.00583581 0.00801228 0.0154206 -0.000949151 -0.008125 -0.000710822 -0.00295674 -7.96009e-05 0.00310512 0.00513663 -0.0109524 0.00013799 -0.000386216 -0.00101736 0.00231199 0.00477927 0.000397394 0.00135611 -0.00143723 0.00206994 0.00430905 0.00174333 0.00768043 0.0106713 0.00739806 0.000893013 0.00150229 -0.00320729
internal_weight=249026 224119 2012 1781 739 24907 790 24117 5283 18834 3291 2881 410 222107 73524 59595 13929 7533 148583 43718 8896 34822 11988 6816 5172 3972 2565 22834 20492 2942
internal_count=249026 224119 2012 1781 739 24907 790 24117 5283 18834 3291 2881 410 222107 73524 59595 13929 7533 148583 43718 8896 34822 11988 6816 5172 3972 2565 22834 20492 2942
cat_boundaries=0 1 2 3 4 5
cat_threshold=4 24 82 34 106
is_linear=0
shrinkage=0.05


Tree=141
num_leaves=31
num_cat=7
split_feature=8 4 8 11 3 13 11 9 7 13 3 13 5 8 8 9 4 4 13 9 11 8 4 9 3 13 13 7 9 8
split_gain=8.51196 8.20848 32.8548 24.1713 25.2053 16.3816 15.6955 21.5756 15.3232 13.7903 19.7088 12.6423 12.0951 11.3579 39.5509 63.6527 40.7044 37.0202 29.718 22.5258 27.1576 24.7929 24.6945 21.9092 20.4781 36.8056 45.1769 24.8046 28.4863 50.3301
threshold=24.550000000000004 0 27.450000000000003 118.75000000000001 1 2019.5000000000002 61.250000000000007 -82.049999999999983 14.500000000000002 1999.5000000000002 2 2009.5000000000002 1.5000000000000002 26.350000000000005 26.150000000000002 -81.649999999999991 3 4 2011.5000000000002 -80.449999999999989 90.350000000000009 27.350000000000005 5 -80.34999999999998 6 2000.5000000000002 1999.5000000000002 17.500000000000004 -80.249999999999986 25.750000000000004
decision_type=2 9 2 10 9 2 8 2 2 2 9 2 2 2 2 2 9 9 2 2 10 2 9 2 9 2 2 2 2 2
left_child=-1 2 5 4 12 9 7 -6 -7 -2 11 -11 -4 14 17 16 -16 23 -17 -15 21 -21 -23 -3 25 26 -19 28 -26 -30
right_child=1 13 3 -5 6 8 -8 -9 -10 10 -12 -13 -14 19 15 18 -18 24 -20 20 -22 22 -24 -25 27 -27 -28 -29 29 -31
leaf_value=-0.0082351457236727651 -0.0013890907180860168 -5.1928186303840114e-06 -0.0033186454359804608 0.0071270972605086413 0.010009994280602275 0.00096012671349354761 -0.0065528731125161334 -0.0079615282496341422 -0.0041994379681771221 0.011780976786800146 -0.0096095385672529954 0.0023434501090163983 0.02080496173249884 0.0002638589429569738 -0.036541155926561555 -0.0086353314083671417 0.0029356930309367259 0.0026264142510937561 -0.020637814184923633 0.005619982085479292 -0.0027025031343908879 0.022417842465859206 -0.0049116668754522587 0.0099005275003886343 -0.003512402720494379 -0.0030487525342379751 0.032361097192943333 0.0011883025324584296 0.038423515277284187 0.00051828166328276031
leaf_weight=314 1344 2891 259 618 613 3949 6616 524 1689 1786 340 834 367 158392 334 3746 4353 1359 1075 3772 2182 1278 305 4574 21591 1902 817 14172 279 6751
leaf_count=314 1344 2891 259 618 613 3949 6616 524 1689 1786 340 834 367 158392 334 3746 4353 1359 1075 3772 2182 1278 305 4574 21591 1902 817 14172 279 6751
internal_value=7.42864e-05 8.48337e-05 -0.000915133 -0.00310314 -0.00380856 0.00106511 -0.00458639 0.000828248 -0.000708215 0.00338433 0.0052862 0.00674242 0.00572755 0.000167325 -0.000399349 -0.00337256 0.000777092 0.000121444 -0.00740012 0.000385383 0.00305419 0.00496738 0.0102009 0.00338677 -0.000399864 0.00297706 0.0074108 -0.000722911 -0.00156998 0.00119318
internal_weight=249026 248712 18939 8997 8379 9942 7753 1137 5638 4304 2960 2620 626 229773 63844 9508 4687 54336 4821 165929 7537 5355 1583 7465 46871 4078 2176 42793 28621 7030
internal_count=249026 248712 18939 8997 8379 9942 7753 1137 5638 4304 2960 2620 626 229773 63844 9508 4687 54336 4821 165929 7537 5355 1583 7465 46871 4078 2176 42793 28621 7030
cat_boundaries=0 1 2 3 4 5 6 7
cat_threshold=84 16 6 128 136 2 18
is_linear=0
shrinkage=0.05


Tree=142
num_leaves=31
num_cat=4
split_feature=10 11 11 10 10 7 10 11 3 13 10 4 10 9 9 6 9 10 9 11 2 13 4 11 10 11 10 11 4 11
split_gain=8.93512 28.7701 25.8946 31.1608 25.0353 16.157 30.6345 32.5778 24.6773 57.8271 22.4467 23.9468 21.9914 21.9765 17.4051 20.0093 22.5326 19.9743 16.7761 15.1484 15.0957 13.9748 12.6299 12.6407 11.6849 35.4009 39.5647 40.7596 34.1548 36.8022
threshold=15.290000000000001 141.82000000000002 138.07000000000002 12.415000000000001 15.545000000000002 10.500000000000002 1.0000000180025095e-35 67.915000000000006 0 2003.5000000000002 12.125000000000002 1 12.415000000000001 -81.449999999999989 -82.049999999999983 4.5000000000000009 -82.749999999999986 12.125000000000002 -81.34999999999998 71.705000000000013 1.0000000180025095e-35 2016.5000000000002 2 99.585000000000022 30.295000000000005 65.415000000000006 24.535 126.38500000000001 3 91.115000000000023
decision_type=8 10 10 10 8 2 10 10 9 2 10 9 10 2 2 2 2 10 2 10 2 2 9 10 8 10 10 10 9 10
left_child=2 4 5 20 -2 10 22 -8 9 -9 11 13 21 -1 15 16 -10 19 -19 -16 -4 -11 -7 -24 25 -6 28 -28 29 -27
right_child=1 -3 3 -5 24 6 7 8 14 12 -12 -13 -14 -15 17 -17 -18 18 -20 -21 -22 -23 23 -25 -26 26 27 -29 -30 -31
leaf_value=-0.0071780914002339997 0.010827229807830064 -0.033931513877377827 0.0062127090690183634 -0.0013802091260178618 -0.0030216981345643659 -0.011044395019088604 0.0022627271698866468 0.020232458616339023 -0.0086832280521515152 -0.018073395347721368 0.0066088866870736675 0.017561098309843894 0.012308876235101041 0.0040060348253120994 -0.023846779605009784 -0.0036382427050733581 -0.023265564001173102 -0.019757897966812089 -0.00036750911594918279 -0.0011689630118733696 0.044845528434532517 0.0009948009670381452 -0.00029234753952565032 0.009731467924577332 -2.2846234888440622e-05 0.021875576048429404 0.0042570382489400599 0.010197073649650612 -0.00035824126050885144 0.004817326777105402
leaf_weight=1367 2012 431 935 1632 6820 223 3308 428 2502 717 967 317 334 931 232 2092 1086 629 353 4927 243 360 397 927 182381 429 7249 2219 20276 2302
leaf_count=1367 2012 431 935 1632 6820 223 3308 428 2502 717 967 317 334 931 232 2092 1086 629 353 4927 243 360 397 927 182381 429 7249 2219 20276 2302
internal_value=7.34834e-05 0.000173338 -0.000824738 0.00368794 0.000198482 -0.00140001 -0.0019946 -0.00260926 -0.00368691 0.00169446 0.00167038 -0.000742857 -0.00320197 -0.0025453 -0.00452242 -0.00652021 -0.00878266 -0.00267436 -0.00917339 -0.00142194 0.00984848 -0.00666973 0.00472062 0.00654762 0.000147957 0.000929907 0.00161767 0.00433636 0.000497458 0.00572519
internal_weight=249026 224119 24907 2810 223688 22097 18515 16968 13660 1839 3582 2615 1411 2298 11821 5680 3588 6141 982 5159 1178 1077 1547 1324 221676 39295 32475 9468 23007 2731
internal_count=249026 224119 24907 2810 223688 22097 18515 16968 13660 1839 3582 2615 1411 2298 11821 5680 3588 6141 982 5159 1178 1077 1547 1324 221676 39295 32475 9468 23007 2731
cat_boundaries=0 1 2 3 4
cat_threshold=24 78 164 52
is_linear=0
shrinkage=0.05


Tree=143
num_leaves=31
num_cat=4
split_feature=0 13 13 5 4 9 13 4 9 9 13 9 2 13 11 9 11 13 4 13 0 6 7 9 13 13 11 0 4 11
split_gain=9.176 19.0014 25.5373 16.6442 12.8659 12.2938 12.116 13.0878 10.7661 31.6488 21.4062 15.0154 17.3704 29.5858 14.8195 12.3112 10.3186 9.56747 9.49571 24.8273 18.1474 27.4484 13.8873 15.1038 13.016 18.0977 15.346 15.3429 15.8486 17.0756
threshold=7.5000000000000009 1993.5000000000002 1992.5000000000002 1.5000000000000002 0 -80.149999999999991 2004.5000000000002 1 -85.34999999999998 -85.949999999999989 1998.5000000000002 -81.84999999999998 1.0000000180025095e-35 2020.5000000000002 90.160000000000011 -86.84999999999998 90.350000000000009 1995.5000000000002 2 2023.5000000000002 51.500000000000007 2.5000000000000004 20.500000000000004 -85.949999999999989 2021.5000000000002 1999.5000000000002 110.41500000000001 42.500000000000007 3 123.89000000000001
decision_type=2 2 2 2 9 2 2 9 2 2 2 2 2 2 8 2 8 2 9 2 2 2 2 2 2 2 8 2 9 8
left_child=1 2 3 -1 5 8 17 -8 9 14 -10 12 -12 -14 15 -3 -16 -6 19 22 21 -21 23 -2 25 26 -25 -26 -29 -30
right_child=18 4 -4 -5 6 -7 7 -9 10 -11 11 -13 13 -15 16 -17 -18 -19 -20 20 -22 -23 -24 24 27 -27 -28 28 29 -31
leaf_value=0.0029173741748377059 -0.0076817459075916973 -0.030245368796698636 -0.035295170594712565 -0.013547990702414393 0.009296942017456988 0.015113039197469558 0.020781797246007906 0.0011499372300939116 -0.020140251840598825 0.022354276585703305 -0.015411194168839605 0.00021791898820211486 -0.019065583687548807 0.0088853550416629467 0.012232352286218351 -0.0014324442643880886 -0.0008375008567219844 -0.0060293457910669986 0.00024809135072993981 0.0080723637841844994 -0.0010589921164362083 -0.012673484239678512 -0.0081218129073212363 0.0045844520935006015 -0.0076088664410109974 0.0063190804384799298 -0.0066656529334723665 0.0055172416611050769 -0.01301950517327044 0.00068252266357209383
leaf_weight=784 1170 253 239 995 313 215 332 451 620 490 1071 4099 282 462 218 331 1593 531 221075 280 2243 1139 999 1663 1110 3268 1057 794 236 713
leaf_count=784 1170 253 239 995 313 215 332 451 620 490 1071 4099 282 462 218 331 1593 531 221075 280 2243 1139 999 1663 1110 3268 1057 794 236 713
internal_value=6.30431e-05 -0.00121529 -0.00567061 -0.00354947 -0.000412563 -0.00110835 0.00367335 0.00813367 -0.00138403 0.00115717 -0.00250611 -0.00156989 -0.00534247 0.000530504 -0.00122661 -0.00808081 0.00101593 -0.000468384 0.000135097 -0.00109583 -0.00465686 -0.00906228 9.07441e-05 0.000653627 0.00136143 0.00268423 -0.00032967 -0.0014146 0.00151169 -0.00283798
internal_weight=249026 13279 2018 1779 11261 9634 1627 783 9419 2885 6534 5914 1815 744 2395 584 1811 844 235747 14672 3662 1419 11010 10011 8841 5988 2720 2853 1743 949
internal_count=249026 13279 2018 1779 11261 9634 1627 783 9419 2885 6534 5914 1815 744 2395 584 1811 844 235747 14672 3662 1419 11010 10011 8841 5988 2720 2853 1743 949
cat_boundaries=0 1 2 3 4
cat_threshold=18 12 68 64
is_linear=0
shrinkage=0.05


Tree=144
num_leaves=31
num_cat=3
split_feature=10 11 11 10 10 10 8 10 0 0 11 13 0 10 0 0 4 12 8 10 13 0 4 8 0 0 11 4 10 10
split_gain=9.35499 26.7049 23.5168 26.2214 23.3974 21.6835 45.051 24.75 26.2632 29.4629 23.604 21.7762 24.1849 20.7221 20.8082 20.1741 18.53 16.2821 15.9218 15.509 55.1948 45.6662 37.2028 50.2838 44.8868 42.2953 32.4949 28.66 24.4936 24.2368
threshold=15.290000000000001 141.82000000000002 138.07000000000002 12.415000000000001 20.195000000000004 18.665000000000003 26.150000000000002 15.545000000000002 32.500000000000007 17.500000000000004 138.07000000000002 2007.5000000000002 33.500000000000007 21.125000000000004 16.500000000000004 23.500000000000004 0 1.0000000180025095e-35 24.650000000000002 30.295000000000005 2021.5000000000002 36.500000000000007 1 26.550000000000004 42.500000000000007 21.500000000000004 121.55000000000003 2 36.195000000000007 28.875000000000004
decision_type=8 10 10 10 8 10 2 10 2 2 10 2 2 8 2 2 9 10 2 8 2 2 9 2 2 2 10 9 8 10
left_child=2 4 18 -4 5 7 -7 8 9 -2 17 -8 -13 14 -6 -11 -14 -9 -1 20 21 27 23 24 25 -22 -25 29 -21 -15
right_child=1 -3 3 -5 13 6 11 10 -10 15 -12 12 16 19 -16 -17 -18 -19 -20 28 22 -23 -24 26 -26 -27 -28 -29 -30 -31
leaf_value=-0.013028420371898931 0.0035335146961220421 -0.032247342751045509 0.0098365685748318388 -0.0013236032372535345 -0.01550792610730687 -0.010358824794654354 0.023239517386841737 0.0038067950320191282 -0.018242392476274995 0.030811230015410553 0.016019008385446742 0.021378470778596184 -0.00081590376606985879 -0.0014726626103400255 -0.0022953234750371812 0.014202552624548082 0.010403089709858461 -0.0043769871785400488 -0.0013234591753452209 -0.003890578926220023 0.020652877652125801 -0.0083938101795693505 -0.0036189730617858466 0.0041008252745858625 0.012994204602366201 0.0011316086536103497 -0.015282640918665491 0.013723096050960405 0.00010852097520217541 0.011631825511898609
leaf_weight=818 1042 431 1178 1632 829 887 862 1449 231 477 386 1541 1630 9554 4172 262 521 4485 21279 9291 858 2866 1160 1715 1294 1446 254 2235 173090 1151
leaf_count=818 1042 431 1178 1632 829 887 862 1449 231 477 386 1541 1630 9554 4172 262 521 4485 21279 9291 858 2866 1160 1715 1294 1446 254 2235 173090 1151
internal_value=5.82245e-05 0.000160399 -0.000860858 0.00343972 0.000184624 0.00218022 0.00463218 0.000575402 0.0053907 0.00745394 -0.000963665 0.00663891 0.00494327 5.35906e-05 -0.00312313 0.01502 0.00150393 -0.00174966 -0.00140906 0.000131268 0.0013685 -0.000246586 0.00515808 0.00684625 0.0103659 0.00613656 0.00042951 0.00101931 -2.16568e-05 -6.06061e-05
internal_weight=249026 224119 24907 2810 223688 13773 5441 8332 2012 1781 6320 4554 3692 209915 5001 739 2151 5934 22097 204914 22533 15806 6727 5567 3598 2304 1969 12940 182381 10705
internal_count=249026 224119 24907 2810 223688 13773 5441 8332 2012 1781 6320 4554 3692 209915 5001 739 2151 5934 22097 204914 22533 15806 6727 5567 3598 2304 1969 12940 182381 10705
cat_boundaries=0 1 2 3
cat_threshold=66 38 34
is_linear=0
shrinkage=0.05


Tree=145
num_leaves=31
num_cat=4
split_feature=3 0 4 13 10 8 6 0 0 8 8 2 9 10 13 6 8 10 13 10 13 9 10 10 4 0 8 13 4 12
split_gain=19.4068 22.0429 22.636 27.1019 20.7038 15.8439 18.1569 13.8848 21.4383 28.2043 33.7225 35.6015 49.9541 30.5201 25.6944 38.1614 25.0975 23.226 45.066 64.1566 41.2283 31.9571 31.9191 43.8218 23.9632 24.9711 23.5684 44.8648 21.6651 20.8847
threshold=0 50.500000000000007 1 2021.5000000000002 67.305000000000021 30.350000000000005 2.5000000000000004 63.500000000000007 24.500000000000004 28.850000000000005 28.150000000000002 1.0000000180025095e-35 -82.649999999999991 125.25500000000001 2023.5000000000002 3.5000000000000004 27.750000000000004 111.38500000000002 1996.5000000000002 117.08500000000002 1995.5000000000002 -82.749999999999986 108.94500000000001 105.69500000000001 2 43.500000000000007 27.850000000000005 1979.5000000000002 3 2.5000000000000004
decision_type=9 2 9 2 10 2 2 2 2 2 2 2 2 8 2 2 2 8 2 10 2 2 10 10 9 2 2 2 9 10
left_child=1 4 3 -3 5 -1 -7 8 -2 10 11 16 -13 28 15 29 -10 22 20 -20 26 -22 23 -18 -21 -26 27 -19 -11 -12
right_child=7 2 -4 -5 -6 6 -8 -9 9 13 14 12 -14 -15 -16 -17 17 18 19 24 21 -23 -24 -25 25 -27 -28 -29 -30 -31
leaf_value=0.0019757603603052232 -0.00096286456177452351 -0.0023103759421205794 -0.0035181035192014768 0.010815540866458574 -0.002574653520270287 0.0035283703666570965 0.02626393519461985 -0.0010707443392835359 0.00035959550154585074 -0.0074170765165358704 -0.0059793160635559957 -0.015137788843308587 -0.0010173669036182887 -0.0016412554118893754 0.00015938760880325199 -0.0092616737152751757 0.0038508931550152782 0.015608047102377398 -0.0071853962197923954 -0.01178219675634864 0.004349803440065525 0.026457364912385463 0.0099306722292951573 -0.0085981591428722307 -0.020731736723086147 0.0026441897436682016 0.0062482162132558201 -0.030280194084628322 0.0037513673095744163 0.011930224426881875
leaf_weight=6951 71743 477 470 1293 3800 551 589 23891 66015 410 5147 1812 11971 5345 4114 666 10153 290 2908 219 587 1009 806 347 269 3672 1369 395 21353 409
leaf_count=6951 71743 477 470 1293 3800 551 589 23891 66015 410 5147 1812 11971 5345 4114 666 10153 290 2908 219 587 1009 806 347 269 3672 1369 395 21353 409
internal_value=0.000106207 0.00190446 0.00644444 0.00899441 0.00104613 0.002475 0.00791304 -2.12838e-06 0.00012724 0.000488957 0.000139077 0.00041539 -0.00194664 0.00193598 -0.00258071 -0.00460526 0.000785358 0.00224653 0.000577927 -0.00175191 0.00508197 0.0110834 0.00382644 0.00308278 0.00223022 0.00314315 0.000387597 -0.0071223 0.00276719 -0.00323392
internal_weight=249031 14131 2240 1770 11891 8091 1140 234900 211009 139266 112158 101822 13783 27108 10336 6222 88039 22024 10718 7068 3650 1596 11306 10500 4160 3941 2054 685 21763 5556
internal_count=249031 14131 2240 1770 11891 8091 1140 234900 211009 139266 112158 101822 13783 27108 10336 6222 88039 22024 10718 7068 3650 1596 11306 10500 4160 3941 2054 685 21763 5556
cat_boundaries=0 1 2 3 4
cat_threshold=16 54 84 16
is_linear=0
shrinkage=0.05


Tree=146
num_leaves=31
num_cat=2
split_feature=9 9 4 10 9 10 9 9 8 4 9 8 8 13 9 13 13 8 9 8 9 10 7 7 9 13 13 13 2 10
split_gain=10.4661 8.77853 27.5952 27.1616 34.7752 32.3 29.7583 27.6208 28.666 25.8447 28.9173 25.7077 66.0065 30.6027 30.5493 35.7619 30.2193 28.4379 27.4293 25.024 23.8645 24.585 27.5315 23.1639 27.1291 36.1609 71.3007 46.6149 41.2235 36.2703
threshold=-80.049999999999983 -81.749999999999986 0 55.605000000000011 -81.449999999999989 69.120000000000019 -81.649999999999991 -81.149999999999991 29.350000000000005 1 -87.449999999999989 26.150000000000002 26.350000000000005 2023.5000000000002 -80.249999999999986 2008.5000000000002 1999.5000000000002 25.750000000000004 -80.449999999999989 25.850000000000005 -80.949999999999989 16.605000000000004 17.500000000000004 11.500000000000002 -82.34999999999998 1996.5000000000002 2003.5000000000002 1992.5000000000002 1.0000000180025095e-35 15.075000000000001
decision_type=2 2 9 8 2 8 2 2 2 9 2 2 2 2 2 2 2 2 2 2 2 10 2 2 2 2 2 2 2 8
left_child=1 9 -3 4 -4 -5 -7 -8 11 -1 -11 13 -13 14 15 16 -9 -16 -14 -18 -6 22 -22 -12 25 27 29 -25 -29 -27
right_child=-2 2 3 5 20 6 7 8 -10 10 23 12 18 -15 17 -17 19 -19 -20 -21 21 -23 -24 24 -26 26 -28 28 -30 -31
leaf_value=-0.0014017136571077061 0.0087726898141148087 0.0024624832248419715 -0.0071586490419744747 -0.0081900725567151337 0.0033166324808769688 0.0061679884327439545 -0.0067510818113889039 -0.011558416457647037 0.012371753817351295 -0.022892485406043939 -0.0019667815772586475 -0.014407284946308874 -0.0064723885877794101 -0.016997269240294165 0.023596340281633932 -0.011158490892125528 0.0051798635783137925 0.0019790371608286342 0.0070527953034519534 -0.012134591746487899 -0.0098136022690357375 -0.0022869405003151932 0.0041983423469820202 -0.0010887364918532149 0.0023817575139301718 0.016873239701565623 0.000122356370429344 0.0065696051079394474 -0.0064171556882776318 -0.015308658238782559
leaf_weight=25665 825 15439 2805 3579 10272 2514 5554 1480 691 443 9962 2257 2693 610 427 2022 5041 8066 1998 683 935 14353 7024 9793 33993 264 62797 11978 1744 3124
leaf_count=25665 825 15439 2805 3579 10272 2514 5554 1480 691 443 9962 2257 2693 610 427 2022 5041 8066 1998 683 935 14353 7024 9793 33993 264 62797 11978 1744 3124
internal_value=0.000100184 8.13807e-05 -0.000318248 -0.000724419 0.000269782 -0.0016598 -0.00118369 -0.00160155 -0.00091616 0.000302617 0.000580832 -0.00119231 -0.00377982 -0.000209935 0.000172035 -0.00181897 -0.000166343 0.00233447 -0.000393533 0.00148239 0.000730196 -0.000188155 0.00203915 0.000623574 0.000810409 0.000354476 -0.000243976 0.00203826 0.00391786 -0.00729841
internal_weight=249031 248206 88443 73004 35389 37615 34036 31522 25968 159763 134098 25277 6948 18329 17719 9226 7204 8493 4691 5724 32584 22312 7959 133655 123693 89700 66185 23515 13722 3388
internal_count=249031 248206 88443 73004 35389 37615 34036 31522 25968 159763 134098 25277 6948 18329 17719 9226 7204 8493 4691 5724 32584 22312 7959 133655 123693 89700 66185 23515 13722 3388
cat_boundaries=0 1 2
cat_threshold=172 204
is_linear=0
shrinkage=0.05


Tree=147
num_leaves=31
num_cat=4
split_feature=0 0 11 11 8 10 4 10 0 8 4 11 11 9 8 8 10 10 8 11 9 10 4 7 2 4 10 8 8 0
split_gain=11.9441 17.1606 35.2067 49.5627 33.6782 33.3372 44.3735 42.0287 33.2836 47.5388 28.7789 28.6833 30.1519 31.1385 29.211 28.0773 62.3491 30.654 31.3854 30.504 43.1585 33.6131 35.3168 31.9055 27.1133 26.3813 26.0432 49.3066 29.9862 29.2344
threshold=24.500000000000004 41.500000000000007 108.05500000000002 107.64000000000001 28.850000000000005 30.295000000000005 0 123.30500000000002 39.500000000000007 28.350000000000005 1 77.085000000000022 88.610000000000014 -82.649999999999991 26.450000000000003 26.950000000000003 24.435000000000006 58.940000000000005 24.650000000000002 112.91500000000001 -82.449999999999989 117.08500000000002 2 12.500000000000002 1.0000000180025095e-35 3 105.16000000000001 27.950000000000003 27.850000000000005 49.500000000000007
decision_type=2 2 8 10 2 10 9 10 2 2 9 8 8 2 2 2 8 10 2 8 2 10 9 2 2 9 10 2 2 2
left_child=-1 2 3 4 -2 -4 -7 8 -8 -10 -6 14 -13 26 -3 17 -17 18 -15 20 25 23 -23 -21 -9 -18 28 29 -14 -28
right_child=1 11 5 -5 10 6 7 24 9 -11 -12 12 13 15 -16 16 19 -19 -20 21 -22 22 -24 -25 -26 -27 27 -29 -30 -31
leaf_value=-0.0006935988944582139 0.00086237072331440956 -0.011109423300069567 0.0007779765721216414 0.014010596921500841 -0.01623167800258667 0.021089677539442464 -0.010772952430782379 -0.0061702228769300316 -0.007210192219706358 0.016441589123136958 0.0061085564612650247 0.0093060993738131263 -0.012633960531945565 -0.017705815005257499 -0.0013455242993687833 -0.021781036003247101 0.030016548759029506 -0.003095085090460659 0.0013904468600489219 0.0041651487129205304 -0.0037793163330373416 0.00045340317487170269 -0.0082403771007707686 -0.0053636299603359028 0.023330555460423022 0.0035581267062233302 -0.0059718691642058012 -0.0092761760369382447 0.00059812892731603284 0.0034339049588939297
leaf_weight=77136 26275 2475 29604 1312 223 364 5397 314 528 277 12181 1667 1049 448 13099 1432 227 6854 25971 773 2298 8793 1010 5379 302 2868 982 452 10953 8388
leaf_count=77136 26275 2475 29604 1312 223 364 5397 314 528 277 12181 1667 1049 448 13099 1432 227 6854 25971 773 2298 8793 1010 5379 302 2868 982 452 10953 8388
internal_value=8.65319e-05 0.00031849 0.000874497 0.0019012 0.00157538 -0.000241874 -0.00329533 -0.00421176 -0.00545718 0.00398773 0.0037216 -0.000130351 0.000253916 0.000111058 -0.00209189 -0.000512816 -0.00186485 0.000413124 0.0011862 -0.00118457 0.00206367 -0.00228312 -0.000463671 -0.00517689 0.00814696 0.00590982 0.00171292 0.00362083 0.00014985 0.00440299
internal_weight=249031 171895 76777 39991 38679 36786 7182 6818 6202 805 12404 95118 79544 77877 15574 56053 22780 33273 26419 21348 5393 15955 9803 6152 616 3095 21824 9822 12002 9370
internal_count=249031 171895 76777 39991 38679 36786 7182 6818 6202 805 12404 95118 79544 77877 15574 56053 22780 33273 26419 21348 5393 15955 9803 6152 616 3095 21824 9822 12002 9370
cat_boundaries=0 1 2 3 4
cat_threshold=24 80 202 32
is_linear=0
shrinkage=0.05


Tree=148
num_leaves=31
num_cat=5
split_feature=3 0 9 4 13 10 13 0 10 10 4 2 4 10 10 0 0 8 11 8 2 9 11 11 4 8 10 13 10 13
split_gain=17.3073 19.0059 20.7146 20.6418 24.1975 18.8749 21.9039 17.2653 15.7149 14.4607 23.8813 12.8075 12.7892 11.9695 13.06 11.5176 17.2899 25.5309 35.57 31.2058 30.0013 42.1192 25.8981 35.7524 22.3898 22.2255 22.5855 41.5587 54.0361 41.4564
threshold=0 50.500000000000007 -85.34999999999998 1 2021.5000000000002 14.005000000000001 2011.5000000000002 15.500000000000002 33.425000000000004 18.665000000000003 2 1.0000000180025095e-35 3 30.795000000000005 78.835000000000022 63.500000000000007 24.500000000000004 28.850000000000005 109.77500000000002 28.150000000000002 1.0000000180025095e-35 -82.649999999999991 118.75000000000001 111.25000000000001 4 27.750000000000004 111.38500000000002 1996.5000000000002 117.08500000000002 1995.5000000000002
decision_type=9 2 2 9 2 8 2 2 10 10 9 2 9 8 10 2 2 2 8 2 2 2 10 10 9 2 8 2 10 2
left_child=1 2 5 4 -3 7 13 -1 9 10 11 -4 -11 -7 -15 16 -2 19 24 20 25 -22 23 -21 -19 -18 -27 29 -29 -28
right_child=15 3 8 -5 -6 6 -8 -9 -10 12 -12 -13 -14 14 -16 -17 17 18 -20 22 21 -23 -24 -25 -26 26 27 28 -30 -31
leaf_value=0.0096390875655144384 -0.0008797052275896001 -0.0018907103466669463 0.0053175284061278034 -0.0033294380114048394 0.010113452406375867 -0.0058245189778964425 -0.020714455349076746 0.039398321694940647 -0.0024149083421864947 0.020646541845132572 -0.015543359271478964 -0.0061977248810750401 0.0046804083733099858 0.01430080158974234 -0.0054296319104294001 -0.0010348638948068257 0.00030617035709594735 -0.0081444664197430679 -0.0011184063778225896 -0.0045833190265917702 -0.013859817058880576 -0.0010022846683773957 0.00047993348101735836 -0.0087590810830570753 0.0040125826238340606 0.0036918161556199537 0.00013003495930266062 -0.0065954351108787005 0.0012332782955294165 0.017471431922314772
leaf_weight=207 71743 477 1789 470 1293 218 208 243 5338 265 477 687 1092 1132 235 23891 66015 353 7436 6160 1812 11971 3510 666 19319 11306 2054 2908 4160 1596
leaf_count=207 71743 477 1789 470 1293 218 208 243 5338 265 477 687 1092 1132 235 23891 66015 353 7436 6160 1812 11971 3510 666 19319 11306 2054 2908 4160 1596
internal_value=8.61304e-05 0.00178433 0.000987312 0.006 0.00843575 0.00530404 0.00296728 0.0143478 -2.07082e-05 0.00222222 0.000253122 0.00224359 0.00647403 0.00498433 0.0067175 -1.61757e-05 0.00010165 0.000426491 0.00180323 9.36096e-05 0.000359416 -0.00180889 -0.00252271 -0.00431539 0.00291637 0.000699043 0.00207407 0.000428784 -0.00180842 0.0047541
internal_weight=249031 14131 11891 2240 1770 2243 1793 450 9648 4310 2953 2476 1357 1585 1367 234900 211009 139266 27108 112158 101822 13783 10336 6826 19672 88039 22024 10718 7068 3650
internal_count=249031 14131 11891 2240 1770 2243 1793 450 9648 4310 2953 2476 1357 1585 1367 234900 211009 139266 27108 112158 101822 13783 10336 6826 19672 88039 22024 10718 7068 3650
cat_boundaries=0 1 2 3 4 5
cat_threshold=16 54 194 36 16
is_linear=0
shrinkage=0.05


Tree=149
num_leaves=31
num_cat=5
split_feature=3 0 9 4 13 10 13 0 10 10 4 2 4 10 10 9 4 0 0 8 8 0 10 9 8 9 8 2 10 10
split_gain=17.1391 15.9916 20.1539 19.1121 21.9925 16.2418 19.7381 15.2234 14.7167 13.0061 21.5388 11.561 11.5126 11.1297 11.0755 18.7936 14.7646 14.4809 13.2239 10.6218 19.7011 10.4686 16.8674 24.5588 29.895 18.0548 30.6109 17.5838 17.878 16.2015
threshold=0 50.500000000000007 -85.34999999999998 1 2021.5000000000002 14.005000000000001 2011.5000000000002 15.500000000000002 33.425000000000004 18.665000000000003 2 1.0000000180025095e-35 3 30.795000000000005 103.31500000000001 -81.249999999999986 4 42.500000000000007 24.500000000000004 28.750000000000004 27.950000000000003 63.500000000000007 119.56500000000001 -82.449999999999989 27.450000000000003 -82.649999999999991 26.950000000000003 1.0000000180025095e-35 65.485000000000014 88.225000000000009
decision_type=9 2 2 9 2 8 2 2 10 10 9 2 9 8 10 2 9 2 2 2 2 2 10 2 2 2 2 2 10 10
left_child=1 2 5 4 -3 7 13 -1 9 10 11 19 -11 -7 15 16 -10 18 -16 20 -4 -2 25 24 -24 27 29 -23 -29 -27
right_child=21 3 8 -5 -6 6 -8 -9 14 12 -12 -13 -14 -15 17 -17 -18 -19 -20 -21 -22 22 23 -25 -26 26 -28 28 -30 -31
leaf_value=0.0091571331872387415 0.00012703562162563742 -0.00179617482933363 0.00043185013529427612 -0.0031629661108346419 0.0096077797860570704 -0.0055332930290016517 -0.019678732581622872 0.037428405610193581 -0.008985094310938458 0.019614214752875905 -0.014766191307904998 -0.0058878386370213144 0.004446387954644449 0.0103889185959269 -0.0012834641345345955 0.006431910723598922 0.00073872023455252573 -0.0084756252464383685 0.012430970092316153 -0.005545479431901779 0.010377781420695877 -5.5994052510044415e-05 0.01072842412723043 -0.0071015458807845103 0.00047623195920447618 -0.0011901349325997403 -0.0046340017931242984 -0.00031868721141128378 0.016143719040553606 0.010705140014488856
leaf_weight=207 211009 477 709 470 1293 218 208 243 2250 265 477 687 1092 1367 592 673 972 270 581 360 720 6634 801 377 1711 5692 7487 200 239 750
leaf_count=207 211009 477 709 470 1293 218 208 243 2250 265 477 687 1092 1367 592 673 972 270 581 360 720 6634 801 377 1711 5692 7487 200 239 750
internal_value=8.7335e-05 0.00177726 0.00104613 0.00564444 0.00798883 0.00530404 0.00313367 0.0136957 5.17706e-05 0.00222222 0.000354371 0.00224359 0.00625457 0.00504702 -0.00170157 -0.00308579 -0.00467203 0.00203028 0.00443787 0.00436354 0.00628909 -1.4473e-05 -0.00100623 0.00256985 0.00436162 -0.00149914 -0.00254322 0.000557673 0.0101336 -1.54991e-05
internal_weight=249031 14131 11891 2240 1770 2243 1793 450 9648 4310 2953 2476 1357 1585 5338 3895 3222 1443 1173 1789 1429 234900 23891 2889 2512 21002 13929 7073 439 6442
internal_count=249031 14131 11891 2240 1770 2243 1793 450 9648 4310 2953 2476 1357 1585 5338 3895 3222 1443 1173 1789 1429 234900 23891 2889 2512 21002 13929 7073 439 6442
cat_boundaries=0 1 2 3 4 5
cat_threshold=16 54 194 36 18
is_linear=0
shrinkage=0.05


Tree=150
num_leaves=31
num_cat=3
split_feature=10 11 11 10 13 9 11 10 8 4 10 8 11 7 8 11 11 10 10 4 10 13 9 7 10 10 4 8 13 6
split_gain=9.21749 29.2812 18.2173 13.3888 20.4342 24.4599 26.0391 37.5863 17.9618 20.412 17.4276 16.2841 15.8317 14.802 14.5115 13.2457 12.9321 12.7097 35.4635 23.8065 31.761 36.8391 29.8458 24.6637 43.5679 26.4093 22.7592 24.7575 20.7933 22.2647
threshold=14.360000000000001 138.07000000000002 59.440000000000005 1.0000000180025095e-35 2016.5000000000002 -81.84999999999998 79.585000000000022 9.365000000000002 25.950000000000003 0 13.355000000000002 27.150000000000002 127.40000000000002 11.500000000000002 24.650000000000002 106.99500000000002 55.415000000000006 33.425000000000004 36.195000000000007 1 24.535 2021.5000000000002 -87.249999999999986 22.500000000000004 22.705000000000002 15.545000000000002 2 30.350000000000005 1994.5000000000002 4.5000000000000009
decision_type=8 10 10 10 2 2 10 10 2 9 8 2 10 2 2 10 10 8 8 9 10 2 2 2 10 10 9 2 2 2
left_child=1 2 16 8 12 6 -6 -8 -4 -10 15 -12 13 -5 -7 -9 -1 19 26 -2 23 22 -22 25 -25 -21 27 -19 -27 -30
right_child=17 -3 3 4 5 14 7 10 9 -11 11 -13 -14 -15 -16 -17 -18 18 -20 20 21 -23 -24 24 -26 28 -28 -29 29 -31
leaf_value=0.0011005663908524976 0.0047490982426868561 0.0068481977234283072 -0.01634374233750684 0.0060492899538532544 0.019350943385208555 -0.010388241927797505 -0.026208720532960507 -0.016065776532276432 -0.0044517767961226975 0.011340160987326887 -0.028583700690372818 -0.0021402970150483647 -0.030032959899158131 -0.0073666179665588423 0.0053031258849539856 -0.00027187208928971531 0.026056907060739931 -0.0067654317496769869 2.1920903351135835e-05 0.0029418620392014819 0.013452683380153286 0.0072141399208610407 -0.00032464454035032733 0.017996383174905973 -0.025356081963451384 -0.031847499584091478 0.007546428437937092 -0.041640524948020556 -0.0029574319171770114 0.0041400295294311109
leaf_weight=1862 7762 1651 281 373 303 304 539 480 277 1091 316 352 257 5655 2525 4430 293 3284 173344 5433 1282 3637 9133 996 230 371 581 244 19219 2650
leaf_count=1862 7762 1651 281 373 303 304 539 480 277 1091 316 352 257 5655 2525 4430 293 3284 173344 5433 1282 3637 9133 996 230 371 581 244 19219 2650
internal_value=1.90637e-05 -0.00098338 -0.00152987 -0.00207352 -0.00252831 -0.00103143 -0.00273717 -0.00345193 0.00220012 0.00457184 -0.00221904 -0.00973451 -0.00472597 -0.00419013 0.00283551 -0.00117886 0.00279446 0.000111318 -8.81874e-05 0.000809298 0.000347909 0.00229697 0.000781775 -0.000600159 0.00631068 -0.0009085 -0.00467346 -0.00617249 -0.00167191 -0.00146945
internal_weight=249155 20989 19338 17183 15534 9249 6420 6117 1649 1368 5578 668 6285 6028 2829 4910 2155 228166 177453 50713 42951 14052 10415 28899 1226 27673 4109 3528 22240 21869
internal_count=249155 20989 19338 17183 15534 9249 6420 6117 1649 1368 5578 668 6285 6028 2829 4910 2155 228166 177453 50713 42951 14052 10415 28899 1226 27673 4109 3528 22240 21869
cat_boundaries=0 1 2 3
cat_threshold=136 180 198
is_linear=0
shrinkage=0.05


Tree=151
num_leaves=31
num_cat=4
split_feature=3 11 9 9 11 0 7 4 11 0 4 8 0 7 11 11 11 8 0 7 0 8 11 8 9 3 0 7 11 0
split_gain=11.7011 20.5125 22.966 17.1685 15.3919 19.2258 15.6027 13.9301 19.3896 19.1593 13.3078 11.5787 18.9565 15.999 11.3918 10.957 9.96413 9.68386 9.56174 9.49692 9.49195 22.8742 42.5316 18.9523 16.5856 16.3147 34.9863 16.8854 17.4181 15.0534
threshold=0 89.720000000000013 -86.84999999999998 -81.34999999999998 111.83500000000002 34.500000000000007 18.500000000000004 1 100.41500000000001 8.5000000000000018 2 28.250000000000004 45.500000000000007 13.500000000000002 90.160000000000011 127.40000000000002 114.81500000000001 30.750000000000004 15.500000000000002 15.500000000000002 23.500000000000004 25.250000000000004 112.91500000000001 25.650000000000002 -80.149999999999991 3 28.500000000000004 24.500000000000004 53.165000000000006 48.500000000000007
decision_type=9 8 2 2 8 2 2 9 8 2 9 2 2 2 10 8 10 2 2 2 2 2 8 2 2 9 2 2 10 2
left_child=1 -1 7 4 14 6 -6 8 9 -3 11 13 -13 -7 -4 -12 -15 20 -16 -18 21 22 -2 -23 -25 27 -27 -22 -29 -28
right_child=17 2 3 -5 5 10 -8 -9 -10 -11 15 12 -14 16 18 -17 19 -19 -20 -21 25 23 -24 24 -26 26 29 28 -30 -31
leaf_value=-0.0036379233740190479 -0.013249433831158086 0.0030257378058742737 0.0069451958756239218 0.0088293679859025257 -0.0048349749068572478 0.0026347166133442457 0.0064091090457077289 -0.0045722037746328331 0.00098268512808639139 0.035235866756984272 0.0046479828003650253 0.014486266898776724 -0.0085713789749538357 0.0085505553602870602 0.002811504101674878 -0.007896875422550664 0.017199044322017489 0.013053873344767243 -0.0088403312818172708 0.0090432928031905398 0.00025996719253824631 0.0041129300204097779 0.0070832444095227489 -0.0012929707640576549 0.0083734858777581248 0.0058725556254607186 -0.0018141735478829802 0.0016826266552390835 0.017694436214453369 -0.0069401212976130562
leaf_weight=2810 1723 230 544 1071 2376 577 670 229 281 445 534 363 304 356 527 352 402 274 1653 441 145494 4350 697 57966 2039 3296 13343 863 535 4410
leaf_count=2810 1723 230 544 1071 2376 577 670 229 281 445 534 363 304 356 527 352 402 274 1653 441 145494 4350 697 57966 2039 3296 13343 863 535 4410
internal_value=1.18395e-05 0.00140642 0.00235372 0.00158153 0.000872763 0.00221613 -0.00065445 0.00891213 0.0114754 0.0161314 0.00483678 0.00671945 0.00110783 0.00884658 -0.00226774 -0.000441501 0.0121175 -7.23373e-05 -0.00388128 0.0150645 -8.35016e-05 -0.000587707 -0.00534979 -0.00040783 -0.000639007 0.000116998 -0.0011842 0.000303583 0.00575284 -0.00206328
internal_weight=249155 14165 11355 10170 9099 6375 3046 1185 956 675 3329 2443 667 1776 2724 886 1199 234990 2180 843 234716 66775 2420 64355 60005 167941 21049 146892 1398 17753
internal_count=249155 14165 11355 10170 9099 6375 3046 1185 956 675 3329 2443 667 1776 2724 886 1199 234990 2180 843 234716 66775 2420 64355 60005 167941 21049 146892 1398 17753
cat_boundaries=0 1 2 3 4
cat_threshold=16 6 50 12
is_linear=0
shrinkage=0.05


Tree=152
num_leaves=31
num_cat=6
split_feature=3 11 9 9 10 10 11 4 4 9 10 11 10 11 10 0 4 10 10 13 11 0 4 10 9 10 0 11 4 9
split_gain=10.7609 19.5376 21.7784 14.891 14.594 27.8004 17.538 16.3289 15.8202 13.2651 12.3818 23.882 22.4638 22.97 13.944 25.5047 24.188 30.7604 25.8392 21.4744 17.3762 19.1311 27.2628 16.174 16.5307 15.5537 23.4087 23.2212 32.7318 30.9907
threshold=0 89.720000000000013 -86.84999999999998 -81.149999999999991 101.04500000000002 45.250000000000007 127.40000000000002 1 2 -82.149999999999991 14.360000000000001 138.07000000000002 13.355000000000002 114.81500000000001 20.195000000000004 48.500000000000007 3 15.635000000000003 19.870000000000001 2019.5000000000002 132.69000000000003 42.500000000000007 4 19.450000000000006 -87.34999999999998 21.125000000000004 16.500000000000004 126.38500000000001 5 -82.149999999999991
decision_type=9 8 2 2 8 10 10 9 9 2 8 10 10 10 8 2 9 10 10 2 10 2 9 10 2 8 2 10 9 2
left_child=1 -1 -3 4 5 6 7 -4 -7 -6 11 12 -2 -14 15 16 17 -12 23 -19 25 22 -22 24 -18 26 -16 -27 -29 -30
right_child=10 2 3 -5 9 8 -8 -9 -10 -11 14 -13 13 -15 20 -17 18 19 -20 -21 21 -23 -24 -25 -26 27 -28 28 29 -31
leaf_value=-0.003456027205318124 -0.0012758741659518514 0.01282253844510315 0.002669766910566862 0.010021955136908289 0.0051566664842861883 0.0076918288261693668 -0.0055184208576473997 0.013887625279784288 -0.0093501000023519243 -0.01062133097346294 -0.004344831825774032 0.0057570432019406152 -0.005699103082574198 -0.04395463576596708 -0.018399875781225105 -0.0026325823277005612 -0.020546493720648231 0.0043699311589174171 0.019486194148399472 0.020107562978300297 0.018754043640627806 0.00039538679717168181 -0.016624615779091911 -0.0096894572615050314 0.0031800050952571547 -7.319573395307977e-05 -0.0016705742815224412 -0.011502634550635271 -0.012148990032981999 0.0055066256398426999
leaf_weight=2810 16377 1185 1436 914 3820 313 923 641 1804 319 286 1585 1673 255 826 2773 370 305 548 537 250 1549 1533 573 11626 181532 4138 655 411 7188
leaf_count=2810 16377 1185 1436 914 3820 313 923 641 1804 319 286 1585 1673 255 826 2773 370 305 548 537 250 1549 1533 573 11626 181532 4138 655 411 7188
internal_value=1.26422e-05 0.00135002 0.00227453 0.00152259 0.000917332 -0.000867954 0.00222591 0.00476761 -0.00524213 0.00312123 -6.80822e-05 -0.00126131 -0.00177177 -0.00686275 4.23039e-05 0.00141532 0.00226938 0.00923345 0.00165563 0.0140845 -7.57224e-05 -0.00365051 -0.00716676 0.00118849 0.00158254 -1.43767e-05 -0.00277443 5.7957e-05 0.00265005 0.00357658
internal_weight=249155 14165 11355 10170 9256 5117 3000 2077 2117 4139 234990 19890 18305 1928 215100 17018 14245 1128 13117 842 198082 3332 1783 12569 11996 194750 4964 189786 8254 7599
internal_count=249155 14165 11355 10170 9256 5117 3000 2077 2117 4139 234990 19890 18305 1928 215100 17018 14245 1128 13117 842 198082 3332 1783 12569 11996 194750 4964 189786 8254 7599
cat_boundaries=0 1 2 3 4 5 6
cat_threshold=16 26 160 52 136 144
is_linear=0
shrinkage=0.05


Tree=153
num_leaves=31
num_cat=1
split_feature=10 11 11 2 9 13 3 11 10 7 11 11 7 7 10 10 8 8 8 11 8 8 13 10 7 13 8 10 13 13
split_gain=9.41284 24.2064 17.6154 13.0231 12.2339 28.9082 19.4244 14.096 11.9889 31.8337 20.8791 17.5148 16.9031 19.5066 21.5224 12.8353 15.8931 57.9262 46.8345 36.9017 38.5383 36.4899 40.9419 37.6301 34.9881 34.8951 34.1581 72.8589 27.7758 27.1841
threshold=14.360000000000001 138.07000000000002 59.440000000000005 1.0000000180025095e-35 -87.149999999999991 2003.5000000000002 0 104.58500000000002 20.195000000000004 22.500000000000004 138.07000000000002 99.585000000000022 12.500000000000002 10.500000000000002 16.605000000000004 21.125000000000004 27.450000000000003 27.650000000000002 27.150000000000002 107.41000000000001 25.950000000000003 26.350000000000005 2016.5000000000002 74.220000000000013 16.500000000000004 2017.5000000000002 26.150000000000002 42.395000000000003 1999.5000000000002 1995.5000000000002
decision_type=8 10 10 2 2 2 9 10 8 2 10 10 2 2 10 8 2 2 2 8 2 2 2 10 2 2 2 10 2 2
left_child=1 2 -1 -3 5 7 -7 -2 9 12 15 -11 13 -6 -15 -10 18 -18 19 20 -17 23 24 26 -23 -24 28 -28 29 -21
right_child=4 3 -4 -5 8 6 -8 -9 10 11 -12 -13 -14 14 -16 16 17 -19 -20 21 -22 22 25 -25 -26 -27 27 -29 -30 -31
leaf_value=0.0044656834727030414 -0.017685999669784857 0.0033167398959525586 -0.0023231730869873071 0.031307495739212009 0.0028238335369762616 -0.022192052811077591 0.0065461875542708109 0.010339048591842738 -0.0030862529736891634 0.02240231891067275 -0.015073332828359121 -0.0073027962658070329 0.002372435125354855 -0.0020867653333296768 -0.023598028636360492 0.00064052410533497204 -0.0063181678644397728 -0.00012684804578340093 0.0052011395561879503 -0.00066568780373201799 -0.0044596022778742748 -0.010124836574311669 0.050850723885493658 -0.022701922852439972 0.0064074084414865954 0.0048655303136786012 -0.0086888877766383207 0.0087444149562045936 0.0022971382298415223 -0.018066829835847953
leaf_weight=2155 952 1369 17183 282 1136 208 5144 371 4922 886 929 233 12072 1686 590 16860 5495 106490 8204 2442 14713 2009 312 412 2013 9629 4465 1561 23530 902
leaf_count=2155 952 1369 17183 282 1136 208 5144 371 4922 886 929 233 12072 1686 590 16860 5495 106490 8204 2442 14713 2009 312 412 2013 9629 4465 1561 23530 902
internal_value=5.81944e-06 -0.00100719 -0.00150403 0.00478627 9.90464e-05 0.00220643 0.00384185 -0.0043886 3.544e-05 0.00132727 -6.93028e-05 0.00943313 0.000735769 -0.00236704 -0.00503062 -3.50543e-05 2.73805e-05 -0.000366534 0.000534102 0.000159781 -0.0011636 0.00104367 0.00318829 0.000144049 -0.00106647 0.00490905 0.000334245 -0.00306494 0.00109731 -0.00316041
internal_weight=249155 20989 19338 1651 228166 6675 5352 1323 221491 16603 204888 1119 15484 3412 2276 203959 199037 111985 87052 78848 31573 47275 13963 33312 4022 9941 32900 6026 26874 3344
internal_count=249155 20989 19338 1651 228166 6675 5352 1323 221491 16603 204888 1119 15484 3412 2276 203959 199037 111985 87052 78848 31573 47275 13963 33312 4022 9941 32900 6026 26874 3344
cat_boundaries=0 1
cat_threshold=8
is_linear=0
shrinkage=0.05


Tree=154
num_leaves=31
num_cat=4
split_feature=9 9 7 0 8 10 0 0 0 9 9 11 3 7 11 10 8 3 11 9 3 0 9 0 9 0 9 7 7 3
split_gain=9.39564 11.5651 23.9828 13.9288 12.8403 25.7385 12.5919 11.5686 17.7479 11.4285 49.6257 22.7617 36.6313 27.9167 22.7592 29.3067 28.6127 24.9324 20.3034 21.9187 18.1991 21.2893 17.9727 21.8432 20.0922 15.7196 15.0226 14.7819 14.7237 14.5926
threshold=-87.449999999999989 -87.149999999999991 14.500000000000002 18.500000000000004 30.350000000000005 41.005000000000003 19.500000000000004 36.500000000000007 41.500000000000007 -85.949999999999989 -85.749999999999986 90.160000000000011 0 16.500000000000004 89.720000000000013 73.675000000000026 30.550000000000004 1 104.58500000000002 -86.449999999999989 2 21.500000000000004 -86.84999999999998 41.500000000000007 -86.749999999999986 7.5000000000000009 -81.84999999999998 12.500000000000002 17.500000000000004 3
decision_type=2 2 2 2 2 8 2 2 2 2 2 8 9 2 10 10 2 9 10 2 9 2 2 2 2 2 2 2 2 9
left_child=-1 2 3 -2 5 6 -4 -6 -9 14 11 12 27 -13 16 17 20 -16 19 22 -3 -22 23 29 -24 26 28 -11 -12 -19
right_child=1 9 4 -5 7 -7 -8 8 -10 10 25 13 -14 -15 15 -17 -18 18 -20 -21 21 -23 24 -25 -26 -27 -28 -29 -30 -31
leaf_value=-0.0071232694330665147 -0.02147056131229377 -0.0035307670429233443 -0.0049534362078302863 0.0016600609241010035 0.0097125477227284485 -0.029929568409533758 0.009494634786285162 -0.0022886414697778079 0.010331543486477558 -0.0023742503369513558 -0.0052688960753081385 -0.01275156282050567 0.023103033970528576 0.0091422301508609759 0.013794654750998525 -0.013653628019452357 0.012379148191224411 0.0010060821648666619 -0.0094556808246238251 -0.013623541580044307 -0.024248406626373689 -0.010227739472401432 0.033327151693224089 0.013809333840234306 0.0071659998797866109 9.2699344634095135e-05 -0.00063024890821132833 0.024862993542829861 -0.017436298533093985 -0.0045796122378487956
leaf_weight=763 655 1439 617 993 2022 209 1017 452 890 379 3009 395 552 257 970 1662 542 4486 1408 655 611 1139 327 251 1489 214219 6317 235 674 521
leaf_count=763 655 1439 617 993 2022 209 1017 452 890 379 3009 395 552 257 970 1662 542 4486 1408 655 611 1139 327 251 1489 214219 6317 235 674 521
internal_value=5.81944e-06 2.29467e-05 0.00204661 -0.00319662 0.00370903 0.000350783 0.00249392 0.00554238 0.00192308 -3.45688e-05 5.55194e-05 0.00826039 0.012415 0.000755287 -0.00134752 -0.000267425 -0.00474472 0.000746269 -7.09839e-05 0.000936814 -0.00654892 -0.0099435 0.00175042 0.000265756 0.0060241 -1.13723e-05 -0.00194805 0.00362776 -0.00448145 -0.000468407
internal_weight=249155 248392 6855 1648 5207 1843 1634 3364 1342 241537 226037 1818 1166 652 15500 11769 3731 10107 9137 7729 3189 1750 7074 5258 1816 224219 10000 614 3683 5007
internal_count=249155 248392 6855 1648 5207 1843 1634 3364 1342 241537 226037 1818 1166 652 15500 11769 3731 10107 9137 7729 3189 1750 7074 5258 1816 224219 10000 614 3683 5007
cat_boundaries=0 1 2 3 4
cat_threshold=2 16 18 6
is_linear=0
shrinkage=0.05


Tree=155
num_leaves=31
num_cat=0
split_feature=10 10 13 8 7 8 9 6 0 9 8 9 6 10 7 0 8 0 10 0 6 0 8 0 13 10 10 13 7 9
split_gain=9.70796 23.213 20.3551 21.1567 18.2125 15.668 26.9399 20.8936 13.7187 13.1153 14.3795 13.2761 16.9144 12.7631 14.4097 23.6376 22.4692 20.413 12.1607 29.0741 16.4887 19.1052 14.9333 10.893 10.5436 10.3868 24.4801 24.2776 45.2366 43.149
threshold=11.955000000000002 12.115 2022.5000000000002 30.350000000000005 13.500000000000002 27.050000000000004 -82.149999999999991 1.5000000000000002 18.500000000000004 -81.449999999999989 25.950000000000003 -81.949999999999989 4.5000000000000009 10.685 20.500000000000004 29.500000000000004 27.950000000000003 22.500000000000004 9.0800000000000018 11.500000000000002 2.5000000000000004 15.500000000000002 28.450000000000003 42.500000000000007 2017.5000000000002 45.990000000000002 45.235000000000007 2020.5000000000002 16.500000000000004 -82.34999999999998
decision_type=8 8 2 2 2 2 2 2 2 2 2 2 2 10 2 2 2 2 10 2 2 2 2 2 2 8 10 2 2 2
left_child=2 -2 3 5 -5 6 -1 8 -8 10 -9 12 -12 14 16 -16 17 -7 20 -20 22 -22 -18 -11 -21 26 27 -3 29 -29
right_child=1 25 -4 4 -6 13 7 9 -10 23 11 -13 -14 -15 15 -17 18 -19 19 24 21 -23 -24 -25 -26 -27 -28 28 -30 -31
leaf_value=-0.032128143394287934 0.017353476182282536 -0.00046494649371062738 -0.02112557869855989 -0.0021321704809012854 -0.030286596286798154 -0.0017726193761801402 -0.00084747704594700934 -0.013015920197645282 -0.022962736026608966 0.0017596701905251422 -0.033149688521479974 0.0012829320802680844 0.00043975519287204891 -0.012973600853413682 0.0061780323960525692 -0.0081557915786754087 1.1083842786518972e-05 0.030819053767701023 0.015616197736197358 -0.0075326060433831728 -0.0043506316259563247 0.0085763409348492917 -0.030295805341720383 0.014831482559066612 0.0073653293340982806 -0.00017421130363750594 0.0066501941533993582 -0.009189778337478938 0.0088338679008642448 0.0017835706642153949
leaf_weight=206 414 45422 535 422 412 250 365 790 535 1317 235 2150 355 494 956 868 288 625 219 206 370 1151 242 359 365 157894 2434 2510 2573 24112
leaf_count=206 414 45422 535 422 412 250 365 790 535 1317 235 2150 355 494 956 868 288 625 219 206 370 1151 242 359 365 157894 2434 2510 2573 24112
internal_value=2.85044e-05 0.000103879 -0.00126412 -0.000871873 -0.00853081 -0.000348009 -0.00208795 -0.00147155 -0.00846154 -0.000249233 -0.0019774 -0.000254545 -0.00683333 0.00147253 0.00216216 -0.00147219 0.00394525 0.010904 0.00177131 0.007 -0.000266861 0.00238406 -0.00777778 0.00338078 0.000946644 8.27818e-05 0.000558648 0.000397309 0.001522 0.000908681
internal_weight=249074 235359 13715 13180 834 12346 6312 6106 900 5206 3530 2740 590 6034 5540 1824 3716 875 2841 790 2051 1521 530 1676 571 234945 77051 74617 29195 26622
internal_count=249074 235359 13715 13180 834 12346 6312 6106 900 5206 3530 2740 590 6034 5540 1824 3716 875 2841 790 2051 1521 530 1676 571 234945 77051 74617 29195 26622
is_linear=0
shrinkage=0.05


Tree=156
num_leaves=31
num_cat=4
split_feature=8 11 3 11 0 8 11 7 0 11 8 9 0 9 9 11 3 7 7 3 13 8 8 11 3 5 0 9 0 0
split_gain=8.2705 14.9261 6.70702 18.9506 14.001 22.6891 17.3847 17.1567 11.0321 10.8389 10.3838 9.30388 10.0128 8.6948 44.3441 24.15 33.2733 29.0083 23.7627 38.5748 29.0904 28.0754 18.7316 20.6901 24.0742 18.1196 17.7711 26.86 13.8503 15.4844
threshold=30.650000000000002 38.665000000000006 0 79.585000000000022 34.500000000000007 30.350000000000005 101.25000000000001 18.500000000000004 13.500000000000002 105.66500000000001 29.350000000000005 -86.84999999999998 8.5000000000000018 -85.949999999999989 -85.749999999999986 109.36000000000001 1 16.500000000000004 14.500000000000002 2 2014.5000000000002 30.350000000000005 30.550000000000004 89.720000000000013 3 3.5000000000000004 28.500000000000004 -87.249999999999986 3.5000000000000004 20.500000000000004
decision_type=2 8 9 8 2 2 8 2 2 8 2 2 2 2 2 8 9 2 2 9 2 2 2 10 9 2 2 2 2 2
left_child=2 -2 3 8 5 7 10 9 -1 -5 -6 12 -7 18 15 16 -15 -17 22 20 21 26 23 24 -4 -22 27 -20 -25 -30
right_child=1 -3 13 4 6 11 -8 -9 -10 -11 -12 -13 -14 14 -16 17 -18 -19 19 -21 25 -23 -24 28 -26 -27 -28 -29 29 -31
leaf_value=-0.020226531975213204 0.023528677787092445 0.001258377360333629 -0.0049900218251056399 0.00081794104386219153 -0.011788084220969532 0.0034050226129786589 0.0057543525441545286 0.0056155521804523104 -0.0022895147787229675 -0.0066624388233081262 0.01196242490774937 0.0014058072807149103 0.025433393510019588 0.023293375082916425 -3.8242422233114585e-05 -0.026333455541263984 0.0078083323165363261 0.0080030931789848662 0.0017954082951635365 -0.020732380262398032 -0.012429266198565259 0.0058290098595853218 0.019059818312309674 0.0058668904185982919 -0.028650278477025018 0.00063725051270528969 0.0036702195556225451 -0.018564452934792985 -0.0099341098739714542 -0.00072412369972747477
leaf_weight=298 207 424 737 1577 587 220 4379 1066 2279 2638 200 499 360 488 211970 266 623 242 909 675 1323 6524 297 571 574 1358 1151 826 2866 2940
leaf_count=298 207 424 737 1577 587 220 4379 1066 2279 2638 200 499 360 488 211970 266 623 242 909 675 1323 6524 297 571 574 1358 1151 826 2866 2940
internal_value=2.20809e-05 0.00569423 7.44608e-06 0.00106564 0.00193308 0.000361068 0.00386399 -0.000992251 -0.00280247 -0.00242604 -0.00294856 0.00693297 0.0111864 -5.63236e-05 3.86238e-05 0.0082566 0.012355 -0.000772201 -0.00103319 0.00030526 0.000961935 0.00227176 -0.00317073 -0.0036503 -0.00934898 -0.00362319 -0.00183011 -0.00501433 -0.00246595 -0.00319807
internal_weight=249074 631 248443 14103 11526 6360 5166 5281 2577 4215 787 1079 580 234340 213589 1619 1111 508 20751 12766 12091 9410 7985 7688 1311 2681 2886 1735 6377 5806
internal_count=249074 631 248443 14103 11526 6360 5166 5281 2577 4215 787 1079 580 234340 213589 1619 1111 508 20751 12766 12091 9410 7985 7688 1311 2681 2886 1735 6377 5806
cat_boundaries=0 1 2 3 4
cat_threshold=16 12 6 10
is_linear=0
shrinkage=0.05


Tree=157
num_leaves=31
num_cat=4
split_feature=10 10 10 8 10 8 10 8 0 0 8 3 8 9 4 0 10 6 10 4 9 9 10 6 0 10 8 8 4 6
split_gain=9.79952 18.7684 16.4828 16.3222 9.93941 22.1388 22.0859 21.9151 34.6239 31.9763 15.9587 13.6929 16.5013 29.5268 21.1001 31.4731 19.4103 16.0546 17.0493 15.0816 14.4287 16.3554 16.2234 29.912 27.27 14.6319 17.5831 33.7169 22.924 20.4483
threshold=11.955000000000002 12.115 11.010000000000002 30.350000000000005 45.990000000000002 30.550000000000004 45.235000000000007 24.650000000000002 43.500000000000007 30.500000000000004 24.650000000000002 0 29.950000000000003 -84.949999999999989 1 28.500000000000004 27.760000000000002 2.5000000000000004 14.415000000000001 2 -80.249999999999986 -82.549999999999983 39.330000000000005 1.5000000000000002 58.500000000000007 43.945000000000007 27.150000000000002 26.850000000000005 3 2.5000000000000004
decision_type=8 8 10 2 8 2 10 2 2 2 2 9 2 2 9 2 10 2 10 9 2 2 10 2 2 10 2 2 9 2
left_child=2 -2 3 -1 5 6 10 8 9 -6 -3 17 13 -13 15 16 -14 19 -19 -12 21 22 23 -15 -24 26 27 -23 -28 -29
right_child=1 4 -4 -5 7 -7 -8 -9 -10 -11 11 12 14 20 -16 -17 -18 18 -20 -21 -22 25 24 -25 -26 -27 28 29 -30 -31
leaf_value=-0.00044538312842887787 0.016487714494280058 -0.013024493897008861 -0.018551072576585972 -0.01429923217743383 -0.0023158685104756049 0.019979614965685677 0.0062601290780754052 -0.00028629378362392542 -0.0024366628306256469 0.010994160633371398 0.016787515401826349 0.015991263298202087 0.033148151333807087 -0.022740923692537995 -0.0034636155120167712 -0.016715715009549825 0.0078403036862731319 0.023636030312184086 0.0053234931023367522 -0.0062232096099196004 -0.0026879603546682953 0.0013538380074270774 -0.0040999395377717017 -0.0017304521948668051 0.011660545111641607 -0.010973415547198063 -0.0066857792053627296 0.0067727502403629909 0.0051222523525034092 -0.0083398847912620876
leaf_weight=12234 414 787 675 806 726 522 2434 153930 1504 1734 345 632 256 768 9144 222 223 310 2441 923 6090 35800 834 1618 317 319 690 550 9057 2769
leaf_count=12234 414 787 675 806 726 522 2434 153930 1504 1734 345 632 256 768 9144 222 223 310 2441 923 6090 35800 834 1618 317 319 690 550 9057 2769
internal_value=2.73e-05 0.00010303 -0.0012714 -0.000873563 8.40586e-05 0.000549565 0.000478841 -0.000143125 0.0035229 0.00716599 0.00032454 0.000400993 0.0002359 0.000550005 -0.00165906 0.00658807 0.0138037 0.003231 0.00537849 -0.00140845 0.000433511 0.000699765 -0.00257964 -0.00492487 0.00228252 0.000936071 0.00100663 0.000532853 0.00290561 -0.00428056
internal_weight=249074 235359 13715 13040 234945 77051 76529 157894 3964 2460 74095 73308 69289 59444 9845 701 479 4019 2751 1268 58812 52722 3537 2386 1151 49185 48866 39119 9747 3319
internal_count=249074 235359 13715 13040 234945 77051 76529 157894 3964 2460 74095 73308 69289 59444 9845 701 479 4019 2751 1268 58812 52722 3537 2386 1151 49185 48866 39119 9747 3319
cat_boundaries=0 1 2 3 4
cat_threshold=16 160 140 20
is_linear=0
shrinkage=0.05


Tree=158
num_leaves=31
num_cat=6
split_feature=10 13 10 8 8 9 4 9 6 4 8 9 3 6 10 3 13 10 11 9 9 9 10 4 10 8 8 8 4 8
split_gain=8.70225 19.0802 18.7912 14.813 14.5369 24.2344 18.4665 12.4033 18.7192 9.67362 11.9187 18.2362 13.4095 19.4499 12.8588 12.5877 12.4564 9.6182 9.40753 21.8574 32.9635 16.1033 15.8973 17.1363 10.7425 31.7236 81.3391 40.7289 49.2389 45.324
threshold=11.955000000000002 2022.5000000000002 12.115 30.350000000000005 27.050000000000004 -82.149999999999991 0 -81.84999999999998 1.5000000000000002 1 28.150000000000002 -81.449999999999989 2 2.5000000000000004 6.9000000000000012 3 2004.5000000000002 9.0800000000000018 132.69000000000003 -85.34999999999998 -85.049999999999983 -84.749999999999986 58.940000000000005 4 113.96500000000002 27.450000000000003 27.750000000000004 26.750000000000004 5 26.150000000000002
decision_type=8 2 8 2 2 2 9 2 2 9 2 2 9 2 10 9 2 10 10 2 2 2 10 9 8 2 2 2 9 2
left_child=1 3 -2 4 5 -1 -7 -8 -9 -6 11 -11 16 15 -13 -14 -12 -5 24 -20 -21 -22 23 -23 -4 27 -27 29 -29 -26
right_child=2 -3 18 17 9 6 7 8 -10 10 12 14 13 -15 -16 -17 -18 -19 19 20 21 22 -24 -25 25 26 -28 28 -30 -31
leaf_value=-0.030497554947040362 0.015663328769566044 -0.019352334788779669 0.00046459705341508342 -0.026400088364484289 0.0055958150540898373 0.0096712306604462839 -0.0055056812217871183 -0.014684750143843584 0.00041375501075293644 0.021679283604604471 0.010386680612608324 0.0092717821383251579 -0.0025155154176644602 0.0014141350335428627 -0.0044529113407298484 -0.020967627745487286 -0.0083379022738188976 -0.0034867144962917431 -0.021031503720685987 0.014016368296368055 -0.020579726643798771 0.0011864792878241383 -0.016237018829200079 -0.0069498615439590686 0.001271994436467372 -0.0069889479238407944 -0.00044186571699897928 0.0061544906139809896 -0.0022432333574332387 -0.005152480047011832
leaf_weight=206 414 535 149507 391 685 813 1182 779 3332 588 407 934 488 1411 781 512 228 443 484 561 382 3641 419 606 19021 6002 37044 7617 2828 6833
leaf_count=206 414 535 149507 391 685 813 1182 779 3332 588 407 934 488 1411 781 512 228 443 484 561 382 3641 419 606 19021 6002 37044 7617 2828 6833
internal_value=2.52927e-05 -0.00119854 9.66567e-05 -0.000818802 -0.000380382 -0.00205631 -0.00147155 -0.00255035 -0.0012497 0.00137326 0.000642578 0.00335063 -0.00140707 -0.00310572 0.000724638 -0.00841584 0.00496183 -0.00722749 7.76744e-05 -0.00185974 -0.000969923 -0.00225386 -0.00143285 -0.000505051 0.000129336 -0.000340873 -0.00125883 0.000747748 0.00338116 -0.000317043
internal_weight=249074 13715 235359 13180 12346 6312 6106 5293 4111 6034 5349 2303 3046 2411 1715 1000 635 834 234945 6093 5609 5048 4666 4247 228852 79345 43046 36299 10445 25854
internal_count=249074 13715 235359 13180 12346 6312 6106 5293 4111 6034 5349 2303 3046 2411 1715 1000 635 834 234945 6093 5609 5048 4666 4247 228852 79345 43046 36299 10445 25854
cat_boundaries=0 1 2 3 4 5 6
cat_threshold=176 12 24 2 202 82
is_linear=0
shrinkage=0.05


Tree=159
num_leaves=31
num_cat=1
split_feature=10 13 10 8 7 13 8 9 6 8 7 7 0 7 9 8 9 6 0 3 6 0 10 7 9 8 0 0 12 10
split_gain=9.22804 18.1754 17.1361 12.5087 13.3119 10.535 11.1194 25.487 12.9299 11.2661 22.1996 18.1866 17.5462 13.7787 10.9821 12.9435 11.7441 17.2214 10.8026 9.96703 14.9878 15.3309 9.39806 9.27954 13.8451 11.5309 9.15513 9.02356 8.96601 10.7442
threshold=11.955000000000002 2022.5000000000002 12.115 30.350000000000005 13.500000000000002 1991.5000000000002 27.050000000000004 -82.149999999999991 1.5000000000000002 28.150000000000002 20.500000000000004 14.500000000000002 22.500000000000004 25.500000000000004 -81.449999999999989 25.950000000000003 -81.949999999999989 4.5000000000000009 18.500000000000004 0 2.5000000000000004 19.500000000000004 9.0800000000000018 9.5000000000000018 -84.949999999999989 30.150000000000002 26.500000000000004 57.500000000000007 -3.4999999999999996 146.27500000000003
decision_type=8 2 8 2 2 2 2 2 2 2 2 2 2 2 2 2 2 2 2 9 2 2 10 2 2 2 2 2 8 10
left_child=1 3 -2 5 -5 -1 7 -7 18 10 12 19 -8 26 15 -10 17 -17 -9 22 -21 -22 -11 24 -4 -26 -12 -18 -25 -30
right_child=2 -3 23 4 -6 6 9 8 14 11 13 -13 -14 -15 -16 16 27 -19 -20 20 21 -23 -24 28 25 -27 -28 -29 29 -31
leaf_value=-0.016440895947199951 0.014880162331087732 -0.018384718049340699 0.014961624058941504 -0.00092282561661480864 -0.027109535247394012 -0.029586544479776756 -0.0022709595370631777 2.600921951936286e-05 -0.012800904458789031 0.0028160147646421941 0.0036651011495850484 -0.01050351954172939 0.028782033841534639 0.016474397490964066 0.0036295619984061389 -0.031192738756783456 0.0022941357504624449 0.00071723277185098411 -0.019218364259764888 -0.011448533774879267 -0.012525104100144225 0.0070475176089678021 0.010954629611225465 -0.0073953921011203688 0.0045294882880043017 -0.016699537769918928 -0.0064094012417333706 -0.0057657457463105022 0.00012777720455474652 -0.0071514379776147054
leaf_weight=221 414 535 459 422 412 204 287 336 790 361 505 1374 763 207 1665 235 1884 355 485 206 374 923 243 1046 1362 201 662 266 231213 664
leaf_count=221 414 535 459 422 412 204 287 336 790 361 505 1374 763 207 1665 235 1884 355 485 206 374 923 243 1046 1362 201 662 266 231213 664
internal_value=2.52927e-05 -0.00123497 9.87811e-05 -0.000864291 -0.00675355 -0.000461314 -0.00025958 -0.00173355 -0.00112844 0.00129332 0.00390304 -0.000529934 0.00933962 -0.000289017 -0.000201729 -0.00177966 -0.000145455 -0.00633333 -0.00691937 0.00238545 0.00016415 0.00218057 0.00769231 8.06537e-05 0.00344488 0.0011761 -0.00242141 0.00157407 5.13023e-05 7.22335e-05
internal_weight=249074 13715 235359 13180 834 12346 12125 6220 6016 5905 2424 3481 1050 1374 5195 3530 2740 590 821 2107 1503 1297 604 234945 2022 1563 1167 2150 232923 231877
internal_count=249074 13715 235359 13180 834 12346 12125 6220 6016 5905 2424 3481 1050 1374 5195 3530 2740 590 821 2107 1503 1297 604 234945 2022 1563 1167 2150 232923 231877
cat_boundaries=0 1
cat_threshold=24
is_linear=0
shrinkage=0.05


Tree=160
num_leaves=31
num_cat=2
split_feature=9 0 11 0 11 0 8 11 11 8 9 9 4 13 8 4 0 7 0 11 7 11 9 8 8 7 8 13 8 11
split_gain=8.9723 8.8716 11.9564 11.2433 9.77073 25.0791 42.8118 34.6613 20.6795 44.7692 20.4534 47.6088 46.2168 34.5394 32.2533 29.1308 20.9728 20.0658 22.995 23.0337 26.4406 19.6953 20.0259 17.3952 16.8249 16.4242 37.6059 16.2256 19.7233 16.1561
threshold=-80.049999999999983 100.50000000000001 97.185000000000016 106.50000000000001 90.350000000000009 42.500000000000007 26.450000000000003 80.870000000000019 91.745000000000019 26.350000000000005 -86.049999999999983 -85.649999999999991 0 2010.5000000000002 30.350000000000005 1 30.500000000000004 12.500000000000002 40.500000000000007 60.415000000000006 17.500000000000004 84.720000000000013 -86.549999999999983 28.150000000000002 30.450000000000003 23.500000000000004 27.550000000000004 1981.5000000000002 26.250000000000004 84.305000000000021
decision_type=2 2 8 2 8 2 2 10 8 2 2 2 9 2 2 9 2 2 2 10 2 10 2 2 2 2 2 2 2 10
left_child=1 4 -3 -4 5 10 -7 -8 9 -6 12 -12 -1 23 -14 16 -15 -18 19 -19 -21 24 -23 27 -16 -10 -27 28 -13 -9
right_child=-2 2 3 -5 8 6 7 29 25 -11 11 13 14 15 21 -17 17 18 -20 20 -22 22 -24 -25 -26 26 -28 -29 -30 -31
leaf_value=0.026940667897180151 0.0097319600986727657 -0.015719322706404259 -0.010478270567288207 0.0042328656898798838 -0.033468787699621853 -0.010589018452525779 -0.00089063348332971701 0.018886702117483358 -0.00012526600627484896 0.00023788114313392228 0.013248286603191063 -0.0017636182020341453 -0.022040617886886604 0.0034620898572319536 -0.015790266090220672 -0.004197413952251372 -0.0035075994166115622 0.008748471033430771 -3.1630446822417113e-05 0.017577512361021477 -0.0011112105534677676 0.0074200996270432197 -0.0057948309280332127 -0.0031399394401341318 -7.1724881257395626e-06 0.00074690976666831339 -0.018735908515693067 0.0018523709731709916 -0.03038780055512973 0.0062581444082154382
leaf_weight=467 814 291 273 260 211 2739 12404 332 173835 438 2145 821 873 4060 1091 988 593 1862 852 1852 326 1816 1400 6806 887 1791 1038 26743 232 1010
leaf_count=467 814 291 273 260 211 2739 12404 332 173835 438 2145 821 873 4060 1091 988 593 1862 852 1852 326 1816 1400 6806 887 1791 1038 26743 232 1010
internal_value=9.6285e-06 -7.64754e-06 -0.00515588 -0.000644567 9.69219e-06 0.00050847 -0.00119733 -5.81564e-05 -0.000188075 -0.00902883 0.00103114 0.00139353 -0.00158924 0.00104663 -0.00276819 0.00355212 0.00439624 0.00641492 0.00746634 0.00903704 0.0125229 -0.00126826 0.00114693 0.000283139 -0.00518109 -0.000155088 -0.00392744 0.000837949 -0.00522107 0.00754438
internal_weight=249250 248436 824 533 247612 70299 16485 13746 177313 649 53814 47280 6534 45135 6067 10533 9545 5485 4892 4040 2178 5194 3216 34602 1978 176664 2829 27796 1053 1342
internal_count=249250 248436 824 533 247612 70299 16485 13746 177313 649 53814 47280 6534 45135 6067 10533 9545 5485 4892 4040 2178 5194 3216 34602 1978 176664 2829 27796 1053 1342
cat_boundaries=0 1 2
cat_threshold=176 142
is_linear=0
shrinkage=0.05


Tree=161
num_leaves=31
num_cat=3
split_feature=0 9 9 13 10 8 12 8 10 10 9 4 9 13 9 8 6 8 13 3 13 13 4 13 13 9 0 13 8 0
split_gain=9.78255 10.9409 8.90723 8.80312 8.19282 7.80803 8.13988 14.9305 10.8128 7.42768 21.6991 25.864 23.6565 33.9415 19.0612 18.904 18.7119 19.6634 36.6038 20.3988 19.7405 23.8941 18.2043 25.3556 55.3515 32.1033 46.6191 25.8353 56.3145 59.491
threshold=100.50000000000001 -81.749999999999986 -80.049999999999983 1999.5000000000002 148.19500000000002 30.750000000000004 -1.4999999999999998 25.450000000000003 67.305000000000021 14.360000000000001 -80.34999999999998 0 -81.749999999999986 1998.5000000000002 -81.449999999999989 26.150000000000002 2.5000000000000004 25.750000000000004 2000.5000000000002 1 2007.5000000000002 2009.5000000000002 2 2023.5000000000002 2022.5000000000002 -82.34999999999998 39.500000000000007 1993.5000000000002 27.950000000000003 8.5000000000000018
decision_type=2 2 2 2 10 2 8 2 10 10 2 9 2 2 2 2 2 2 2 9 2 2 9 2 2 2 2 2 2 2
left_child=2 -2 4 -4 5 6 7 -1 -9 10 12 15 22 -14 -15 -12 17 -16 19 -19 -20 -22 23 24 27 -25 -27 28 -8 -30
right_child=1 -3 3 -5 -6 -7 9 8 -10 -11 11 -13 13 14 16 -17 -18 18 20 -21 21 -23 -24 25 -26 26 -28 -29 29 -31
leaf_value=0.016397264936767544 0.00024907519332906247 -0.013116963894127844 0.018100735955342406 0.00014022662343102788 -0.015630622280864381 0.0090368125912789754 -0.0063213950620214735 -0.0018101915334845843 -0.011875114738169934 0.0002798038831380634 0.0082602752793335295 -0.00014063476754171413 -0.016702166531553653 -0.010272739181459656 -0.0079955862883735133 -0.0019889464320341334 0.0056415618859232634 0.035829193590124576 -0.019965787864145268 0.0049349791947236989 0.0063140109119612211 -0.0098103947774459861 -0.0035236186249136383 -0.01069556607866522 -0.025699093568930121 -0.0085481747523092899 0.0077444593814337999 -0.0012952697394675195 -0.018241102336781046 0.0070135756098562048
leaf_weight=231 424 400 406 408 206 284 2883 1689 1003 169172 4496 16102 1876 1823 2708 1297 1199 363 528 553 1380 941 7367 677 356 638 2215 21414 462 5749
leaf_count=231 424 400 406 408 206 284 2883 1689 1003 169172 4496 16102 1876 1823 2708 1297 1199 363 528 553 1380 941 7367 677 356 638 2215 21414 462 5749
internal_value=1.04309e-05 -0.00539568 2.85788e-05 0.00521845 1.13076e-05 1.98047e-05 1.01161e-05 -0.00260825 -0.00366395 4.15628e-05 -0.000372483 0.000951837 -0.000918294 -0.00293911 -0.00172015 0.00381042 -0.000624837 -0.00168903 0.000649007 0.00928726 -0.0021511 -0.00015015 -0.00036748 0.000116232 -0.000343331 0.00412429 0.00644429 -0.00011141 0.00211995 0.00479826
internal_weight=249250 824 248426 814 247612 247406 247122 2923 2692 244199 75027 21895 53132 11371 9495 5793 7672 6473 3765 916 2849 2321 41761 34394 30864 3530 2853 30508 9094 6211
internal_count=249250 824 248426 814 247612 247406 247122 2923 2692 244199 75027 21895 53132 11371 9495 5793 7672 6473 3765 916 2849 2321 41761 34394 30864 3530 2853 30508 9094 6211
cat_boundaries=0 1 2 3
cat_threshold=172 2 18
is_linear=0
shrinkage=0.05


Tree=162
num_leaves=31
num_cat=0
split_feature=0 8 10 13 0 13 0 0 6 10 10 8 0 0 13 0 7 10 8 8 8 0 6 10 6 0 8 0 13 10
split_gain=8.5159 7.79812 7.44151 27.3259 9.2084 18.522 14.1608 19.6085 9.14635 8.61585 26.2833 20.7109 29.6359 27.0929 19.1638 40.8102 26.2627 21.2612 22.4738 36.0899 23.0033 30.4852 20.3131 17.4395 22.3612 16.9492 19.5017 23.6531 26.3809 16.8363
threshold=100.50000000000001 30.750000000000004 6.205000000000001 2017.5000000000002 22.500000000000004 2004.5000000000002 34.500000000000007 37.500000000000007 2.5000000000000004 32.690000000000005 36.195000000000007 24.650000000000002 43.500000000000007 30.500000000000004 2006.5000000000002 42.500000000000007 19.500000000000004 24.435000000000006 27.850000000000005 30.050000000000004 26.750000000000004 37.500000000000007 3.5000000000000004 45.990000000000002 4.5000000000000009 42.500000000000007 30.350000000000005 50.500000000000007 2021.5000000000002 46.535000000000004
decision_type=2 2 8 2 2 2 2 2 2 8 8 2 2 2 2 2 2 10 2 2 2 2 2 8 2 2 2 2 2 8
left_child=1 2 3 4 -1 6 8 -8 -6 14 25 12 13 -12 15 -4 -17 18 20 -20 -16 -22 -21 24 -13 -11 27 28 -27 -25
right_child=-2 -3 9 -5 5 -7 7 -9 -10 10 11 23 -14 -15 17 16 -18 -19 19 22 21 -23 -24 29 -26 26 -28 -29 -30 -31
leaf_value=-0.0040675310577948489 -0.0069635586870732792 0.0085849719617149944 0.0003317110714923466 -0.022099468300895177 0.0060314139775049297 -0.0038039590734788575 -0.014590010348103056 0.0093684688147270389 0.020610080833174661 -0.0080977691868568524 -0.0014318190479944981 0.0023227767752418862 -0.0020261806423300223 0.010709901924959199 0.0007771858299048251 -0.013952547733426092 0.0024162764307867238 0.0046105801354785038 0.01016567553010006 0.0044350958691180336 0.0066775825286339522 -0.01255772235637167 -0.015548116194738261 -0.0074394366260563507 -0.018989310076861089 -0.011516186976395205 0.012446944324103537 -0.0083093389814345563 0.0093455309478057916 -0.00023769144444401037
leaf_weight=1732 824 284 29267 366 300 1291 202 229 476 3799 721 14982 1483 1775 19018 2116 741 6809 2513 1591 813 1609 605 1162 341 237 272 1082 583 152027
leaf_count=1732 824 284 29267 366 300 1291 202 229 476 3799 721 14982 1483 1775 19018 2116 741 6809 2513 1591 813 1609 605 1162 341 237 272 1082 583 152027
internal_value=8.02375e-06 2.49561e-05 1.53132e-05 -0.00197568 -0.000825472 0.00111643 0.00554643 -0.00170068 0.00954198 5.29652e-05 -0.000126629 -1.36231e-05 0.00354725 0.00686353 0.000545382 -0.000323645 -0.00601674 0.00139226 0.00074353 0.00386734 5.59441e-05 -0.00452303 -0.000815956 -9.79101e-05 0.00150982 -0.00338459 0.000137363 -0.00167364 0.0046988 -0.000258814
internal_weight=249250 248426 248142 4596 4230 2498 1207 431 776 243546 178464 172491 3979 2496 65082 32124 2857 32958 26149 4709 21440 2422 2196 168512 15323 5973 2174 1902 820 153189
internal_count=249250 248426 248142 4596 4230 2498 1207 431 776 243546 178464 172491 3979 2496 65082 32124 2857 32958 26149 4709 21440 2422 2196 168512 15323 5973 2174 1902 820 153189
is_linear=0
shrinkage=0.05


Tree=163
num_leaves=31
num_cat=2
split_feature=9 13 11 0 13 9 9 4 13 11 4 9 0 11 5 7 0 11 7 11 11 5 13 13 13 7 0 7 7 9
split_gain=8.48499 8.39843 7.95463 24.233 22.3294 20.3866 44.67 43.9658 31.7737 27.398 26.0533 22.5474 20.7298 20.0895 35.2096 18.4002 21.5119 21.5384 23.6298 17.047 21.4086 15.8936 15.4412 19.0853 23.7788 37.4939 30.3255 19.3013 15.8758 14.9107
threshold=-80.049999999999983 1999.5000000000002 90.350000000000009 42.500000000000007 2000.5000000000002 -86.049999999999983 -85.649999999999991 0 2010.5000000000002 89.720000000000013 1 -86.549999999999983 30.500000000000004 91.745000000000019 2.5000000000000004 12.500000000000002 40.500000000000007 60.415000000000006 17.500000000000004 80.870000000000019 84.305000000000021 3.5000000000000004 2001.5000000000002 2011.5000000000002 2020.5000000000002 16.500000000000004 53.500000000000007 22.500000000000004 15.500000000000002 -82.149999999999991
decision_type=2 2 8 2 2 2 2 9 2 10 9 2 2 8 2 2 2 10 2 10 10 2 2 2 2 2 2 2 2 2
left_child=2 -2 3 5 -5 7 -7 -1 -8 21 12 -11 -10 14 -4 -14 17 -17 -19 22 -21 -9 -6 -24 25 -25 -26 -27 -28 -12
right_child=1 -3 13 4 19 6 8 9 10 11 29 -13 15 -15 -16 16 -18 18 -20 20 -22 -23 23 24 26 27 28 -29 -30 -31
leaf_value=0.02540403226179553 0.017193348666899099 0.00011679040799590369 -0.030957247840921378 -0.0088101492057150125 0.010935272113515637 0.012562547311592544 0.00045557041667811939 -0.01489742377812049 0.0032807145927146401 0.0092411655804694355 0.0060470738194716494 -0.0068146644795318515 -0.0033063152503029162 -0.00016092960014719716 0.0013161534688399979 0.0083089418598244254 -9.6166251908247355e-05 0.016696531121035595 -0.0010577556477291417 0.017260747273441714 0.0022018955996896405 -0.003292587125167046 -0.010653857143393087 -0.0050157846267502755 0.00040138905052522489 0.0072809572280629455 -0.0031754995426138688 -0.0050195676546933576 -0.011231114226206663 -0.0088924444725791314
leaf_weight=467 406 408 243 1928 408 2145 34602 1682 4060 1475 206 1482 593 177222 406 1862 852 1852 326 335 1082 1428 1672 2323 2828 3104 1028 627 1416 782
leaf_count=467 406 408 243 1928 408 2145 34602 1682 4060 1475 206 1482 593 177222 406 1862 852 1852 326 335 1082 1428 1672 2323 2828 3104 1028 627 1416 782
internal_value=3.16938e-05 0.00509709 1.48926e-05 0.000464045 -0.00119623 0.000980975 0.00134278 -0.00163509 0.00100676 -0.00278462 0.00340985 0.00065723 0.00420805 -0.000163311 -0.00887709 0.00621474 0.00722154 0.00874074 0.0121115 -0.000535967 0.00466013 -0.00605769 -0.00108825 -0.00139145 -0.000652788 0.00148417 -0.00310488 0.00458434 -0.00717196 -0.00426587
internal_weight=249250 814 248436 70565 16751 53814 47280 6534 45135 6067 10533 2957 9545 177871 649 5485 4892 4040 2178 14823 1417 3110 13406 12998 11326 6054 5272 3731 2444 988
internal_count=249250 814 248436 70565 16751 53814 47280 6534 45135 6067 10533 2957 9545 177871 649 5485 4892 4040 2178 14823 1417 3110 13406 12998 11326 6054 5272 3731 2444 988
cat_boundaries=0 1 2
cat_threshold=176 142
is_linear=0
shrinkage=0.05


Tree=164
num_leaves=31
num_cat=6
split_feature=9 13 10 11 11 11 13 11 10 9 3 10 4 4 2 9 9 10 4 9 3 4 9 10 11 10 7 11 13 11
split_gain=7.68237 7.61763 7.44353 7.43197 20.9476 34.0402 25.8882 18.7929 40.9662 17.6466 30.925 22.7927 37.2442 16.5413 21.5283 17.3567 27.8738 24.4655 23.7991 23.294 22.3395 20.3807 20.1892 19.0203 16.2322 28.4118 24.7318 16.0679 15.5497 29.7746
threshold=-80.049999999999983 1999.5000000000002 148.19500000000002 90.350000000000009 77.085000000000022 72.915000000000006 2022.5000000000002 91.745000000000019 52.20000000000001 -80.449999999999989 0 36.195000000000007 1 2 1.0000000180025095e-35 -82.649999999999991 -81.649999999999991 122.84500000000001 3 -81.249999999999986 4 5 -80.949999999999989 113.26500000000001 59.440000000000005 108.59500000000001 16.500000000000004 84.305000000000021 1995.5000000000002 49.585000000000008
decision_type=2 2 10 8 10 10 2 8 10 2 9 10 9 9 2 2 2 10 9 2 9 9 2 10 10 10 2 10 2 10
left_child=2 -2 3 4 5 13 9 8 -5 11 27 12 -6 14 -1 18 17 21 -15 -18 -20 23 -21 24 25 -17 -26 -11 29 -22
right_child=1 -3 -4 7 6 -7 -8 -9 -10 10 -12 -13 -14 15 -16 16 19 -19 20 22 28 -23 -24 -25 26 -27 -28 -29 -30 -31
leaf_value=-0.014895902955003227 0.016333681233554165 0.00011095088759613959 -0.014859985115432872 0.0023643284360968853 0.022843223044257635 -0.01326499009993265 0.016737867867053734 -0.00014264560828971539 -0.030249591544529421 0.028641272209648162 -0.0065072470182864 0.0065144978173510733 -0.0043045486875601391 0.0077992548152230334 0.0012992498252777374 0.0073957073205119352 -0.0047728400187172062 -0.0089280724424195771 0.0076577612359993719 0.0031601018145794415 -0.0070014537726972755 -0.0040922026937767701 -0.00028672202799207014 0.013994683719805501 0.0015972647701921084 -0.019945322459306161 -0.023029825158779094 0.014013557427258761 -0.0030483338334817756 -0.037501112794074802
leaf_weight=502 406 408 206 424 956 1213 964 177087 225 427 515 4882 5537 1142 392 7917 4830 616 622 6398 1024 1269 21062 915 1184 214 204 625 6786 298
leaf_count=502 406 408 206 424 956 1213 964 177087 225 427 515 4882 5537 1142 392 7917 4830 616 622 6398 1024 1269 21062 915 1184 214 204 625 6786 298
internal_value=3.45021e-05 0.00485437 1.85151e-05 2.65872e-05 0.000460967 3.35701e-05 0.00219891 -0.000145714 -0.0085736 0.00160593 0.00656309 0.000917874 -0.0010226 0.000215762 -0.00645514 0.000327517 0.000747439 0.00276989 -0.00156851 -2.47678e-05 -0.00245714 0.00328268 0.00053877 0.00400804 0.00334243 0.00419482 -0.00164521 0.0113806 -0.00316191 -0.00810811
internal_weight=249250 814 248436 248230 70494 56588 13906 177736 649 12942 1567 11375 6493 55375 894 54481 44609 12319 9872 32290 8730 11703 27460 10434 9519 8131 1388 1052 8108 1322
internal_count=249250 814 248436 248230 70494 56588 13906 177736 649 12942 1567 11375 6493 55375 894 54481 44609 12319 9872 32290 8730 11703 27460 10434 9519 8131 1388 1052 8108 1322
cat_boundaries=0 1 2 3 4 5 6
cat_threshold=4 168 80 12 8 38
is_linear=0
shrinkage=0.05


Tree=165
num_leaves=31
num_cat=3
split_feature=8 11 3 8 0 7 10 10 10 11 4 9 9 7 11 10 10 10 11 0 8 10 7 11 9 9 11 0 3 10
split_gain=8.5357 11.8998 8.23805 16.7843 20.986 14.5714 12.1574 11.241 13.1879 11.1958 11.4483 11.3855 12.63 10.5218 9.10065 8.69155 11.3521 8.21375 13.5551 8.08029 8.39608 8.01621 12.1544 7.62406 23.5298 37.5791 49.5624 41.1874 43.1558 29.1229
threshold=30.650000000000002 77.085000000000022 0 30.350000000000005 34.500000000000007 16.500000000000004 14.005000000000001 37.025000000000013 113.86000000000001 101.25000000000001 1 -81.549999999999983 -82.449999999999989 16.500000000000004 118.75000000000001 31.385000000000002 65.485000000000014 70.125000000000014 109.77500000000002 22.500000000000004 27.150000000000002 110.94000000000001 14.500000000000002 63.750000000000007 -82.549999999999983 -81.549999999999983 53.165000000000006 40.500000000000007 2 54.690000000000005
decision_type=2 8 9 2 2 2 8 10 8 8 9 2 2 2 8 8 10 10 10 2 2 8 2 8 2 2 10 2 9 10
left_child=2 -2 3 4 5 14 -5 -7 -9 11 21 12 13 -6 17 -8 -17 -1 -19 20 -16 22 -11 24 -4 -26 -27 28 29 -28
right_child=1 -3 23 6 9 7 15 8 -10 10 -12 -13 -14 -15 19 16 -18 18 -20 -21 -22 -23 -24 -25 25 26 27 -29 -30 -31
leaf_value=0.00095206969957231105 0.020159238907986057 -0.0012810833953207812 -0.002359015508214846 0.030939886913930039 0.0050272190954006035 0.0060470751818778815 -0.0089241871142416336 -0.0098891656513743001 0.0062107189450806739 0.0068208806776465462 0.0063680993745536263 0.0085055136354038833 -0.023774803788133791 -0.011194647594837549 -0.0060429587154671623 0.014670680015429483 -0.0080563901871263163 -0.013626629588672758 0.0032395308227939792 -0.0046851017240664211 -0.022245474945619126 -0.0082244917550215579 -0.0030569446702140902 -0.00028849022708969939 0.0066162145566600831 -0.0053759087776207087 0.020584016166188768 -0.00080651357341583469 -0.0006947650347071566 0.00788632685787043
leaf_weight=1622 290 350 9059 222 647 1492 227 723 264 381 3242 404 251 419 302 718 222 805 438 703 351 303 409 203215 8814 6056 986 3763 1307 980
leaf_count=1622 290 350 9059 222 647 1492 227 723 264 381 3242 404 251 419 302 718 222 805 438 703 351 303 409 203215 8814 6056 986 3763 1307 980
internal_value=-2.99227e-05 0.00569231 -4.4899e-05 0.00112601 0.000556165 -0.00137109 0.00632595 0.00166734 -0.00245737 0.00268711 0.00403913 -0.000722126 -0.00297664 -0.000557621 -0.00315528 0.00420561 0.00631579 -0.00154783 -0.00458899 -0.00651537 -0.0104827 -0.000404313 0.00225 -0.000115713 0.000615012 0.00150119 -0.000198443 0.00265399 0.00674688 0.0113797
internal_weight=248965 640 248325 14145 12756 6700 1389 2479 987 6056 4335 1721 1317 1066 4221 1167 940 2865 1243 1356 653 1093 790 234180 30965 21906 13092 7036 3273 1966
internal_count=248965 640 248325 14145 12756 6700 1389 2479 987 6056 4335 1721 1317 1066 4221 1167 940 2865 1243 1356 653 1093 790 234180 30965 21906 13092 7036 3273 1966
cat_boundaries=0 1 2 3
cat_threshold=16 204 4
is_linear=0
shrinkage=0.05


Tree=166
num_leaves=31
num_cat=0
split_feature=11 10 8 10 0 13 10 10 0 9 8 13 0 10 10 13 10 7 12 0 9 10 0 10 11 0 13 10 8 8
split_gain=8.19982 22.5145 14.2583 25.7994 22.5052 21.5598 20.8102 11.0564 14.2456 11.2667 9.31725 9.04689 32.603 23.0693 35.4419 16.5665 17.5406 11.4126 10.2889 9.78111 23.9406 38.8678 28.7029 61.4757 24.5 23.7108 47.7042 42.4544 38.3967 25.8034
threshold=127.40000000000002 57.110000000000007 26.450000000000003 18.155000000000005 17.500000000000004 2021.5000000000002 17.925000000000004 27.375000000000004 42.500000000000007 -81.749999999999986 29.650000000000002 1991.5000000000002 35.500000000000007 96.385000000000019 96.570000000000007 1984.5000000000002 37.695000000000007 17.500000000000004 3.5000000000000004 42.500000000000007 -82.749999999999986 107.355 49.500000000000007 97.470000000000013 89.165000000000006 32.500000000000007 2023.5000000000002 39.720000000000006 27.850000000000005 24.650000000000002
decision_type=10 10 2 10 2 2 10 10 2 2 2 2 2 10 10 2 8 2 10 2 2 8 2 10 10 2 2 10 2 2
left_child=11 2 4 6 5 -2 -4 -6 -9 -10 -5 12 13 15 -15 16 -1 -16 19 25 21 22 23 24 -21 -13 27 -27 -28 -29
right_child=1 -3 3 10 7 -7 -8 8 9 -11 -12 18 -14 14 17 -17 -18 -19 -20 20 -22 -23 -24 -25 -26 26 28 29 -30 -31
leaf_value=-0.022713698517382322 -0.024383675777070925 -0.018983545487458998 -0.0022296107488727567 -0.018812620387106273 0.003974141845349566 0.0028199253638550026 0.016022118075486792 -0.012658329203693964 -0.00040787284291194937 0.012401509093968865 -0.0045972865826252379 4.3224587140144878e-05 -0.016402602345642593 0.01474850177192848 -0.0078453320812321703 -0.0044039004273420893 0.001147404077582026 0.0060557459452164515 -0.0056540726019679083 -0.0082702635826533474 -0.00057089989922927138 -0.0035435194379187076 0.0033410174492974677 -0.026796900079984455 0.0080147864176375542 0.0014169214230721041 -0.011913812883708097 0.010703973860863504 0.0030603157421398297 0.0059993185248429452
leaf_weight=201 613 419 3784 855 4922 558 349 686 1107 237 562 95215 815 1100 1000 7026 7548 782 1323 490 73377 2418 8249 574 816 18628 3003 1099 2334 8875
leaf_count=201 613 419 3784 855 4922 558 349 686 1107 237 562 95215 815 1100 1000 7026 7548 782 1323 490 73377 2418 8249 574 816 18628 3003 1099 2334 8875
internal_value=-2.02832e-05 -0.00119132 -0.000836805 -0.00278777 0.000497971 -0.00588484 -0.000784456 0.00158001 -0.00151961 0.0014771 -0.00858444 5.00249e-05 -0.0010118 -0.000557537 0.00352697 -0.0013561 0.000238433 -0.000837054 0.000140704 0.000167838 -0.000245537 0.00177192 0.00313147 -0.00243386 0.00357143 0.000442848 0.00157737 0.00238711 -0.00275856 0.00501803
internal_weight=248965 14092 13673 5550 8123 1171 4133 6952 2030 1344 1417 234873 18472 17657 2882 14775 7749 1782 216401 215078 85924 12547 10129 1880 1306 129154 33939 28602 5337 9974
internal_count=248965 14092 13673 5550 8123 1171 4133 6952 2030 1344 1417 234873 18472 17657 2882 14775 7749 1782 216401 215078 85924 12547 10129 1880 1306 129154 33939 28602 5337 9974
is_linear=0
shrinkage=0.05


Tree=167
num_leaves=31
num_cat=5
split_feature=3 9 9 0 7 7 11 4 10 7 10 11 9 9 0 10 3 11 9 10 7 11 11 0 0 7 3 10 4 0
split_gain=7.62505 14.8217 16.9151 19.5093 16.7701 16.3707 13.9245 11.756 10.7395 12.6106 8.97925 8.64893 18.1107 28.6219 26.579 19.5017 20.058 16.9813 19.4781 22.9792 19.1293 22.0165 18.29 17.009 23.9476 20.6627 16.9143 16.7663 15.5332 17.539
threshold=0 -80.34999999999998 -85.749999999999986 34.500000000000007 15.500000000000002 16.500000000000004 113.98 1 110.94000000000001 14.500000000000002 14.005000000000001 63.750000000000007 -80.649999999999991 -82.549999999999983 49.500000000000007 39.330000000000005 2 53.45000000000001 -81.449999999999989 33.920000000000009 16.500000000000004 59.440000000000005 44.615000000000002 18.500000000000004 35.500000000000007 14.500000000000002 3 62.685000000000009 4 48.500000000000007
decision_type=9 2 2 2 2 2 8 9 8 2 8 8 2 2 2 10 9 10 2 10 2 10 10 2 2 2 9 10 9 2
left_child=1 2 4 5 10 -4 -5 -8 9 -9 -1 12 13 15 17 16 -2 18 -15 22 23 26 -20 -19 25 27 -22 -25 -17 -30
right_child=11 -3 3 6 -6 -7 7 8 -10 -11 -12 -13 -14 14 -16 28 -18 20 19 -21 21 -23 -24 24 -26 -27 -28 -29 29 -31
leaf_value=0.027716699751954101 0.0019396739487609782 0.024755273370232447 -0.0062733139730602357 -0.0006577598220239623 -0.0052189742116710569 0.0016162704112199667 0.0063397051137709329 0.0068653303706071702 -0.010714152109779995 -0.0032844517827763211 0.0084198475436099603 -0.0002558289115592416 -0.0038359602268772442 0.0060989660643543612 -0.00212520115734538 0.012693518582918806 -0.013874726146822836 -0.0018783815791889149 -0.0072194889467039232 -0.0095556281295256628 -0.0033092671612633406 -0.011324234561482439 0.013617419876119908 0.0065234511137590269 0.004682144540914113 0.024817046016031255 0.012723760920000472 0.030392177327668968 -0.0027308068063464754 0.0045157333441476766
leaf_weight=347 834 384 3592 2459 503 2298 2427 294 261 322 1278 203583 3831 4968 3911 481 1502 522 365 1643 578 665 633 771 2009 612 1080 367 5313 1132
leaf_count=347 834 384 3592 2459 503 2298 2427 294 261 322 1278 203583 3831 4968 3911 481 1502 522 365 1643 578 665 633 771 2009 612 1080 367 5313 1132
internal_value=-2.9521e-05 0.00109623 0.000823001 7.288e-05 0.00491113 -0.00194915 0.00213927 0.00425468 -0.000724638 0.0028754 0.00737003 -9.75215e-05 0.000677298 0.0011279 0.002283 -0.00113244 -0.00507246 0.00328693 0.00167345 -0.00179178 0.00514061 0.00147878 0.00416667 0.00711955 0.00829132 0.0125568 0.00455635 0.00844948 0.000201845 -0.000456303
internal_weight=248965 14165 13781 11653 2128 5890 5763 3304 877 616 1625 234800 31217 27386 18124 9262 2336 14213 7609 2641 6604 2323 998 4281 3759 1750 1658 1138 6926 6445
internal_count=248965 14165 13781 11653 2128 5890 5763 3304 877 616 1625 234800 31217 27386 18124 9262 2336 14213 7609 2641 6604 2323 998 4281 3759 1750 1658 1138 6926 6445
cat_boundaries=0 1 2 3 4 5
cat_threshold=16 50 10 10 4
is_linear=0
shrinkage=0.05


Tree=168
num_leaves=31
num_cat=2
split_feature=8 11 13 0 10 10 13 10 7 0 7 9 10 11 8 3 13 0 8 9 0 8 10 10 3 10 13 0 8 8
split_gain=8.04446 10.2891 7.87234 27.983 20.7461 30.0835 15.7813 16.2858 10.3942 9.94133 9.16619 9.33807 10.2118 9.22665 11.8656 9.32688 9.04079 49.6837 41.5855 33.444 28.4611 23.6571 21.5415 26.9302 23.6767 15.299 13.8439 13.7398 12.747 11.3873
threshold=30.650000000000002 77.085000000000022 1991.5000000000002 35.500000000000007 96.385000000000019 96.570000000000007 1984.5000000000002 39.330000000000005 18.500000000000004 26.500000000000004 10.500000000000002 -80.34999999999998 80.725000000000009 98.750000000000014 30.250000000000004 0 1993.5000000000002 8.5000000000000018 27.950000000000003 -82.84999999999998 36.500000000000007 28.150000000000002 14.735000000000001 77.700000000000003 1 147.58500000000004 1994.5000000000002 19.500000000000004 27.850000000000005 28.150000000000002
decision_type=2 8 2 2 10 10 2 8 2 2 2 2 10 10 2 9 2 2 2 2 2 2 8 10 9 10 2 2 2 2
left_child=2 -2 3 4 6 9 7 -1 -7 -6 -8 12 13 14 15 -12 17 21 22 -20 -21 -4 -19 28 -25 26 27 -18 -24 -22
right_child=1 -3 16 -5 5 8 10 -9 -10 -11 11 -13 -14 -15 -16 -17 25 18 19 20 29 -23 23 24 -26 -27 -28 -29 -30 -31
leaf_value=-0.022529772496024683 0.019169107025603527 -0.0013553013577763285 -0.0075819413821464291 -0.016107727600082989 0.021911345109988736 -0.0071064297406281621 0.0039717200673534238 0.0011369593888208129 0.0075480887453169389 0.0061890166356936231 0.007095998548760152 0.0031277099658625577 -0.0021556662497056677 -0.022209129356232316 0.01039382194174019 -0.012317622313322386 0.0021579149182866077 0.0040857209253140963 -0.01708113553548829 0.0052286811719537869 0.019634407348032304 -0.034992419801095132 -0.015094400465737757 -0.0092315338891473253 0.036712745880449482 -0.019023696165967864 2.6848219257402664e-05 -0.012930384058046897 0.00056369280602242 0.039684494940163087
leaf_weight=201 290 350 484 811 567 1137 819 7529 644 533 210 729 2372 298 257 2313 624 1958 213 4800 245 259 1796 219 208 217 217077 954 641 210
leaf_count=201 290 350 484 811 567 1137 819 7529 644 533 210 729 2372 298 257 2313 624 1958 213 4800 245 259 1796 219 208 217 217077 954 641 210
internal_value=-1.66683e-05 0.00553846 -3.12078e-05 -0.0010255 -0.000604461 0.00326877 -0.00136382 0.000193798 -0.000753769 0.00972973 -0.00308219 -0.00374051 -0.00445055 -0.00634715 -0.00541219 -0.0064548 4.84962e-05 0.00144435 0.00234951 0.00533041 0.00612536 -0.0109562 -0.00103477 -0.00379262 0.0076659 -2.19296e-05 -8.46043e-06 -0.00465995 -0.00582346 0.017957
internal_weight=248965 640 248325 18420 17609 2881 14728 7730 1781 1100 6998 6179 5450 3078 2780 2523 229905 11033 10290 5468 5255 743 4822 2864 427 218872 218655 1578 2437 455
internal_count=248965 640 248325 18420 17609 2881 14728 7730 1781 1100 6998 6179 5450 3078 2780 2523 229905 11033 10290 5468 5255 743 4822 2864 427 218872 218655 1578 2437 455
cat_boundaries=0 1 2
cat_threshold=16 4
is_linear=0
shrinkage=0.05


Tree=169
num_leaves=31
num_cat=6
split_feature=11 10 8 8 8 0 4 3 9 10 3 10 0 11 0 11 8 8 11 4 9 8 4 4 0 0 10 10 8 8
split_gain=7.60938 19.9689 14.3086 25.9709 31.8037 23.5881 17.4497 11.3166 11.134 10.2851 9.79867 17.306 20.946 13.7776 12.6597 11.2957 13.2336 11.0706 10.2382 17.7513 13.4252 10.244 12.5937 9.97791 12.5017 8.98461 8.97348 8.79518 41.4629 60.0242
threshold=127.40000000000002 57.110000000000007 30.050000000000004 29.750000000000004 26.550000000000004 16.500000000000004 0 1 -85.049999999999983 7.0600000000000014 2 31.880000000000006 8.5000000000000018 118.75000000000001 34.500000000000007 99.585000000000022 29.650000000000002 30.350000000000005 115.41500000000001 3 -80.749999999999986 29.850000000000005 4 5 44.500000000000007 9.5000000000000018 113.22500000000001 113.96500000000002 27.450000000000003 27.750000000000004
decision_type=10 10 2 2 2 2 9 9 2 10 9 8 2 10 2 10 2 2 8 9 2 2 9 9 2 2 10 8 2 2
left_child=10 2 3 4 5 25 -6 -5 -8 -7 11 12 -1 14 17 -14 -17 26 20 -20 21 22 -16 24 -12 -2 -13 -25 -29 -30
right_child=1 -3 -4 7 6 9 8 -9 -10 -11 23 13 15 -15 18 16 -18 -19 19 -21 -22 -23 -24 27 -26 -27 -28 28 29 -31
leaf_value=-0.010819188791213286 -0.0042256649517482536 -0.018022919178470966 -0.016114855889404735 0.0021759258416615967 0.0075967960050855599 0.0078690478760648826 0.0040350529875656351 0.017338852614999078 -0.014681380637511411 0.00054588369448693719 -0.0090033494967973315 -0.0029035958865106792 0.0035648092354320761 -0.0086367676810049868 0.0074695388300857427 0.0074904778384166093 0.03407134817683715 0.0067354762348912356 -0.0065253012780568838 0.010168806851073686 0.017982406294462551 0.0088042613854490536 -0.0039703748464448019 0.00025082356444219302 -4.0150835594943146e-05 -0.022736136027931231 0.0038555524172792844 0.0010352596043889939 -0.0069041999847344829 -0.0008395454016365989
leaf_weight=278 737 419 597 458 236 412 201 572 1479 8456 1270 4294 974 503 503 887 368 808 270 989 279 455 1701 144312 1755 525 662 34701 5602 34262
leaf_count=278 737 419 597 458 236 412 201 572 1479 8456 1270 4294 974 503 503 887 368 808 270 989 279 455 1701 144312 1755 525 662 34701 5602 34262
internal_value=-2.06848e-05 -0.00114877 -0.00081488 -0.000466147 -0.00111977 0 -0.00700935 0.00711538 -0.00876471 0.000912368 4.70447e-05 0.00138173 0.00510528 0.00048692 0.000897603 0.00672175 0.0098419 -0.000623485 0.00298312 0.00673759 0.00135685 0.000243537 -0.00117435 -3.1092e-05 -0.00287356 -0.00636792 -0.00151027 8.45146e-06 -0.000432451 -0.00153233
internal_weight=248965 14092 13673 13076 12046 10130 1916 1030 1680 8868 234873 12971 2507 10464 9961 2229 1255 5764 4197 1259 2938 2659 2204 221902 3025 1262 4956 218877 74565 39864
internal_count=248965 14092 13673 13076 12046 10130 1916 1030 1680 8868 234873 12971 2507 10464 9961 2229 1255 5764 4197 1259 2938 2659 2204 221902 3025 1262 4956 218877 74565 39864
cat_boundaries=0 1 2 3 4 5 6
cat_threshold=208 10 16 164 44 64
is_linear=0
shrinkage=0.05


Tree=170
num_leaves=31
num_cat=1
split_feature=11 9 9 10 7 9 10 10 10 0 0 0 0 3 0 9 9 10 10 9 9 11 0 11 9 0 10 9 11 13
split_gain=10.4061 18.5574 48.7815 14.2996 14.7834 19.5685 19.0608 13.4287 19.7551 13.3963 10.2668 10.1645 12.4875 10.6282 8.99365 7.51076 18.1292 27.6431 30.4466 40.1536 24.7212 22.567 31.0118 20.8178 19.8853 31.4383 21.7389 34.5137 21.3631 28.4578
threshold=127.40000000000002 -85.549999999999983 -85.249999999999986 57.110000000000007 12.500000000000002 -82.34999999999998 23.875000000000004 16.605000000000004 15.635000000000003 41.500000000000007 27.500000000000004 42.500000000000007 51.500000000000007 0 64.500000000000014 -81.749999999999986 -81.149999999999991 77.910000000000011 69.120000000000019 -81.449999999999989 -81.549999999999983 99.585000000000022 23.500000000000004 62.915000000000006 -80.949999999999989 54.500000000000007 37.025000000000013 -80.84999999999998 28.750000000000004 2004.5000000000002
decision_type=10 2 2 10 2 2 10 10 10 2 2 2 2 9 2 2 2 8 10 2 2 10 2 10 2 2 10 2 10 2
left_child=15 -2 -3 4 6 -6 7 8 -4 10 -8 13 -13 -7 -14 -1 17 18 19 -17 -20 22 23 -21 25 -18 27 -26 -28 -30
right_child=1 2 3 -5 5 11 9 -9 -10 -11 -12 12 14 -15 -16 16 24 -19 20 21 -22 -23 -24 -25 26 -27 28 -29 29 -31
leaf_value=0.00037553167381290111 -0.018180609590471963 0.01115317156958291 -0.02645966977078773 -0.017878866255045534 -0.010710480524524613 -0.0027924973502399201 -0.0051983390214489058 -0.030438356742584993 0.0054432083956674317 -0.016361143339325323 0.015554709537297207 0.0039561769740258162 -0.0036276826337543703 0.01621185357015964 0.0055910488945952967 -0.0088836280138586687 0.0039563988087474742 -0.0058034743526673704 0.011211207059251738 0.0022780971228934634 -0.0070240040783893683 0.0058889944512182883 0.00091998524256453607 -0.021300493840394098 -0.028208901493368545 -0.0041164280725218385 0.014704546090238413 0.00059835667447174503 -0.010659942556934254 -0.001567624473143292
leaf_weight=148968 597 1117 271 434 843 5359 239 495 338 219 337 1982 1020 471 305 3645 8568 6618 2415 387 559 2301 3418 728 299 1735 244 43733 2836 8304
leaf_count=148968 597 1117 271 434 843 5359 239 495 338 219 337 1982 1020 471 305 3645 8568 6618 2415 387 559 2301 3418 728 299 1735 244 43733 2836 8304
internal_value=7.21478e-05 -0.00125027 -0.000863095 -0.00177311 -0.00144251 -0.000670671 -0.00547407 -0.00969479 -0.0046042 0.000434783 0.00443686 5.46627e-06 0.00221586 -0.00125 -0.00153558 0.000151213 -0.000221445 -0.00153628 -0.000233975 -0.00150157 0.00422252 0.00075979 -0.0012877 -0.00848889 0.000180286 0.00219626 -0.000194854 0.000308796 -0.00214148 -0.00246637
internal_weight=248785 14027 13430 12313 11879 9980 1899 1104 609 795 576 9137 3307 5830 1325 234758 85790 20071 13453 10479 2974 6834 4533 1115 65719 10303 55416 44032 11384 11140
internal_count=248785 14027 13430 12313 11879 9980 1899 1104 609 795 576 9137 3307 5830 1325 234758 85790 20071 13453 10479 2974 6834 4533 1115 65719 10303 55416 44032 11384 11140
cat_boundaries=0 1
cat_threshold=12
is_linear=0
shrinkage=0.05


Tree=171
num_leaves=31
num_cat=4
split_feature=4 0 11 9 9 8 10 7 4 0 0 4 8 7 10 0 4 10 7 0 7 7 7 0 0 0 0 8 0 10
split_gain=14.2912 11.1028 10.3741 16.6445 40.5101 20.4126 13.9002 14.7828 23.2963 17.6919 15.8902 26.8736 19.7426 17.5037 11.3817 18.7478 11.207 14.4531 30.2901 14.6276 12.5871 11.8057 10.3675 12.7549 10.2542 10.0726 9.7658 9.56184 9.39232 8.07282
threshold=0 44.500000000000007 127.40000000000002 -85.549999999999983 -85.249999999999986 26.650000000000002 58.940000000000005 12.500000000000002 1 20.500000000000004 42.500000000000007 2 26.350000000000005 14.500000000000002 23.875000000000004 37.500000000000007 3 15.075000000000001 18.500000000000004 30.500000000000004 14.500000000000002 14.500000000000002 15.500000000000002 9.5000000000000018 49.500000000000007 28.500000000000004 38.500000000000007 26.050000000000004 48.500000000000007 51.680000000000007
decision_type=9 2 10 2 2 2 10 2 9 2 2 9 2 2 10 2 9 10 2 2 2 2 2 2 2 2 2 2 2 10
left_child=1 29 -2 -4 -5 6 7 8 -6 -10 16 12 27 -14 -11 -16 17 -9 19 20 -19 -21 -22 -24 -7 -18 -23 -12 -29 -1
right_child=2 -3 3 4 5 24 -8 10 9 14 11 -13 13 -15 15 -17 25 18 -20 21 22 26 23 -25 -26 -27 -28 28 -30 -31
leaf_value=-0.0043542865825555669 0.00021368342800505148 -0.00048441322881380704 -0.017271579110948388 0.010595512991103728 0.01248925119775759 -0.007962821705586709 -0.017227805111262918 0.00075339481520870783 -0.044258777999049675 -0.012154269733243428 0.013004050658564826 -0.0062270422615021475 0.0025793977237348999 0.01348545939316468 0.013971538361777825 -0.016111950064792779 -3.8511036319022196e-05 -0.019870568760308596 -0.039331346381676374 0.001966303815215831 0.011981413077981663 -0.0098210206778718504 0.017370981927660047 -0.014551659541971863 -0.020188140586643224 0.01801550089072488 -0.026941412169213842 -0.0045231255377786717 0.0015755027102939412 -0.016193084869677632
leaf_weight=1207 231461 2200 595 1117 295 1029 427 2356 255 735 247 668 491 617 297 202 480 221 223 238 502 448 216 319 235 342 221 203 614 324
leaf_count=1207 231461 2200 595 1117 295 1029 427 2356 255 735 247 668 491 617 297 202 480 221 223 238 502 448 216 319 235 342 221 203 614 324
internal_value=6.37071e-05 -0.0029992 0.000110579 -0.00123135 -0.000853321 -0.00171138 -0.000992754 -0.000617647 -0.00473802 -0.00725646 0.000261407 0.00329825 0.00597628 0.010644 -0.00474277 0.00108055 -0.00129125 -0.00222502 -0.00496247 -0.00310345 0.000394322 -0.00790622 0.00272206 -0.00211009 -0.00769231 0.004038 -0.0112666 0.00111732 -0.00151149 -0.00626217
internal_weight=248785 3731 245054 13593 12998 11881 10617 10190 1784 1489 8406 2840 2172 1108 1234 499 5566 4744 2388 2165 1258 907 1037 535 1264 822 669 1064 817 1531
internal_count=248785 3731 245054 13593 12998 11881 10617 10190 1784 1489 8406 2840 2172 1108 1234 499 5566 4744 2388 2165 1258 907 1037 535 1264 822 669 1064 817 1531
cat_boundaries=0 1 2 3 4
cat_threshold=64 4 34 6
is_linear=0
shrinkage=0.05


Tree=172
num_leaves=31
num_cat=6
split_feature=4 0 11 10 6 4 0 10 0 10 10 10 10 4 11 5 4 0 0 0 0 0 11 3 4 10 10 2 10 10
split_gain=13.54 10.3354 9.3344 13.7921 14.7731 21.2941 15.7213 11.0224 17.3149 9.09567 8.54663 9.05689 8.51382 11.6864 20.4436 9.09571 12.7526 12.1826 8.4886 8.05112 15.6841 8.28131 7.58912 10.8704 11.852 28.6214 18.5636 19.1166 11.7841 25.3295
threshold=0 44.500000000000007 127.40000000000002 57.110000000000007 4.5000000000000009 1 20.500000000000004 23.875000000000004 37.500000000000007 16.605000000000004 51.680000000000007 37.025000000000013 27.375000000000004 2 138.07000000000002 2.5000000000000004 3 42.500000000000007 46.500000000000007 47.500000000000007 10.500000000000002 59.500000000000007 126.38500000000001 4 5 36.145000000000003 36.195000000000007 1.0000000180025095e-35 36.145000000000003 24.535
decision_type=9 2 10 10 2 9 2 10 2 10 10 8 10 9 10 2 9 2 2 2 2 2 10 9 9 10 8 2 10 10
left_child=1 10 22 4 5 -4 -7 9 -9 -8 11 -1 -6 -14 15 17 19 -15 -18 20 -17 -21 -2 -24 25 -25 28 -28 29 -26
right_child=2 -3 3 -5 12 6 7 8 -10 -11 -12 -13 13 14 -16 16 18 -19 -20 21 -22 -23 23 24 26 -27 27 -29 -30 -31
leaf_value=-0.0064292929567532301 0.00011307769233463994 -0.00046019256737315221 0.01101195771071195 -0.016623036910864374 0.0008006921980356019 -0.039085793778328395 -0.0058226115265165752 0.012043393071571096 -0.015759186050204654 -0.02286146871814845 -0.015383430626193784 0.0050876800350781355 0.013229025195093858 -0.0044663797659159508 -0.022270692677880979 0.015816924700431303 -0.0013111740512377957 0.013887471921089701 -0.014156891221090895 0.0079998498266907522 -0.0129880311190139 -0.001954266808557481 0.007797313861151612 0.0053179350209453524 0.0002707312072475432 -0.043307502676523946 0.012727537567267433 -0.012061692153330618 -0.0047689235303645106 0.0065118622905826042
leaf_weight=945 216474 2200 300 431 8395 262 386 301 204 376 324 262 335 226 419 215 211 214 245 306 502 265 598 355 9258 209 1035 226 1594 1712
leaf_count=945 216474 2200 300 431 8395 262 386 301 204 376 324 262 335 226 419 215 211 214 245 306 502 265 598 355 9258 209 1035 226 1594 1712
internal_value=6.20993e-05 -0.00291922 0.000107723 -0.00116518 -0.000873064 -0.00502991 -0.00739187 -0.0050509 0.000679612 -0.00880829 -0.00606749 -0.00406738 -0.00019836 -0.00251018 -0.00364087 -0.00168642 -0.00330673 0.00466667 -0.0102941 -0.000688073 -0.00419532 0.00370052 0.000182528 0.00127025 0.000988965 -0.00599315 0.00128205 0.0070417 0.000699857 0.00128415
internal_weight=248785 3731 245054 13593 13162 1829 1529 1267 505 762 1531 1207 11333 2938 2603 2184 1744 440 456 1288 717 571 231461 14987 14389 564 13825 1261 12564 10970
internal_count=248785 3731 245054 13593 13162 1829 1529 1267 505 762 1531 1207 11333 2938 2603 2184 1744 440 456 1288 717 571 231461 14987 14389 564 13825 1261 12564 10970
cat_boundaries=0 1 2 3 4 5 6
cat_threshold=64 4 136 2 16 128
is_linear=0
shrinkage=0.05


Tree=173
num_leaves=31
num_cat=6
split_feature=4 0 8 8 10 4 8 13 4 7 4 10 7 13 8 13 0 13 10 8 3 13 10 7 13 13 0 0 7 3
split_gain=13.0313 10.2605 9.36227 27.7017 32.4269 31.1436 23.3075 29.7531 22.6972 19.9026 18.3248 37.007 17.0225 40.7975 23.2664 19.4283 28.5682 39.3776 29.601 18.0468 16.6929 36.4498 43.0017 28.2294 23.9866 30.8624 16.6533 16.5129 16.3174 15.9699
threshold=0 44.500000000000007 26.350000000000005 26.150000000000002 42.845000000000006 1 26.250000000000004 1981.5000000000002 2 17.500000000000004 3 41.005000000000003 12.500000000000002 2021.5000000000002 24.650000000000002 1998.5000000000002 23.500000000000004 1995.5000000000002 13.785000000000002 24.750000000000004 4 2000.5000000000002 22.705000000000002 17.500000000000004 2022.5000000000002 2023.5000000000002 66.500000000000014 42.500000000000007 17.500000000000004 5
decision_type=9 2 2 2 8 9 2 2 9 2 9 10 2 2 2 2 2 2 10 2 9 2 10 2 2 2 2 2 2 9
left_child=1 -1 3 5 10 -2 7 -6 -9 -8 -5 -12 13 14 -7 16 17 -14 -18 27 21 22 23 -17 28 26 -26 -16 -22 -4
right_child=2 -3 29 4 6 12 9 8 -10 -11 11 -13 15 -15 19 20 18 -19 -20 -21 24 -23 -24 -25 25 -27 -28 -29 -30 -31
leaf_value=-0.0071855695825775003 0.0039548292880881245 -0.00043718293900445464 0.0029419918944129544 -0.012668534310439839 0.00049740767853228012 -0.025668531716189148 0.0050689081074948746 -0.0065912263513877361 -0.018094873054359972 -0.012023690629125472 -0.0026240064086771042 0.010533413787352598 -0.0031404227274178355 -0.031173295677711634 -0.0012900902174297624 0.044416746869105773 -0.0076328408358350202 -0.024835076090331309 0.0043217266206162291 -0.0050630332637392255 -0.0018006636944012389 -0.0054122597081035732 -0.007845340515871246 0.0072276087155264792 0.013875350282804046 -0.0025233806571185015 0.0040182593259205923 0.007546919840922062 0.0017120467264898132 0.00021107977457885952
leaf_weight=1531 10484 2200 7053 509 664 388 1052 478 1651 474 3870 1178 2372 375 1208 578 1634 907 2825 2553 19780 849 310 313 912 1030 859 1015 9451 170282
leaf_count=1531 10484 2200 7053 509 664 388 1052 478 1651 474 3870 1178 2372 375 1208 578 1634 907 2825 2553 19780 849 310 313 912 1030 859 1015 9451 170282
internal_value=5.88838e-05 -0.0028659 0.000103642 -0.000396433 -0.0028424 2.16065e-05 -0.00608686 -0.00879415 -0.0116643 -0.00110677 -0.000314352 0.000611681 -0.000524494 -0.00312669 -0.00195207 -0.000179297 -0.00243934 -0.00597446 0.000167823 -0.000982031 0.000334389 0.00468599 0.0102808 0.0158158 5.30388e-05 0.0044646 0.00845031 0.00230631 -0.000371054 0.000294623
internal_weight=248785 3731 245054 67719 9876 57843 4319 2793 2129 1526 5557 5048 47359 5539 5164 41820 7738 3279 4459 4776 34082 2050 1201 891 32032 2801 1771 2223 29231 177335
internal_count=248785 3731 245054 67719 9876 57843 4319 2793 2129 1526 5557 5048 47359 5539 5164 41820 7738 3279 4459 4776 34082 2050 1201 891 32032 2801 1771 2223 29231 177335
cat_boundaries=0 1 2 3 4 5 6
cat_threshold=64 140 168 132 2 8
is_linear=0
shrinkage=0.05


Tree=174
num_leaves=31
num_cat=5
split_feature=4 0 10 10 8 8 9 0 4 9 9 4 10 11 0 10 11 4 8 8 7 9 10 3 9 8 9 9 7 11
split_gain=9.68368 9.50128 9.27028 8.44549 8.05 25.8166 49.5675 41.9928 27.1247 21.9459 19.5133 18.694 36.8987 18.0451 22.2145 16.5996 15.7589 21.0453 20.4469 18.9186 15.3436 37.8856 32.5741 15.0912 30.1674 40.0339 28.9066 17.4441 40.2075 31.3001
threshold=0 44.500000000000007 51.680000000000007 37.025000000000013 26.350000000000005 26.150000000000002 -81.749999999999986 35.500000000000007 1 -80.34999999999998 -80.449999999999989 2 42.395000000000003 56.250000000000007 37.500000000000007 20.870000000000001 90.350000000000009 3 27.350000000000005 27.250000000000004 12.500000000000002 -81.549999999999983 31.400000000000002 4 -80.249999999999986 25.750000000000004 -80.34999999999998 -80.249999999999986 13.500000000000002 110.41500000000001
decision_type=9 2 10 8 2 2 2 2 9 2 2 9 10 10 2 8 10 9 2 2 2 2 8 9 2 2 2 2 2 8
left_child=1 2 3 -1 5 8 11 -8 9 13 -6 -7 -13 -2 -15 -11 17 18 19 -12 21 -10 -23 24 25 26 -22 29 -29 -25
right_child=4 -3 -4 -5 10 6 7 -9 20 15 16 12 -14 14 -16 -17 -18 -19 -20 -21 23 22 -24 27 -26 -27 -28 28 -30 -31
leaf_value=-0.0057485498297866755 -0.011576665120213471 -0.00041532379205424521 -0.014254980615755164 0.0051925745124531191 0.00015977334952133049 -0.026776656099742446 -0.0049036481022698203 -0.018920427515226736 -0.033595833191236581 -0.012615234128272547 0.0082152598531835871 -0.0028899886483030103 0.0098358782429034189 0.0083994529676164834 -0.0027196795480517013 0.0080051257089333028 -0.0014326113886804937 -0.0037864953692367644 0.017713630324040785 -0.010465209156705636 -0.018553771294041788 0.0033487483950410458 -0.0073170485345070979 3.346473985361698e-05 -0.0066226213679853709 0.030333763289547025 0.018511367595605854 0.0088224115053674446 -0.00026376226233502112 -0.0050607366810158545
leaf_weight=945 720 2200 324 262 169290 334 3652 1411 415 324 3016 2637 1842 1947 1742 5751 2296 1032 1413 288 410 2293 2831 19493 759 868 353 2208 9297 8432
leaf_count=945 720 2200 324 262 169290 334 3652 1411 415 324 3016 2637 1842 1947 1742 5751 2296 1032 1413 288 410 2293 2831 19493 759 868 353 2208 9297 8432
internal_value=5.52664e-05 -0.00246601 -0.00548345 -0.00341002 9.38492e-05 -0.000369856 -0.00273113 -0.00617978 3.37061e-05 0.00233244 0.000270941 0.000901928 0.00176706 -0.000350758 0.00106786 0.00428102 0.00267536 0.00407189 0.00547815 0.00331925 -0.000475949 -0.00294648 -0.00175302 -0.000148219 0.00369295 0.0075259 -0.00084088 -0.000382763 0.00125488 -0.00105781
internal_weight=248785 3731 1531 1207 245054 67719 9876 5063 57843 10484 177335 4813 4479 4409 3689 6075 8045 5749 4717 3304 47359 5539 5124 41820 2390 1631 763 39430 11505 27925
internal_count=248785 3731 1531 1207 245054 67719 9876 5063 57843 10484 177335 4813 4479 4409 3689 6075 8045 5749 4717 3304 47359 5539 5124 41820 2390 1631 763 39430 11505 27925
cat_boundaries=0 1 2 3 4 5
cat_threshold=64 140 128 10 2
is_linear=0
shrinkage=0.05


Tree=175
num_leaves=31
num_cat=5
split_feature=3 11 8 0 4 11 7 4 5 11 8 11 0 8 8 11 13 13 8 0 11 8 4 0 13 13 8 0 7 4
split_gain=7.03558 11.8076 9.90332 9.92135 13.2088 13.5448 10.388 7.9729 8.13133 14.3968 7.46654 10.1385 14.5002 7.13719 7.81338 25.2262 24.8088 29.0469 43.1917 29.1237 23.1611 29.6847 30.2961 29.6256 27.9142 23.8285 28.6424 35.2286 26.2184 27.4458
threshold=0 89.165000000000006 30.350000000000005 34.500000000000007 1 102.08500000000002 18.500000000000004 2 2.5000000000000004 103.98000000000002 28.150000000000002 126.38500000000001 42.500000000000007 30.650000000000002 27.850000000000005 97.385000000000005 1993.5000000000002 2003.5000000000002 29.550000000000004 17.500000000000004 85.680000000000021 30.250000000000004 3 4.5000000000000009 2005.5000000000002 2017.5000000000002 29.250000000000004 53.500000000000007 16.500000000000004 4
decision_type=9 8 2 2 9 8 2 9 2 10 2 8 2 2 2 8 2 2 2 2 10 2 9 2 2 2 2 2 2 9
left_child=1 -1 3 6 5 -5 7 8 -3 -10 -7 12 -12 14 -2 20 -17 18 -18 -20 24 23 -23 -22 -16 -26 27 28 29 -27
right_child=13 2 -4 4 -6 10 -8 -9 9 -11 11 -13 -14 -15 15 16 17 -19 19 -21 21 22 -24 -25 25 26 -28 -29 -30 -31
leaf_value=-0.0026386420778513387 0.00015890203643671442 -0.0035257260997478392 0.0095492459278478502 -0.0029451858745328076 -0.0017308810718775548 0.0078146974572636651 0.0045895299399106191 -0.010932078501177146 0.012457068444680575 -0.0052804140786736125 0.013843294898130588 0.019632740892108914 -0.0061038041614366991 0.008603914972914373 -0.0046797584963804264 0.0016962391421812663 -0.017967825836434814 -0.001231907485129069 -0.0074794609310166573 0.0030984754651510295 0.045776805321119607 -0.010002684855704392 0.0028355739037938758 0.0065860042577210905 0.0031732813711371935 0.0057767111823029188 -0.0071315366762000126 -0.0048876420707138386 -0.012469710015287428 -0.004190558402744138
leaf_weight=2752 143584 2178 1119 562 1407 2244 1047 565 680 755 204 230 401 616 8263 9830 2310 31746 1593 2160 246 1821 8374 4459 9821 3651 3904 1648 460 677
leaf_count=2752 143584 2178 1119 562 1407 2244 1047 565 680 755 204 230 401 616 8263 9830 2310 31746 1593 2160 246 1821 8374 4459 9821 3651 3904 1648 460 677
internal_value=5.0137e-06 0.00108726 0.00179793 0.00130798 0.00288652 0.00446599 -0.000219675 -0.00133715 -0.00045417 0.00245675 0.00577857 0.00171598 -0.00170732 -6.01659e-05 -7.43956e-05 -0.000436943 -0.00123088 -0.00181258 -0.00498106 -0.00166091 0.000436147 0.00203219 0.000514454 0.00531283 -0.000400928 0.00060235 -0.00107246 0.00097735 0.00314714 0.00435685
internal_weight=249307 14144 11392 10273 5048 3641 5225 4178 3613 1435 3079 835 605 235163 234547 90963 47639 37809 6063 3753 43324 14900 10195 4705 28424 20161 10340 6436 4788 4328
internal_count=249307 14144 11392 10273 5048 3641 5225 4178 3613 1435 3079 835 605 235163 234547 90963 47639 37809 6063 3753 43324 14900 10195 4705 28424 20161 10340 6436 4788 4328
cat_boundaries=0 1 2 3 4 5
cat_threshold=16 34 198 76 106
is_linear=0
shrinkage=0.05


Tree=176
num_leaves=31
num_cat=5
split_feature=3 11 8 8 12 8 0 4 11 11 8 13 13 8 0 5 3 8 11 7 7 4 0 8 3 8 5 0 11 7
split_gain=6.78644 10.8404 8.36956 7.12013 7.45925 8.54876 6.99255 10.8897 6.68403 17.787 23.1045 21.4085 18.4499 37.3715 23.6656 15.158 17.2485 16.0124 32.398 19.2942 14.5395 16.7906 19.1785 23.149 13.8812 13.8471 20.5036 13.7604 48.5018 17.607
threshold=0 89.720000000000013 24.650000000000002 30.650000000000002 -3.4999999999999996 26.150000000000002 13.500000000000002 1 63.750000000000007 56.250000000000007 29.250000000000004 2021.5000000000002 2011.5000000000002 27.750000000000004 36.500000000000007 1.5000000000000002 2 30.050000000000004 53.45000000000001 21.500000000000004 15.500000000000002 3 52.500000000000007 29.050000000000004 4 30.150000000000002 1.5000000000000002 35.500000000000007 60.415000000000006 13.500000000000002
decision_type=9 8 2 2 8 2 2 9 8 10 2 2 2 2 2 2 9 2 10 2 2 9 2 2 9 2 2 2 10 2
left_child=1 6 -3 4 5 -2 -1 -8 9 11 20 12 14 24 -6 -15 -17 18 -18 -19 27 -22 23 -23 -14 26 -13 28 -11 -29
right_child=3 2 -4 -5 8 -7 7 -9 -10 10 -12 25 13 15 -16 16 17 19 -20 -21 21 22 -24 -25 -26 -27 -28 29 -30 -31
leaf_value=-0.014379125643279967 0.0073245743986472883 -0.0082571963551749238 0.0025057323141499666 0.0081737192242686604 -6.3076142497298091e-05 -0.0084872608488302699 0.013682836132469723 -0.003229502749035973 -0.00019183035552869932 0.0005763756816887345 -0.0093102138749031841 -0.021280731414821608 0.0022478420692150004 -0.012122969637970904 -0.010351098831925577 -0.00098904480474084635 -0.0015475561650896809 0.019777191272258278 0.010055238955973557 -0.0045825965386930177 0.011869916972028128 -0.0019985603740828141 -0.0096695240004811122 0.0082996731637259742 -0.012606508116606463 0.0079936900934989286 -0.007645318445189498 0.0092753516723125713 0.026446821286947753 -0.00067697983750818484
leaf_weight=336 200 291 11089 616 9861 990 374 2054 203036 977 512 252 458 349 1875 1363 1715 1568 1066 210 770 2662 512 890 887 210 664 1109 811 1600
leaf_count=336 200 291 11089 616 9861 990 374 2054 203036 977 512 252 458 349 1875 1363 1715 1568 1066 210 770 2662 512 890 887 210 664 1109 811 1600
internal_value=1.02279e-05 0.00107314 0.00175593 -5.37879e-05 -6.80005e-05 -0.004 -0.00173035 -0.000779327 -4.77788e-05 0.000644555 0.00239013 -0.000195236 0.000196261 0.0021112 -0.00104716 0.00373348 0.00433243 0.00579821 0.00342171 0.00950783 0.00296007 0.00105285 -0.000244858 0.00106682 -0.00542435 -0.0068662 -0.00950324 0.00500333 0.00839822 0.00273998
internal_weight=249307 14144 11380 235163 234547 1190 2764 2428 233357 30321 9843 20478 19352 7616 11736 6271 5922 4559 2781 1778 9331 4834 4064 3552 1345 1126 916 4497 1788 2709
internal_count=249307 14144 11380 235163 234547 1190 2764 2428 233357 30321 9843 20478 19352 7616 11736 6271 5922 4559 2781 1778 9331 4834 4064 3552 1345 1126 916 4497 1788 2709
cat_boundaries=0 1 2 3 4 5
cat_threshold=16 12 2 204 8
is_linear=0
shrinkage=0.05


Tree=177
num_leaves=31
num_cat=3
split_feature=10 7 10 13 4 8 8 0 0 8 13 4 0 0 6 10 8 10 0 8 2 8 10 7 8 10 8 4 10 10
split_gain=7.16858 18.7391 14.7892 21.4804 12.0506 13.8859 7.49736 6.89985 8.60752 6.88348 6.52297 29.2937 34.1834 29.1526 26.0125 35.5414 24.8331 28.8891 18.5537 15.6862 18.7804 23.2195 14.2077 13.4552 13.8532 86.7461 34.2819 30.8615 29.1389 32.1996
threshold=1.0000000180025095e-35 13.500000000000002 6.205000000000001 2021.5000000000002 0 28.250000000000004 26.750000000000004 23.500000000000004 33.500000000000007 24.550000000000004 2016.5000000000002 1 36.500000000000007 43.500000000000007 3.5000000000000004 107.49500000000002 24.650000000000002 19.185000000000006 30.500000000000004 29.850000000000005 1.0000000180025095e-35 28.350000000000005 51.680000000000007 24.500000000000004 27.950000000000003 103.31500000000001 28.050000000000004 2 97.470000000000013 97.65000000000002
decision_type=8 2 8 2 9 2 2 2 2 2 2 9 2 2 2 10 2 10 2 2 2 2 10 2 2 8 2 9 10 10
left_child=1 -1 3 4 -2 6 -6 -3 -9 -4 13 12 -12 16 -14 -16 17 -11 -19 20 -15 -22 -21 24 -13 26 -26 -28 -29 -30
right_child=2 7 9 -5 5 -7 -8 8 -10 10 11 23 14 19 15 -17 -18 18 -20 22 21 -23 -24 -25 25 -27 27 28 29 -31
leaf_value=-0.010395325809483725 0.009738689212630193 0.0002807730749753823 -0.0084956288826254951 -0.022231563417025146 -0.0097805277523344905 -0.015846394041339362 0.0037543391229095668 0.02399566677454832 0.0051904310899179686 -0.011285859966182522 0.038402688426073972 0.00049568431019557662 0.011091861981261088 -0.0030420066650845182 -0.013310576273983533 0.0092100917723031191 -7.5254096657850772e-05 0.00021350340548540459 0.010708728577493344 0.0036389403669792489 -0.016153594169833151 0.0054765207576121357 -0.0079867134487813917 0.017273412104642196 0.0056940661589491631 -0.0073773465372822151 0.0111863808384439 0.00019145149224266691 -0.011125455093772009 -0.0021882952640309484
leaf_weight=396 323 712 328 367 409 929 790 384 343 513 419 82774 739 11298 361 247 108187 711 1659 2260 1287 280 711 360 2363 3825 798 20725 369 4440
leaf_count=396 323 712 328 367 409 929 790 384 343 513 419 82774 739 11298 361 247 108187 711 1659 2260 1287 280 711 360 2363 3825 798 20725 369 4440
internal_value=1.14312e-05 0.00311653 -1.1718e-05 -0.00360679 -0.00188948 -0.00325885 0.000289495 0.00576259 0.00915875 2.98368e-05 3.96994e-05 0.000308269 0.00666293 -0.0002088 0.00276345 -0.00485437 7.74217e-05 0.00464915 0.00697479 -0.00221507 -0.00297087 -0.00808497 0.00105669 0.000210073 0.000179525 -0.000694743 0.000249086 -0.000269532 -0.000575252 -0.00407761
internal_weight=249307 1835 247472 2818 2451 2128 1199 1439 727 244654 244326 117420 1766 126906 1347 608 111070 2883 2370 15836 12865 1567 2971 115654 115294 32520 28695 26332 25534 4809
internal_count=249307 1835 247472 2818 2451 2128 1199 1439 727 244654 244326 117420 1766 126906 1347 608 111070 2883 2370 15836 12865 1567 2971 115654 115294 32520 28695 26332 25534 4809
cat_boundaries=0 1 2 3
cat_threshold=216 8 32
is_linear=0
shrinkage=0.05


Tree=178
num_leaves=31
num_cat=4
split_feature=3 0 13 9 8 7 4 2 6 13 13 0 9 8 13 4 9 8 13 9 7 8 0 0 13 4 7 13 0 0
split_gain=6.50452 34.7652 35.6292 24.6751 23.7725 34.0026 33.4241 19.2999 31.9449 18.0437 16.5205 21.556 16.4134 16.0358 15.254 14.8303 13.7938 13.7092 12.9695 11.8122 11.4289 10.5553 10.0942 9.69808 15.3978 17.3174 12.9799 11.7437 9.25777 8.82608
threshold=0 28.500000000000004 2022.5000000000002 -82.34999999999998 26.350000000000005 17.500000000000004 1 1.0000000180025095e-35 2.5000000000000004 1998.5000000000002 2023.5000000000002 54.500000000000007 -82.649999999999991 27.350000000000005 2011.5000000000002 2 -80.34999999999998 25.750000000000004 2022.5000000000002 -86.34999999999998 11.500000000000002 25.950000000000003 21.500000000000004 44.500000000000007 2015.5000000000002 3 18.500000000000004 2020.5000000000002 4.5000000000000009 28.500000000000004
decision_type=9 2 2 2 2 2 9 2 2 2 2 2 2 2 2 9 2 2 2 2 2 2 2 2 2 9 2 2 2 2
left_child=1 2 4 -4 5 6 17 8 9 13 18 -12 14 -6 -11 -15 -7 -1 20 -9 -3 -19 -10 27 -25 -26 -27 -22 -17 -2
right_child=29 10 3 -5 7 16 -8 19 22 12 11 -13 -14 15 -16 28 -18 21 -20 -21 23 -23 -24 24 25 26 -28 -29 -30 -31
leaf_value=0.0014256294672388315 -0.0004988095739889342 -0.015541817829348804 0.06078689707818228 0.0054430024373977037 0.02101514686682773 -0.024507711316465387 -0.0073688404397403325 0.016021428545930316 -0.015824883895570529 -0.007561148944192287 0.0094257838950615909 -0.0082497332903590081 -0.0053604681713451899 0.020515304558287095 0.0083983590398912355 0.020751879604211432 0.0011753587573002378 0.038962315721989077 -0.027945619184609163 0.004748443080703435 -0.0026325850829451271 0.013091537034956247 -0.00093449497052136012 -0.0021927176868354438 0.0086001096956575662 -0.017823357225655156 -0.0012516867838459512 0.0057194596535488978 -0.0011907616746041683 0.00034821941810356808
leaf_weight=263 79178 516 233 200 603 208 225 364 1589 589 1148 605 3553 447 1184 317 507 521 207 736 8489 359 583 2187 200 1550 422 914 2953 138457
leaf_count=263 79178 516 233 200 603 208 225 364 1589 589 1148 605 3553 447 1184 317 507 521 207 736 8489 359 583 2187 200 1550 422 914 2953 138457
internal_value=6.61808e-06 -0.000662628 0.001036 0.0150113 0.000622877 0.00556617 0.0101597 -0.000177908 -0.000769361 0.000466031 -0.0022772 0.00229722 -0.00148051 0.00286374 0.00243971 0.00162329 -0.00324138 0.0135426 -0.00283201 0.00612613 -0.00264558 0.0166292 -0.00623281 -0.00236712 -0.00431449 -0.00728689 -0.00868474 -0.00146075 0.000425532 0.000104064
internal_weight=249307 31672 15434 433 15001 2083 1368 12918 11818 9646 16238 1753 5326 4320 1773 3717 715 1143 14485 1100 14278 880 2172 13762 4359 2172 1972 9403 3270 217635
internal_count=249307 31672 15434 433 15001 2083 1368 12918 11818 9646 16238 1753 5326 4320 1773 3717 715 1143 14485 1100 14278 880 2172 13762 4359 2172 1972 9403 3270 217635
cat_boundaries=0 1 2 3 4
cat_threshold=2 14 128 108
is_linear=0
shrinkage=0.05


Tree=179
num_leaves=31
num_cat=3
split_feature=10 7 10 13 4 8 8 0 0 7 4 8 8 11 11 10 9 10 11 0 7 0 0 0 13 0 10 7 4 10
split_gain=7.22239 15.9327 14.1187 20.7352 10.3852 12.1983 7.27221 6.10877 8.27398 6.02194 6.00327 23.2582 18.8161 18.188 17.1866 16.9972 14.5467 13.0557 11.1182 10.8051 10.5197 10.5663 9.8646 19.626 9.8151 29.3558 41.3328 63.983 30.6921 29.957
threshold=1.0000000180025095e-35 13.500000000000002 6.205000000000001 2021.5000000000002 0 28.250000000000004 26.750000000000004 23.500000000000004 33.500000000000007 20.500000000000004 1 27.450000000000003 27.350000000000005 118.75000000000001 61.865000000000009 117.38000000000001 -82.149999999999991 70.125000000000014 57.915000000000006 56.500000000000007 10.500000000000002 28.500000000000004 32.500000000000007 45.500000000000007 2023.5000000000002 45.500000000000007 41.005000000000003 16.500000000000004 2 96.385000000000019
decision_type=8 2 8 2 9 2 2 2 2 2 9 2 2 10 8 10 2 8 10 2 2 2 2 2 2 2 8 2 9 8
left_child=1 -1 3 4 5 6 -2 -3 -9 -8 11 12 19 14 18 16 17 -16 22 20 21 -4 -13 -24 -12 26 27 -26 -28 -27
right_child=2 7 10 -5 -6 -7 9 8 -10 -11 24 13 -14 -15 15 -17 -18 -19 -20 -21 -22 -23 23 -25 25 29 28 -29 -30 -31
leaf_value=-0.009860992184406038 -0.0090234779561504837 0.00029167489992607546 0.01524538137958853 -0.021137396217079107 0.0092343437810934684 -0.014996600404709071 0.011421019921962074 0.022820823914520363 0.0049134985645168609 -0.0015225792229203172 -0.00010753106378107447 -0.010227403214003505 0.018590801248765443 0.0059627003402130015 0.0030019317541498227 -0.016699225475093372 -0.0085486460151133602 -0.0036397341772073767 0.01108005694105021 -0.003225073970058734 0.00055631822160537856 0.0026393435495196908 0.01496520870306668 -0.0063845197864695891 -0.0061067068220471039 -0.0014326000734238066 0.013891839837117016 0.024973925373169073 -0.0035987703794002623 0.0016447570232235977
leaf_weight=396 409 712 215 367 323 929 412 384 343 378 177159 387 328 603 1385 468 1181 3989 293 1246 7504 541 313 283 850 7579 657 809 11918 26946
leaf_count=396 409 712 215 367 323 929 412 384 343 378 177159 387 328 603 1385 468 1181 3989 293 1246 7504 541 313 283 850 7579 657 809 11918 26946
internal_value=-2.00548e-07 0.00311653 -2.3436e-05 -0.00353607 -0.00184884 -0.00311918 0.000206782 0.00555556 0.0087517 0.003 1.71664e-05 -0.000842397 0.000832995 -0.002693 -0.00330365 -0.00427271 -0.00360244 -0.00248886 0.00202177 0.000420345 0.00107618 0.00665796 -0.000553877 0.00346535 8.85199e-05 0.000716644 -0.00119348 0.00620132 -0.00217322 0.00150427
internal_weight=249307 1835 247472 2818 2451 2128 1199 1439 727 790 244654 18736 9834 8902 8299 7023 6555 5374 1276 9506 8260 756 983 596 225918 48759 14234 1659 12575 34525
internal_count=249307 1835 247472 2818 2451 2128 1199 1439 727 790 244654 18736 9834 8902 8299 7023 6555 5374 1276 9506 8260 756 983 596 225918 48759 14234 1659 12575 34525
cat_boundaries=0 1 2 3
cat_threshold=38 84 136
is_linear=0
shrinkage=0.05


Tree=180
num_leaves=31
num_cat=6
split_feature=10 10 4 3 7 7 0 11 4 3 0 7 10 10 7 0 0 11 0 4 10 0 10 10 10 10 0 4 11 0
split_gain=8.2681 10.3283 8.46679 13.474 12.5667 11.7273 8.73223 8.2516 7.56165 14.9145 15.4642 13.0985 16.7129 16.0694 29.8984 15.6844 36.8404 10.5201 9.31426 32.4668 34.3462 15.8476 26.001 14.9161 18.5222 14.4478 14.0269 13.4969 13.3103 15.2568
threshold=1.0000000180025095e-35 6.205000000000001 0 1 14.500000000000002 15.500000000000002 30.500000000000004 87.500000000000014 2 3 50.500000000000007 12.500000000000002 20.955000000000002 18.665000000000003 17.500000000000004 54.500000000000007 57.500000000000007 123.89000000000001 40.500000000000007 4 91.455000000000013 52.500000000000007 101.04500000000002 93.075000000000017 76.840000000000018 42.415000000000006 46.500000000000007 5 46.250000000000007 15.500000000000002
decision_type=8 8 9 9 2 2 2 10 9 9 2 2 8 10 2 2 2 8 2 9 8 2 8 8 10 10 2 9 10 2
left_child=-1 2 -2 5 -5 -4 -6 -7 9 10 -3 15 13 14 -13 17 -17 -11 27 21 -21 23 -23 24 25 -20 -25 -14 -29 -30
right_child=1 8 3 4 6 7 -8 -9 -10 11 -12 12 18 -15 -16 16 -18 -19 19 20 -22 22 -24 26 -26 -27 -28 28 29 -31
leaf_value=0.0032770644520488724 0.0045835429013163067 0.013862096448519835 -0.017705851233021441 0.013422808568533284 0.0005882521560062415 -0.015152662646724614 -0.019127259690372791 0.0041723030140118581 3.2593963785920725e-05 0.0014973677597565516 -0.015169833450780601 -0.0073358158186608074 0.0015919115553196584 0.019296861851969549 0.023762287580639897 -0.015719358265375228 0.0024287062568999042 -0.0070213598636470033 0.017777177871149252 -0.0090634090938640274 0.0041423472111105754 -0.011155153454887757 0.0078381953589634189 -0.0027752354945586701 0.021354924518342422 0.00056226910138326149 0.010526938598047231 -0.020742640362250955 -0.0060177260532541244 -0.00069435664166439537
leaf_weight=1829 349 1310 741 417 427 246 246 358 220759 2148 219 558 6421 485 394 233 315 796 582 2059 2326 476 695 560 249 449 815 341 238 2177
leaf_count=1829 349 1310 741 417 427 246 246 358 220759 2148 219 558 6421 485 394 233 315 796 582 2059 2326 476 695 560 249 449 815 341 238 2177
internal_value=0.000112748 8.79147e-05 -0.00293486 -0.00397149 0.00018018 -0.00728938 -0.00402635 -0.00211726 0.000122437 0.000967904 0.00571336 0.000637955 0.00116007 0.00632343 0.0024948 -0.00217019 -0.00985663 -0.0007109 0.000729969 0.00195232 -0.000987514 0.00530421 0.000465707 0.00744841 0.0113178 0.00821326 0.00379061 -0.000364646 -0.0032781 -0.00195876
internal_weight=249218 247389 2784 2435 1090 1345 673 604 244605 23846 1529 22317 18825 1437 952 3492 548 2944 17388 8211 4385 3826 1171 2655 1280 1031 1375 9177 2756 2415
internal_count=249218 247389 2784 2435 1090 1345 673 604 244605 23846 1529 22317 18825 1437 952 3492 548 2944 17388 8211 4385 3826 1171 2655 1280 1031 1375 9177 2756 2415
cat_boundaries=0 1 2 3 4 5 6
cat_threshold=200 4 160 8 32 128
is_linear=0
shrinkage=0.05


Tree=181
num_leaves=31
num_cat=0
split_feature=10 10 13 7 0 7 0 9 0 10 9 0 10 6 9 8 11 0 9 9 13 11 13 0 9 9 7 11 10 13
split_gain=7.79815 9.29697 10.9208 7.81344 8.19922 6.61307 14.3579 13.697 7.98295 7.7482 7.62053 6.25439 5.89605 8.57849 5.71635 7.61105 5.58405 11.8263 5.53766 5.42102 5.62524 7.32966 5.44476 26.011 28.4465 19.4551 27.8498 15.4427 16.1521 15.0635
threshold=1.0000000180025095e-35 6.205000000000001 2017.5000000000002 13.500000000000002 23.500000000000004 9.5000000000000018 47.500000000000007 -84.949999999999989 27.500000000000004 37.695000000000007 -85.34999999999998 33.500000000000007 146.27500000000003 2.5000000000000004 -80.649999999999991 28.350000000000005 89.720000000000013 21.500000000000004 -83.949999999999989 -80.049999999999983 1999.5000000000002 64.705000000000013 2004.5000000000002 43.500000000000007 -85.749999999999986 -85.449999999999989 18.500000000000004 89.165000000000006 18.765000000000004 2014.5000000000002
decision_type=8 8 2 2 2 2 2 2 2 8 2 2 10 2 2 2 10 2 2 2 2 10 2 2 2 2 2 10 8 2
left_child=3 2 14 -1 -5 6 7 10 18 -10 -3 -6 19 -14 15 -2 -17 -18 -9 22 -21 -22 23 -7 -25 26 27 28 -24 -30
right_child=1 5 -4 4 11 12 -8 8 9 -11 -12 -13 13 -15 -16 16 17 -19 -20 20 21 -23 25 24 -26 -27 -28 -29 29 -31
leaf_value=-0.0046119370050575091 0.0044906738342295862 0.0043843730214441655 -0.017381349493034295 0.00011323793232724811 0.019513303899978497 3.2273325884712988e-05 0.0094216960730017178 -0.0040015162565365083 -0.0023138505041419679 -0.016886185624462337 0.021649129918615007 0.0034818791534219963 -0.01928877833577718 -0.0015152563928139797 -0.010310390526910674 -0.015349395936145883 -0.021427471783466601 0.0098365225073526307 0.0061654032666066177 0.015426106685729392 -0.012129864563424065 0.012629183136922295 0.012854828277874609 0.0080777539561638356 -0.0061104857938689252 0.00043413758155024245 0.0075151814763028575 -0.011641335424071376 0.00082857890062513215 -0.0085769131782853069
leaf_weight=391 884 273 369 709 397 84809 588 355 951 226 225 332 212 500 551 305 297 378 471 400 208 200 368 735 6766 139032 1640 2383 2024 2239
leaf_count=391 884 273 369 709 397 84809 588 355 951 226 225 332 212 500 551 305 297 378 471 400 208 200 368 735 6766 139032 1640 2383 2024 2239
internal_value=0.00010031 7.61927e-05 -0.0027917 0.00334421 0.00504144 0.000108947 0.002404 0.000736758 -0.00111773 -0.00374895 0.00807087 0.00872801 7.94945e-05 -0.00443213 -0.00154639 -0.000213447 -0.00323232 -0.000656934 0.00263158 9.30178e-05 0.00415648 0 7.91647e-05 -0.000222054 -0.0030422 0.000267441 -0.00203139 -0.00340262 -0.00171299 -0.00258601
internal_weight=249218 247389 2784 1829 1438 244605 3089 2501 2003 1177 498 729 241516 712 2415 1864 980 675 826 240804 808 408 239996 92310 7501 147686 8654 7014 4631 4263
internal_count=249218 247389 2784 1829 1438 244605 3089 2501 2003 1177 498 729 241516 712 2415 1864 980 675 826 240804 808 408 239996 92310 7501 147686 8654 7014 4631 4263
is_linear=0
shrinkage=0.05


Tree=182
num_leaves=31
num_cat=3
split_feature=3 10 13 13 0 9 9 10 7 10 0 10 8 8 0 13 9 9 9 10 7 3 13 10 8 3 10 13 12 13
split_gain=8.48936 11.8045 13.386 10.6576 10.0484 10.5309 13.9878 14.5611 9.74105 9.36174 8.60876 8.07776 14.7177 8.04304 11.5146 8.37151 7.86088 7.79174 36.9782 22.6883 14.906 36.2235 29.6601 27.4746 24.3528 13.7726 22.6797 13.6431 19.8147 24.8551
threshold=0 33.425000000000004 1997.5000000000002 2021.5000000000002 31.500000000000004 -80.749999999999986 -82.249999999999986 101.04500000000002 13.500000000000002 75.295000000000016 18.500000000000004 39.720000000000006 28.750000000000004 28.050000000000004 29.500000000000004 2005.5000000000002 -84.449999999999989 -85.949999999999989 -85.749999999999986 78.835000000000022 14.500000000000002 1 2014.5000000000002 29.645000000000003 30.550000000000004 2 72.065000000000012 2003.5000000000002 1.0000000180025095e-35 2004.5000000000002
decision_type=9 8 2 2 2 2 2 8 2 10 2 8 2 2 2 2 2 2 2 10 2 9 2 8 2 9 8 2 10 2
left_child=1 2 -1 8 10 6 7 -6 -4 -8 11 -3 -13 14 -12 -15 -14 19 25 20 24 22 27 -24 -2 26 -19 -22 -29 -30
right_child=17 4 3 -5 5 -7 9 -9 -10 -11 13 12 16 15 -16 -17 -18 18 -20 -21 21 -23 23 -25 -26 -27 -28 28 29 -31
leaf_value=0.018874573451759337 -0.0045076163105139955 0.016288365314977193 -0.0080802100811367076 0.0058707929636665941 -0.00076054389180715278 0.013919977358161528 -0.010625955437828783 0.0062547631874361187 0.0039412040035720075 0.0061391670019410151 -0.0048680478020562308 0.006013751591135064 -0.00046172136405138177 0.00091337115842033973 -0.019040729389583257 -0.018343434578777986 -0.014209081848343264 0.017386474389139119 5.828306797015515e-05 -0.016722647089206611 -0.0099317009866793718 -0.01821502945162674 9.813695041911431e-05 -0.017033277888047937 0.019575152050678214 0.0044891340688057117 0.0054427505023610049 0.0022872343640074179 0.015443911560352408 -0.0020700763767225183
leaf_weight=621 7036 238 646 1264 1657 375 724 1960 1062 354 1020 1142 757 1477 237 224 381 355 212387 1015 359 657 1739 875 456 905 460 7017 1251 567
leaf_count=621 7036 238 646 1264 1657 375 724 1960 1062 354 1020 1142 757 1477 237 224 381 355 212387 1015 359 657 1739 875 456 905 460 7017 1251 567
internal_value=9.99085e-05 0.00128893 0.00376075 0.00234742 0.000445244 0.00204724 0.00139214 0.00288117 -0.000232829 -0.00358456 -0.00103901 0.00110759 0.000174672 -0.00286388 -0.00588003 -0.000613676 -0.00383275 2.8286e-05 0.000118393 -0.00089124 -0.000518355 0.000541082 0.00118363 -0.0035061 -0.00227939 0.00739884 0.0120359 0.00252064 0.00291125 0.00754923
internal_weight=249218 14139 3593 2972 10546 5070 4695 3617 1708 1078 5476 2518 2280 2958 1257 1701 1138 235079 214107 20972 19957 12465 11808 2614 7492 1720 815 9194 8835 1818
internal_count=249218 14139 3593 2972 10546 5070 4695 3617 1708 1078 5476 2518 2280 2958 1257 1701 1138 235079 214107 20972 19957 12465 11808 2614 7492 1720 815 9194 8835 1818
cat_boundaries=0 1 2 3
cat_threshold=16 6 12
is_linear=0
shrinkage=0.05


Tree=183
num_leaves=31
num_cat=8
split_feature=3 10 13 13 11 6 4 10 4 11 4 9 10 10 11 9 9 11 10 3 4 10 10 10 11 8 4 10 4 10
split_gain=8.48363 10.5155 12.0581 10.111 9.41682 9.33437 10.0554 7.6366 10.6822 11.893 7.6131 7.51766 9.41843 7.26007 6.76597 17.534 23.3906 26.1148 20.4173 23.2573 16.9174 14.5619 20.1657 21.7851 14.1023 24.7278 14.3628 13.6694 13.5187 13.4821
threshold=0 33.425000000000004 1997.5000000000002 2021.5000000000002 118.75000000000001 3.5000000000000004 1 67.305000000000021 2 56.250000000000007 3 -82.84999999999998 75.575000000000017 147.58500000000004 63.750000000000007 -82.549999999999983 -81.549999999999983 53.165000000000006 39.330000000000005 4 5 20.195000000000004 27.375000000000004 33.920000000000009 66.040000000000006 27.550000000000004 6 19.870000000000001 7 69.120000000000019
decision_type=9 8 2 2 10 2 9 10 9 10 9 2 10 10 8 2 2 10 10 9 9 10 10 10 8 2 9 10 9 10
left_child=1 2 -1 -4 5 7 -7 8 9 -3 -5 -9 -13 14 15 18 29 21 19 27 -20 -18 -23 -24 25 26 -16 -2 -25 -17
right_child=13 4 3 10 -6 6 -8 11 -10 -11 -12 12 -14 -15 24 16 17 -19 20 -21 -22 22 23 28 -26 -27 -28 -29 -30 -31
leaf_value=0.017930844779171375 0.014319680168569528 -0.019069893946423555 -0.00029793698745295139 0.0079433814988385098 -0.0065762350533841388 -0.0046122076980223527 0.0053892245854061833 -0.011879350881002627 0.0030452662820111167 0.0052471905702056627 -0.002706205191737521 -0.011253345843819762 0.0010869889805320998 -0.013270524617948932 -0.020304811047676764 0.0022220224784686772 0.0028867463440962918 0.0024920335494363678 0.013184729877511537 -0.014764495876799356 -0.00070493247253162756 -0.024517844087989051 0.021775865859521515 0.013878123399567156 1.36664606027459e-05 -0.012453940553300846 -0.00075393674071246866 -0.0044251147085234699 -0.0063377349685815433 0.0089808652539987936
leaf_weight=621 304 335 1708 1043 775 211 1648 667 4265 202 221 439 2004 212 220 4438 1171 7071 501 1493 6437 238 212 269 196579 1178 5715 523 4191 4327
leaf_count=621 304 335 1708 1043 775 211 1648 667 4265 202 221 439 2004 212 220 4438 1171 7071 501 1493 6437 238 212 269 196579 1178 5715 523 4191 4327
internal_value=0.00010031 0.00128893 0.00362198 0.00228035 0.000492611 0.000915039 0.0040931 0.0001641 0.00141313 -0.0051167 0.00565149 -0.00176282 -0.000468814 2.87113e-05 3.72535e-05 0.000723104 0.00149359 0.00015955 -0.00110056 -0.00515021 0.000259067 -0.00224101 -0.00343496 -0.00269116 -6.7746e-05 -0.00225326 -0.000933558 0.00159386 -0.00344519 0.00349288
internal_weight=249218 14139 3593 2972 10546 9771 1859 7912 4802 537 1264 3110 2443 235079 234867 31175 21917 13152 9258 2320 6938 6081 4910 4672 203692 7113 5935 827 4460 8765
internal_count=249218 14139 3593 2972 10546 9771 1859 7912 4802 537 1264 3110 2443 235079 234867 31175 21917 13152 9258 2320 6938 6081 4910 4672 203692 7113 5935 827 4460 8765
cat_boundaries=0 1 2 3 4 5 6 7 8
cat_threshold=16 76 160 166 10 4 4 8
is_linear=0
shrinkage=0.05


Tree=184
num_leaves=31
num_cat=1
split_feature=3 9 10 10 10 13 13 13 10 10 13 7 7 7 0 0 8 2 10 10 0 10 8 10 9 8 10 12 7 10
split_gain=8.14678 10.1441 8.3744 9.93017 12.7709 9.4279 10.5883 8.86888 9.01168 11.4667 12.958 9.63246 7.52042 7.36474 7.05483 6.9815 6.9758 6.62198 11.0488 10.9895 6.61245 16.2852 23.0666 23.9396 18.3398 21.3052 23.365 23.7586 22.4646 20.4869
threshold=0 -80.34999999999998 33.425000000000004 103.31500000000001 93.345000000000013 1997.5000000000002 2021.5000000000002 2017.5000000000002 67.305000000000021 62.085000000000008 2002.5000000000002 16.500000000000004 16.500000000000004 13.500000000000002 47.500000000000007 15.500000000000002 25.750000000000004 1.0000000180025095e-35 21.375000000000004 21.375000000000004 59.500000000000007 117.12500000000001 27.450000000000003 123.30500000000002 -82.749999999999986 27.750000000000004 90.02500000000002 1.0000000180025095e-35 16.500000000000004 88.225000000000009
decision_type=9 2 8 10 10 2 2 2 10 10 2 2 2 2 2 2 2 2 10 10 2 10 2 10 2 2 8 10 2 10
left_child=1 2 5 4 7 15 13 8 9 10 11 -4 -6 16 -9 -1 -7 18 -8 -19 -2 24 -23 -24 -22 29 28 -28 -27 -26
right_child=20 -3 3 -5 12 6 17 14 -10 -11 -12 -13 -14 -15 -16 -17 -18 19 -20 -21 21 22 23 -25 25 26 27 -29 -30 -31
leaf_value=0.0047483937386665794 0.00015440010634835133 0.022779293233095202 -0.0063250233571590098 0.0036412984251295911 -0.016090589597924067 0.0042540247905740623 0.010825592604017765 -0.0080719562079628378 -0.0036095769292146863 0.014025839363253124 0.0071985148133626 0.0022370667200803497 -0.0029355272451717877 0.0030544642337428487 0.0004624132919215818 0.021592687077989049 -0.017216449126147993 0.0019826813103806184 -0.0023938183988875929 0.018464491873974521 0.0012245155101375362 0.0063181945111352002 0.0016849861623897235 -0.0063170463927770815 -0.0014446208020187257 -0.0063377091128038465 -0.0089056120151818959 -0.0022164734008035757 0.0019503353907008858 0.003127949613460768
leaf_weight=209 203878 391 1250 2292 261 206 295 1029 1675 401 1287 1262 260 1000 601 314 440 202 440 324 5240 1297 2974 560 9224 1558 1780 3532 2713 2323
leaf_count=209 203878 391 1250 2292 261 206 295 1029 1675 401 1287 1262 260 1000 601 314 440 202 440 324 5240 1297 2974 560 9224 1558 1780 3532 2713 2323
internal_value=9.58961e-05 0.00126068 0.00103213 0.00031952 -0.000510204 0.0031686 0.00203977 1.99601e-05 0.000926083 0.00216152 0.00129955 -0.000793021 -0.00800377 -0.000603865 -0.00323171 0.00928705 -0.00472561 0.00546814 0.00234899 0.00970149 2.57338e-05 -0.000652014 0.00201405 -8.46501e-05 -0.00114102 -0.00179754 -0.00353904 -0.00574972 -0.000782527 -0.000350437
internal_weight=249218 14139 13748 10318 8026 3430 2907 7505 5875 4200 3799 2512 521 1646 1630 523 646 1261 735 526 235079 31201 4831 3534 26370 21130 9583 5312 4271 11547
internal_count=249218 14139 13748 10318 8026 3430 2907 7505 5875 4200 3799 2512 521 1646 1630 523 646 1261 735 526 235079 31201 4831 3534 26370 21130 9583 5312 4271 11547
cat_boundaries=0 1
cat_threshold=16
is_linear=0
shrinkage=0.05


Tree=185
num_leaves=31
num_cat=3
split_feature=3 0 8 8 11 4 13 9 13 9 9 10 9 4 13 7 13 13 9 11 10 8 8 8 0 8 13 10 8 0
split_gain=7.82557 37.4953 27.6514 25.4683 23.9876 18.0991 20.169 16.9951 17.6677 15.0004 13.4572 17.6241 13.3759 13.7318 13.129 12.9554 12.8726 13.448 12.1337 12.0546 15.5119 15.3334 19.0761 23.6506 11.8578 12.5321 25.1596 40.4066 20.9592 26.8092
threshold=0 28.500000000000004 26.350000000000005 25.750000000000004 94.585000000000022 1 2006.5000000000002 -81.249999999999986 1979.5000000000002 -80.249999999999986 -87.049999999999983 13.175000000000002 -86.549999999999983 2 2023.5000000000002 18.500000000000004 1984.5000000000002 2022.5000000000002 -80.34999999999998 50.915000000000006 69.680000000000021 29.650000000000002 27.650000000000002 26.750000000000004 23.500000000000004 28.850000000000005 2017.5000000000002 100.98500000000001 28.150000000000002 50.500000000000007
decision_type=9 2 2 2 10 9 2 2 2 2 2 8 2 9 2 2 2 2 2 8 8 2 2 2 2 2 2 8 2 2
left_child=1 2 3 18 12 7 -7 8 -3 -5 15 -12 13 -4 -9 -10 -14 19 -1 -18 -21 22 23 -22 -2 28 -27 -28 -26 -30
right_child=24 5 4 9 -6 6 -8 14 10 -11 11 -13 16 -15 -16 -17 17 -19 -20 20 21 -23 -24 -25 25 26 27 -29 29 -31
leaf_value=-0.015926003647132259 -0.00069062479005714832 0.018748499344876945 0.026968083888771501 0.02325817706089213 -0.0072095776257699029 -0.0045943059986739421 0.0076760298773710829 -0.0028724560970409653 -0.001943652865609824 0.0026789704019187124 0.0039270368320210025 -0.011470410245082796 0.020766507695983361 0.0059526063014440746 0.0058781848117126952 0.013252623094174167 0.0058913183914131922 0.029031684487112755 0.0094039825143045885 -0.0069850870531765535 -0.014409473831042963 0.0057833379530417787 -0.0094630530935849947 0.015724362950530323 0.00042657902753564516 0.003587771776699267 0.00038910829096341362 -0.01787548190492725 -0.00020640566198282251 -0.0035161849142560267
leaf_weight=372 59740 296 212 1005 2721 1433 1590 4712 959 448 599 5633 202 1411 540 386 1788 339 312 2292 269 1950 1430 723 121739 16429 8223 800 7200 3305
leaf_count=372 59740 296 212 1005 2721 1433 1590 4712 959 448 599 5633 202 1411 540 386 1788 339 312 2292 269 1950 1430 723 121739 16429 8223 800 7200 3305
internal_value=6.7853e-05 -0.000666835 0.00109145 0.00635771 0.0002435 -0.00235178 0.00113375 -0.00315329 -0.00462387 0.010082 -0.00509424 -0.00607177 0.00131752 0.00548071 -0.000950209 -0.000553506 0.000560924 0.000267015 -0.00158501 -0.000129993 -0.00110878 0.000638978 -0.0020148 0.00329341 0.000174748 0.000402014 0.0014178 -0.000702978 0.000206421 -0.00193533
internal_weight=249058 31622 15474 2137 13337 16148 3023 13125 7873 1453 7577 6232 10616 1623 5252 1345 8993 8791 684 8452 6664 4372 2422 992 217436 157696 25452 9023 132244 10505
internal_count=249058 31622 15474 2137 13337 16148 3023 13125 7873 1453 7577 6232 10616 1623 5252 1345 8993 8791 684 8452 6664 4372 2422 992 217436 157696 25452 9023 132244 10505
cat_boundaries=0 1 2 3
cat_threshold=2 50 128
is_linear=0
shrinkage=0.05


Tree=186
num_leaves=31
num_cat=2
split_feature=3 8 13 7 10 4 13 9 9 10 2 7 10 7 6 13 10 13 9 7 8 13 13 9 13 10 9 10 9 13
split_gain=7.05267 26.0975 20.9919 24.4835 20.4059 14.2637 13.5241 16.02 15.6514 16.856 15.2192 13.5473 19.9303 13.3101 21.7036 12.6175 21.8475 12.669 11.5999 11.2813 11.2318 10.4979 10.1484 8.97286 17.1223 10.2296 11.4954 8.9304 7.9915 7.62547
threshold=0 26.050000000000004 2000.5000000000002 17.500000000000004 23.130000000000006 1 2023.5000000000002 -80.149999999999991 -85.34999999999998 7.0600000000000014 1.0000000180025095e-35 14.500000000000002 61.445000000000007 13.500000000000002 1.5000000000000002 2012.5000000000002 24.535 1997.5000000000002 -86.34999999999998 25.500000000000004 30.250000000000004 2004.5000000000002 1979.5000000000002 -87.34999999999998 2015.5000000000002 20.955000000000002 -86.34999999999998 18.665000000000003 -87.149999999999991 2003.5000000000002
decision_type=9 2 2 2 10 9 2 2 2 8 2 2 8 2 2 2 10 2 2 2 2 2 2 2 2 8 2 10 2 2
left_child=1 2 3 4 -1 13 7 8 10 -10 15 -8 -13 27 -15 16 17 -7 -12 22 -16 -20 -11 -17 28 -26 -27 -3 -25 -2
right_child=29 5 -4 -5 -6 6 11 -9 9 19 18 12 -14 14 20 23 -18 -19 21 -21 -22 -23 -24 24 25 26 -28 -29 -30 -31
leaf_value=0.030553457075696192 -0.00040844365897481084 0.00055818139485475093 -0.0017085089864916194 0.0011001012416946843 0.0017715016650442729 -0.031097400536302989 0.010256770567615937 0.0053482739457796141 0.0048074134180353667 0.010685071500178368 0.015554490644693698 0.0061100492131366483 -0.019985921876691393 0.0070360609775779633 -0.004004455542691643 -0.001242203078184634 -0.00066890165941799759 -0.0052430960278988083 -0.027609101296530183 -0.020677233367207483 -0.027224428452748663 0.013770982703033853 -0.0061699613223405343 0.023813466610298484 0.0037306849904199524 -0.020064571166925615 0.0025323867317256447 0.022155542614035541 0.0040281403307285578 0.0003908958570312926
leaf_weight=784 67213 220 1089 919 307 432 520 1584 1003 394 488 947 327 1306 418 356 3233 987 220 289 210 213 12597 430 775 288 215 418 653 150223
leaf_count=784 67213 220 1089 919 307 432 520 1584 1003 394 488 947 327 1306 418 356 3233 987 220 289 210 213 12597 430 775 288 215 418 653 150223
internal_value=6.2232e-05 -0.000635232 0.00371502 0.00673267 0.011762 -0.00110924 -0.00146125 -0.00177308 -0.00211442 -0.00311691 -0.000385542 0.00271619 -7.78816e-05 0.00243056 0.000360082 -0.00114514 -0.00272415 -0.00787264 0.0056391 -0.00358916 -0.00721003 -0.0003386 -0.00336513 0.00155849 0.00267819 -0.00124224 -0.00672515 0.00864198 0.00727356 0.000163711
internal_weight=249058 31622 3099 2010 1091 28523 25951 24157 22573 14283 8290 1794 1274 2572 1934 7369 4652 1419 921 13280 628 433 12991 2717 2361 1278 503 638 1083 217436
internal_count=249058 31622 3099 2010 1091 28523 25951 24157 22573 14283 8290 1794 1274 2572 1934 7369 4652 1419 921 13280 628 433 12991 2717 2361 1278 503 638 1083 217436
cat_boundaries=0 1 2
cat_threshold=2 192
is_linear=0
shrinkage=0.05


Tree=187
num_leaves=31
num_cat=4
split_feature=11 11 10 11 8 0 8 11 9 9 4 4 10 10 8 9 8 8 4 4 2 11 9 12 11 9 0 8 9 10
split_gain=6.5031 18.156 21.2856 33.8333 20.7745 17.1535 23.153 21.5023 18.3165 42.2237 41.8093 24.7674 17.7906 15.4569 14.117 14.0271 25.6058 45.4358 25.4958 24.3498 48.3245 26.1189 47.312 36.7262 23.9921 23.3243 24.1578 34.7246 25.1276 23.2889
threshold=90.350000000000009 96.885000000000005 43.525000000000013 91.745000000000019 26.150000000000002 41.500000000000007 26.450000000000003 80.870000000000019 -86.049999999999983 -85.649999999999991 0 1 45.480000000000011 133.57000000000002 28.150000000000002 -80.34999999999998 26.150000000000002 26.250000000000004 2 3 1.0000000180025095e-35 97.185000000000016 -86.649999999999991 1.0000000180025095e-35 97.185000000000016 -85.549999999999983 10.500000000000002 28.050000000000004 -80.949999999999989 44.545000000000009
decision_type=8 8 10 10 2 2 2 10 2 2 9 9 10 10 2 2 2 2 9 9 2 8 2 10 8 2 2 2 2 8
left_child=5 2 -2 -4 -5 8 -7 -8 10 -10 -1 -11 14 15 -9 19 18 -18 -17 20 24 22 23 -21 -3 -23 27 -27 -28 -30
right_child=1 13 3 4 -6 6 7 12 9 11 -12 -13 -14 -15 -16 16 17 -19 -20 21 -22 25 -24 -25 -26 26 28 -29 29 -31
leaf_value=0.021338294021656615 -0.00017964369917677914 -0.021259040926400186 -0.026691606272271962 0.00098690520811848268 -0.012152659635519349 -0.0070487193900570233 -0.00073184442702145525 0.0086013389206214264 0.011275648040828657 0.0017233938406106654 -0.0044720673666199138 -0.0064035747683974355 0.018335300587431158 0.0055788545300957011 -0.0051304051116001226 0.0075705323200051747 -0.011536552547722234 0.0014251509655792472 0.0010400006412226938 0.0044621367578193466 0.0047927541680879765 -0.003680102461018553 -0.019510790130561829 0.018649288449670866 -0.0028761615557709509 -0.0010787883949756605 0.00045635468841083161 -0.013278533780043801 -0.023944493691960479 -0.0038145978253988134
leaf_weight=477 3570 1041 291 1209 1402 2953 13538 769 2189 43304 5989 996 234 1884 443 5157 1718 4552 13466 3596 3548 8118 710 1002 17518 4380 98770 1690 343 4201
leaf_count=477 3570 1041 291 1209 1402 2953 13538 769 2189 43304 5989 996 234 1884 443 5157 1718 4552 13466 3596 3548 8118 710 1002 17518 4380 98770 1690 343 4201
internal_value=5.902e-05 -0.000102146 -0.00269978 -0.00587225 -0.00402518 0.000464021 -0.000872012 -7.33627e-05 0.000916643 0.00126347 -0.00157505 0.000927556 0.00570055 -4.07678e-06 0.00319149 -5.4175e-05 0.00104204 -0.00171975 0.00197231 -0.000242536 -0.00176933 3.25653e-05 0.00345995 0.00531684 -0.00279229 -0.000122541 6.94736e-05 -0.00299342 0.0002497 -0.00338164
internal_weight=249058 178166 6472 2902 2611 70892 17937 14984 52955 46489 6466 44300 1446 171694 1212 169810 24893 6270 18623 144917 22107 122810 5308 4598 18559 117502 109384 6070 103314 4544
internal_count=249058 178166 6472 2902 2611 70892 17937 14984 52955 46489 6466 44300 1446 171694 1212 169810 24893 6270 18623 144917 22107 122810 5308 4598 18559 117502 109384 6070 103314 4544
cat_boundaries=0 1 2 3 4
cat_threshold=176 142 172 204
is_linear=0
shrinkage=0.05


Tree=188
num_leaves=31
num_cat=1
split_feature=0 7 10 8 11 9 10 2 0 8 9 4 0 0 0 0 7 13 10 8 9 7 13 0 13 10 10 10 0 0
split_gain=6.2588 25.4488 30.5154 18.0415 17.1934 18.2664 27.2634 15.7523 14.7255 14.4137 17.4202 13.5863 11.176 15.0681 11.0036 10.1815 15.3744 13.3392 9.27359 14.4421 9.07489 24.9843 19.3759 15.295 16.5921 12.0806 13.3435 30.5437 43.9883 31.3148
threshold=61.500000000000007 14.500000000000002 122.84500000000001 27.650000000000002 135.28500000000003 -82.749999999999986 117.38000000000001 1.0000000180025095e-35 91.500000000000014 28.050000000000004 -81.749999999999986 0 68.500000000000014 73.500000000000014 71.500000000000014 72.500000000000014 16.500000000000004 2023.5000000000002 125.25500000000001 27.150000000000002 -80.149999999999991 16.500000000000004 2009.5000000000002 22.500000000000004 2022.5000000000002 120.88500000000002 108.94500000000001 109.14500000000001 51.500000000000007 33.500000000000007
decision_type=2 2 8 2 8 2 10 2 2 2 2 9 2 2 2 2 2 2 10 2 2 2 2 2 2 8 10 10 2 2
left_child=20 18 4 -4 5 11 7 -7 -9 -5 -11 15 -8 14 -14 -3 -17 -18 -2 -20 25 22 -22 -24 -25 26 -1 -28 29 -29
right_child=1 2 3 9 -6 6 12 8 -10 10 -12 -13 13 -15 -16 16 17 -19 19 -21 21 -23 23 24 -26 -27 27 28 -30 -31
leaf_value=0.00022375834377053039 0.00081883387420287343 0.0027232959864018193 -0.0036979117577290669 -0.011963514340699222 0.016811525692816964 -0.0034821627712917193 0.0055310578470801454 0.0068462080025361253 -0.0070095809584731052 0.0089269045147879044 -0.01300555905894969 -0.0048162902274198954 0.00031828894719607706 0.0077992109223900654 -0.010833633698285628 -0.0038768393270860904 -0.0059879145566061002 0.0085726597038461531 -0.0043316861982968472 0.0064241247618527899 0.024889466186304079 0.00040564166057084351 0.030722809689522235 -0.0076186438624679109 0.0091159851857012704 -0.00078274142406633553 0.010823331351538635 0.003307907451600256 0.0030829619195012373 -0.0039564296129105617
leaf_weight=146227 7911 2914 1541 680 261 8402 875 1064 480 231 221 503 353 396 220 680 208 312 247 908 611 6046 260 678 507 54220 686 2804 5159 3453
leaf_count=146227 7911 2914 1541 680 261 8402 875 1064 480 231 221 503 353 396 220 680 208 312 247 908 611 6046 260 678 507 54220 686 2804 5159 3453
internal_value=5.62095e-05 -0.000642221 -0.00166658 -0.00661573 -0.000869409 -0.00107511 -0.00211864 -0.00315388 0.00148005 -0.0113835 -0.004329 0.0015885 0.003452 -0.000255363 -0.00540309 0.00253991 -0.00132231 0.00509434 0.00154253 0.00570815 0.000146152 0.00178748 0.00653437 0.00333333 0.000878661 8.35062e-05 0.000304094 0.00189894 0.00127779 -0.00153981
internal_weight=249058 28407 19341 2673 16668 16407 11790 9946 1544 1132 452 4617 1844 969 573 4114 1200 520 9066 1155 220651 8102 2056 1445 1185 212549 158329 12102 11416 6257
internal_count=249058 28407 19341 2673 16668 16407 11790 9946 1544 1132 452 4617 1844 969 573 4114 1200 520 9066 1155 220651 8102 2056 1445 1185 212549 158329 12102 11416 6257
cat_boundaries=0 1
cat_threshold=130
is_linear=0
shrinkage=0.05


Tree=189
num_leaves=31
num_cat=4
split_feature=7 10 8 1 11 13 11 10 11 8 7 11 11 8 8 9 9 13 4 4 10 9 4 8 11 10 4 2 13 11
split_gain=5.97996 21.2236 10.3168 8.39637 6.25733 16.5125 16.3848 19.2591 29.6274 18.48 16.544 15.5254 30.4321 28.3036 68.0512 33.977 25.7945 20.9226 17.6423 15.7873 14.4396 14.1772 24.4698 25.9246 33.4325 27.1676 22.7027 42.3547 31.5636 26.0556
threshold=25.500000000000004 6.9000000000000012 27.550000000000004 1.0000000180025095e-35 90.350000000000009 1981.5000000000002 96.885000000000005 43.525000000000013 91.745000000000019 26.150000000000002 23.500000000000004 77.085000000000022 72.915000000000006 26.950000000000003 30.250000000000004 -81.84999999999998 -85.84999999999998 2016.5000000000002 0 1 133.57000000000002 -80.34999999999998 2 25.750000000000004 109.77500000000002 92.940000000000012 3 1.0000000180025095e-35 2004.5000000000002 99.585000000000022
decision_type=2 8 2 2 8 2 8 10 10 2 2 10 10 2 2 2 2 2 9 9 10 2 9 2 10 10 9 2 2 10
left_child=4 -2 3 -3 5 -1 7 10 -9 -10 -6 12 19 15 16 -13 -15 -17 -16 -7 21 26 23 25 -25 -23 27 28 29 -8
right_child=1 2 -4 -5 6 11 20 8 9 -11 -12 13 -14 14 18 17 -18 -19 -20 -21 -22 22 -24 24 -26 -27 -28 -29 -30 -31
leaf_value=-0.0099395958966065137 0.013515657368863111 0.0064056809710813407 -0.019322063983223184 -0.010329925835958065 0.0016071474019278221 -0.0059107978600554389 -0.015213835468859793 -0.025368213875846826 0.00086004639177472697 -0.011497351675404888 -0.018462255200761214 -0.016749634147420169 -0.012712525258219998 0.041726235188839049 0.018406581681149527 -0.0027530870509183459 0.012491661310811919 0.0099740114481913899 -0.0024657560217695718 0.00056141986588991171 0.0053809174810343311 0.0035889100583303525 0.0057281632418575874 -0.00074626281230538716 -0.038937613910007857 0.033793637319547008 3.8103974426384468e-05 0.004552615689332829 -0.0012601926643785344 -0.0010292666181475952
leaf_weight=899 202 290 349 501 3289 905 4450 291 1209 1402 281 409 1212 272 443 2868 4272 822 4799 53220 1883 2799 6605 14518 203 269 122748 3547 12138 1963
leaf_count=899 202 290 349 501 3289 905 4450 291 1209 1402 281 409 1212 272 443 2868 4272 822 4799 53220 1883 2799 6605 14518 203 269 122748 3547 12138 1963
internal_value=6.18305e-05 -0.00325444 -0.00591304 -0.00268414 7.9927e-05 0.000479816 -7.7982e-05 -0.00254551 -0.00556319 -0.00383441 -8.37989e-05 0.000567657 0.000192422 0.00206189 0.00352185 -0.0014237 0.00799297 0.000108108 -0.000361767 0.000368523 1.5485e-05 -3.30871e-05 0.00108179 0.00011511 -0.000756907 0.0042885 -0.000220909 -0.00169545 -0.00265341 -0.00548809
internal_weight=249058 1342 1140 791 247716 70121 177595 6472 2902 2611 3570 69222 55337 13885 9786 4099 4544 3690 5242 54125 171123 169240 24394 17789 14721 3068 144846 22098 18551 6413
internal_count=249058 1342 1140 791 247716 70121 177595 6472 2902 2611 3570 69222 55337 13885 9786 4099 4544 3690 5242 54125 171123 169240 24394 17789 14721 3068 144846 22098 18551 6413
cat_boundaries=0 1 2 3 4
cat_threshold=176 80 18 204
is_linear=0
shrinkage=0.05


Tree=190
num_leaves=31
num_cat=8
split_feature=11 9 8 10 9 10 10 11 3 4 4 4 10 10 7 12 4 9 9 11 8 4 8 3 13 10 10 6 4 10
split_gain=8.07359 14.0564 20.6334 20.5336 16.9589 21.3035 27.2126 20.3343 20.4393 16.1322 15.1636 13.225 13.8944 13.1427 14.5215 13.009 13.6821 12.5459 16.6273 11.8599 21.1962 14.2581 11.1611 19.5217 16.9136 15.1632 10.2221 27.2704 14.8058 11.0736
threshold=63.750000000000007 -82.549999999999983 30.550000000000004 36.145000000000003 -81.649999999999991 54.690000000000005 88.225000000000009 52.085000000000008 0 1 2 3 20.955000000000002 137.31000000000003 14.500000000000002 -1.0000000180025095e-35 4 -81.34999999999998 -81.249999999999986 66.040000000000006 27.550000000000004 5 29.650000000000002 6 2016.5000000000002 75.575000000000017 133.57000000000002 3.5000000000000004 7 128.71500000000003
decision_type=8 2 2 10 2 10 10 8 9 9 9 9 10 10 2 10 9 2 2 8 2 9 2 9 2 10 10 2 9 10
left_child=1 2 3 11 9 -6 -7 17 -9 -3 -5 -1 -13 19 -15 -12 -17 -8 -19 20 21 -2 -11 24 -24 -26 29 -28 -29 -21
right_child=13 4 -4 10 5 6 7 8 -10 22 15 12 -14 14 -16 16 -18 18 -20 26 -22 -23 23 -25 25 -27 27 28 -30 -31
leaf_value=0.0056598268139642196 -0.021535671660139855 -0.0038087293354819975 0.017557688471752632 0.01092826654789647 0.0025345090677269867 -0.0064271437243416333 0.0075141947589254078 -0.0058940652232008176 0.013306754924264697 0.003982491719169712 -0.021275760059802407 -0.0025077973264947318 -0.018297561909300254 -0.0026543650840772596 -0.022602073462880991 -0.012383292711429128 0.00058387179709802346 -0.017939915762974757 -0.0028187372221513129 4.8038009599871147e-05 -0.011520964017033021 -0.00035950536719866479 0.0024820404512063024 0.00072814182900913247 0.027435556286400153 0.0048154426209092273 -0.012710218786184058 -0.0025967045109005051 0.016658004655241143 -0.0041590298556815957
leaf_weight=279 233 910 316 603 6195 4134 536 474 1470 5185 280 639 1024 1068 302 528 6944 279 1141 204573 1153 5757 470 820 835 271 273 203 623 1734
leaf_count=279 233 910 316 603 6195 4134 536 474 1470 5185 280 639 1024 1068 302 528 6944 279 1141 204573 1153 5757 470 820 835 271 273 203 623 1734
internal_value=4.81421e-05 0.000772276 -0.000729549 -0.0011206 0.00147382 0.000417866 -0.00128046 0.00171355 0.00532242 0.0032408 -4.1841e-05 -0.0057377 -0.0073975 -6.36783e-05 -0.00492754 -0.000643335 -0.000240577 -0.00188199 -0.00433566 -3.2392e-05 -0.00203411 -0.000833333 0.0039929 0.00681629 0.0100251 0.0134409 3.66413e-05 0.00482417 0.00933014 1.09055e-05
internal_weight=249252 33333 10613 10297 22720 14229 8034 3900 1944 8491 8355 1942 1663 215919 1370 7752 7472 1956 1420 214549 7143 5990 7581 2396 1576 1106 207406 1099 826 206307
internal_count=249252 33333 10613 10297 22720 14229 8034 3900 1944 8491 8355 1942 1663 215919 1370 7752 7472 1956 1420 214549 7143 5990 7581 2396 1576 1106 207406 1099 826 206307
cat_boundaries=0 1 2 3 4 5 6 7 8
cat_threshold=18 136 20 152 160 4 12 196
is_linear=0
shrinkage=0.05


Tree=191
num_leaves=31
num_cat=2
split_feature=10 11 9 0 11 0 13 9 13 10 10 11 13 13 0 13 13 5 7 7 9 4 4 11 10 10 10 10 10 7
split_gain=7.64196 8.22054 12.8344 25.6894 19.2972 21.4805 20.8071 23.6137 14.7366 22.2246 16.7685 16.6858 42.2168 24.1416 14.2524 16.6398 15.9677 14.7168 14.1343 13.9368 13.919 13.5671 12.8922 12.3077 11.4528 25.7992 14.3268 14.2188 11.1254 13.685
threshold=1.0000000180025095e-35 63.750000000000007 -82.549999999999983 46.500000000000007 53.165000000000006 22.500000000000004 2018.5000000000002 -81.449999999999989 2004.5000000000002 86.830000000000013 136.87500000000003 46.250000000000007 1995.5000000000002 1997.5000000000002 36.500000000000007 2003.5000000000002 2020.5000000000002 2.5000000000000004 16.500000000000004 17.500000000000004 -81.34999999999998 0 1 59.440000000000005 96.570000000000007 88.225000000000009 61.445000000000007 80.725000000000009 137.31000000000003 14.500000000000002
decision_type=8 8 2 2 10 2 2 2 2 10 8 10 2 2 2 2 2 2 2 2 2 9 9 10 10 10 10 10 10 2
left_child=-1 2 8 4 6 -6 7 22 10 -10 11 18 -13 -14 16 -16 23 -18 -2 -8 -5 -17 -4 -7 25 26 -22 -28 -3 -30
right_child=1 28 3 20 5 14 19 -9 9 -11 -12 12 13 -15 15 21 17 -19 -20 -21 24 -23 -24 -25 -26 -27 27 -29 29 -31
leaf_value=0.0035204645727966001 0.0013412981450818152 -6.997821184491215e-05 0.0087446619458964488 0.0014068182331135938 -0.0003220029281966408 0.01154637521136901 -0.018512577762745286 -0.001514237402399754 0.0062401348301847296 -0.0088265227866954465 0.0089518596777203637 -0.036805292420202564 0.00019328071536173219 -0.01499854736666233 0.021779285566200547 0.015479185985042498 0.010597332384762882 0.021199015824171233 -0.01220480602153824 -0.00074831473287613199 -0.0013685105973073597 -0.00032799940359584667 -0.0050617734324557963 -0.0118893557040483 -0.016210248761865522 0.0059241527187035466 -0.034048671776117125 -0.0071802596076478327 -0.0025216468298734362 -0.021471969789736936
leaf_weight=1834 3252 212919 4098 2403 1690 1842 274 4211 1972 639 919 381 1908 1034 363 249 468 497 489 261 1361 1794 666 244 312 712 328 762 1068 302
leaf_count=1834 3252 212919 4098 2403 1690 1842 274 4211 1972 639 919 381 1908 1034 363 249 468 497 489 261 1361 1794 666 244 312 712 328 762 1068 302
internal_value=4.69386e-05 2.3037e-05 0.000755907 0.00143047 0.00243295 0.0043943 0.000955882 0.00153033 -0.000678989 0.00257535 -0.00174528 -0.0025728 -0.00514551 -0.00308266 0.00591732 0.00302152 0.0081836 0.0134872 -0.000279925 -0.00853211 -0.00140965 0.00124208 0.003938 0.00567748 -0.00342898 -0.00250552 -0.00493702 -0.00918182 -9.02944e-05 -0.00456522
internal_weight=249252 247418 33129 22535 16657 7147 9510 8975 10594 2611 7983 7064 3323 2942 5457 2406 3051 965 3741 535 5878 2043 4764 2086 3475 3163 2451 1090 214289 1370
internal_count=249252 247418 33129 22535 16657 7147 9510 8975 10594 2611 7983 7064 3323 2942 5457 2406 3051 965 3741 535 5878 2043 4764 2086 3475 3163 2451 1090 214289 1370
cat_boundaries=0 1 2
cat_threshold=240 50
is_linear=0
shrinkage=0.05


Tree=192
num_leaves=31
num_cat=3
split_feature=10 0 4 8 0 7 0 10 6 4 13 8 7 13 0 7 10 11 6 0 0 0 7 8 0 0 3 13 0 11
split_gain=6.66628 7.69088 10.1087 13.3108 9.21685 7.61206 23.8419 9.53325 22.4178 25.7211 14.5663 11.2943 10.4523 10.3524 10.9039 10.1569 8.86522 12.9885 11.5676 11.8777 10.5542 7.81851 7.46286 19.8518 26.5219 25.7509 23.9091 16.6783 14.5179 44.1106
threshold=1.0000000180025095e-35 17.500000000000004 0 26.550000000000004 22.500000000000004 9.5000000000000018 47.500000000000007 6.9200000000000008 2.5000000000000004 1 1997.5000000000002 26.150000000000002 25.500000000000004 1987.5000000000002 31.500000000000004 15.500000000000002 9.2850000000000019 69.585000000000022 1.5000000000000002 13.500000000000002 42.500000000000007 20.500000000000004 12.500000000000002 27.050000000000004 60.500000000000007 60.500000000000007 2 1988.5000000000002 16.500000000000004 126.38500000000001
decision_type=8 2 9 2 2 2 2 8 2 9 2 2 2 2 2 2 8 10 2 2 2 2 2 2 2 2 9 2 2 10
left_child=1 -1 -3 -4 -5 6 -2 8 10 -10 -7 -12 16 14 -14 -11 17 -9 -19 -20 21 -21 23 24 28 26 -25 -28 29 -18
right_child=5 2 3 4 -6 7 -8 12 9 15 11 -13 13 -15 -16 -17 22 18 19 20 -22 -23 -24 25 -26 -27 27 -29 -30 -31
leaf_value=-0.0037675306174234538 0.00050312050320808763 -0.011001178030929815 -0.0039591102620681442 0.0016042629822800693 0.017989374947441485 -0.017746001203251007 0.010907252273215385 -0.0044584000386955315 0.010401358509573733 -0.018913622358479466 -0.014215742294485745 0.0055247746887570059 0.017041674555568199 -0.020068846328736536 -0.0071276521452221077 -0.0049502246571766053 -0.0013999068005064786 0.0081187453025818538 -0.0079641736917060342 0.0033404150995905105 -0.0027222600540154577 0.016216983865582967 0.00013472457209156021 0.020335427691449404 -0.0081151141652808789 0.0088454057253539286 -0.017409740744335878 0.00014306770238849963 -0.00066484752343050075 -0.043600380477820271
leaf_weight=446 2516 201 325 265 597 218 580 864 276 930 232 1875 208 392 547 859 1220 223 252 468 253 674 208005 535 1804 754 395 8785 14168 385
leaf_count=446 2516 201 325 265 597 218 580 864 276 930 232 1875 208 392 547 859 1220 223 252 468 253 674 208005 535 1804 754 395 8785 14168 385
internal_value=4.17232e-05 0.00303688 0.00486409 0.00658658 0.00986239 1.93996e-05 0.00247907 -1.18691e-05 -0.00231818 -0.00609639 0.00104925 0.00233821 3.0424e-05 -0.00471046 -0.00124183 -0.00826423 5.33931e-05 0.00287901 0.00521277 0.00371153 0.00551601 0.00755208 2.05455e-05 -0.000744939 -0.00177119 0.000978147 0.000282776 -0.000326087 -0.00111196 -0.00560372
internal_weight=249252 1834 1388 1187 862 247418 3096 244322 4390 2065 2325 2107 239932 1147 755 1789 238785 2734 1870 1647 1395 1142 236051 28046 17577 10469 9715 9180 15773 1605
internal_count=249252 1834 1388 1187 862 247418 3096 244322 4390 2065 2325 2107 239932 1147 755 1789 238785 2734 1870 1647 1395 1142 236051 28046 17577 10469 9715 9180 15773 1605
cat_boundaries=0 1 2 3
cat_threshold=148 136 8
is_linear=0
shrinkage=0.05


Tree=193
num_leaves=31
num_cat=1
split_feature=10 10 13 7 0 0 8 0 10 7 7 12 0 10 7 3 8 10 8 8 10 8 8 7 10 8 13 13 0 10
split_gain=6.41655 7.31829 12.3319 7.30515 22.1719 7.11072 8.95075 5.69675 19.4583 15.4524 17.3108 26.5815 15.9773 15.3375 12.6758 14.3616 11.6797 21.22 11.6641 12.8769 13.8997 14.0461 12.9122 11.4181 20.3982 10.2068 9.1689 9.03965 8.5773 9.48983
threshold=1.0000000180025095e-35 6.205000000000001 2021.5000000000002 9.5000000000000018 47.500000000000007 15.500000000000002 26.550000000000004 58.500000000000007 117.38000000000001 11.500000000000002 14.500000000000002 1.0000000180025095e-35 90.500000000000014 115.06500000000001 12.500000000000002 0 27.050000000000004 17.925000000000004 27.450000000000003 26.050000000000004 51.650000000000006 26.850000000000005 25.850000000000005 12.500000000000002 127.87500000000001 25.750000000000004 2017.5000000000002 2011.5000000000002 65.500000000000014 127.23
decision_type=8 8 2 2 2 2 2 2 10 2 2 10 2 10 2 9 2 10 2 2 8 2 2 2 10 2 2 2 2 10
left_child=5 2 -2 4 -3 -1 -7 -5 9 25 12 13 14 27 16 -16 17 -11 19 22 21 -21 26 -10 28 -9 -17 -12 -25 -30
right_child=1 3 -4 7 -6 6 -8 8 23 10 11 -13 -14 -15 15 18 -18 -19 -20 20 -22 -23 -24 24 -26 -27 -28 -29 29 -31
leaf_value=-0.0038817888504324217 -0.0016184394947565295 0.00062752114672779422 -0.016327979216807266 0.00013503365957248103 0.010361889659554625 -0.0042938601827538841 0.0095548063180263213 0.0047139670503938197 0.006820361872851244 -0.0008274262365800312 0.00043483510995403487 -0.00017823703961745708 0.016015369172549754 -0.0089160673605842792 -0.0098799256408377729 0.016371562234664874 0.0086922481118214996 -0.018765138373843283 -0.0017198201568715988 0.0034874628176411629 0.0076005303655045436 -0.0086617509567218139 -0.010850944660996032 0.0049251966313250684 -0.0048270396183847097 -0.0076745278588806537 -0.0013604174846555406 -0.004075410138371538 -0.00065310890278666997 0.0087314524531826986
leaf_weight=364 2375 2482 371 207658 580 418 1052 221 566 739 1494 13164 457 450 293 253 249 398 1197 766 1664 524 779 1202 729 920 320 5463 1767 337
leaf_count=364 2375 2482 371 207658 580 418 1052 221 566 739 1494 13164 457 450 293 253 249 398 1197 766 1664 524 779 1202 729 920 320 5463 1767 337
internal_value=4.41303e-05 2.22287e-05 -0.00253991 5.10867e-05 0.00247396 0.00298265 0.00452703 2.02798e-05 -0.00058006 -0.00105412 -0.000822112 -0.0015767 0.00120931 -0.00397061 0.000625695 0.00165346 -0.0036533 -0.00579773 0.0022361 0.00345227 0.0052969 0.00138462 -0.000587372 0.00243982 0.00149567 -0.00673328 0.00506003 -0.00338022 0.00316647 0.0012299
internal_weight=249252 247418 2746 244672 3062 1834 1470 241610 33952 29351 28210 20571 7639 7407 7182 5796 1386 1137 5503 4306 2954 1290 1352 4601 4035 1141 573 6957 3306 2104
internal_count=249252 247418 2746 244672 3062 1834 1470 241610 33952 29351 28210 20571 7639 7407 7182 5796 1386 1137 5503 4306 2954 1290 1352 4601 4035 1141 573 6957 3306 2104
cat_boundaries=0 1
cat_threshold=2
is_linear=0
shrinkage=0.05


Tree=194
num_leaves=31
num_cat=2
split_feature=9 4 0 11 0 13 8 11 0 9 11 0 0 5 8 11 8 4 7 8 9 11 11 13 7 11 12 0 9 13
split_gain=7.49891 26.7344 10.8202 6.28465 12.1318 22.1611 20.3012 25.5268 18.0411 17.9289 17.3373 20.0576 22.4779 17.8985 12.5801 11.5939 19.4318 13.2283 10.8911 10.7757 12.8549 13.0586 22.9614 26.7241 20.7169 11.43 19.6398 16.0432 10.2526 13.2304
threshold=-87.449999999999989 0 21.500000000000004 63.750000000000007 43.500000000000007 2010.5000000000002 28.150000000000002 54.260000000000012 28.500000000000004 -81.84999999999998 60.415000000000006 36.500000000000007 28.500000000000004 2.5000000000000004 29.650000000000002 66.040000000000006 27.550000000000004 1 24.500000000000004 30.550000000000004 -82.549999999999983 59.440000000000005 46.250000000000007 1995.5000000000002 19.500000000000004 36.250000000000007 1.0000000180025095e-35 20.500000000000004 -81.34999999999998 2011.5000000000002
decision_type=2 9 2 8 2 2 2 8 2 2 10 2 2 2 2 8 2 9 2 2 2 10 10 2 2 10 10 2 2 2
left_child=1 -1 -3 4 5 19 7 -7 -9 14 18 12 -12 -14 -8 16 17 -5 -11 20 21 22 25 -24 -25 26 -2 -28 29 -6
right_child=3 2 -4 15 28 6 9 8 -10 10 11 -13 13 -15 -16 -17 -18 -19 -20 -21 -22 -23 23 24 -26 -27 27 -29 -30 -31
leaf_value=0.01573990715184892 -0.025853788731159535 -0.026460848509017778 -0.0045377040035785576 -0.020468877078123882 -0.0036537405674991422 -0.016666537891648226 0.0059517655927994184 0.023731515222660173 -0.0039844397957470084 0.00021959474490422794 0.0093659274225046836 0.00020225591813298751 0.0061067826979230412 0.023198986030818693 0.022056851014994907 2.8776057970159032e-05 -0.010954904817172385 -0.00045022815049993174 0.017951134359497533 0.01209919611490844 0.0021691166764944646 0.0034703479162515819 -0.033553569579335467 -0.0014163117728807962 -0.019129182484542408 0.0035776411956082834 -0.012469795107667193 0.0057222386761934807 -0.0034232786575902454 0.0023410467567861917
leaf_weight=222 225 311 203 233 1407 477 565 270 491 2793 512 647 228 331 729 208091 1159 5771 282 310 9286 1922 358 1107 392 1913 656 718 4225 3418
leaf_count=222 225 311 203 233 1407 477 565 270 491 2793 512 647 228 331 729 208091 1159 5771 282 310 9286 1922 358 1107 392 1913 656 718 4225 3418
internal_value=4.5735e-05 -0.00495979 -0.0110487 6.07582e-05 0.000700289 0.00128396 0.00357873 -0.00224359 0.00343709 0.00476464 0.00334166 0.00734954 0.0115171 0.0183656 0.00996933 -3.80928e-05 -0.0020145 -0.000864649 0.0010859 0.000287033 0.000111533 -0.0014587 -0.00272355 -0.00720407 -0.00420808 -0.000340716 -0.00344935 -0.00115607 -0.000860927 0.000713547
internal_weight=249252 736 514 248516 33262 24212 7325 1238 761 6087 4793 1718 1071 559 1294 215254 7163 6004 3075 16887 16577 7291 5369 1857 1499 3512 1599 1374 9050 4825
internal_count=249252 736 514 248516 33262 24212 7325 1238 761 6087 4793 1718 1071 559 1294 215254 7163 6004 3075 16887 16577 7291 5369 1857 1499 3512 1599 1374 9050 4825
cat_boundaries=0 1 2
cat_threshold=136 4
is_linear=0
shrinkage=0.05


Tree=195
num_leaves=31
num_cat=6
split_feature=10 10 0 0 9 3 4 8 10 8 0 4 8 0 3 4 8 8 0 0 6 7 9 9 0 8 9 8 4 10
split_gain=6.25828 29.045 15.8264 15.6199 26.4245 26.1148 21.0049 20.7143 17.4584 22.3848 17.479 26.4845 17.6826 28.4423 22.2495 17.5336 15.1654 14.6868 29.4193 26.322 14.7094 14.2056 13.479 24.6382 23.888 31.8428 18.831 26.8189 24.0973 17.4432
threshold=30.295000000000005 24.535 52.500000000000007 17.500000000000004 -86.949999999999989 0 1 27.150000000000002 23.905000000000005 26.950000000000003 27.500000000000004 2 25.650000000000002 22.500000000000004 3 4 26.750000000000004 24.650000000000002 42.500000000000007 30.500000000000004 2.5000000000000004 14.500000000000002 -81.949999999999989 -81.84999999999998 38.500000000000007 26.450000000000003 -82.34999999999998 27.850000000000005 5 4.04
decision_type=8 10 2 2 2 9 9 2 10 2 2 9 2 2 9 9 2 2 2 2 2 2 2 2 2 2 2 2 9 10
left_child=1 2 3 4 5 6 -1 21 10 -10 11 -5 14 -14 -13 -12 -4 18 19 -2 -21 -6 26 24 25 -24 28 -28 29 -17
right_child=17 -3 16 8 7 -7 -8 -9 9 -11 15 12 13 -15 -16 22 -18 -19 -20 20 -22 -23 23 -25 -26 -27 27 -29 -30 -31
leaf_value=-0.026379148343356997 -0.0024102361250777807 0.0035524768267404029 -0.00054651277892108223 0.023687861416803992 -0.0083307032161309639 0.00076619247822238288 0.0042539408587886742 0.0048423288626034738 -0.0017411577855090954 -0.021552577052772384 0.005371848404334756 0.003325362471304061 -0.0022351392344085673 0.0069498929146323274 0.021342752079269944 0.015353469650503904 -0.0098053090728559954 -0.00034299701477875645 -0.0022851360117678078 -0.004243211521565371 0.01111458964295471 -0.00041090899447278063 0.011887714498647074 0.00021654976029408248 -0.00098309429895309113 -0.011283279376681589 0.0020414085343041233 0.021621902412397899 -0.021019299697390272 -0.0023558126804885228
leaf_weight=838 742 11865 3316 311 3137 384 231 3074 2218 375 1491 998 5309 4660 646 262 1785 177962 1546 236 1497 5201 208 7799 1823 1441 5492 408 360 2741
leaf_count=838 742 11865 3316 311 3137 384 231 3074 2218 375 1491 998 5309 4660 646 262 1785 177962 1546 236 1497 5201 208 7799 1823 1441 5492 408 360 2741
internal_value=-6.68368e-05 0.000348734 -0.000139403 0.000134569 -0.00136311 -0.00768968 -0.0116162 -0.000551567 0.00066207 -0.00328467 0.000964398 0.00250545 0.00210178 0.00130775 0.00689238 0.00012934 -0.0027881 -0.000218415 0.00276606 0.00613682 0.00949512 -0.00184475 -0.000252992 -0.00141388 -0.00491097 -0.00925256 0.00115928 0.00285956 -0.0018233 -0.000314257
internal_weight=248356 66373 54508 49407 12865 1453 1069 11412 36542 2593 33949 11924 11613 9969 1644 22025 5101 181983 4021 2475 1733 8338 20534 11271 3472 1649 9263 5900 3363 3003
internal_count=248356 66373 54508 49407 12865 1453 1069 11412 36542 2593 33949 11924 11613 9969 1644 22025 5101 181983 4021 2475 1733 8338 20534 11271 3472 1649 9263 5900 3363 3003
cat_boundaries=0 1 2 3 4 5 6
cat_threshold=20 2 32 20 20 10
is_linear=0
shrinkage=0.05


Tree=196
num_leaves=31
num_cat=4
split_feature=12 7 10 10 0 0 10 8 8 10 8 10 4 8 0 10 4 10 4 7 7 0 7 4 0 12 7 8 0 0
split_gain=5.74913 9.82335 5.92335 28.5816 15.2184 14.648 16.0934 19.7285 16.0599 14.1524 14.0158 13.5176 26.4897 20.3183 12.9911 18.2757 20.0154 17.1855 18.23 17.1588 27.9373 19.781 16.3121 15.9168 15.8916 13.5724 17.0973 12.9899 27.9923 28.7315
threshold=3.5000000000000004 18.500000000000004 30.295000000000005 24.535 52.500000000000007 17.500000000000004 23.905000000000005 27.350000000000005 24.650000000000002 36.195000000000007 26.750000000000004 33.425000000000004 0 30.350000000000005 30.500000000000004 12.415000000000001 1 4.04 2 18.500000000000004 17.500000000000004 22.500000000000004 20.500000000000004 3 22.500000000000004 1.0000000180025095e-35 10.500000000000002 24.650000000000002 43.500000000000007 30.500000000000004
decision_type=10 2 8 10 2 2 10 2 2 8 2 10 9 2 2 10 9 10 9 2 2 2 2 9 2 10 2 2 2 2
left_child=2 -2 3 4 5 -1 8 -8 -7 11 -6 -4 -13 -14 15 17 -17 -10 -19 20 21 -18 -21 -16 -22 -20 -27 28 29 -11
right_child=1 -3 9 -5 10 6 7 -9 14 27 -12 12 13 -15 23 16 19 18 25 22 24 -23 -24 -25 -26 26 -28 -29 -30 -31
leaf_value=-0.0023448814834290846 -0.010191865979674565 0.0011343416289539832 -0.00038572828764369408 0.0036041432622814008 -0.00052105047903543427 -0.010536428028031786 -0.0021731994250153265 -0.026929023478343785 0.0082844108233200327 -0.0024720883260926918 -0.0095227707713602793 0.0079261380317025686 -0.0064140218274676645 -0.031700124019683876 0.0052690599451577398 0.022503468345963819 -0.00023745604515528209 0.014281868555861799 0.0019671926923495067 -0.0066552951102137664 0.027276863571040977 0.0092068472866758903 0.0044633726879654391 -0.00020162768541638344 0.005435456888397994 0.0063133481070227317 -0.011389507127456878 -0.00019517395864205868 -0.0021764383703646753 0.0095156628156820577
leaf_weight=12735 753 783 5107 11787 3311 814 2348 243 914 736 1777 512 3275 240 1277 302 2556 247 1239 1186 503 3376 1103 17267 321 378 2178 167947 1519 1622
leaf_count=12735 753 783 5107 11787 3311 814 2348 243 914 736 1777 512 3275 240 1277 302 2556 247 1239 1186 503 3376 1103 17267 321 378 2178 167947 1519 1622
internal_value=-6.52263e-05 -0.00310479 -4.61856e-05 0.000359789 -0.000126652 0.000143886 0.000656334 -0.00313341 0.000948888 -0.000193957 -0.00272656 -0.00211067 -0.00427297 -0.0058133 0.00112153 0.0022532 0.00355349 -0.000201369 -0.00160415 0.00310535 0.00437482 0.00316392 -0.000630709 0.000247925 0.0129496 -0.00247706 -0.00455963 -9.19492e-05 0.00276563 0.00616554
internal_weight=248356 1536 246820 65862 54075 48987 36252 2591 33661 180958 5088 9134 4027 3515 32847 14303 9347 4956 4042 9045 6756 5932 2289 18544 824 3795 2556 171824 3877 2358
internal_count=248356 1536 246820 65862 54075 48987 36252 2591 33661 180958 5088 9134 4027 3515 32847 14303 9347 4956 4042 9045 6756 5932 2289 18544 824 3795 2556 171824 3877 2358
cat_boundaries=0 1 2 3 4
cat_threshold=40 32 72 20
is_linear=0
shrinkage=0.05


Tree=197
num_leaves=31
num_cat=2
split_feature=11 12 0 11 0 0 12 10 9 3 10 8 9 11 12 10 11 10 11 10 0 3 10 10 11 9 0 0 0 0
split_gain=5.96329 17.6545 13.0541 21.3164 24.3396 19.0603 25.4322 18.3106 11.4838 10.7686 10.4726 12.2474 10.4537 26.0541 17.2064 10.0982 15.3037 11.2669 21.5925 19.0466 11.5079 10.0559 9.85407 22.4407 12.0882 10.1014 9.1297 8.19595 11.0249 7.91197
threshold=63.750000000000007 2.5000000000000004 43.500000000000007 60.415000000000006 35.500000000000007 28.500000000000004 1.0000000180025095e-35 50.155000000000008 -81.049999999999983 0 52.20000000000001 30.550000000000004 -82.549999999999983 49.585000000000008 1.0000000180025095e-35 137.31000000000003 99.585000000000022 133.57000000000002 99.585000000000022 128.71500000000003 52.500000000000007 1 31.400000000000002 27.760000000000002 45.395000000000003 -80.649999999999991 28.500000000000004 41.500000000000007 54.500000000000007 18.500000000000004
decision_type=8 10 2 10 2 2 10 10 2 9 10 2 2 10 10 10 10 10 10 10 2 9 10 10 10 2 2 2 2 2
left_child=2 15 3 10 5 6 -5 -7 -6 -8 11 12 13 29 -15 17 -17 19 -19 -2 -21 -12 23 24 -14 -26 -24 -18 -29 -1
right_child=1 -3 -4 4 8 7 9 -9 -10 -11 21 -13 22 14 -16 16 27 18 -20 20 -22 -23 26 -25 25 -27 -28 28 -30 -31
leaf_value=-0.0080447150546508524 -9.6684094794774472e-05 -0.011081029001627175 -0.0015032402252067813 0.034741906375525704 -0.0095710513222557313 0.022065945277948806 0.008466589445653927 0.0074615477586585932 0.0049000763846847491 -0.017671306568590863 0.0090899718466390667 0.015911216606408152 -0.0062818286854238181 -0.00048648505820114707 -0.025608579458461733 -0.023426955740961253 0.008848002467396655 -0.010513735988933216 0.0097803808467181522 -0.0011815042368586326 -0.0066385121668531616 0.0018234875241982086 -0.0080317870133754798 0.024330370633631526 0.0062088672498900269 -0.0074665061962756688 0.0016361162956162634 -0.0091039397206046594 0.0019021058447274974 0.0017888514477848007
leaf_weight=722 210382 652 9171 262 503 372 282 231 430 215 1076 256 777 327 641 326 400 240 834 828 851 12866 934 306 1310 230 888 366 250 1428
leaf_count=722 210382 652 9171 262 503 372 282 231 430 215 1076 256 777 327 641 326 400 240 834 828 851 12866 934 306 1310 230 888 366 250 1428
internal_value=-5.91868e-05 -0.000155481 0.00056413 0.00117593 0.00574837 0.00998542 0.00461638 0.0165579 -0.0004772 -0.00207101 0.000691287 -0.000772768 -0.00114222 -0.00335678 -0.0101227 -0.000130311 -0.00443787 -0.000102982 0.00498155 -0.000128966 -0.00541741 0.00151233 0.000415264 0.00237372 0.000666094 0.00322581 -0.00240175 -0.00136452 -0.00495208 -0.000277778
internal_weight=248356 215129 33227 24056 2295 1362 759 603 933 497 21761 7819 7563 3118 968 214477 1342 213135 1074 212061 1679 13942 4445 2623 2317 1540 1822 1016 616 2150
internal_count=248356 215129 33227 24056 2295 1362 759 603 933 497 21761 7819 7563 3118 968 214477 1342 213135 1074 212061 1679 13942 4445 2623 2317 1540 1822 1016 616 2150
cat_boundaries=0 1 2
cat_threshold=20 8
is_linear=0
shrinkage=0.05


Tree=198
num_leaves=31
num_cat=4
split_feature=4 8 2 0 10 7 0 0 10 9 2 10 7 0 10 4 10 7 3 0 9 9 0 8 10 9 4 10 0 7
split_gain=5.1709 13.6832 13.0439 11.1667 9.25206 18.2683 9.64732 7.4081 13.6701 7.57397 7.08929 7.02377 8.42955 9.34061 7.80497 9.5453 7.2005 5.81397 22.376 17.8206 16.9324 14.9731 15.5117 26.7774 26.8326 15.9512 22.2908 20.3793 14.9423 20.9091
threshold=0 28.950000000000003 1.0000000180025095e-35 42.500000000000007 107.49500000000002 12.500000000000002 48.500000000000007 32.500000000000007 23.130000000000006 -81.749999999999986 1.0000000180025095e-35 41.005000000000003 15.500000000000002 54.500000000000007 22.705000000000002 1 18.665000000000003 12.500000000000002 2 50.500000000000007 -80.449999999999989 -81.84999999999998 19.500000000000004 26.650000000000002 58.940000000000005 -84.249999999999986 3 133.57000000000002 37.500000000000007 10.500000000000002
decision_type=9 2 2 2 10 2 2 2 8 2 2 8 2 2 10 9 10 2 9 2 2 2 2 2 8 2 9 10 2 2
left_child=1 4 3 -3 7 -6 -7 8 -1 11 -10 14 -13 -14 15 -9 -17 18 19 -2 21 22 23 24 -20 -24 -27 28 29 -28
right_child=17 2 -4 -5 5 6 -8 9 10 -11 -12 12 13 -15 -16 16 -18 -19 20 -21 -22 -23 25 -25 -26 26 27 -29 -30 -31
leaf_value=0.0021545504868064834 0.010563915468273778 -0.023645917112487338 -0.00023057408746849362 -0.0066142398382738506 0.0065194317930298952 0.00061691444486449147 -0.0094284327142348801 0.0056400602634715472 -0.016108151002042704 -0.0044732635489969754 -0.00055974521833253028 0.013790814987655154 0.0026414512279246518 -0.0060679537336714162 -0.0039833989632611201 -0.0082939568288961322 0.0028427453400783789 9.4597644541138956e-05 -0.037758695898382037 -0.007284062627949517 -0.0082732803451427191 0.0017237172059511253 0.0043494378937778853 -0.003536989018134751 -0.0001214492703184078 -0.015092119308024232 0.0087694589622127513 0.013431590041535026 -0.0023112523540193665 -0.0015536039371029987
leaf_weight=496 1524 233 427 226 329 282 803 556 508 532 279 599 930 237 542 241 392 209453 635 351 1491 6701 3147 4450 354 770 1166 335 7470 2897
leaf_count=496 1524 233 427 226 329 282 803 556 508 532 279 599 930 237 542 241 392 209453 635 351 1491 6701 3147 4450 354 770 1166 335 7470 2897
internal_value=-5.51605e-05 -0.00133648 -0.00714286 -0.0128998 -0.000564133 -0.00414326 -0.00726027 0.000394589 -0.00290023 0.00144838 -0.00696361 0.00229541 0.0045045 0.0019966 2.87191e-05 0.00229358 -0.00191424 -1.45371e-05 -0.000650139 0.00461741 -0.000988585 -0.000710578 -0.00136102 -0.00366122 -0.0110611 -0.000566635 -0.0013599 -0.000815949 -0.00117387 0.00126442
internal_weight=248356 7612 886 459 6726 1414 1085 5312 1283 4029 787 3497 1766 1167 1731 1189 633 240744 31291 1875 29416 27925 21224 5439 989 15785 12638 11868 11533 4063
internal_count=248356 7612 886 459 6726 1414 1085 5312 1283 4029 787 3497 1766 1167 1731 1189 633 240744 31291 1875 29416 27925 21224 5439 989 15785 12638 11868 11533 4063
cat_boundaries=0 1 2 3 4
cat_threshold=80 16 8 128
is_linear=0
shrinkage=0.05


Tree=199
num_leaves=31
num_cat=5
split_feature=11 0 11 0 0 10 4 3 9 10 11 10 11 4 10 4 0 4 0 9 0 0 9 11 8 9 8 10 10 11
split_gain=5.28101 11.7609 19.0887 22.8281 17.9722 15.9082 11.2196 10.3334 10.1684 9.45646 17.1821 10.6232 19.6966 16.7276 16.5529 9.68497 12.3496 9.33847 18.4769 8.70731 8.54548 11.3047 8.31739 23.5385 11.7111 18.0648 9.14812 7.87733 24.7374 21.7694
threshold=63.750000000000007 43.500000000000007 60.415000000000006 35.500000000000007 29.500000000000004 50.155000000000008 0 1 -81.049999999999983 137.31000000000003 99.585000000000022 133.57000000000002 99.585000000000022 2 128.71500000000003 3 54.500000000000007 4 21.500000000000004 -81.84999999999998 43.500000000000007 53.500000000000007 -83.34999999999998 49.585000000000008 30.050000000000004 -81.84999999999998 30.550000000000004 30.295000000000005 24.535 69.585000000000022
decision_type=8 2 8 2 2 10 9 9 2 10 10 10 10 9 10 9 2 9 2 2 2 2 2 10 2 2 2 8 10 8
left_child=1 2 6 4 -4 -6 17 -8 -5 11 -11 14 -13 -14 27 -16 -17 18 -1 -9 -12 -22 23 26 -24 -26 -19 28 -2 -29
right_child=9 -3 3 8 5 -7 7 19 -10 10 20 12 13 -15 15 16 -18 22 -20 -21 21 -23 24 -25 25 -27 -28 29 -30 -31
leaf_value=-0.007647037709104066 -0.00013160879343505628 -0.0014105328752352265 0.010768040482271247 -0.0090972286383699703 0.021306844999797115 0.0067909074013526201 0.0043548571731329309 -0.016250334387296662 0.0046584719765237368 -0.022509592837242479 0.0068180266061325327 -0.0095273737937066286 0.014679569466333132 -0.0030950608637250634 -0.0028348164695917613 -0.0061775747464136721 -0.01229485646233508 -0.002429350096880745 0.010204293033351287 -0.000346974098347852 -0.0094018871756127893 0.0014706145948797378 0.00083832068860081323 -0.023520982641731882 0.027885716833609478 0.0042339721182325096 0.01577559648061717 -0.004221279162946923 0.0035474141393836869 -0.0002052974217580328
leaf_weight=358 50563 9171 804 503 347 211 497 740 430 341 442 246 615 222 1252 219 223 1332 748 476 315 278 14646 403 443 1854 264 4834 10879 144700
leaf_count=358 50563 9171 804 503 347 211 497 740 430 341 442 246 615 222 1252 219 223 1332 748 476 315 278 14646 403 443 1854 264 4834 10879 144700
internal_value=-4.95237e-05 0.000537052 0.00111776 0.00544469 0.0095481 0.0163732 0.000659134 -0.00320254 -0.000583245 -0.000140142 -0.00425685 -0.000113443 0.00480329 0.00844156 -0.000138706 -0.00504695 -0.0112554 0.000991628 0.00541741 -0.00566343 -0.00100478 -0.00489221 0.000727771 -0.00231458 0.0010883 0.00439965 0.000435866 -9.90587e-05 0.00037753 -0.000294896
internal_weight=248356 33227 24056 2295 1362 558 21761 1713 933 215129 1376 213753 1083 837 212670 1694 442 20048 1106 1216 1035 593 18942 1999 16943 2297 1596 210976 61442 149534
internal_count=248356 33227 24056 2295 1362 558 21761 1713 933 215129 1376 213753 1083 837 212670 1694 442 20048 1106 1216 1035 593 18942 1999 16943 2297 1596 210976 61442 149534
cat_boundaries=0 1 2 3 4 5
cat_threshold=14 10 34 90 4
is_linear=0
shrinkage=0.05


Tree=200
num_leaves=31
num_cat=3
split_feature=4 8 9 2 13 10 3 13 11 9 9 11 7 10 3 11 9 9 8 8 13 7 10 10 10 10 11 7 11 10
split_gain=7.45007 16.9618 18.4181 17.204 16.535 17.5573 14.0548 12.6343 20.3796 12.4177 11.8195 10.9772 9.94977 13.4036 12.2479 15.9614 10.5548 11.4831 16.4793 9.84774 9.74805 8.75546 8.62858 17.8088 17.3441 24.9922 16.2065 14.5948 19.6325 13.6794
threshold=0 26.650000000000002 -81.949999999999989 1.0000000180025095e-35 2009.5000000000002 66.570000000000007 1 1999.5000000000002 68.540000000000006 -81.749999999999986 -81.549999999999983 63.750000000000007 12.500000000000002 119.45500000000001 2 100.41500000000001 -86.84999999999998 -82.949999999999989 30.250000000000004 27.350000000000005 2015.5000000000002 15.500000000000002 127.87500000000001 127.23 124.43000000000002 125.25500000000001 109.77500000000002 19.500000000000004 31.250000000000004 133.57000000000002
decision_type=9 2 2 2 2 10 9 2 8 2 2 8 2 10 9 8 2 2 2 2 2 2 10 10 10 10 10 2 10 10
left_child=1 4 11 9 6 -6 -1 -8 -9 -4 -5 -3 20 14 15 -14 -16 18 -18 -11 -13 -7 23 24 -2 -26 27 28 -24 -28
right_child=22 2 3 10 5 21 7 8 -10 19 -12 12 13 -15 16 -17 17 -19 -20 -21 -22 -23 26 -25 25 -27 29 -29 -30 -31
leaf_value=-0.0039123691958741439 0.00014966000075027354 0.0057749179464464898 -0.018541646806255675 0.007677399488638637 0.00025709866438257124 -0.0042782661952844416 0.00059481726648256137 0.015745426901871706 0.0063115984440431207 0.0029192866105442585 -0.0047863829325407005 -0.0043941403781476932 0.024758922678542208 -0.0073462884531636519 -0.013315424521940589 -0.0016426560538460146 0.015216375490658596 -0.0024864446624381477 -0.010617183513319618 -0.010075261883377174 0.0077674867330538083 -0.020592918407930053 0.017235887779297521 0.005256828346092402 -0.015679962190714391 -0.00079740577901210585 -0.0021083283763593031 -0.00088989950211266773 -0.0144150884857146 0.0053310626614548441
leaf_weight=408 221927 922 233 238 4131 357 770 207 1348 210 391 530 203 722 561 306 264 4712 283 1118 667 262 211 1285 341 582 1599 1414 1462 1483
leaf_count=408 221927 922 233 238 4131 357 770 207 1348 210 391 530 203 722 561 306 264 4712 283 1118 667 262 211 1285 341 582 1599 1414 1462 1483
internal_value=9.03045e-06 -0.000946297 -0.00216359 -0.00627273 0.000900841 -0.000882353 0.00399198 0.00547974 0.00808307 -0.00907066 0.000704225 -0.00117647 -0.00175587 -0.00247132 -0.0017274 0.00557656 -0.00238014 -0.00167964 0.0051167 -0.00710015 0.00244408 -0.00866455 8.72684e-05 0.00013808 0.000104101 -0.00669882 -0.00175595 -0.00431062 -0.00745692 0.000808538
internal_weight=249147 18843 11360 2190 7483 4750 2733 2325 1555 1561 629 9170 8248 7051 6329 509 5820 5259 547 1328 1197 619 230304 224135 222850 923 6169 3087 1673 3082
internal_count=249147 18843 11360 2190 7483 4750 2733 2325 1555 1561 629 9170 8248 7051 6329 509 5820 5259 547 1328 1197 619 230304 224135 222850 923 6169 3087 1673 3082
cat_boundaries=0 1 2 3
cat_threshold=84 24 16
is_linear=0
shrinkage=0.05


Tree=201
num_leaves=31
num_cat=0
split_feature=0 9 10 0 10 13 0 10 9 13 10 0 11 9 9 10 10 9 10 11 7 9 11 9 0 10 0 0 9 2
split_gain=5.61313 28.5949 37.5009 26.4507 56.9528 25.6319 23.4838 27.8486 22.7732 27.64 28.6355 22.2315 22.0768 44.8522 28.026 43.6618 26.1098 27.8726 25.0787 29.0886 21.7931 53.2915 23.8694 20.4576 20.2047 19.8962 46.6396 18.3817 17.5799 22.0131
threshold=42.500000000000007 -82.749999999999986 107.355 46.500000000000007 97.470000000000013 2016.5000000000002 66.500000000000014 105.61500000000001 -82.649999999999991 2018.5000000000002 26.825000000000003 31.500000000000004 123.89000000000001 -82.34999999999998 -81.84999999999998 21.740000000000006 107.91500000000001 -82.649999999999991 95.89500000000001 118.75000000000001 13.500000000000002 -81.449999999999989 99.585000000000022 -81.949999999999989 14.500000000000002 113.96500000000002 49.500000000000007 47.500000000000007 -86.84999999999998 1.0000000180025095e-35
decision_type=2 2 8 2 10 2 2 10 2 2 8 2 8 2 2 8 10 2 10 10 2 2 10 2 2 10 2 2 2 2
left_child=8 2 3 4 -2 -3 7 -5 9 -1 11 24 16 -14 15 -15 18 25 20 23 21 -7 -23 -20 -11 -18 -27 -21 -12 -30
right_child=1 5 -4 6 -6 12 -8 -9 -10 10 28 -13 13 14 -16 -17 17 -19 19 27 -22 22 -24 -25 -26 26 -28 -29 29 -31
leaf_value=-0.00029019309807507557 0.0038335746145089725 -0.0036725197723547877 -0.003753144884364712 0.0027568363686109269 -0.031808757694764454 -0.0080768051516522561 0.00011684502444149204 0.0074053165338303197 0.0008943769385453493 -0.012918304561514483 -0.018921460112520806 -0.0086563579749875611 -0.017827908611991107 0.00059527034408128903 -0.0002869206452936979 0.0061155794279976307 0.0043746145277064668 -0.00049878008434052219 -0.0085896816055681668 0.0028358312520940566 -5.4277951441417121e-06 -0.010389820135797034 0.0046082979958286252 -0.0055288628196554336 0.015698983358963314 -0.034814352306079946 0.0014135095452593839 -0.0015778330832572074 -0.013316300670558424 -0.0011875028036445025
leaf_weight=43578 1023 14620 2439 4506 397 4299 2903 1891 106726 244 653 521 634 5071 7817 3577 2919 14392 990 669 14724 832 2388 1232 773 219 2177 1631 2421 2881
leaf_count=43578 1023 14620 2439 4506 397 4299 2903 1891 106726 244 653 521 634 5071 7817 3577 2919 14392 990 669 14724 832 2388 1232 773 219 2177 1631 2421 2881
internal_value=5.41827e-06 -0.00030648 0.00184904 0.00312209 -0.00321678 -0.000669429 0.00409237 0.00578274 0.000185987 -0.00068225 -0.00348527 0.00258398 -0.000235133 0.00130049 0.00180577 0.0037653 -0.00080031 0.000580717 -0.00181699 -0.00520741 -0.00112569 -0.00331385 0.00154799 -0.00927419 0.00686465 0.00367136 0.000290939 -0.00125541 -0.00505448 -0.00408509
internal_weight=249147 91350 13159 10720 1420 78191 9300 6397 157797 51071 7493 1538 63571 17099 16465 8648 46472 19707 26765 4522 22243 7519 3220 2222 1017 5315 2396 2300 5955 5302
internal_count=249147 91350 13159 10720 1420 78191 9300 6397 157797 51071 7493 1538 63571 17099 16465 8648 46472 19707 26765 4522 22243 7519 3220 2222 1017 5315 2396 2300 5955 5302
is_linear=0
shrinkage=0.05


Tree=202
num_leaves=31
num_cat=2
split_feature=4 7 13 11 11 9 0 10 7 4 0 0 10 11 10 0 10 0 2 7 11 0 10 7 10 0 10 0 0 10
split_gain=7.77943 11.2608 13.856 10.7346 12.3648 15.1787 11.1728 10.9696 9.42917 8.87681 11.1371 8.34572 8.14442 14.8059 13.8552 27.541 14.7128 24.185 13.6456 13.3634 18.8195 13.7874 11.5416 37.1878 18.0397 13.4768 13.1 40.9164 11.6486 11.4029
threshold=0 22.500000000000004 2022.5000000000002 108.48500000000001 104.58500000000002 -82.149999999999991 47.500000000000007 103.18500000000002 12.500000000000002 1 47.500000000000007 51.500000000000007 127.87500000000001 109.77500000000002 127.23 51.500000000000007 124.43000000000002 21.500000000000004 1.0000000180025095e-35 19.500000000000004 31.250000000000004 30.500000000000004 117.38000000000001 15.500000000000002 119.56500000000001 49.500000000000007 117.12500000000001 49.500000000000007 63.500000000000007 133.57000000000002
decision_type=9 2 2 8 10 2 2 8 2 9 2 2 10 10 10 2 10 2 2 2 10 2 10 2 10 2 10 2 2 10
left_child=1 2 -1 4 5 6 -4 9 -9 10 -5 -10 14 19 16 -16 22 -18 29 20 -14 -22 26 24 28 -26 -2 -28 -24 -15
right_child=12 -3 3 7 -6 -7 -8 8 11 -11 -12 -13 13 18 15 -17 17 -19 -20 -21 21 -23 23 -25 25 -27 27 -29 -30 -31
leaf_value=0.00028069886425208246 0.00011100277321940411 -0.0099253827850497526 0.020704019104493779 0.017554513544099138 -0.013249921488082706 -0.0081211613867163031 -0.0065947638129822302 0.0052349313590580151 -0.0056568959729823122 -0.0013260109218207194 -0.00015372646694578052 -0.0013694750284947155 0.016388603045236483 -0.0027960347259751829 -0.0038608049934949931 0.0082443309120002976 -0.023621220982492377 -0.002450805418506086 0.010509741575532328 -0.00074432107744599747 -0.033706823286134835 -0.0073479688931114675 -0.025590855760052378 0.004367804682262744 -0.0094313534311247782 0.0011499952474541165 -0.02112771543566341 0.0011572625206552002 -0.0044195485944364069 0.0033509775744164916
leaf_weight=12060 213347 560 216 245 597 634 269 508 1113 432 201 2008 211 1406 488 797 206 717 558 1414 497 965 203 4856 492 782 756 1274 217 1118
leaf_count=12060 213347 560 216 245 597 634 269 508 1113 432 201 2008 211 1406 488 797 206 717 558 1414 497 965 203 4856 492 782 756 1274 217 1118
internal_value=3.4115e-06 -0.000972804 -0.00075712 -0.00267127 -0.00602549 -0.00287865 0.00373737 -0.00138366 -0.00259687 0.0036036 0.0083691 -0.00362504 8.33608e-05 -0.0017074 0.000132727 0.00528958 0.000102755 -0.00616292 0.000743855 -0.00414918 -0.00715983 -0.0091712 0.000129091 0.00219512 -0.00416667 -0.00116822 6.616e-05 -0.00392157 -0.0130233 -0.000828729
internal_weight=249147 18843 18283 6223 1716 1119 485 4507 3629 878 446 3121 230304 6169 224135 1285 222850 923 3082 3087 1673 1462 221927 6550 1694 1274 215377 2030 420 2524
internal_count=249147 18843 18283 6223 1716 1119 485 4507 3629 878 446 3121 230304 6169 224135 1285 222850 923 3082 3087 1673 1462 221927 6550 1694 1274 215377 2030 420 2524
cat_boundaries=0 1 2
cat_threshold=84 16
is_linear=0
shrinkage=0.05


Tree=203
num_leaves=31
num_cat=0
split_feature=0 2 10 10 7 9 11 11 8 5 8 0 8 11 8 10 10 0 12 0 9 0 8 9 10 10 9 10 10 8
split_gain=6.40432 19.6525 22.7145 10.4228 9.70328 20.8375 13.1145 14.5219 14.4882 12.6103 16.4312 12.5437 11.7772 10.6557 8.93902 8.90672 14.7539 16.0484 13.4322 9.3983 8.05943 7.76827 7.34226 7.25068 7.238 7.19542 8.02106 6.99595 10.5244 10.1241
threshold=62.500000000000007 1.0000000180025095e-35 101.04500000000002 99.945000000000007 14.500000000000002 -82.649999999999991 97.385000000000005 91.745000000000019 27.450000000000003 3.5000000000000004 26.050000000000004 67.500000000000014 26.650000000000002 106.99500000000002 25.850000000000005 124.43000000000002 119.67000000000002 68.500000000000014 1.0000000180025095e-35 73.500000000000014 -81.049999999999983 74.500000000000014 26.150000000000002 -80.049999999999983 93.870000000000019 79.535000000000011 -80.449999999999989 39.330000000000005 42.845000000000006 28.050000000000004
decision_type=2 2 10 8 2 2 8 10 2 2 2 2 2 8 2 10 10 2 8 2 2 2 2 2 8 10 2 10 10 2
left_child=23 4 3 -3 6 27 7 -2 9 10 11 14 -11 20 -8 16 18 -18 -15 -19 -7 -12 -20 -1 -13 26 -22 29 -29 -6
right_child=1 2 -4 -5 5 13 8 -9 -10 12 21 24 -14 15 -16 -17 17 19 22 -21 25 -23 -24 -25 -26 -27 -28 28 -30 -31
leaf_value=8.187971589750376e-05 -0.00037742487351337677 0.0028364693235134911 0.013072843997021001 -0.0058047983210727239 -0.013298924288894698 0.00044734631829470575 0.010011706981102897 -0.019014287530988307 -0.0035015772153148108 0.0025386643568294787 0.0036041548093335152 0.0057799226072104311 -0.0096774381519406216 -0.0079753179224915094 -0.0075889504442830276 -0.0092230913274175211 0.0056145321361831257 -0.0051900848346456922 -0.0012954858070296283 0.0021364443811436652 -0.016776645855688433 0.011446285237863219 -0.0039766037510251097 0.0074597159789975727 -0.013367088093758729 0.0027585444786789818 0.0010690730504963498 0.0076205798586794771 0.00025976997783558889 0.003301190312996383
leaf_weight=221806 799 1923 648 571 348 2374 313 447 1124 457 2401 214 415 889 270 242 549 472 1076 279 456 477 2650 739 468 224 219 222 5784 291
leaf_count=221806 799 1923 648 571 348 2374 313 447 1124 457 2401 214 415 889 270 242 549 472 1076 279 456 477 2650 739 468 224 219 222 5784 291
internal_value=7.82639e-06 -0.000725237 0.00298223 0.000798722 -0.00122284 -0.00191172 0.000277214 -0.00437898 0.00122784 0.00237811 0.00352757 -0.00121569 -0.00306122 -0.00342161 0.00413153 -0.00464569 -0.00424473 0.000458015 -0.00556757 -0.0042707 -0.00111179 0.00560942 -0.00422912 9.5482e-05 -0.00578035 -0.00511551 -0.00766423 0.000232908 0.000764628 -0.00469954
internal_weight=249147 26602 3142 2494 23460 16075 7385 1246 6139 5015 4143 1265 872 9430 583 6157 5915 1300 4615 751 3273 2878 3726 222545 682 899 675 6645 6006 639
internal_count=249147 26602 3142 2494 23460 16075 7385 1246 6139 5015 4143 1265 872 9430 583 6157 5915 1300 4615 751 3273 2878 3726 222545 682 899 675 6645 6006 639
is_linear=0
shrinkage=0.05


Tree=204
num_leaves=31
num_cat=3
split_feature=4 8 9 13 10 3 13 11 11 0 0 0 5 10 3 11 9 0 10 11 0 10 0 10 0 0 8 9 0 8
split_gain=6.65207 16.2414 14.8374 14.5087 13.651 13.4659 12.2317 19.8037 9.73312 9.12042 15.9431 8.64475 9.74518 8.04546 7.68041 12.2527 8.94316 9.09695 7.10312 12.4577 15.8206 12.8315 23.4028 10.2957 27.6833 56.9817 44.4615 41.2944 51.2661 35.6187
threshold=0 26.650000000000002 -81.949999999999989 2009.5000000000002 69.120000000000019 1 1999.5000000000002 68.540000000000006 63.750000000000007 16.500000000000004 31.500000000000004 33.500000000000007 2.5000000000000004 21.125000000000004 2 103.20500000000001 -86.84999999999998 22.500000000000004 128.71500000000003 103.04000000000001 40.500000000000007 133.57000000000002 53.500000000000007 103.31500000000001 49.500000000000007 63.500000000000007 27.850000000000005 -82.449999999999989 42.500000000000007 27.950000000000003
decision_type=9 2 2 2 10 9 2 8 8 2 2 2 2 8 9 8 2 2 10 10 2 10 2 10 2 2 2 2 2 2
left_child=1 3 8 5 9 -1 -7 -8 11 -5 13 12 -3 -11 15 -10 17 -16 23 -20 -21 -22 -23 -2 26 -26 27 28 -25 -27
right_child=18 2 -4 4 -6 6 7 -9 14 10 -12 -13 -14 -15 16 -17 -18 -19 19 20 21 22 -24 24 25 29 -28 -29 -30 -31
leaf_value=-0.0037795985120152144 -3.4800290706016313e-06 0.0088504334450630225 -0.0063294835031540327 0.01664352649234644 -0.010385197719107798 0.00059414915119329061 0.014895307780843404 0.0061263298463203782 0.023172379582633785 -0.0023278085999503431 0.00067757350878823181 0.009540453036509168 -0.019583388846366304 -0.023909031186097354 -0.023948965238969323 -0.0018830179574231389 -0.0017238330340762166 -0.0017536664860800411 -0.0062388812455695056 0.012205913573376394 -0.0047585374893023063 -0.0071688622644482617 0.0072665839301266025 -0.0056195887479778333 0.0031108023367102614 0.00017082329696176403 0.0034065677468958278 0.004010798785124248 -0.026480073032581777 -0.0084450315166445297
leaf_weight=408 196028 276 2190 213 581 770 207 1348 261 256 3433 431 215 267 294 419 6986 288 2889 649 964 487 558 3514 9395 8227 4835 1235 852 671
leaf_count=408 196028 276 2190 213 581 770 207 1348 261 256 3433 431 215 267 294 419 6986 288 2889 649 964 487 558 3514 9395 8227 4835 1235 852 671
internal_value=9.4318e-06 -0.000893283 -0.00208443 0.000914187 -0.000756303 0.0038097 0.00526652 0.00782748 -0.00119826 0.000251256 -0.000302572 0.00364807 -0.000898204 -0.00834897 -0.00174376 0.00328571 -0.00220084 -0.00810811 8.33608e-05 -0.00168256 0.000787106 -0.00141159 0.00241706 0.00012702 0.00101082 0.0021827 -0.00104346 -0.00407236 -0.00635283 -0.000684778
internal_weight=249147 18843 11360 7483 4750 2733 2325 1555 9170 4169 3956 922 491 523 8248 680 7568 582 230304 5547 2658 2009 1045 224757 28729 18293 10436 5601 4366 8898
internal_count=249147 18843 11360 7483 4750 2733 2325 1555 9170 4169 3956 922 491 523 8248 680 7568 582 230304 5547 2658 2009 1045 224757 28729 18293 10436 5601 4366 8898
cat_boundaries=0 1 2 3
cat_threshold=84 24 16
is_linear=0
shrinkage=0.05


Tree=205
num_leaves=31
num_cat=1
split_feature=9 13 10 8 13 10 9 13 10 0 9 8 10 0 10 0 0 9 8 10 0 9 0 4 13 10 13 0 13 0
split_gain=4.23901 6.71969 4.51453 4.21019 19.6749 21.2385 19.7794 23.6066 38.7088 37.348 16.8954 10.9575 10.6582 25.5954 12.0272 40.4905 19.0456 12.1242 11.9479 11.0676 21.353 11.4008 11.702 10.9549 10.5841 20.0883 18.1783 18.8513 13.9508 10.6653
threshold=-80.049999999999983 1999.5000000000002 105.16000000000001 25.850000000000005 2020.5000000000002 69.120000000000019 -80.34999999999998 1998.5000000000002 19.185000000000006 23.500000000000004 -80.149999999999991 25.750000000000004 86.515000000000015 30.500000000000004 70.125000000000014 31.500000000000004 42.500000000000007 -80.449999999999989 24.650000000000002 69.680000000000021 54.500000000000007 -81.549999999999983 61.500000000000007 0 2015.5000000000002 87.375000000000014 2000.5000000000002 34.500000000000007 1998.5000000000002 50.500000000000007
decision_type=2 2 8 2 2 8 2 2 10 2 2 2 10 2 10 2 2 2 2 10 2 2 2 9 2 8 2 2 2 2
left_child=3 -2 -3 4 6 -6 7 8 -1 -10 24 -7 14 -14 19 18 17 -17 -16 21 -21 -9 -23 -15 26 -26 27 28 -8 -29
right_child=1 2 -4 -5 5 11 10 12 9 -11 -12 -13 13 23 15 16 -18 -19 -20 20 -22 22 -24 -25 25 -27 -28 29 -30 -31
leaf_value=-0.018679338059240914 0.013390887988343715 0.0061957756488164152 -0.010394955056330436 -8.7060585770615265e-05 0.0032058660332281441 -0.022808789769665341 0.0045116895085238083 -0.012451349303749117 -0.013969609377426952 0.0043292365342509692 -0.0053521899980923495 -0.0073498423992654164 -0.0055663874977318175 0.013785791889359489 -0.0045468489145203961 0.01453434004095362 -0.0043668908513840423 -0.004283239129243022 -0.014526937298310828 0.0060388733524196605 -0.0084924242923893455 0.00077074130315883953 0.010061799715556674 -0.00012448258660793243 -0.0024189729539754626 0.016471856854268375 -0.0036015988953712608 -0.0023379434017644974 0.015961021172748512 0.0104164998875528
leaf_weight=1262 416 214 200 211111 217 289 2190 607 770 2080 867 239 354 862 613 892 779 303 1075 1528 349 14428 239 251 373 962 1309 1900 1838 400
leaf_count=1262 416 214 200 211111 217 289 2190 607 770 2080 867 239 354 862 613 892 779 303 1075 1528 349 14428 239 251 373 962 1309 1900 1838 400
internal_value=2.55095e-05 0.00357143 -0.000943396 1.35028e-05 0.000505597 -0.00748344 0.000671891 -4.16635e-05 -0.00351771 -0.00027972 0.00258402 -0.0128253 0.000601166 0.00470548 0.000309754 -0.00228758 0.00257056 0.00651452 -0.00795053 0.000865334 0.00447801 0.000418739 0.000698372 0.00841496 0.00322868 0.00732342 0.00250425 0.00361313 0.00567112 0
internal_weight=248917 830 414 248087 36976 745 36231 26392 4112 2850 9839 528 22280 1467 20813 3662 1974 1195 1688 17151 1877 15274 14667 1113 8972 1335 7637 6328 4028 2300
internal_count=248917 830 414 248087 36976 745 36231 26392 4112 2850 9839 528 22280 1467 20813 3662 1974 1195 1688 17151 1877 15274 14667 1113 8972 1335 7637 6328 4028 2300
cat_boundaries=0 1
cat_threshold=6
is_linear=0
shrinkage=0.05


Tree=206
num_leaves=31
num_cat=6
split_feature=9 3 10 8 4 3 8 7 10 10 8 8 9 9 2 4 9 10 8 9 8 9 10 10 4 10 7 7 3 7
split_gain=3.95637 4.82763 5.66718 4.0508 21.4484 19.7112 32.0937 23.1176 24.1926 26.9458 17.6085 12.3529 15.5988 15.5873 14.1988 15.8515 12.2626 20.0622 11.627 19.106 44.2227 26.3162 35.085 28.239 17.4667 15.4571 27.8649 13.9103 12.3623 22.1838
threshold=-80.049999999999983 0 38.465000000000011 25.950000000000003 1 2 25.750000000000004 17.500000000000004 94.710000000000022 86.515000000000015 25.850000000000005 25.750000000000004 -81.34999999999998 -80.149999999999991 1.0000000180025095e-35 3 -81.649999999999991 68.420000000000016 26.350000000000005 -81.749999999999986 26.150000000000002 -80.249999999999986 86.515000000000015 110.94000000000001 4 42.845000000000006 23.500000000000004 12.500000000000002 5 14.500000000000002
decision_type=2 9 8 2 9 9 2 2 8 10 2 2 2 2 2 9 2 10 2 2 2 2 8 8 9 8 2 2 9 2
left_child=3 2 -2 4 11 6 -6 8 9 16 -8 12 -1 -13 15 -14 17 -7 19 24 21 23 -23 -21 -5 -22 -27 -24 29 -20
right_child=1 -3 -4 18 5 7 10 -9 -10 -11 -12 13 14 -15 -16 -17 -18 -19 28 20 25 22 27 -25 -26 26 -28 -29 -30 -31
leaf_value=0.0062951173051638779 0.010717764229109328 0.018668266414579193 -0.0046220454230512685 0.0021560880885138191 -0.0022282412054951627 -0.015742507308975286 0.031169296960421145 0.0015682603176146337 -0.010094368244904129 0.0072794813785265425 -0.00095234185302333079 0.0102719661674886 0.0041723666070405232 -0.0021622523053055789 0.01335702758264974 -0.0078356750869851954 -0.0012151480311680452 -0.00032823492579101557 0.0065737665220124697 -0.0031535822937193815 -0.0028766009672177798 -0.010040773591639596 -0.014903008525622586 -0.019748077536703337 -0.0056131579855868809 -0.015446962787679742 -0.00047776666451397891 0.0036144737394783635 -2.9731033590607581e-05 0.0002082260841607564
leaf_weight=1271 271 226 333 6849 939 803 786 12311 3165 1894 228 2997 649 761 321 1881 14633 1024 2201 2206 1888 1542 274 562 958 2336 812 7056 172909 4831
leaf_count=1271 271 226 333 6849 939 803 786 12311 3165 1894 228 2997 649 761 321 1881 14633 1024 2201 2206 1888 1542 274 562 958 2336 812 7056 172909 4831
internal_value=2.67147e-05 0.00345238 0.000961538 1.51151e-05 0.000452224 -6.843e-05 0.00478966 -0.000351551 -0.00134005 -0.000642562 0.0109375 0.00281013 0.000919652 0.00488323 -0.00113597 -0.00240157 -0.00129326 -0.00514426 -7.82649e-05 -0.00110031 -0.00205562 -0.000360515 0.00096825 -0.00460763 0.000940258 -0.00596512 -0.0081064 0.00241144 6.08499e-05 0.00211288
internal_weight=248917 830 604 248087 43663 35783 1953 33830 21519 18354 1014 7880 4122 3758 2851 2530 16460 1827 204424 24483 16676 11640 8872 2768 7807 5036 3148 7330 179941 7032
internal_count=248917 830 604 248087 43663 35783 1953 33830 21519 18354 1014 7880 4122 3758 2851 2530 16460 1827 204424 24483 16676 11640 8872 2768 7807 5036 3148 7330 179941 7032
cat_boundaries=0 1 2 3 4 5 6
cat_threshold=20 140 2 4 106 8
is_linear=0
shrinkage=0.05


Tree=207
num_leaves=31
num_cat=6
split_feature=0 11 13 0 9 11 11 10 11 11 0 4 10 9 3 4 2 9 9 4 3 7 13 13 3 0 9 10 9 9
split_gain=4.23331 10.3928 6.8336 5.69488 4.88159 4.42231 18.131 34.106 10.6076 25.9837 15.057 16.4452 19.7315 21.2916 20.0804 12.6676 15.6141 12.9829 12.8698 25.6558 11.9791 11.68 18.785 23.3895 17.6002 13.709 11.4854 15.5542 20.0295 11.9395
threshold=98.500000000000014 117.08500000000002 2016.5000000000002 94.500000000000014 -81.949999999999989 90.350000000000009 91.745000000000019 52.20000000000001 77.085000000000022 72.915000000000006 19.500000000000004 0 36.195000000000007 -86.649999999999991 1 2 1.0000000180025095e-35 -82.649999999999991 -81.649999999999991 3 4 18.500000000000004 1997.5000000000002 2023.5000000000002 5 23.500000000000004 -81.549999999999983 9.2850000000000019 -81.949999999999989 -80.749999999999986
decision_type=2 8 2 2 2 8 8 8 10 10 2 9 10 2 9 9 2 2 2 9 9 2 2 2 9 2 2 10 2 2
left_child=3 2 -2 5 -5 8 7 -7 9 15 11 -10 14 -14 -13 16 -1 20 19 -19 -17 22 -12 25 -23 -24 27 -27 -29 -28
right_child=1 -3 -4 4 -6 6 -8 -9 10 -11 21 12 13 -15 -16 17 -18 18 -20 -21 -22 24 23 -25 -26 26 29 28 -30 -31
leaf_value=-0.013847086358640582 0.00030194638638043615 0.0035100216921810645 -0.009592699799588723 0.010937321015961477 -3.5382683901730164e-05 -0.00088696684313149809 -8.1019776920365774e-05 -0.026423631197982633 0.014555485703650195 -0.011157045064489514 0.013306792229873255 0.0028689210977706383 0.016238828169344632 -0.0032613850447904104 -0.011864482510044594 0.0057001520152887512 0.00023130551775674135 -0.0080558015258503698 0.00020559169458280737 0.0042369672369876989 -0.0024669569304323958 0.016894753477583003 -0.020492645684675372 0.012390789498157329 -0.0014813569356767254 0.0085105809250442203 0.0067837014506240585 -0.00025976973657941825 -0.016590060395705122 -0.010176339760468079
leaf_weight=298 222 454 531 295 258 546 176332 233 897 1215 1554 506 461 1562 1408 663 374 1333 32271 11021 9100 1212 375 751 527 546 1646 1353 727 246
leaf_count=298 222 454 531 295 258 546 176332 233 897 1215 1554 506 461 1562 1408 663 374 1333 32271 11021 9100 1212 375 751 527 546 1646 1353 727 246
internal_value=2.4706e-05 -0.00291701 -0.00648755 3.91571e-05 0.00506217 2.77141e-05 -0.000105295 -0.00766793 0.000363995 5.95185e-05 0.00160729 -0.000639967 -0.00203437 0.00140187 -0.00566528 0.00021972 -0.00650289 0.000305102 0.000666517 0.00203818 -0.00134554 0.00282218 0.00192841 0.000583658 0.00648942 -0.000683255 8.83392e-05 -0.00204856 -0.00401914 0.00304942
internal_weight=248917 1207 753 247710 553 247157 177111 779 70046 56275 13771 4834 3937 2023 1914 55060 672 54388 44625 12354 9763 8937 7198 5644 1739 4893 4518 2626 2080 1892
internal_count=248917 1207 753 247710 553 247157 177111 779 70046 56275 13771 4834 3937 2023 1914 55060 672 54388 44625 12354 9763 8937 7198 5644 1739 4893 4518 2626 2080 1892
cat_boundaries=0 1 2 3 4 5 6
cat_threshold=168 10 16 136 8 4
is_linear=0
shrinkage=0.05


Tree=208
num_leaves=31
num_cat=2
split_feature=8 13 4 13 0 11 4 13 0 13 10 7 8 13 9 8 10 11 13 0 7 7 9 11 7 10 12 10 13 13
split_gain=3.8766 27.2886 18.649 14.7732 16.3433 14.6617 19.8224 12.961 19.9746 44.8452 26.76 18.1055 11.9712 35.4821 24.5375 21.3514 21.2166 21.2639 30.9969 40.7294 16.741 21.8456 14.4471 16.19 15.7474 23.5148 14.4772 13.9411 23.1913 25.4411
threshold=25.950000000000003 2020.5000000000002 0 2018.5000000000002 35.500000000000007 110.41500000000001 1 1998.5000000000002 23.500000000000004 1994.5000000000002 13.785000000000002 18.500000000000004 26.350000000000005 2021.5000000000002 -80.149999999999991 26.050000000000004 15.290000000000001 67.445000000000007 2004.5000000000002 35.500000000000007 12.500000000000002 13.500000000000002 -80.449999999999989 90.350000000000009 20.500000000000004 14.360000000000001 1.0000000180025095e-35 20.870000000000001 2011.5000000000002 2014.5000000000002
decision_type=2 2 9 2 2 8 9 2 2 2 10 2 2 2 2 2 8 10 2 2 2 2 2 10 2 10 10 10 2 2
left_child=1 2 3 4 -1 -3 -7 8 9 -4 11 -10 13 14 16 -16 -2 27 -19 -20 -15 -22 -14 24 -24 26 -26 28 -18 -30
right_child=12 5 7 -5 -6 6 -8 -9 10 -11 -12 -13 22 20 15 -17 17 18 19 -21 21 -23 23 -25 25 -27 -28 -29 29 -31
leaf_value=0.0070356946163899984 0.001866605264929877 0.00082571964538260547 -0.00079418373833322069 0.013479674190853209 -0.00075854416627603178 -0.017361735592490879 0.0021402816771913359 0.0009511086001685598 -0.016360371454983102 -0.021822543771205363 0.0042731748535540072 0.0012256467036372955 -3.4868191146131271e-05 -0.019903841639255005 0.0069999162067357901 -0.0050395621174192939 -0.0061392438441061799 -0.03266672136399338 0.0024815591220122449 -0.02311488415721712 0.0068770463609762805 0.00065747316917255107 0.015414418155531795 -0.0026037548397712662 0.001177231921930222 0.010492652418383264 -0.013464974527313479 -0.0016629657747105676 -0.032520052906939427 -0.0061029999868540859
leaf_weight=4604 1645 490 1931 334 2593 858 304 27821 589 959 2635 545 172661 302 1952 1679 3951 263 550 466 1557 8307 1059 2319 2188 2236 308 3116 355 340
leaf_count=4604 1645 490 1931 334 2593 858 304 27821 589 959 2635 545 172661 302 1952 1679 3951 263 550 466 1557 8307 1059 2319 2188 2236 308 3116 355 340
internal_value=1.98853e-05 0.000447645 0.000696081 0.00294663 0.00246288 -0.00583634 -0.00887372 0.000202899 -0.00177688 -0.00489655 0.000621858 -0.00576923 -7.11279e-05 -0.00110848 -0.00271166 0.000837682 -0.00391735 -0.00486687 -0.0108223 -0.00672515 0.00114976 0.00150901 6.9421e-05 0.00213054 0.00354249 0.00229861 -0.00103751 -0.00387288 -0.00560567 -0.0139716
internal_weight=248917 43663 42011 7531 7197 1652 1162 34480 6659 2890 3769 1134 205254 24483 14317 3631 10686 9041 1279 1016 10166 9864 180771 8110 5791 4732 2496 7762 4646 695
internal_count=248917 43663 42011 7531 7197 1652 1162 34480 6659 2890 3769 1134 205254 24483 14317 3631 10686 9041 1279 1016 10166 9864 180771 8110 5791 4732 2496 7762 4646 695
cat_boundaries=0 1 2
cat_threshold=140 130
is_linear=0
shrinkage=0.05


Tree=209
num_leaves=31
num_cat=2
split_feature=13 13 7 13 8 8 7 3 9 9 9 11 11 13 9 7 4 7 7 9 8 9 8 9 13 9 8 8 9 13
split_gain=3.98275 25.7866 38.5521 19.8213 20.8879 39.9775 31.1689 13.5231 15.3229 27.7182 12.5642 12.4387 29.7954 26.7565 23.2355 22.7197 20.1607 19.823 12.0071 16.4591 11.975 11.9729 16.5129 39.685 25.1085 28.1347 20.787 16.5549 25.7656 13.5158
threshold=1996.5000000000002 1997.5000000000002 16.500000000000004 1995.5000000000002 27.750000000000004 27.850000000000005 19.500000000000004 0 -86.949999999999989 -86.749999999999986 -82.449999999999989 89.720000000000013 46.250000000000007 1993.5000000000002 -81.249999999999986 17.500000000000004 1 10.500000000000002 15.500000000000002 -85.249999999999986 30.150000000000002 -80.149999999999991 27.950000000000003 -81.749999999999986 1985.5000000000002 -82.549999999999983 27.850000000000005 27.050000000000004 -82.34999999999998 1988.5000000000002
decision_type=2 2 2 2 2 2 2 9 2 2 2 10 10 2 2 2 9 2 2 2 2 2 2 2 2 2 2 2 2 2
left_child=3 2 -2 7 -5 6 -6 -1 -9 -10 -4 12 16 -14 -15 17 21 -13 19 -19 -18 22 24 29 -11 26 -26 -27 -29 -24
right_child=1 -3 10 4 5 -7 -8 8 9 11 -12 15 13 14 -16 -17 20 18 -20 -21 -22 -23 23 -25 25 27 -28 28 -30 -31
leaf_value=0.0035308006212414257 0.0080970755319787809 -3.833833381907681e-05 -0.035599988498485134 -0.0063355399914875044 0.026096130961268661 0.0018382017797497598 0.0047909667555317897 -0.0052055813134098908 0.023507585987263369 0.0024488802886005524 -0.015997810632637676 -0.012351869010005158 -0.0033727783958975356 -0.041866158365986908 -0.009601086367353729 -0.0015457136564479335 -0.0052044186440237013 0.0072773835084818383 0.01225823012894045 -0.010257244740029314 -0.03142335713266009 0.0097499183628064097 -0.0043882905529346594 -0.013035279312767802 -0.024243049847925715 -0.0073687267582532639 -0.0030909577586911933 -0.0028750338337769858 0.033988697687674117 0.0049330771788249628
leaf_weight=3679 358 201439 254 905 945 2913 720 2886 548 3669 586 451 1040 289 314 6010 4079 3688 1441 362 223 1158 811 888 942 1580 537 665 318 5219
leaf_count=3679 358 201439 254 905 945 2913 720 2886 548 3669 586 451 1040 289 314 6010 4079 3688 1441 362 223 1158 811 888 942 1580 537 665 318 5219
internal_value=1.14491e-05 -8.41365e-05 -0.00736755 0.000429898 0.00324959 0.00462075 0.0107761 5.02365e-05 -0.000236954 5.84078e-05 -0.0131765 -0.000124651 -0.00083709 -0.00728978 -0.0155791 0.00117037 -0.000305985 0.00336022 0.00419015 0.00278325 -0.00333179 0.000521921 0.000133206 0.00190531 -0.00145707 -0.00417078 -0.00963734 -0.000991061 0.00407855 0.00336093
internal_weight=248917 202637 1198 46280 5483 4578 1665 40797 37118 34232 840 33684 21732 1643 603 11952 20089 5942 5491 4050 4302 15787 14629 6918 7711 4042 1479 2563 983 6030
internal_count=248917 202637 1198 46280 5483 4578 1665 40797 37118 34232 840 33684 21732 1643 603 11952 20089 5942 5491 4050 4302 15787 14629 6918 7711 4042 1479 2563 983 6030
cat_boundaries=0 1 2
cat_threshold=8 2
is_linear=0
shrinkage=0.05


Tree=210
num_leaves=31
num_cat=2
split_feature=10 0 0 13 0 9 11 11 11 0 11 10 9 10 9 0 9 4 9 4 0 9 0 7 0 0 13 10 10 0
split_gain=6.66419 9.6077 10.3472 6.38604 18.1243 23.2217 17.2081 16.2082 20.877 27.8285 22.1117 19.3384 21.2147 18.9652 37.8809 27.581 34.771 31.6028 43.3392 28.4188 30.1185 23.4548 44.2947 28.4577 29.3339 22.9675 23.3434 22.7746 39.3622 22.6683
threshold=1.0000000180025095e-35 33.500000000000007 22.500000000000004 2016.5000000000002 43.500000000000007 -83.049999999999983 98.055000000000021 48.590000000000011 63.750000000000007 40.500000000000007 60.415000000000006 36.655000000000008 -81.649999999999991 32.690000000000005 -82.84999999999998 44.500000000000007 -82.749999999999986 0 -82.549999999999983 1 62.500000000000007 -82.749999999999986 30.500000000000004 16.500000000000004 39.500000000000007 66.500000000000014 2023.5000000000002 127.87500000000001 117.12500000000001 41.500000000000007
decision_type=8 2 2 2 2 2 10 8 8 2 10 10 2 10 2 2 2 9 2 9 2 2 2 2 2 2 2 10 10 2
left_child=1 2 -1 4 -2 6 -6 -5 9 10 -9 -11 -13 -10 -15 17 25 18 -16 -18 -21 22 -19 27 -25 26 -17 28 -23 -30
right_child=3 -3 -4 7 5 -7 -8 8 13 11 -12 12 -14 14 15 16 19 21 -20 20 -22 23 -24 24 -26 -27 -28 -29 29 -31
leaf_value=0.00035428729306019591 9.14923832264769e-06 -0.0042670932622935085 0.015564366528063457 -0.0067504032821195997 0.0075632812605420877 -0.0035404288879154148 -0.013197295794773379 0.0041304835774696796 0.0011092710676668728 -0.024436663829987638 0.012444321584653828 0.0050326524497536166 -0.0013798639143764114 -0.0093438479814130556 0.022989875330189858 -0.0081718576295388701 0.00025626400805620623 -0.00052767197967176218 -0.00071852210066101216 -0.0067676833820883965 0.0022144417051161991 -0.0028000093154085803 -0.021579730876533889 -0.0013384910316514454 0.0077508722547382728 -2.409207819615844e-05 0.0044223350842274916 0.007119294181578706 -0.011975107948659504 -0.030206430050620625
leaf_weight=785 112992 526 513 1255 1409 14452 252 3119 43138 204 1687 2079 4529 1886 603 251 30174 1171 1351 2617 1112 9052 1082 2166 1309 2775 4660 586 1358 227
leaf_count=785 112992 526 513 1255 1409 14452 252 3119 43138 204 1687 2079 4529 1886 603 251 30174 1171 1351 2617 1112 9052 1082 2166 1309 2775 4660 586 1358 227
internal_value=5.05354e-05 0.00305344 0.00535168 2.82821e-05 -0.000214925 -0.00178317 0.00380012 0.000293494 0.000354259 0.00236498 0.00527409 0.000307828 0.000785736 0.000132666 -0.000424748 -0.000206598 0.000513233 -0.00178958 0.00420466 -0.000175449 -0.00428114 -0.00248365 -0.00722492 -0.00175415 0.00219512 0.0035473 0.00559846 -0.00297783 -0.00350803 -0.0107524
internal_weight=249320 1824 1298 247496 129105 16113 1661 118391 117136 11618 4806 6812 6608 105518 62380 60494 41589 18905 1954 33903 3729 16951 2253 14698 3475 7686 4911 11223 10637 1585
internal_count=249320 1824 1298 247496 129105 16113 1661 118391 117136 11618 4806 6812 6608 105518 62380 60494 41589 18905 1954 33903 3729 16951 2253 14698 3475 7686 4911 11223 10637 1585
cat_boundaries=0 1 2
cat_threshold=152 106
is_linear=0
shrinkage=0.05


Tree=211
num_leaves=31
num_cat=5
split_feature=9 13 10 8 13 0 8 9 0 10 10 4 0 11 9 4 9 4 11 10 9 11 3 8 9 11 4 0 0 0
split_gain=5.68237 9.37678 5.56958 9.70077 6.61088 17.1323 20.7639 20.7157 19.4134 16.3824 18.3515 16.1518 30.9218 31.9299 15.4943 34.1362 19.5372 21.7048 17.1175 19.6696 29.228 18.4445 25.3835 27.8422 22.9691 63.2116 21.0226 18.6178 33.2148 26.2686
threshold=-80.049999999999983 1999.5000000000002 1.0000000180025095e-35 26.550000000000004 2016.5000000000002 43.500000000000007 24.650000000000002 -83.049999999999983 30.500000000000004 80.725000000000009 33.175000000000004 0 36.500000000000007 118.75000000000001 -85.449999999999989 1 -85.249999999999986 2 48.590000000000011 108.59500000000001 -81.249999999999986 63.750000000000007 3 26.050000000000004 -82.549999999999983 56.835000000000008 4 35.500000000000007 32.500000000000007 33.500000000000007
decision_type=2 2 8 2 2 2 2 2 2 10 8 9 2 10 2 9 2 9 8 10 2 10 9 2 2 8 9 2 2 2
left_child=2 -2 3 -1 5 6 8 9 -4 10 -7 12 -6 -14 15 -13 -16 -18 19 20 -19 22 -20 26 25 -25 -24 28 -26 -30
right_child=1 -3 4 -5 11 7 -8 -9 -10 -11 -12 14 13 -15 16 -17 17 18 21 -21 -22 -23 23 24 27 -27 -28 -29 29 -31
leaf_value=-0.007536339954544502 0.015937509960250517 -0.00076742939896901063 -0.0029822319043951054 0.0048810820090246405 0.036401122320784872 -0.0099523046983967418 -0.000175857158381465 -0.0034763055290009783 0.0069816989692630844 -0.014765786973804308 0.010024851930849989 0.015360742945002183 0.0060986710516465429 -0.011874099540907146 0.0087049707639680566 -0.0067159737142521436 -0.0027458454685367786 -0.022450538279415969 -0.0038488302475934155 0.0097836438287849607 -0.0011751214967040014 0.00012039202291100893 0.011640977411754428 0.004042752623527779 0.0074679538462048894 -0.027835217578873285 -0.0072548969980579699 0.0029399370929132475 0.047758592286245218 0.0080705464513314961
leaf_weight=484 396 415 1092 1340 410 205 109472 14244 1866 217 1239 258 1084 220 1119 3592 3979 423 3848 271 434 85937 530 843 2534 447 2021 9605 346 449
leaf_count=484 396 415 1092 1340 410 205 109472 14244 1866 217 1239 258 1084 220 1119 3592 3979 423 3848 271 434 85937 530 843 2534 447 2021 9605 346 449
internal_value=4.93322e-05 0.00420219 3.5611e-05 0.00278081 1.5201e-05 -0.000233355 -1.60085e-05 -0.00176877 0.00411051 0.0035009 0.00543329 0.000284725 0.00507497 0.00129376 0.000213448 -0.00290155 0.000320047 0.000253857 0.000388086 -0.00571178 -0.00940023 0.000453223 0.00179567 0.00263471 0.00349867 -0.00284615 -0.00216712 0.00413319 0.0073525 0.0162112
internal_weight=249320 811 248509 1824 246685 128335 112430 15905 2958 1661 1444 118350 1714 1304 116636 3850 112786 111667 107688 1128 857 106560 20623 16775 14224 1290 2551 12934 3329 795
internal_count=249320 811 248509 1824 246685 128335 112430 15905 2958 1661 1444 118350 1714 1304 116636 3850 112786 111667 107688 1128 857 106560 20623 16775 14224 1290 2551 12934 3329 795
cat_boundaries=0 1 2 3 4 5
cat_threshold=8 36 4 18 160
is_linear=0
shrinkage=0.05


Tree=212
num_leaves=31
num_cat=3
split_feature=9 13 12 10 8 10 10 10 9 10 8 4 13 9 4 8 8 8 10 8 8 4 10 12 10 8 13 10 10 10
split_gain=5.66263 9.37678 5.54639 7.77544 9.35011 9.04819 10.5199 5.94947 24.6264 19.4101 60.3873 19.7289 18.2561 16.6621 17.4513 22.1252 36.2995 22.4554 17.5079 21.2766 15.8308 20.243 15.3519 22.8033 15.09 14.3827 13.831 13.1409 24.7906 16.2942
threshold=-80.049999999999983 1999.5000000000002 -1.0000000180025095e-35 45.480000000000011 25.350000000000005 26.445000000000004 32.690000000000005 103.31500000000001 -81.34999999999998 113.96500000000002 27.950000000000003 0 2023.5000000000002 -84.749999999999986 1 27.450000000000003 27.750000000000004 26.950000000000003 136.87500000000003 27.050000000000004 28.850000000000005 2 117.12500000000001 1.0000000180025095e-35 125.25500000000001 27.550000000000004 2021.5000000000002 101.42000000000002 101.04500000000002 97.470000000000013
decision_type=2 2 8 10 2 10 10 10 2 10 2 9 2 2 9 2 2 2 10 2 2 9 10 10 10 2 2 10 10 10
left_child=2 -2 3 5 -5 -1 -7 27 9 10 11 12 -9 -11 15 17 25 -15 -16 -20 21 -12 23 -18 -24 -17 -10 28 29 -4
right_child=1 -3 7 4 -6 6 -8 8 26 13 20 -13 -14 14 18 16 22 -19 19 -21 -22 -23 24 -25 -26 -27 -28 -29 -30 -31
leaf_value=-0.0029015864110446543 0.015140634462237968 -0.00072905792902053798 8.4057821272498506e-05 0.013778643202593656 -0.005228092512492833 0.012226692118109473 0.00090379802662523547 -0.0023057941569338603 -0.0063504901235696748 -0.01639995873482927 -0.0048214360429455821 -0.0011781264215873222 0.0047827586430895692 -0.0049904917886778762 -0.0036616315470796579 -0.0020185383089954992 -0.0048406767412783047 0.0051535621290363931 -0.0074385888028559504 0.015961359796096541 0.0011338000496677215 0.01009450995097394 0.004609201178883993 0.00083350369308137222 -0.00011164481764280865 -0.0087858581532677341 -0.024723376688321877 -0.0020073192131848218 0.0058681426087156653 -0.0020387913853796569
leaf_weight=1688 396 415 195673 232 2751 326 773 970 931 424 1759 1073 7390 465 3218 2154 973 3128 285 400 1306 227 4519 3305 2963 1042 203 3063 1253 6015
leaf_count=1688 396 415 195673 232 2751 326 773 970 931 424 1759 1073 7390 465 3218 2154 973 3128 285 400 1306 227 4519 3305 2963 1042 203 3063 1253 6015
internal_value=5.65516e-05 0.00420219 4.28539e-05 -0.00148789 -0.0032576 0.000411155 0.00392245 7.93e-05 0.000665397 0.000897195 0.00246172 0.00449539 0.00531026 2.62169e-05 0.000213694 0.000853573 6.68181e-06 0.00437136 -0.00281672 0.00438849 -0.0033616 -0.00616232 0.00129142 -0.00109608 0.00265617 -0.00470992 -0.00655594 -2.5241e-05 2.38974e-05 -1.98316e-05
internal_weight=249320 811 248509 5770 2983 2787 1099 242739 36735 35601 12725 9433 8360 22876 22452 18549 14956 3593 3903 685 3292 1986 11760 4278 7482 3196 1134 206004 202941 201688
internal_count=249320 811 248509 5770 2983 2787 1099 242739 36735 35601 12725 9433 8360 22876 22452 18549 14956 3593 3903 685 3292 1986 11760 4278 7482 3196 1134 206004 202941 201688
cat_boundaries=0 1 2 3
cat_threshold=178 74 2
is_linear=0
shrinkage=0.05


Tree=213
num_leaves=31
num_cat=6
split_feature=9 13 13 4 11 11 9 4 8 11 4 3 9 8 11 8 3 9 11 4 9 9 11 12 8 9 8 11 11 8
split_gain=5.00741 8.53211 5.1962 13.8749 26.4378 15.1656 13.5631 33.3222 19.3341 31.9901 19.754 17.3202 19.2915 16.1152 14.429 20.438 24.2136 22.8546 49.2411 15.5465 17.0523 14.4622 13.7563 20.6522 20.1405 15.803 24.1843 14.052 13.495 13.4165
threshold=-80.049999999999983 1999.5000000000002 2016.5000000000002 0 114.81500000000001 60.415000000000006 -85.449999999999989 1 29.950000000000003 53.165000000000006 2 3 -81.649999999999991 30.450000000000003 63.750000000000007 26.050000000000004 4 -82.549999999999983 56.835000000000008 5 -80.149999999999991 -80.149999999999991 112.25000000000001 1.0000000180025095e-35 28.350000000000005 -82.649999999999991 27.450000000000003 118.75000000000001 61.865000000000009 28.550000000000004
decision_type=2 2 2 9 10 8 2 9 2 8 9 9 2 2 10 2 9 2 8 9 2 2 10 10 2 2 2 10 10 2
left_child=2 -2 -1 4 5 -4 7 -5 9 -8 -11 12 -10 -9 15 19 28 18 -18 -12 -21 -19 -16 24 25 -24 -27 -26 -17 -30
right_child=1 -3 3 6 -6 -7 8 13 11 10 14 -13 -14 -15 22 16 17 21 -20 20 -22 -23 23 -25 27 26 -28 -29 29 -31
leaf_value=-0.00024283409839211958 0.014383602739126068 -0.0006926050325694711 -0.00031802466651242867 0.014588502906688429 -0.0029934042521243768 0.022289781261023302 -0.0074880931950326969 -0.0092129446019458602 0.016158189924980883 -0.0025496468740305645 0.0080702975947164468 -0.00103339132411433 0.0017086824626824538 0.0057065162044437128 -0.0010053481116792718 -0.0069598529040511897 0.0034472404241080671 0.0044513448701768875 -0.026447659590993225 -0.011167486533449279 0.0010193202756362929 -0.0061019636496246754 0.0017783425247149154 0.00081307196917856928 -0.0084723667227938112 0.0015268549671831446 -0.0038388340439008853 -0.0022883957181595526 0.024422403925605397 -0.00098019205699877436
leaf_weight=129705 396 415 273 258 706 737 2073 2801 1178 3879 629 1285 712 791 22615 1901 801 9910 423 1303 855 534 2735 55178 509 2575 2405 985 204 549
leaf_count=129705 396 415 273 258 706 737 2073 2801 1178 3879 629 1285 712 791 22615 1901 801 9910 423 1303 855 534 2735 55178 509 2575 2405 985 204 549
internal_value=6.01612e-05 0.00395859 4.72801e-05 0.000286162 0.0047235 0.00990196 0.000220309 -0.0026943 0.000319652 0.000208498 0.000326852 0.00416013 0.00717277 -0.00395903 0.000457597 0.00178457 0.00254675 0.00352498 -0.00291734 -0.00212728 -0.00413223 0.00428544 0.000196525 0.000569126 -0.00162165 -0.000588997 -0.00226453 -0.00691489 -0.00175767 0.00386632
internal_weight=249320 811 248509 118804 1716 1010 117088 3850 113238 110063 107990 3175 1890 3592 104111 17109 14322 11668 1224 2787 2158 10444 87002 64387 9209 7715 4980 1494 2654 753
internal_count=249320 811 248509 118804 1716 1010 117088 3850 113238 110063 107990 3175 1890 3592 104111 17109 14322 11668 1224 2787 2158 10444 87002 64387 9209 7715 4980 1494 2654 753
cat_boundaries=0 1 2 3 4 5 6
cat_threshold=8 36 4 4 18 176
is_linear=0
shrinkage=0.05


Tree=214
num_leaves=31
num_cat=2
split_feature=9 7 11 11 8 8 9 7 9 9 8 11 11 8 0 9 0 7 11 7 11 3 9 11 12 11 11 11 9 3
split_gain=4.71438 5.96309 12.6097 11.1384 5.89229 4.58364 28.6847 23.0786 22.841 18.2224 16.8831 18.6058 20.2849 16.1041 15.8775 15.4741 17.4382 14.5774 21.3685 26.7459 13.0964 27.0339 15.4197 14.8383 18.385 16.2433 12.175 13.6634 11.7444 11.2388
threshold=-80.049999999999983 25.500000000000004 48.590000000000011 42.085000000000008 27.450000000000003 29.650000000000002 -82.84999999999998 23.500000000000004 -85.949999999999989 -86.549999999999983 30.350000000000005 89.165000000000006 50.355000000000011 30.450000000000003 37.500000000000007 -85.749999999999986 15.500000000000002 12.500000000000002 90.160000000000011 16.500000000000004 98.055000000000021 0 -86.84999999999998 85.680000000000021 1.0000000180025095e-35 96.885000000000005 54.260000000000012 135.28500000000003 -86.949999999999989 1
decision_type=2 2 8 10 2 2 2 2 2 2 2 10 8 2 2 2 2 2 8 2 10 9 2 8 10 10 8 8 2 9
left_child=1 5 3 -3 -4 6 -1 8 9 10 11 12 -7 -11 -13 17 26 -10 -19 -20 23 -22 -23 -12 28 -26 -17 -28 -25 -27
right_child=-2 2 4 -5 -6 7 -8 -9 15 13 20 14 -14 -15 -16 16 -18 18 19 -21 21 22 -24 24 25 29 27 -29 -30 -31
leaf_value=-0.010144026516890482 0.0068326316886838439 -0.0075126019648927844 -0.0063088822601565569 0.013114718553182759 -0.019910684917027677 0.00037616774715454326 1.0544940785583991e-05 -0.0088180391319521156 0.0021440316631155198 -0.0038458325821721043 -0.0024046317733933177 -0.0018364784896302668 -0.020381622300988323 -0.025168290050164899 0.0081852430387131751 0.010068074636211356 0.0033648375376330811 0.03230088271394136 -0.020709250966275319 0.0084913216717835919 0.022401779418983248 -0.0094852925404725688 0.021399763194511534 0.0042756514644365145 0.0069873299656680659 0.020438621175143903 -0.013433943635557456 0.0014065122180416446 -0.0021479247146814376 0.0052491509883009439
leaf_weight=1378 811 267 410 224 307 466 201924 1365 930 3219 2478 4791 631 565 418 628 14504 429 222 253 270 1701 212 4465 1052 593 1444 1130 1929 304
leaf_count=1378 811 267 410 224 307 466 201924 1365 930 3219 2478 4791 631 565 418 628 14504 429 222 253 270 1701 212 4465 1052 593 1444 1130 1929 304
internal_value=5.41451e-05 4.16467e-05 -0.00344828 0.00269461 -0.00763411 5.88328e-05 -4.13158e-05 0.000521484 0.000726949 -0.000337604 0.000284679 -0.00183661 -0.00772358 -0.00350554 -0.000584403 0.00198465 0.00152969 0.0063449 0.0108315 0.00340206 0.00131397 -0.00221158 -0.00431971 0.00202659 0.00303484 0.00727412 -0.00180573 -0.00332817 0.00173329 0.012183
internal_weight=249320 248509 1208 491 717 247301 203302 43999 42634 23094 19310 6306 1097 3784 5209 19540 17706 1834 904 475 13004 2183 1913 10821 8343 1949 3202 2574 6394 897
internal_count=249320 248509 1208 491 717 247301 203302 43999 42634 23094 19310 6306 1097 3784 5209 19540 17706 1834 904 475 13004 2183 1913 10821 8343 1949 3202 2574 6394 897
cat_boundaries=0 1 2
cat_threshold=16 4
is_linear=0
shrinkage=0.05


Tree=215
num_leaves=31
num_cat=6
split_feature=4 13 4 11 10 10 9 4 9 7 11 2 4 11 11 10 10 10 9 9 4 10 11 10 4 11 10 7 13 7
split_gain=6.16606 7.01829 13.5991 19.8386 13.7681 12.7363 41.1173 16.6341 13.8977 17.2596 20.002 16.6429 16.8284 23.6738 16.0359 14.8442 13.7515 13.7438 13.3288 14.1929 12.4929 13.5409 17.0551 12.1295 11.8975 13.4104 11.2556 34.2619 19.7272 47.0844
threshold=0 2016.5000000000002 1 113.98 110.94000000000001 31.400000000000002 -83.549999999999983 2 -81.84999999999998 12.500000000000002 97.385000000000005 1.0000000180025095e-35 3 126.38500000000001 82.085000000000022 24.435000000000006 50.155000000000008 6.3350000000000009 -82.549999999999983 -82.049999999999983 4 19.185000000000006 130.19000000000003 43.525000000000013 5 69.585000000000022 105.16000000000001 17.500000000000004 2017.5000000000002 12.500000000000002
decision_type=9 2 9 10 10 8 2 9 2 2 8 2 9 10 10 10 10 10 2 2 9 10 10 8 9 10 8 2 2 2
left_child=-1 24 3 23 -5 8 16 -8 9 10 -4 12 13 14 -10 -14 -7 -11 -12 -20 21 22 -19 -3 25 -2 -9 28 29 -28
right_child=1 2 5 4 -6 6 7 26 11 17 18 -13 15 -15 -16 -17 -18 20 19 -21 -22 -23 -24 -25 -26 -27 27 -29 -30 -31
leaf_value=-0.0018671476741481286 -0.024072672681651766 0.03120720476512151 -0.014686934239492367 -0.0085968934671530658 0.0081580300307220639 -0.015627788320289861 -0.0028129021456043458 -0.0003169827052990737 -0.009231131291689022 -0.010842130092508296 0.011648979448956799 -0.00046574507333048133 0.0036215090714164511 0.030068497015259245 0.0059267579875669444 -0.0044262288378515537 -0.0024884452588607611 0.014782502395722475 -0.011393438277503077 -0.00035027775179532485 0.0010769349112973003 0.0032079221097043309 -0.0022074452274161607 0.0081333165781448009 -0.00026920966220047584 -0.00075596138834548303 0.044495523903131676 -0.0069149558673505147 0.00091028833994935001 -0.0091687135937955407
leaf_weight=3722 236 264 567 487 221 1335 3032 40814 239 361 207 2352 387 632 2946 282 771 791 707 4288 14943 1947 298 748 129588 360 436 1472 34020 213
leaf_count=3722 236 264 567 487 221 1335 3032 40814 239 361 207 2352 387 632 2946 282 771 791 707 4288 14943 1947 298 748 129588 360 436 1472 34020 213
internal_value=1.00532e-05 4.08223e-05 0.000325869 0.00471264 -0.00167131 0.00025827 -6.7598e-05 0.000114379 0.00112252 0.000557652 -0.00182558 0.0031104 0.00489324 0.00616367 0.0043975 -0.00239478 -0.00694707 0.0013079 -0.000844206 -0.00136863 0.0015037 0.00441754 0.0088717 0.00919765 -0.000210455 -0.00714286 0.000257876 0.00090039 0.00121832 0.00978756
internal_weight=248666 244944 114760 1720 708 113040 82093 79987 30947 24109 5769 6838 4486 3817 3185 669 2106 18340 5202 4995 17979 3036 1089 1012 130184 596 76955 36141 34669 649
internal_count=248666 244944 114760 1720 708 113040 82093 79987 30947 24109 5769 6838 4486 3817 3185 669 2106 18340 5202 4995 17979 3036 1089 1012 130184 596 76955 36141 34669 649
cat_boundaries=0 1 2 3 4 5 6
cat_threshold=64 8 4 6 164 48
is_linear=0
shrinkage=0.05


Tree=216
num_leaves=31
num_cat=3
split_feature=4 8 11 10 0 13 0 8 8 0 10 0 4 0 11 10 8 10 10 10 13 0 8 6 8 4 0 11 10 0
split_gain=5.43276 7.40855 12.2473 9.44139 7.0208 6.87443 15.0895 17.2969 13.9955 27.6326 16.284 15.7501 13.213 23.5138 22.7359 12.1792 14.3594 42.9088 29.6907 34.8057 38.262 51.6293 27.0517 47.1585 31.865 31.4956 26.8173 45.9963 24.9897 30.412
threshold=0 27.650000000000002 105.28000000000002 103.13000000000001 48.500000000000007 2016.5000000000002 43.500000000000007 29.850000000000005 24.650000000000002 30.500000000000004 44.865000000000009 17.500000000000004 1 36.500000000000007 118.75000000000001 31.400000000000002 27.950000000000003 103.31500000000001 103.31500000000001 113.96500000000002 2017.5000000000002 36.500000000000007 27.450000000000003 1.0000000180025095e-35 27.750000000000004 2 29.500000000000004 62.915000000000006 108.94500000000001 49.500000000000007
decision_type=9 2 8 8 2 2 2 2 2 2 10 2 9 2 10 8 2 8 8 8 2 2 2 2 2 9 2 10 10 2
left_child=1 2 -1 4 -3 6 8 -8 9 11 -11 -2 13 -7 -15 -14 18 26 -17 28 21 -21 -22 -24 -25 -26 27 -18 29 -20
right_child=5 3 -4 -5 -6 12 7 -9 -10 10 -12 -13 15 14 -16 16 17 -19 19 20 22 -23 23 24 25 -27 -28 -29 -30 -31
leaf_value=-0.011964717117905411 0.0099965300187973231 -0.0070587529056248327 0.00051001058624216005 -0.004821005865053074 0.0049334440507104562 0.034801272073530676 -0.0032494490503814258 0.0025204044586557561 -0.00013353464624747959 -0.011204097349428288 0.0084978655351966026 -0.012818317753670884 0.0012771016019220483 0.004824722534605197 -0.011990426038340374 -0.0012795496350141988 0.0044849431416272628 -0.0055350029229853 -0.0060381340086260952 0.049383374137048901 0.0015810307062904983 -0.0041542253777128394 -0.028953535264177523 -0.0039871638446519423 0.00083790465286783802 -0.013529553080629864 0.00048352286658142067 -0.013119649229359088 0.0054653630898344298 0.002912846202423314
leaf_weight=240 414 295 2249 723 215 436 13177 2992 111006 212 1694 689 30947 1075 209 19970 1847 3809 1334 361 12996 294 278 4027 8205 284 19639 2145 3265 3639
leaf_count=240 414 295 2249 723 215 436 13177 2992 111006 212 1694 689 30947 1075 209 19970 1847 3809 1334 361 12996 294 278 4027 8205 284 19639 2145 3265 3639
internal_value=2.01065e-05 -0.00187066 -0.00030012 -0.00502816 0.000192308 4.89868e-05 -0.000199702 -0.00162865 3.0695e-06 0.00336204 0.00699374 -0.00292004 0.000331097 0.00465517 0.00123648 0.000264461 -5.42002e-05 -0.00098725 0.000414357 0.00129853 0.00041391 0.0122556 0.000108527 -0.00152296 -0.00106179 0.00067655 -0.000192462 -0.00392304 0.00413434 0.00189645
internal_weight=248666 3722 2489 1233 510 244944 130184 16169 114015 3009 1906 1103 114760 1720 1284 113040 82093 27440 54653 34683 26445 655 25790 12794 12516 8489 23631 3992 8238 4973
internal_count=248666 3722 2489 1233 510 244944 130184 16169 114015 3009 1906 1103 114760 1720 1284 113040 82093 27440 54653 34683 26445 655 25790 12794 12516 8489 23631 3992 8238 4973
cat_boundaries=0 1 2 3
cat_threshold=64 8 162
is_linear=0
shrinkage=0.05


Tree=217
num_leaves=31
num_cat=1
split_feature=13 0 11 13 0 0 2 11 0 11 13 13 10 0 7 7 13 10 7 0 10 7 3 0 13 10 7 10 10 7
split_gain=5.13888 13.2821 13.8828 16.2945 14.8382 13.7221 66.7412 37.5619 22.6208 35.0119 26.1449 22.6114 31.7303 28.2106 22.47 18.8802 15.3451 14.8903 18.16 15.6085 26.7947 14.8889 14.2832 24.9329 21.3305 13.8405 13.7773 13.4189 13.2151 13.1687
threshold=2016.5000000000002 43.500000000000007 108.05500000000002 1999.5000000000002 68.500000000000014 24.500000000000004 1.0000000180025095e-35 105.66500000000001 30.500000000000004 69.030000000000015 2004.5000000000002 1996.5000000000002 107.91500000000001 12.500000000000002 14.500000000000002 19.500000000000004 1984.5000000000002 15.635000000000003 22.500000000000004 11.500000000000002 15.290000000000001 15.500000000000002 0 15.500000000000002 1998.5000000000002 48.085000000000008 21.500000000000004 133.57000000000002 37.005000000000003 16.500000000000004
decision_type=2 2 10 2 2 2 2 10 2 10 2 2 10 2 2 2 2 8 2 2 10 2 9 2 2 10 2 10 8 2
left_child=1 5 3 4 -3 7 -7 11 10 -10 -8 13 14 16 -13 -9 -1 19 22 -16 -21 -12 -19 24 -24 29 -11 -5 -20 -15
right_child=-2 2 -4 27 -6 6 8 15 9 26 21 12 -14 25 17 -17 -18 18 28 20 -22 -23 23 -25 -26 -27 -28 -29 -30 -31
leaf_value=0.011035401861071305 0.00024699541524739746 -0.0084312786289870278 -0.01330921719761049 -0.00032741403841449749 0.0062795293807422327 -5.6783075092070591e-05 0.010771935627633678 -0.011528205580225048 0.0027991535332351882 0.023076433224039229 0.0022793740093344007 -0.0055933354287902139 -0.019026713134802666 -0.0017475728588379536 -0.0026999481755119793 -0.00090330948061216891 -0.0030535946439942843 0.0026418884120952947 -0.0010812375126744379 0.0012997563326883289 0.020019029747278694 -0.0091801209105502497 -0.011538030805345656 -0.0050653332947964815 0.0026319615796474242 0.0079455486376626364 0.0041916363435178022 -0.013849475043010973 -0.017402171751365627 0.0034727126861972216
leaf_weight=909 118376 2773 670 12152 375 48978 1725 2980 1219 1555 561 4620 566 3978 1262 1566 7259 4752 591 1719 1017 564 769 7731 7649 4831 312 205 670 6332
leaf_count=909 118376 2773 670 12152 375 48978 1725 2980 1219 1555 561 4620 566 3978 1262 1566 7259 4752 591 1719 1017 564 769 7731 7649 4831 312 205 670 6332
internal_value=2.1715e-05 -0.000194935 -0.00153537 -0.00122784 -0.00443319 -4.81928e-06 0.000564416 -0.00053284 0.00556677 0.00852713 0.00234266 -0.000169212 -0.00104605 0.00100991 -0.000828191 -0.00489464 -0.0013573 -0.00025984 -0.000766733 0.00254491 0.00466133 -0.00356828 -0.000413658 -0.00112252 0.000759374 0.00228698 0.012813 -0.000408345 -0.00656963 0.00125
internal_weight=248666 130290 16175 15505 3148 114115 54914 59201 5936 3086 2850 54655 31346 23309 30780 4546 8168 26160 22162 3998 2736 1125 20901 16149 8418 15141 1867 12357 1261 10310
internal_count=248666 130290 16175 15505 3148 114115 54914 59201 5936 3086 2850 54655 31346 23309 30780 4546 8168 26160 22162 3998 2736 1125 20901 16149 8418 15141 1867 12357 1261 10310
cat_boundaries=0 1
cat_threshold=18
is_linear=0
shrinkage=0.05


Tree=218
num_leaves=31
num_cat=3
split_feature=8 7 8 13 13 0 0 11 0 13 4 0 0 7 4 0 11 13 4 13 8 7 8 8 5 13 12 0 0 0
split_gain=5.02669 18.0413 14.6254 20.5824 47.3493 73.748 35.3432 61.1774 42.5961 25.2962 24.2277 18.2002 19.4809 16.4014 12.4719 19.2957 12.2352 21.571 12.0472 17.1787 16.2542 16.1216 19.1874 19.3539 16.8535 16.0541 15.829 20.3203 14.9497 13.982
threshold=29.650000000000002 23.500000000000004 28.150000000000002 1992.5000000000002 1993.5000000000002 8.5000000000000018 29.500000000000004 62.915000000000006 50.500000000000007 2008.5000000000002 0 35.500000000000007 22.500000000000004 21.500000000000004 1 4.5000000000000009 56.835000000000008 2001.5000000000002 2 2018.5000000000002 30.450000000000003 14.500000000000002 30.250000000000004 29.750000000000004 3.5000000000000004 1999.5000000000002 1.0000000180025095e-35 26.500000000000004 41.500000000000007 17.500000000000004
decision_type=2 2 2 2 2 2 2 8 2 2 9 2 2 2 9 2 10 2 9 2 2 2 2 2 2 2 10 2 2 2
left_child=2 14 -1 -4 5 -5 7 13 9 -8 11 12 -7 16 15 -2 17 -6 19 21 28 22 23 -16 -23 29 27 -25 -21 -24
right_child=1 -3 3 4 6 10 8 -9 -10 -11 -12 -13 -14 -15 18 -17 -18 -19 -20 20 -22 24 25 26 -26 -27 -28 -29 -30 -31
leaf_value=0.00011720224497997479 0.0091501743141204194 -0.0080624772591755267 -0.013089155774356254 -0.038309365771666576 -0.035027006569906226 0.0066097001108219372 -0.0060041167957117563 -0.015807910879479439 -0.0029121998530686533 0.0021461062432419631 -0.012547015503391858 0.032723946595904434 -0.0011487968077088517 0.0091776083409914836 -0.012509027170821075 -0.0035453129162049458 -0.00070779961558979925 -0.0023350536525201804 0.013967172425077924 -0.010985042969324255 0.008519300165355936 0.0040090948739500481 -0.0045545264768690258 -0.011486525971571649 -0.0081538937815792689 -0.009526479309256165 0.0060802946653786723 0.0094424556450785069 0.00053581003133778009 0.0030227260376090473
leaf_weight=172951 380 1499 1096 203 266 2655 1936 3153 6646 10496 306 214 880 1005 597 5229 2087 683 368 1991 795 16596 2738 879 1042 2190 4306 638 1344 3497
leaf_count=172951 380 1499 1096 203 266 2655 1936 3153 6646 10496 306 214 880 1005 597 5229 2087 683 368 1991 795 16596 2738 879 1042 2190 4306 638 1344 3497
internal_value=1.80958e-05 0.000502279 -8.62714e-05 -0.00107472 -0.000831696 0.00405342 -0.00162469 -0.00460855 -0.000497695 0.00122971 0.00554736 0.00664633 0.00576869 -0.000530733 0.000692488 -0.00150115 -0.00236376 -0.00703858 0.00102565 0.00093222 -0.00210145 0.00131875 0.000104342 0.00216174 0.00234021 -0.00146414 0.00304303 -0.0013425 -0.00363229 -0.000168135
internal_weight=248666 44089 204577 31626 30530 4258 26272 7194 19078 12432 4055 3749 3535 4041 42590 5609 3036 949 36981 36613 4130 32483 14845 6420 17638 8425 5823 1517 3335 6235
internal_count=248666 44089 204577 31626 30530 4258 26272 7194 19078 12432 4055 3749 3535 4041 42590 5609 3036 949 36981 36613 4130 32483 14845 6420 17638 8425 5823 1517 3335 6235
cat_boundaries=0 1 2 3
cat_threshold=130 92 130
is_linear=0
shrinkage=0.05


Tree=219
num_leaves=31
num_cat=7
split_feature=13 4 11 11 9 4 9 8 11 9 8 9 4 9 4 7 12 4 7 13 4 8 5 11 7 11 3 11 7 11
split_gain=4.89207 11.7034 13.5842 12.3639 12.4102 29.2042 20.6075 17.3541 21.3117 19.1295 17.9906 17.0754 19.5674 17.3745 16.257 13.0145 22.4662 12.7282 11.6555 11.5855 11.5463 11.4008 10.6366 10.4594 22.3292 12.2111 16.5952 15.2456 13.7619 10.1348
threshold=2016.5000000000002 0 113.98 37.915000000000006 -85.449999999999989 1 -85.249999999999986 30.050000000000004 64.290000000000006 -81.84999999999998 28.150000000000002 -81.249999999999986 2 -82.149999999999991 3 16.500000000000004 1.0000000180025095e-35 4 14.500000000000002 2022.5000000000002 5 24.650000000000002 2.5000000000000004 54.675000000000004 17.500000000000004 61.865000000000009 6 60.415000000000006 16.500000000000004 97.385000000000005
decision_type=2 9 10 8 2 9 2 2 8 2 2 2 9 2 9 2 10 9 2 2 9 2 2 10 2 10 9 10 2 8
left_child=20 2 22 -3 5 -5 -6 10 9 -9 17 12 13 -12 23 18 -17 19 -7 -8 -1 -19 -2 24 -13 26 27 -25 -27 -21
right_child=1 3 -4 4 6 15 7 8 -10 -11 11 14 -14 -15 -16 16 -18 21 -20 29 -22 -23 -24 25 -26 28 -28 -29 -30 -31
leaf_value=-0.0091570804862854526 0.0073657595395828501 -0.015693054179144905 -0.0018073610979891797 0.011272602781673236 0.0075922201269407637 -0.0034445681188186583 0.00038789377473626987 0.043228706824897323 -0.0096988216410582861 0.0079996877729885622 0.0072439242236691298 -0.019483374131146026 -0.0026257073092115671 -0.0086070807359785572 -0.0056943106216241993 -0.011054091146501488 0.006942165474952678 -0.0078699171119836816 -0.018154390170069059 0.011722089964938398 -0.00024194662113576906 0.00063589659808718226 0.026427343404804661 0.0074887684908658166 0.0087857165206114193 0.0016012403287769318 -0.0055655963816329647 0.015916975176750638 -0.0090840728319502521 -0.0031353579773063522
leaf_weight=702 745 216 708 261 1140 495 3027 210 368 2131 865 301 11131 306 638 1201 1253 758 656 229 129588 82283 267 887 287 3273 445 265 511 3519
leaf_count=702 745 216 708 261 1140 495 3027 210 368 2131 865 301 11131 306 638 1201 1253 758 656 229 129588 82283 267 887 287 3273 445 265 511 3519
internal_value=7.23833e-06 0.000239893 0.00431034 0.000179129 0.000201803 -0.00257998 0.000297556 0.000228814 0.00417433 0.00593365 0.000130133 -0.00127121 -0.00237167 0.00373636 0.000778298 -0.00376552 -0.00170455 0.000425267 -0.00813953 -0.00165563 -0.000204144 0.000595346 0.00802348 0.00159459 -0.00468227 0.00229086 0.00594275 0.00904437 0.000738007 -0.00351251
internal_weight=248666 118376 1720 116656 116440 3866 112574 111434 2709 2341 108725 18909 12302 1171 6607 3605 2454 89816 1151 6775 130290 83041 1012 5969 588 5381 1597 1152 3784 3748
internal_count=248666 118376 1720 116656 116440 3866 112574 111434 2709 2341 108725 18909 12302 1171 6607 3605 2454 89816 1151 6775 130290 83041 1012 5969 588 5381 1597 1152 3784 3748
cat_boundaries=0 1 2 3 4 5 6 7
cat_threshold=8 36 48 194 68 112 4
is_linear=0
shrinkage=0.05


Tree=220
num_leaves=31
num_cat=0
split_feature=13 13 7 9 8 9 0 13 10 7 13 9 8 0 10 9 11 11 13 8 7 13 11 10 0 0 10 9 10 0
split_gain=7.66442 31.5524 40.0651 25.1155 30.3835 28.3142 21.2447 21.1896 29.0688 19.697 25.1566 20.127 19.9705 17.334 26.274 16.6617 16.6255 14.9229 21.7704 35.058 33.7267 19.9463 53.5062 14.8874 15.37 14.6193 17.2281 17.0684 14.4437 14.2619
threshold=1996.5000000000002 1997.5000000000002 16.500000000000004 -87.049999999999983 27.750000000000004 -81.449999999999989 15.500000000000002 1991.5000000000002 96.385000000000019 15.500000000000002 1985.5000000000002 -83.949999999999989 27.850000000000005 12.500000000000002 27.065000000000001 -82.649999999999991 22.085000000000004 83.440000000000012 1995.5000000000002 27.850000000000005 19.500000000000004 1995.5000000000002 49.585000000000008 66.570000000000007 36.500000000000007 4.5000000000000009 61.445000000000007 -82.749999999999986 17.925000000000004 19.500000000000004
decision_type=2 2 2 2 2 2 2 2 10 2 2 2 2 2 8 2 8 8 2 2 2 2 10 10 2 2 10 2 10 2
left_child=3 2 -2 6 15 7 -1 8 9 11 -11 -6 -12 14 28 -5 -7 21 19 -19 -20 22 -15 24 -21 26 -16 -27 -9 -13
right_child=1 -3 -4 4 5 16 -8 13 -10 10 12 29 -14 17 25 -17 -18 18 20 23 -22 -23 -24 -25 -26 27 -28 -29 -30 -31
leaf_value=-0.0089488661808340367 0.0071052852925260097 -0.00012225700298835741 -0.023817062701910842 -0.0077988541443258621 -0.00063804491212966503 0.0078424876024001389 -0.0014460446917049731 0.0011804469096567518 0.0088840621283400988 -0.00090658856586607335 -0.035218749453545951 0.035437937827003108 -0.0090274224987465079 0.009506901263523871 -0.0083473336920091516 -0.0002629744779304222 -0.017058188594988401 -0.023157699920829701 0.02277685492275934 0.0036271990304732604 -0.017025078777132753 0.0033625191078204609 -0.047130194937462913 0.019188073706946796 0.020855322394556633 -0.013967307610495895 0.031569919353475043 0.0014312214120566049 0.029392954080800584 0.010485525578040679
leaf_weight=822 371 201678 834 2237 883 330 2067 298 1860 4793 312 207 720 236 292 13660 930 302 1314 6849 201 2801 228 1271 712 1228 302 811 308 366
leaf_count=822 371 201678 834 2237 883 330 2067 298 1860 4793 312 207 720 236 292 13660 930 302 1314 6849 201 2801 228 1271 712 1228 302 811 308 366
internal_value=-2.3472e-05 -0.000155994 -0.0081893 0.000556634 0.00085709 0.00186112 -0.00394964 0.00221259 0.00026773 -0.00115896 -0.0024593 0.00402456 -0.00950096 0.00324827 -4.61681e-05 -0.000883259 -0.00543307 0.00401465 0.00492072 0.00399169 0.010459 0.00105344 -0.00843882 0.0045691 0.00371813 -0.00221339 0.00463576 -0.00422157 0.00925325 0.011235
internal_weight=249223 202883 1205 46340 43451 27554 2889 26294 9141 7281 5825 1456 1032 17153 3239 15897 1260 13914 10649 9134 1515 3265 464 8832 7561 2633 594 2039 606 573
internal_count=249223 202883 1205 46340 43451 27554 2889 26294 9141 7281 5825 1456 1032 17153 3239 15897 1260 13914 10649 9134 1515 3265 464 8832 7561 2633 594 2039 606 573
is_linear=0
shrinkage=0.05


Tree=221
num_leaves=31
num_cat=5
split_feature=13 13 7 8 9 9 4 4 9 0 3 13 7 11 9 5 11 13 9 8 4 4 9 13 9 0 0 11 0 7
split_gain=7.92118 28.443 36.1845 19.1672 25.932 25.9138 22.2475 20.0178 24.8891 18.2942 17.1562 15.8456 27.1586 29.3263 17.4362 15.3906 14.7299 14.6678 14.206 13.0882 17.2538 12.1165 28.0013 19.5413 22.0035 18.2885 16.3047 18.7786 15.0534 15.6139
threshold=1996.5000000000002 1997.5000000000002 16.500000000000004 27.750000000000004 -87.049999999999983 -81.449999999999989 0 1 -84.749999999999986 14.500000000000002 2 1995.5000000000002 19.500000000000004 59.440000000000005 -86.649999999999991 3.5000000000000004 59.440000000000005 1990.5000000000002 -82.649999999999991 27.450000000000003 3 4 -80.34999999999998 2004.5000000000002 -87.249999999999986 24.500000000000004 23.500000000000004 128.30500000000004 59.500000000000007 17.500000000000004
decision_type=2 2 2 2 2 2 9 9 2 2 9 2 2 10 2 2 10 2 2 2 9 9 2 2 2 2 2 8 2 2
left_child=3 2 -2 18 6 7 -5 11 -9 -8 -11 14 13 -13 -6 17 -14 -7 19 -1 -21 22 23 25 -25 26 27 -3 29 -24
right_child=1 21 -4 4 5 15 9 8 -10 10 -12 12 16 -15 -16 -17 -18 -19 -20 20 -22 -23 28 24 -26 -27 -28 -29 -30 -31
leaf_value=0.0061888744373376882 0.0067500210278996775 -0.0032776867440816207 -0.022626209566815315 0.0041551738558543326 0.018315660423104421 -0.0021015069672583489 -0.022870298664945745 0.01038349812458801 -0.0096080423203170895 0.020520917793066043 -0.0062979476521750405 0.017267621690473335 -0.013659150648010866 -0.010635772488597796 0.0023451594620032879 0.0031957289366419065 0.0043657347788023772 -0.028269674824552296 -0.00024982575403389442 0.0023694948434622278 -0.016394402948882638 -0.00028786732194681087 0.013397012321062985 0.015211306051632968 0.00069025155626794015 0.00089531530601854041 -0.021776636952320107 -0.026404254462330502 -0.010548870162080349 0.0026784392368571553
leaf_weight=421 371 1499 834 308 781 320 579 1330 1959 280 1722 1943 331 268 18089 452 1593 488 13660 506 1310 174348 2996 273 17682 2124 358 304 417 1677
leaf_count=421 371 1499 834 308 781 320 579 1330 1959 280 1722 1943 331 268 18089 452 1593 488 13660 506 1310 174348 2996 273 17682 2124 358 304 417 1677
internal_value=-1.58486e-05 -0.000150572 -0.00777778 0.000573894 0.00130857 0.00178131 -0.00319076 0.00211755 -0.00152614 -0.00470973 -0.00243539 0.00263844 0.00544029 0.00920756 0.00202331 -0.00519685 0.00108583 -0.00929095 -0.000832967 -0.00451713 -0.00635268 -0.000104617 0.000873857 0.000107865 0.000832174 -0.002922 -0.00614924 -0.00416437 0.00421569 0.00502883
internal_weight=249223 202883 1205 46340 30443 27554 2889 26294 3289 2581 2002 23005 4135 2211 18870 1260 1924 808 15897 2237 1816 201678 27330 22240 17955 4285 2161 1803 5090 4673
internal_count=249223 202883 1205 46340 30443 27554 2889 26294 3289 2581 2002 23005 4135 2211 18870 1260 1924 808 15897 2237 1816 201678 27330 22240 17955 4285 2161 1803 5090 4673
cat_boundaries=0 1 2 3 4 5
cat_threshold=8 6 24 12 168
is_linear=0
shrinkage=0.05


Tree=222
num_leaves=31
num_cat=3
split_feature=8 9 7 9 9 7 8 11 8 11 9 9 8 11 0 7 9 8 5 0 7 7 3 0 0 9 2 4 4 7
split_gain=5.5318 20.3183 18.5688 16.0118 45.0162 16.7347 12.4917 12.2199 13.5458 10.8656 14.6312 9.8294 12.8999 18.5621 19.8935 19.5436 33.2648 15.8329 24.9994 21.9635 17.0544 23.5504 19.3892 18.5817 18.1974 16.6913 14.9012 14.7692 14.3849 13.091
threshold=29.650000000000002 -82.84999999999998 23.500000000000004 -84.149999999999991 -81.84999999999998 16.500000000000004 30.050000000000004 49.585000000000008 30.250000000000004 99.585000000000022 -81.649999999999991 -84.949999999999989 30.250000000000004 90.160000000000011 4.5000000000000009 16.500000000000004 -85.449999999999989 30.350000000000005 1.5000000000000002 19.500000000000004 14.500000000000002 13.500000000000002 0 4.5000000000000009 16.500000000000004 -87.34999999999998 1.0000000180025095e-35 1 2 15.500000000000002
decision_type=2 2 2 2 2 2 2 10 2 10 2 2 2 8 2 2 2 2 2 2 2 2 9 2 2 2 2 9 9 2
left_child=1 -1 3 11 6 -6 -5 8 -8 10 -7 12 13 14 -2 16 27 18 -14 28 21 22 -19 -24 -22 -21 -18 -15 -20 -27
right_child=2 -3 -4 4 5 9 7 -9 -10 -11 -12 -13 17 15 -16 -17 26 20 19 25 24 -23 23 -25 -26 29 -28 -29 -30 -31
leaf_value=-0.0080456213262295687 0.030222832090628371 -9.290973473099485e-05 -0.0073921278593241718 0.005943560873331144 -0.016251395609057528 0.007252070461335647 0.0073384141280489427 0.039968584196252002 0.029161877786522218 0.011084831307338883 -0.0016708963659080923 -0.0037633972035804319 -0.018768411245906471 0.011100069733028262 0.0059670331730796279 0.0077569022587856921 -0.00068650065929709569 0.014044172933009148 -0.011731365404604866 0.011450767451932187 0.0079494312640274959 -0.010307619147894354 0.021563986827697071 -0.0025236155658757476 0.0013834560530535446 0.0017957119300500146 0.014385124067358479 -0.018978064665813754 0.00015937174551527988 -0.006870977237528786
leaf_weight=1379 298 203735 1458 1123 399 2246 425 221 360 768 4493 2846 686 204 1997 400 927 754 1803 1129 2818 2025 494 4152 6484 1927 767 1198 447 1260
leaf_count=1379 298 203735 1458 1123 399 2246 425 221 360 768 4493 2846 686 204 1997 400 927 754 1803 1129 2818 2025 494 4152 6484 1927 767 1198 447 1260
internal_value=-1.94597e-05 -0.000128703 0.000488452 0.000678606 0.00242409 0.000682163 0.00885928 0.0128937 0.00974843 0.00121724 0.000570455 0.000140992 0.000409671 0.00252543 0.00600868 0.00022818 -0.00112685 -0.00010213 -0.00205178 -0.00109489 0.000743861 -0.00104237 0.000683919 -0.000535791 0.00216924 0.00099399 0.00357981 -0.00679887 -0.0050885 -0.000860181
internal_weight=249223 205114 44109 42651 10035 7906 2129 1006 785 7507 6739 32616 29770 5791 2295 3496 3096 23979 7252 6566 16727 7425 5400 4646 9302 4316 1694 1402 2250 3187
internal_count=249223 205114 44109 42651 10035 7906 2129 1006 785 7507 6739 32616 29770 5791 2295 3496 3096 23979 7252 6566 16727 7425 5400 4646 9302 4316 1694 1402 2250 3187
cat_boundaries=0 1 2 3
cat_threshold=24 132 134
is_linear=0
shrinkage=0.05


Tree=223
num_leaves=31
num_cat=3
split_feature=13 13 7 8 9 9 13 10 3 7 13 3 9 10 13 10 9 11 10 9 11 11 7 7 11 10 7 3 9 13
split_gain=6.65301 26.788 34.8225 16.0228 20.6809 20.9514 16.7497 26.9968 23.6096 19.2845 23.8034 30.2006 20.5089 16.6446 18.8719 17.904 26.8482 14.0187 14.0048 13.6496 18.9791 41.0226 18.8988 13.5529 18.0119 18.2364 19.5663 13.6362 11.382 11.0311
threshold=1996.5000000000002 1997.5000000000002 16.500000000000004 27.750000000000004 -87.049999999999983 -81.449999999999989 1991.5000000000002 96.385000000000019 0 15.500000000000002 1985.5000000000002 1 -83.949999999999989 1.0000000180025095e-35 1979.5000000000002 9.365000000000002 -87.149999999999991 22.085000000000004 59.585000000000001 -82.449999999999989 55.415000000000006 49.585000000000008 10.500000000000002 19.500000000000004 55.415000000000006 100.98500000000001 14.500000000000002 2 -82.449999999999989 1979.5000000000002
decision_type=2 2 2 2 2 2 2 10 9 2 2 9 2 8 2 10 2 8 8 2 8 10 2 2 8 8 2 9 2 2
left_child=3 2 -2 23 13 6 7 9 -9 12 29 -12 -6 -5 18 16 -16 -7 -15 20 21 -8 -22 24 27 -26 -27 -1 -4 -11
right_child=1 -3 28 4 5 17 19 8 -10 10 11 -13 -14 14 15 -17 -18 -19 -20 -21 22 -23 -24 -25 25 26 -28 -29 -30 -31
leaf_value=0.014380991019739931 0.0064171654632412256 -9.7245207781160314e-05 -0.034805905122600844 0.0011224466554763169 -0.0012181382785126261 0.0072952222621845758 0.011859813023917854 0.012568420732771292 -0.017870463713471365 0.0088940890768741451 -0.031231446328654489 -0.00028691660626778415 0.019316424250774046 0.026174819805150129 0.0057909531934359215 -0.032805589756093316 -0.030505073603054281 -0.015203236911741413 -0.0054808631201711758 0.018856984141827793 -0.010289660315189542 -0.036604928189157525 0.0045756518917204224 0.0013337932391547015 -0.019319626016203587 -0.011954354674342494 -0.0008635462523685967 -0.0010593045962343783 -0.013893879976487167 -0.0029651326718707518
leaf_weight=621 371 201678 262 905 883 330 208 1585 275 819 519 513 573 203 448 465 246 930 622 692 572 228 15453 7029 684 1470 3381 2712 572 3974
leaf_count=621 371 201678 262 905 883 330 208 1585 275 819 519 513 573 203 448 465 246 930 622 692 572 228 15453 7029 684 1470 3381 2712 572 3974
internal_value=-5.41662e-06 -0.000128886 -0.00753086 0.000535059 0.00120678 0.00162894 0.00193127 0.000202164 0.0055615 -0.00117268 -0.0024593 -0.00930902 0.00395634 -0.00281131 -0.0053661 -0.00945252 -0.00426136 -0.00464567 0.000419162 0.00285207 0.00255904 -0.00762332 0.00284066 -0.000751242 -0.00205001 -0.00379621 -0.0027052 0.000852528 -0.0131517 -0.000968145
internal_weight=249223 202883 1205 46340 30443 27554 26294 9141 1860 7281 5825 1032 1456 2889 1984 1159 694 1260 825 17153 16461 436 16025 15897 8868 5535 4851 3333 834 4793
internal_count=249223 202883 1205 46340 30443 27554 26294 9141 1860 7281 5825 1032 1456 2889 1984 1159 694 1260 825 17153 16461 436 16025 15897 8868 5535 4851 3333 834 4793
cat_boundaries=0 1 2 3
cat_threshold=4 20 10
is_linear=0
shrinkage=0.05


Tree=224
num_leaves=31
num_cat=2
split_feature=13 13 7 8 9 9 4 0 4 10 2 0 13 10 0 7 13 7 10 7 12 8 0 10 10 13 13 7 8 0
split_gain=6.34177 23.9259 31.2114 15.4461 18.381 20.6381 20.2274 16.6301 16.4199 26.611 16.4171 13.8745 16.0498 38.1294 23.0935 16.6837 23.5431 13.3242 20.4278 13.2344 24.1787 21.8605 23.1529 19.8456 13.7513 13.2101 46.5495 28.1935 25.563 22.4692
threshold=1996.5000000000002 1997.5000000000002 16.500000000000004 27.750000000000004 -87.049999999999983 -81.449999999999989 0 14.500000000000002 1 83.035000000000011 1.0000000180025095e-35 10.500000000000002 1991.5000000000002 93.345000000000013 26.500000000000004 15.500000000000002 1986.5000000000002 14.500000000000002 6.0950000000000006 11.500000000000002 1.0000000180025095e-35 29.950000000000003 16.500000000000004 145.25000000000003 10.200000000000001 1995.5000000000002 1993.5000000000002 19.500000000000004 27.950000000000003 36.500000000000007
decision_type=2 2 2 2 2 2 9 2 9 8 2 2 2 10 2 2 2 2 10 2 8 2 2 8 10 2 2 2 2 2
left_child=3 2 -2 10 6 8 -5 -8 9 -6 17 -10 13 15 -15 -13 -17 18 -1 20 -14 23 -23 -21 -24 26 28 -27 -25 -30
right_child=1 -3 -4 4 5 -7 7 -9 11 -11 -12 12 19 14 -16 16 -18 -19 -20 21 -22 22 24 25 -26 27 -28 -29 29 -31
leaf_value=-0.014877165083133238 0.0060963071900792089 -9.2382947392088971e-05 -0.020335964022849186 0.0038307962577069699 0.0081534015275627428 -0.0092938763044688073 -0.022316886966697869 -0.0035770331518202082 -0.00136073019797629 -0.010834101862097613 0.013681518009798933 0.0091902546823638964 0.010066336272400634 0.01993368461221472 0.0019164052279526445 -0.00082561499034277124 -0.02069075608110631 -0.00043565766101023585 -0.00080166339495404417 -0.00099890877704442724 -0.0065262834388549081 0.0016603878281821417 0.0053486406033040005 -0.0079660295157019338 0.029380412826845517 0.021951762806993361 -0.030147244342564994 0.0019716867455228828 0.0044606824755557108 0.028415293315413592
leaf_weight=1164 371 201678 834 308 1561 1260 579 2002 2632 1711 582 971 299 809 933 3921 716 12561 1590 1928 1427 521 224 812 901 1284 236 848 4153 407
leaf_count=1164 371 201678 834 308 1561 1260 579 2002 2632 1711 582 971 299 809 933 3921 716 12561 1590 1928 1427 521 224 812 901 1284 236 848 4153 407
internal_value=-3.41046e-06 -0.000123957 -0.00711934 0.000524272 0.00118379 0.00158177 -0.00260435 -0.00405613 0.00188184 -0.0014277 -0.000738669 0.00235223 0.00279412 0.000923913 0.00736301 -0.0010858 -0.00233484 -0.00105383 -0.00419682 0.00384674 -0.000230415 0.00446839 0.00978261 0.00355445 0.0137885 0.00468387 0.00339979 0.00802988 0.00436641 0.00582057
internal_weight=249223 202883 1205 46340 30443 27554 2889 2581 26294 3272 15897 23022 20390 7350 1742 5608 4637 15315 2754 13040 1726 11314 1646 9668 1125 7740 5608 2132 5372 4560
internal_count=249223 202883 1205 46340 30443 27554 2889 2581 26294 3272 15897 23022 20390 7350 1742 5608 4637 15315 2754 13040 1726 11314 1646 9668 1125 7740 5608 2132 5372 4560
cat_boundaries=0 1 2
cat_threshold=8 136
is_linear=0
shrinkage=0.05


Tree=225
num_leaves=31
num_cat=4
split_feature=9 0 10 0 7 4 13 13 10 7 7 10 4 13 13 10 0 2 10 4 0 0 9 13 6 13 0 10 10 3
split_gain=7.17584 19.2416 18.9307 18.1427 17.6663 19.6169 22.2978 13.9367 10.5706 15.8295 14.3083 17.1947 13.5783 36.1526 14.8629 12.3707 17.8681 17.0445 12.1617 34.3429 18.5868 23.601 26.6561 21.509 14.9559 12.0029 19.744 15.7661 35.1913 15.0926
threshold=-80.149999999999991 69.500000000000014 19.870000000000001 34.500000000000007 16.500000000000004 0 2000.5000000000002 2009.5000000000002 45.990000000000002 12.500000000000002 11.500000000000002 13.785000000000002 1 2021.5000000000002 2003.5000000000002 46.535000000000004 31.500000000000004 1.0000000180025095e-35 42.395000000000003 2 48.500000000000007 53.500000000000007 -81.84999999999998 2023.5000000000002 4.5000000000000009 1998.5000000000002 17.500000000000004 21.125000000000004 17.925000000000004 3
decision_type=2 2 10 2 2 9 2 2 8 2 2 10 9 2 2 8 2 2 10 9 2 2 2 2 2 2 2 10 10 9
left_child=8 2 4 -4 7 -6 -7 -2 9 10 -1 -12 -13 14 -14 16 17 -10 25 -20 23 -22 -23 24 -21 26 27 28 -11 -28
right_child=1 -3 3 -5 5 6 -8 -9 15 18 11 12 13 -15 -16 -17 -18 -19 19 20 21 22 -24 -25 -26 -27 29 -29 -30 -31
leaf_value=-7.4836351331830653e-05 0.023964658572958177 -0.0079924494253149625 0.0040891435258156418 -0.0094399972257270381 -0.0059186328998438679 0.01096714609944387 -0.0037768080719536193 0.005122580984179859 -0.021381315746490694 -0.0045962666168141379 0.0015144187380406572 0.0039433452482116943 -0.014544659887962653 -0.0029986721439417608 -0.035673315418981492 -0.00024922851360988931 0.0033122828623138646 -0.0038166786444056022 -0.032358828032232445 0.0061777946946372179 0.00932035986533899 0.0095156384258409336 -0.0046593986128270707 -0.016965329156284969 -0.017019917502560711 0.0011352086543209518 0.0063812037335854391 -0.017633564987138507 0.034938138571642609 -0.001009580121345799
leaf_weight=12890 649 764 1252 1278 1340 2029 870 1637 375 1762 1184 424 401 2080 478 149029 384 382 306 4536 659 545 432 472 228 56241 918 887 219 4826
leaf_count=12890 649 764 1252 1278 1340 2029 870 1637 375 1762 1184 424 401 2080 478 149029 384 382 306 4536 659 545 432 472 228 56241 918 887 219 4826
internal_value=4.42909e-05 0.0013684 0.00201324 -0.00165354 0.00343535 0.001518 0.0038198 0.00696864 -1.00139e-05 0.000420121 -0.000930326 -0.00333188 -0.00514294 -0.00632763 -0.0147919 -0.000266347 -0.00543006 -0.00984355 0.000747491 0.00269894 0.00343877 0.00808019 0.00309017 0.00198246 0.00299539 0.000531119 -0.00120622 -0.00458652 -0.00208438 0.000486618
internal_weight=249477 9819 9055 2530 6525 4239 2899 2286 239658 89488 17457 4567 3383 2959 879 150170 1141 757 72031 7178 6872 1636 977 5236 4764 64853 8612 2868 1981 5744
internal_count=249477 9819 9055 2530 6525 4239 2899 2286 239658 89488 17457 4567 3383 2959 879 150170 1141 757 72031 7178 6872 1636 977 5236 4764 64853 8612 2868 1981 5744
cat_boundaries=0 1 2 3 4
cat_threshold=140 200 128 24
is_linear=0
shrinkage=0.05


Tree=226
num_leaves=31
num_cat=0
split_feature=11 10 11 0 11 7 9 7 2 10 7 10 10 7 9 10 10 9 13 0 13 11 10 10 0 9 11 11 10 11
split_gain=9.32762 12.9704 38.9515 31.0004 30.2407 27.5984 26.6387 21.2201 19.8303 22.6597 19.4776 18.7574 25.6812 18.9952 18.3044 18.0503 17.9887 26.5943 16.5056 23.2472 29.691 19.3957 17.711 27.5541 17.6423 18.2803 29.9059 24.2363 21.4433 28.0974
threshold=90.350000000000009 45.480000000000011 94.585000000000022 33.500000000000007 118.75000000000001 16.500000000000004 -82.649999999999991 19.500000000000004 1.0000000180025095e-35 125.25500000000001 15.500000000000002 119.325 105.61500000000001 14.500000000000002 -82.649999999999991 24.535 48.525000000000013 -86.749999999999986 2015.5000000000002 54.500000000000007 2003.5000000000002 98.055000000000021 93.345000000000013 56.660000000000004 52.500000000000007 -82.749999999999986 117.08500000000002 115.41500000000001 103.31500000000001 112.25000000000001
decision_type=8 10 10 2 10 2 2 2 2 10 2 10 10 2 2 10 10 2 2 2 2 8 10 10 2 2 10 10 10 10
left_child=-1 15 10 4 5 8 -7 -8 16 11 -3 12 -10 -14 -6 -2 -4 -18 19 20 -5 22 23 -20 -23 26 -26 28 29 -27
right_child=1 2 3 18 14 6 7 -9 9 -11 -12 -13 13 -15 -16 -17 17 -19 21 -21 -22 24 -24 -25 25 27 -28 -29 -30 -31
leaf_value=0.00078250935486616773 -0.0001411356886319659 -0.0040738916061219049 -0.019599287937480982 -0.00095708014926918503 -0.021869657706572412 -0.0037943929344632643 0.0090915175177013197 -0.01207852006458552 -0.0041192743625233065 0.015394750648617263 -0.019528057539484681 -0.018969132089769272 -0.0030039515036538681 0.010434020610930794 -0.0066773631466169551 0.001820625700921852 0.010767788576495185 -0.010260804496260257 -0.00358116345032089 -0.0068719782986021551 0.0060379502607441184 -0.0011033115002456739 -0.00095859266902857958 -0.045407013885460312 -0.0044696750539522162 -0.00017060213945869763 0.0028980152835466734 -0.0012253317072890902 0.0020227656711550245 -0.011736438202574818
leaf_weight=70713 88734 572 436 2959 724 2331 2741 519 3801 499 534 262 452 584 1172 20587 762 4326 288 787 3912 15875 563 239 831 2089 5253 9997 6646 289
leaf_count=70713 88734 572 436 2959 724 2331 2741 519 3801 499 534 262 452 584 1172 20587 762 4326 288 787 3912 15875 563 239 831 2089 5253 9997 6646 289
internal_value=4.6295e-05 -0.000145994 -0.000680316 -0.000528919 -0.00226919 -0.00158763 0.00127656 0.0041896 -0.00302731 -0.000927247 -0.00994624 -0.00192797 -0.00120693 0.00573614 -0.00823715 0.000193449 -0.00514998 -0.0042958 0.000122643 0.00225613 0.00318994 -0.00026616 -0.00681818 -0.0133147 -9.02659e-05 0.000734621 0.00311782 -2.89002e-05 0.00184857 -0.00221943
internal_weight=249477 178764 69443 68337 18609 16713 5591 3260 11122 5598 1106 5099 4837 1036 1896 109321 5524 5088 49728 7658 6871 42070 1090 527 40980 25105 6084 19021 9024 2378
internal_count=249477 178764 69443 68337 18609 16713 5591 3260 11122 5598 1106 5099 4837 1036 1896 109321 5524 5088 49728 7658 6871 42070 1090 527 40980 25105 6084 19021 9024 2378
is_linear=0
shrinkage=0.05


Tree=227
num_leaves=31
num_cat=2
split_feature=9 0 7 4 8 0 13 6 0 13 6 12 7 13 4 9 0 7 8 13 13 9 0 0 8 8 13 9 13 7
split_gain=6.42469 18.2565 20.5034 17.6422 8.91381 23.825 16.6242 10.1918 7.63363 9.22841 6.56499 5.94282 13.4687 14.0565 19.529 13.2498 16.6744 11.1394 20.1169 20.0222 49.6457 27.83 16.1474 16.2889 13.0643 26.07 34.0808 32.3114 21.1594 22.6259
threshold=-80.149999999999991 44.500000000000007 16.500000000000004 0 26.050000000000004 69.500000000000014 2004.5000000000002 1.0000000180025095e-35 54.500000000000007 2012.5000000000002 2.5000000000000004 1.5000000000000002 19.500000000000004 1993.5000000000002 1 -82.649999999999991 36.500000000000007 18.500000000000004 30.350000000000005 1996.5000000000002 1995.5000000000002 -82.34999999999998 22.500000000000004 40.500000000000007 27.450000000000003 27.950000000000003 1979.5000000000002 -82.449999999999989 2015.5000000000002 14.500000000000002
decision_type=2 2 2 9 2 2 2 2 2 2 2 8 2 2 9 2 2 2 2 2 2 2 2 2 2 2 2 2 2 2
left_child=11 2 -2 -4 5 6 -3 -8 -6 -10 -5 -1 17 15 -15 16 -14 24 19 20 -19 -21 -22 -24 28 26 -26 -28 -13 -30
right_child=1 4 3 10 8 -7 7 -9 9 -11 -12 12 13 14 -16 -17 -18 18 -20 21 22 -23 23 -25 25 -27 27 -29 29 -31
leaf_value=0.00014153388698794346 0.0188289215209545 -0.010598509965726333 -0.0077051781063385508 0.0065991068971571927 -0.014753704643812073 -0.010616375139123946 0.008344748186586504 -0.0083024627998934623 0.0094068076771088201 -0.0091132466236579553 -0.0051463799962551795 -0.0020022669176686493 0.0015045762788978402 -0.0068414087402960183 0.0033284026977284942 -0.0037228359255067293 0.029947080059292832 -0.00076174039111922556 0.015593134500329465 -0.02396306010524998 0.001002768308427715 5.1459559849531544e-05 0.024434864289972325 0.0028068012529653078 0.013197210574784624 -0.0003927349577523387 -0.013361309245029318 0.0079241469530251241 0.0034709838875285116 -0.0027890453174409303
leaf_weight=179177 1006 332 1053 3794 539 470 1183 225 265 638 314 11625 1484 6235 1228 2321 204 3295 790 600 307 2304 859 239 560 14409 3303 504 8220 1994
leaf_count=179177 1006 332 1053 3794 539 470 1183 225 265 638 314 11625 1484 6235 1228 2321 204 3295 790 600 307 2304 859 239 560 14409 3303 504 8220 1994
internal_value=4.42909e-05 0.00129718 0.00295451 0.00167279 -0.00150191 0.000495495 0.0032 0.00557123 -0.00454545 -0.0016977 0.00314922 -7.09315e-06 -0.000435602 -0.00197701 -0.0032584 0.00041055 0.00376914 -7.44609e-05 0.00158258 0.000788022 0.00280255 -0.00247083 0.010636 0.0134477 -0.000417231 -0.00138401 -0.00476354 -0.00645795 0.000414207 0.00207355
internal_weight=249477 9819 6167 5161 3652 2210 1740 1408 1442 903 4108 239658 60481 11472 7463 4009 1688 49009 8394 7604 4700 2904 1405 1098 40615 18776 4367 3807 21839 10214
internal_count=249477 9819 6167 5161 3652 2210 1740 1408 1442 903 4108 239658 60481 11472 7463 4009 1688 49009 8394 7604 4700 2904 1405 1098 40615 18776 4367 3807 21839 10214
cat_boundaries=0 1 2
cat_threshold=132 2
is_linear=0
shrinkage=0.05


Tree=228
num_leaves=31
num_cat=3
split_feature=11 11 11 0 8 9 9 0 4 4 11 9 10 11 0 8 13 8 9 9 2 10 0 10 0 0 2 10 4 0
split_gain=9.05488 11.5319 22.7777 20.587 20.006 38.1708 18.1006 17.9418 17.9115 13.2274 17.7933 11.5349 11.0336 37.733 28.1456 34.4429 32.9022 24.5297 26.9934 23.9036 23.5797 22.3808 33.6153 20.5506 18.4759 19.0449 17.6988 17.0713 24.4013 22.2355
threshold=90.350000000000009 77.085000000000022 72.915000000000006 17.500000000000004 27.050000000000004 -86.34999999999998 -81.84999999999998 23.500000000000004 0 1 90.160000000000011 -80.549999999999983 45.480000000000011 94.585000000000022 33.500000000000007 28.050000000000004 2015.5000000000002 25.750000000000004 -80.249999999999986 -82.449999999999989 1.0000000180025095e-35 92.940000000000012 31.500000000000004 103.18500000000002 30.500000000000004 18.500000000000004 1.0000000180025095e-35 39.720000000000006 2 23.500000000000004
decision_type=8 10 10 2 2 2 2 2 9 9 10 2 10 10 2 2 2 2 2 2 2 10 2 10 2 2 2 10 9 2
left_child=1 2 -1 9 6 8 -5 -8 -6 -3 -11 -9 27 -14 15 21 -17 18 -16 -19 -18 24 23 -23 25 -15 -25 -2 -29 -30
right_child=12 3 -4 4 5 -7 7 11 -10 10 -12 -13 13 14 17 16 20 19 -20 -21 -22 22 -24 26 -26 -27 -28 28 29 -31
leaf_value=0.00048074819852099719 2.3029913475447474e-05 0.012256792330791423 -0.0092763046051752337 -0.013176971949734818 0.011994091459154088 0.01352912849412129 -0.020499328908824312 0.0050894361695197794 -0.0029427622634843331 -0.0062070771737152697 0.0097630943404790407 -0.012787890937585989 -0.01182206594110964 -0.0015232402739584041 0.0024838007782685082 -0.0059109288497309013 -0.037959878770560174 0.00017936146467407711 0.032785071387907649 -0.0031806509791217244 -0.0080748308087293715 0.011984854260075829 -0.019538198593727785 -0.0048524197566940158 0.0033399453994337417 -0.010608597059243064 0.0046385869815417811 -0.03156154429149325 -0.0011358202265918215 0.0074769026218761249
leaf_weight=55586 104039 800 1225 398 300 3514 270 2701 2257 2925 534 203 1106 2617 4950 5105 487 37143 249 7386 932 1627 385 1833 1520 2456 1647 256 1776 3250
leaf_count=55586 104039 800 1225 398 300 3514 270 2701 2257 2925 534 203 1106 2617 4950 5105 487 37143 249 7386 932 1627 385 1833 1520 2456 1647 256 1776 3250
internal_value=3.5072e-05 0.000513977 0.00019799 0.0018042 0.00308194 0.00482651 0.000111669 0.00138191 0.000175302 -0.00108925 -0.00242886 0.00253946 -0.000154385 -0.0006472 -0.000498193 -0.0021564 -0.00508111 0.000122643 0.00336917 -0.000257078 -0.0117915 -0.000574618 0.00178117 0.00286301 -0.00253673 -0.00398387 0.000687679 0.000158692 0.00292895 0.00370591
internal_weight=249477 70713 56811 13902 9643 6071 3572 3174 2557 4259 3459 2904 178764 69443 68337 18609 6524 49728 5199 44529 1419 12085 5492 5107 6593 5073 3480 109321 5282 5026
internal_count=249477 70713 56811 13902 9643 6071 3572 3174 2557 4259 3459 2904 178764 69443 68337 18609 6524 49728 5199 44529 1419 12085 5492 5107 6593 5073 3480 109321 5282 5026
cat_boundaries=0 1 2 3
cat_threshold=160 152 128
is_linear=0
shrinkage=0.05


Tree=229
num_leaves=31
num_cat=5
split_feature=9 10 10 9 10 8 10 12 4 10 3 8 13 9 10 4 10 8 8 10 10 10 10 9 10 9 9 3 8 4
split_gain=5.75 10.3109 13.8775 13.27 7.81929 11.201 10.9319 10.055 9.90934 12.2058 17.7804 8.92117 48.3984 17.1869 11.2392 10.3253 13.1668 15.7141 10.551 27.2135 18.7049 15.0471 10.0271 9.37647 8.82365 8.51341 24.3862 23.5099 28.6445 17.6764
threshold=-80.149999999999991 19.870000000000001 26.445000000000004 -80.049999999999983 45.990000000000002 30.550000000000004 46.535000000000004 2.5000000000000004 0 44.865000000000009 1 27.850000000000005 2016.5000000000002 -82.149999999999991 33.175000000000004 2 16.605000000000004 26.450000000000003 26.450000000000003 20.195000000000004 18.665000000000003 21.125000000000004 21.740000000000006 -87.449999999999989 19.185000000000006 -81.549999999999983 -81.149999999999991 3 27.450000000000003 4
decision_type=2 10 10 2 8 2 8 10 9 10 9 2 2 2 10 9 10 2 2 10 10 10 10 2 10 2 2 9 2 9
left_child=4 -2 -3 -4 5 7 -6 8 11 -10 -11 13 23 14 -1 18 17 -17 21 20 -20 -15 -21 -13 -14 27 -27 28 -8 -28
right_child=1 2 3 -5 6 -7 25 -9 9 10 -12 12 24 15 -16 16 -18 -19 19 22 -22 -23 -24 -25 -26 26 29 -29 -30 -31
leaf_value=-0.017994371548480805 0.0035519434700711731 -0.02058711590336797 -0.0026873410993720984 0.014801843796921689 -0.0071153690558038996 0.011360499793084334 0.027472764337900468 -0.0047638784738230026 8.8978097983982718e-05 -0.0043726823411184062 0.0065633449167699087 0.014633999537277642 0.013185016616446887 -0.0041688496134615781 0.00010525378345631609 -0.0053026366544054243 -0.010878142628364708 0.029109023928323999 2.8535767452764205e-05 -0.0047174464871580397 0.016118551654141913 0.0071201684552062439 -0.004372344999773326 0.00013238293782951162 0.017235185575340317 -0.0053104615981476762 0.002961421362391992 -9.8040895350814949e-05 0.0035220439385788894 -0.0011621468481791909
leaf_weight=472 7125 305 2189 200 1141 715 598 1507 74523 579 2014 237 273 455 465 286 905 253 684 604 394 2124 200 2447 351 6347 6559 106298 2764 26463
leaf_count=472 7125 305 2189 200 1141 715 598 1507 74523 579 2014 237 273 455 465 286 905 253 684 604 394 2124 200 2447 351 6347 6559 106298 2764 26463
internal_value=4.06835e-05 0.00122596 -0.00140533 -0.00010421 -7.92763e-06 0.000362019 -0.000228393 0.000311433 0.000381548 0.00018798 0.00355359 0.00184857 0.0039783 0.00081728 -0.00543823 0.00181741 -0.00184426 0.00428051 0.00300156 0.000158562 0.00533088 0.00507918 -0.00675676 0.00103935 0.0164038 -0.00019089 -0.000821504 3.55612e-05 0.00413956 -0.00027549
internal_weight=249477 9819 2694 2389 239658 89488 150170 88773 87266 77116 2593 10150 3308 6842 937 5905 1444 539 4461 1882 1078 2579 804 2684 624 149029 39369 109660 3362 33022
internal_count=249477 9819 2694 2389 239658 89488 150170 88773 87266 77116 2593 10150 3308 6842 937 5905 1444 539 4461 1882 1078 2579 804 2684 624 149029 39369 109660 3362 33022
cat_boundaries=0 1 2 3 4 5
cat_threshold=44 18 36 8 172
is_linear=0
shrinkage=0.05


Tree=230
num_leaves=31
num_cat=4
split_feature=8 3 11 8 9 8 2 7 2 3 2 8 7 9 9 9 10 11 10 8 7 13 8 3 11 13 10 10 3 8
split_gain=5.3957 6.52125 4.05708 13.1977 24.0258 26.1915 19.5672 10.4986 7.90955 10.2599 6.64852 13.8406 5.68453 5.43407 14.1089 13.753 25.7766 12.5083 12.1466 23.3895 26.8882 26.7253 36.556 14.1993 15.3235 13.6457 11.8596 28.2204 16.46 18.0542
threshold=30.650000000000002 0 127.40000000000002 30.050000000000004 -85.049999999999983 26.650000000000002 1.0000000180025095e-35 14.500000000000002 1.0000000180025095e-35 1 1.0000000180025095e-35 29.650000000000002 13.500000000000002 -81.649999999999991 -81.84999999999998 -81.149999999999991 40.745000000000012 62.140000000000008 68.420000000000016 26.150000000000002 14.500000000000002 1998.5000000000002 26.250000000000004 2 58.935000000000009 2016.5000000000002 88.225000000000009 61.445000000000007 3 25.950000000000003
decision_type=2 9 10 2 2 2 2 2 2 9 2 2 2 2 2 2 8 10 10 2 2 2 2 9 10 2 10 10 9 2
left_child=2 -2 13 4 6 7 -4 -6 -9 -10 12 -12 -7 14 -1 16 17 -15 19 -16 -21 -22 -23 24 -20 -24 27 -17 -29 -30
right_child=1 -3 3 -5 5 10 -8 8 9 -11 11 -13 -14 15 18 26 -18 -19 23 20 21 22 25 -25 -26 -27 -28 28 29 -31
leaf_value=5.7491739372395051e-05 0.021188221335430413 0.00078107719712088301 -0.00015036420122882532 -0.01712935656419683 -0.0034839177042917061 -0.0020129534603008817 0.017584203882433692 -0.00044319632913678578 0.0025598509717072561 0.026753630812145171 -0.037698770849484566 -0.0045642132280305338 -0.016356447091344872 0.012689544725051106 -0.008744769141878805 0.00016575435985544118 -0.0050357290932766755 -9.8075477969139526e-06 0.012184068112480429 0.0056046725801037313 0.02266776238210726 0.0051685617876537472 -0.018216033489989902 -0.0047844609947384157 0.0024874612650299002 -0.0041130533242986992 0.0031342949560539072 0.0016308249462247293 -0.0042039114501148944 -0.016057886645872665
leaf_weight=136033 217 397 593 613 3533 556 576 5511 1841 202 237 234 257 634 1821 54583 8623 6179 1403 3801 446 1623 630 792 4286 2338 6489 1080 2165 1370
leaf_count=136033 217 397 593 613 3533 556 576 5511 1841 202 237 234 257 634 1821 54583 8623 6179 1403 3801 446 1623 630 792 4286 2338 6489 1080 2165 1370
internal_value=3.81414e-06 0.00464744 -7.84838e-06 -0.000829626 -0.000501845 -0.00115096 0.00631891 -0.000364964 0.000687467 0.00333658 -0.00788253 -0.012578 -0.00504253 4.18256e-05 0.000217061 -0.000289032 -0.00163149 0.000666862 0.00156851 0.000529572 0.00159358 -0.000802457 -0.00194523 0.00327376 0.00414258 -0.00523842 2.66374e-05 -0.000195919 -0.00394595 -0.00558368
internal_weight=249063 614 248449 14153 13540 12371 1169 11087 7554 2043 1284 471 813 234296 153173 81123 15436 6813 17140 10659 8838 5037 4591 6481 5689 2968 65687 59198 4615 3535
internal_count=249063 614 248449 14153 13540 12371 1169 11087 7554 2043 1284 471 813 234296 153173 81123 15436 6813 17140 10659 8838 5037 4591 6481 5689 2968 65687 59198 4615 3535
cat_boundaries=0 1 2 3 4
cat_threshold=2 4 12 18
is_linear=0
shrinkage=0.05


Tree=231
num_leaves=31
num_cat=2
split_feature=10 12 11 11 10 0 7 3 7 0 11 11 13 11 11 0 10 13 3 10 10 10 10 11 10 7 0 0 12 0
split_gain=3.97275 4.7693 4.53983 14.133 17.6422 21.4552 7.17589 10.8577 14.4371 17.9384 26.9045 11.6915 10.8658 10.1763 10.5476 8.93338 8.70143 11.593 13.6062 20.6983 12.0416 13.779 26.8508 18.657 10.8381 10.5836 10.5673 8.61802 9.59905 8.31789
threshold=146.27500000000003 -5.4999999999999991 63.750000000000007 66.040000000000006 32.690000000000005 28.500000000000004 15.500000000000002 0 14.500000000000002 39.500000000000007 58.935000000000009 37.915000000000006 1989.5000000000002 56.250000000000007 57.425000000000004 17.500000000000004 140.82000000000002 2016.5000000000002 1 98.550000000000026 41.005000000000003 75.575000000000017 88.225000000000009 50.355000000000011 60.355000000000011 21.500000000000004 48.500000000000007 38.500000000000007 1.5000000000000002 49.500000000000007
decision_type=10 8 8 8 10 2 2 9 2 2 10 10 2 10 10 2 10 2 9 10 10 10 10 10 10 2 2 2 10 2
left_child=1 -1 6 4 -4 -6 7 -3 13 10 12 -11 -10 -9 -15 -16 17 25 29 20 -20 23 -23 -22 27 26 -8 -25 -29 -19
right_child=-2 2 3 -5 5 -7 16 8 9 11 -12 -13 -14 14 15 -17 -18 18 19 -21 21 22 -24 24 -26 -27 -28 28 -30 -31
leaf_value=-0.0071114570244896758 -0.004803209408096443 0.00571712999165035 -0.0012645110440003384 2.2982973372709384e-05 -0.025452152052301627 -0.0054620428137433846 -0.0027249458945038719 -0.0041191334440203063 0.017587171855098928 0.0089215054279570445 0.016302608172383871 -0.0055830961406858398 -0.0013816391291904041 0.013013231334366538 -0.01548786325285776 0.0016157376567162097 0.0080287734195954481 -0.0018610634526452952 -0.0077842802293897062 -0.011903091744194506 0.018485099808630334 -0.0042301330926862949 0.0092619617678768584 0.011897601521345714 -0.012907095337269992 0.0017522730021280353 -0.015560576800373305 0.0036333296386954041 -0.0031629179744077085 -0.0099099208119745267
leaf_weight=438 730 3407 5766 207913 383 1024 7789 3155 477 302 407 553 746 285 252 2644 964 1136 348 445 1012 1581 1157 261 266 3265 524 1106 252 475
leaf_count=438 730 3407 5766 207913 383 1024 7789 3155 477 302 407 553 746 285 252 2644 964 1136 348 445 1012 1581 1157 261 266 3265 524 1106 252 475
internal_value=9.43498e-06 2.03348e-05 2.96485e-05 -5.39294e-05 -0.00223444 -0.00723359 0.000577409 0.0015362 0.000605135 0.00382766 0.00689024 -0.00202312 0.00312247 -0.000661834 0.00133187 0.000412939 7.28474e-06 -0.000221633 0.00123618 0.00226427 0.00304522 0.00360496 0.00105531 0.00600275 0.0030343 -0.00123404 -0.0021807 0.00457336 0.00292398 -0.00285101
internal_weight=249063 248333 247895 215086 7173 1407 32809 12228 8821 2485 1630 855 1223 6336 3181 2896 20581 19617 8039 6428 5983 5635 2738 2897 1885 11578 8313 1619 1358 1611
internal_count=249063 248333 247895 215086 7173 1407 32809 12228 8821 2485 1630 855 1223 6336 3181 2896 20581 19617 8039 6428 5983 5635 2738 2897 1885 11578 8313 1619 1358 1611
cat_boundaries=0 1 2
cat_threshold=10 2
is_linear=0
shrinkage=0.05


Tree=232
num_leaves=31
num_cat=2
split_feature=9 10 0 10 3 3 10 0 7 0 10 12 10 12 10 9 13 13 7 13 0 0 10 10 0 10 10 11 9 9
split_gain=4.24818 13.4609 10.7573 14.5445 15.8472 13.1372 11.841 7.77657 23.8196 9.5261 8.75651 7.46864 6.49181 6.21201 7.6986 8.71468 5.49486 12.76 23.0208 11.2401 25.2669 20.0353 15.7245 33.019 13.0512 29.2868 21.6277 18.3331 12.4058 15.0493
threshold=-87.149999999999991 59.585000000000001 19.500000000000004 23.875000000000004 0 1 24.205000000000002 32.500000000000007 15.500000000000002 21.500000000000004 39.330000000000005 1.5000000000000002 21.125000000000004 1.0000000180025095e-35 38.465000000000011 -87.34999999999998 1996.5000000000002 1997.5000000000002 16.500000000000004 1988.5000000000002 12.500000000000002 35.500000000000007 96.385000000000019 96.570000000000007 4.5000000000000009 103.31500000000001 68.420000000000016 54.260000000000012 -82.249999999999986 -80.34999999999998
decision_type=2 10 2 8 9 9 8 2 2 2 10 10 8 10 10 2 2 2 2 2 2 2 10 10 2 8 10 10 2 2
left_child=1 2 3 4 -1 7 -7 8 9 -4 -9 13 -10 14 15 -5 19 18 -18 21 24 22 -2 -24 25 26 -21 -26 -22 -30
right_child=16 -3 5 11 -6 6 -8 10 12 -11 -12 -13 -14 -15 -16 -17 17 -19 -20 20 28 -23 23 -25 27 -27 -28 -29 29 -31
leaf_value=-0.017063725541674214 -0.0012582960519834875 -0.022941900966926276 -0.0098242309020418091 -0.0032563048540270147 0.0095194699471279343 -0.013708655372367318 0.0019611154543093257 -0.00042698182313465343 0.013204764106569034 0.0088316146681977521 0.015723673465986642 -0.01565734388235698 0.017030506617405728 0.018703544968791164 -0.0061304694017860761 0.017002822991075563 0.0069651370807119585 -0.00011477719418495624 -0.017447885838892365 0.00012174005530072308 0.0037128307227924928 -0.014663687799751912 0.012053456559643294 -0.0028084554876458782 -0.00012918027509298824 -0.016310717211662107 0.038964549067164803 -0.012650489383747 -0.0067739825211178941 0.0024741112404646163
leaf_weight=622 13214 261 260 391 282 528 1529 932 282 763 235 212 354 237 280 473 358 195045 818 710 16849 566 1119 1818 1911 412 267 1848 2261 4226
leaf_count=622 13214 261 260 391 282 528 1529 932 282 763 235 212 354 237 280 473 358 195045 818 710 16849 566 1119 1818 1911 412 267 1848 2261 4226
internal_value=9.83647e-06 0.00116978 0.00156969 -0.00109693 -0.00612691 0.00293276 -0.000120366 0.00513001 0.00733972 0.00256534 0.0019966 0.00177792 0.0148607 0.00312725 0.00155979 0.00389016 -2.69227e-05 -0.000141415 -0.00531197 0.000470018 0.00107391 -0.000558977 -0.00023204 0.00307092 -0.00209383 0.00203717 0.00673759 -0.00362165 0.00177332 -8.46545e-05
internal_weight=249063 7641 7380 2497 904 4883 2057 2826 1659 1023 1167 1593 636 1381 1144 864 241422 196221 1176 45201 28484 16717 16151 2937 5148 1389 977 3759 23336 6487
internal_count=249063 7641 7380 2497 904 4883 2057 2826 1659 1023 1167 1593 636 1381 1144 864 241422 196221 1176 45201 28484 16717 16151 2937 5148 1389 977 3759 23336 6487
cat_boundaries=0 1 2
cat_threshold=4 20
is_linear=0
shrinkage=0.05


Tree=233
num_leaves=31
num_cat=1
split_feature=8 11 3 0 11 13 8 8 13 2 8 2 13 8 10 8 0 13 13 7 11 11 10 10 13 11 8 13 0 8
split_gain=5.74563 6.55954 3.77034 26.8565 22.9321 16.9883 13.4565 20.544 14.8737 14.8349 12.7462 12.5584 9.46438 13.4371 16.1751 13.0665 9.18484 16.0089 13.3507 11.1236 9.59705 12.4108 8.69662 15.8313 9.4719 8.31229 8.18846 7.7522 7.47604 15.8831
threshold=30.650000000000002 82.750000000000014 0 30.500000000000004 94.585000000000022 2023.5000000000002 26.350000000000005 25.750000000000004 1998.5000000000002 1.0000000180025095e-35 26.350000000000005 1.0000000180025095e-35 1997.5000000000002 30.050000000000004 6.9000000000000012 27.650000000000002 50.500000000000007 2000.5000000000002 2023.5000000000002 11.500000000000002 97.385000000000005 59.440000000000005 42.845000000000006 77.700000000000003 1998.5000000000002 49.585000000000008 26.050000000000004 2021.5000000000002 28.500000000000004 29.950000000000003
decision_type=2 8 9 2 10 2 2 2 2 2 2 2 2 2 8 2 2 2 2 2 10 10 10 10 2 10 2 2 2 2
left_child=2 -2 3 4 5 6 7 -1 -9 12 -6 -12 15 14 25 -8 18 -18 19 -5 21 27 24 -24 -16 -14 -10 -19 -4 -30
right_child=1 -3 28 16 10 -7 9 8 26 -11 11 -13 13 -15 22 -17 17 20 -20 -21 -22 -23 23 -25 -26 -27 -28 -29 29 -31
leaf_value=-0.0023614737129795229 0.0094857635004888426 5.1487048047560441e-05 -0.00042752138103732131 -0.023619559496654133 0.0093372269006168022 0.032588534894354294 0.012070126241033341 -0.0022473518475185196 0.021795175343542274 0.0093008941976497009 -0.01010125460775786 0.0083503639775506684 0.011448250290020301 0.0030036062266746823 -0.035441832904659076 0.0015827633301321422 0.019098191880705873 -0.0056677872137517408 0.0051577453428587111 -0.0022933790916989773 -0.013874326138207362 -0.00063961410641910632 -0.024173805589977351 -0.0026491618102148619 -0.0021026442789858989 -0.0036214302735396056 0.0043760980665905171 -0.017454321383200445 0.00016098086197500195 0.0036473103916420339
leaf_weight=644 282 332 79050 329 271 387 690 281 807 700 2543 427 287 2686 215 3081 205 1474 891 9715 386 1333 399 514 2183 201 368 316 129376 8690
leaf_count=644 282 332 79050 329 271 387 690 281 807 700 2543 427 287 2686 215 3081 205 1474 891 9715 386 1333 399 514 2183 201 368 316 129376 8690
internal_value=1.58588e-05 0.00480769 3.82357e-06 -0.000508723 0.000862585 0.00177284 0.00146181 0.00511848 0.00839018 0.000756885 -0.0029068 -0.00385906 0.000272745 -0.000885296 -0.00279601 0.00226131 -0.0020704 -0.0042159 -0.00133851 -0.00185996 -0.00501563 -0.00406958 -0.00404998 -0.00817985 -0.00245017 0.00562249 0.0108439 -0.00677778 7.78314e-05 0.000299835
internal_weight=249063 614 248449 31333 16684 13443 13056 2100 1456 10956 3241 2970 10256 6485 3799 3771 14649 3714 10935 10044 3509 3123 3311 913 2398 488 1175 1790 217116 138066
internal_count=249063 614 248449 31333 16684 13443 13056 2100 1456 10956 3241 2970 10256 6485 3799 3771 14649 3714 10935 10044 3509 3123 3311 913 2398 488 1175 1790 217116 138066
cat_boundaries=0 1
cat_threshold=2
is_linear=0
shrinkage=0.05


Tree=234
num_leaves=31
num_cat=6
split_feature=8 3 4 13 11 10 4 9 8 7 9 10 9 10 8 4 7 9 10 10 7 4 3 9 9 11 12 9 8 11
split_gain=4.65054 6.32319 3.84006 20.3054 29.4436 21.7987 18.6954 17.626 16.6938 16.7161 14.0063 23.912 15.2882 19.0121 13.0828 16.1135 23.7449 14.6383 25.1845 12.805 11.2335 10.8217 10.5698 9.62117 10.7971 25.1403 12.8169 12.5833 15.7659 33.5837
threshold=30.650000000000002 0 1 2004.5000000000002 49.585000000000008 43.525000000000013 2 -87.449999999999989 27.650000000000002 10.500000000000002 -81.749999999999986 83.035000000000011 -82.649999999999991 62.085000000000008 28.250000000000004 3 18.500000000000004 -82.749999999999986 113.96500000000002 72.810000000000016 12.500000000000002 4 5 -81.649999999999991 -81.149999999999991 97.385000000000005 1.5000000000000002 -80.949999999999989 28.750000000000004 62.915000000000006
decision_type=2 9 9 2 10 8 9 2 2 2 2 10 2 8 2 9 2 2 10 8 2 9 9 2 2 10 8 2 2 8
left_child=2 -2 7 5 6 -4 -5 -1 9 -6 12 -12 13 22 17 16 -16 21 -19 -15 -11 -10 -7 -9 25 26 -25 -26 -29 -30
right_child=1 -3 3 4 8 10 -8 23 14 20 11 -13 -14 19 15 -17 -18 18 -20 -21 -22 -23 -24 24 27 -27 -28 28 29 -31
leaf_value=-0.013896979323206261 0.020438289793362333 0.00047943069415055109 0.00233035715085288 0.011492788996746661 0.01407631108602221 -0.026664620006407614 -0.0028710057326957641 0.00021534939939602538 0.0099998002847856877 -0.0043345322805389058 -0.0015271230604731124 0.023642569604253039 -0.015232570804295876 0.012898328764280986 0.00043394089863086905 -0.0014357332161273107 0.011882879913710731 0.018751406598142853 -0.0012132185466271041 -0.0035101370275338883 -0.0004578745077496116 -0.0039090976028257176 -0.012813442006842602 -0.0031241940465097429 0.001670458557523169 0.00077441740563886094 -0.0082302848728569526 -0.00058486307130589665 0.00043765975064880003 -0.027918892242175631
leaf_weight=464 217 397 4817 3489 557 207 833 141188 386 1765 3064 298 1668 283 449 2421 237 961 459 2714 8185 917 476 5722 8887 5922 2504 48667 566 343
leaf_count=464 217 397 4817 3489 557 207 833 141188 386 1765 3064 298 1668 283 449 2421 237 961 459 2714 8185 917 476 5722 8887 5922 2504 48667 566 343
internal_value=1.58588e-05 0.00432692 5.03101e-06 0.000496989 0.0014829 -0.00100835 0.00514774 -7.35009e-05 0.000510797 -0.000679852 -0.0025 2.9656e-05 -0.00408735 -0.00227642 0.00265411 0.000433109 0.00708215 0.00517746 0.00867133 -0.00054872 -0.00115462 0.00133283 -0.00974026 -5.21493e-05 -0.000519822 -0.00175872 -0.00354541 -0.00021976 -0.000530392 -0.0070185
internal_weight=249063 614 248449 34186 20659 13527 4322 214263 16337 10507 8710 3362 5348 3680 5830 3107 686 2723 1420 2997 9950 1303 683 213799 72611 14148 8226 58463 49576 909
internal_count=249063 614 248449 34186 20659 13527 4322 214263 16337 10507 8710 3362 5348 3680 5830 3107 686 2723 1420 2997 9950 1303 683 213799 72611 14148 8226 58463 49576 909
cat_boundaries=0 1 2 3 4 5 6
cat_threshold=2 86 136 32 128 10
is_linear=0
shrinkage=0.05


Tree=235
num_leaves=31
num_cat=5
split_feature=10 10 7 4 2 11 2 4 9 4 7 10 12 10 10 10 9 13 10 10 4 11 11 7 10 11 7 10 3 9
split_gain=5.64488 24.5507 15.5385 14.5647 20.5821 13.7689 15.4662 12.7074 13.1632 11.6271 11.9678 18.9715 10.6929 10.0193 8.99556 8.40293 8.26415 7.43361 7.15386 7.09271 13.4889 7.52712 6.98501 12.5709 18.2657 16.077 24.57 11.8703 9.83426 9.39993
threshold=20.195000000000004 18.665000000000003 16.500000000000004 0 1.0000000180025095e-35 138.07000000000002 1.0000000180025095e-35 1 -87.249999999999986 2 22.500000000000004 19.450000000000006 1.5000000000000002 18.155000000000005 14.005000000000001 18.335000000000004 -81.649999999999991 2020.5000000000002 16.605000000000004 21.125000000000004 3 128.30500000000004 104.58500000000002 10.500000000000002 12.415000000000001 123.89000000000001 11.500000000000002 16.605000000000004 4 -80.84999999999998
decision_type=8 10 2 9 2 10 2 9 2 9 2 10 10 10 10 10 2 2 10 8 9 10 10 2 10 10 2 10 9 2
left_child=1 2 5 4 -4 7 -7 14 -9 -3 11 -11 13 17 -1 22 -13 -5 -8 20 -2 -22 29 24 -24 26 -25 -27 -29 -10
right_child=19 9 3 12 -6 6 18 8 15 10 -12 16 -14 -15 -16 -17 -18 -19 -20 -21 21 -23 23 25 -26 27 -28 28 -30 -31
leaf_value=-0.0049770397143695799 0.00979174571919641 0.010365360318929274 0.0056519190579419568 0.0022915526436701585 0.012538740686396821 -0.0004663060450909029 0.010665348264020748 -0.023188481866440559 0.0013572914326468678 0.004762745556090753 0.017822838317308243 -0.026995822628101431 -0.0091741696648110615 -0.0060815909313582496 -0.015517188737819954 0.0096156217191062168 -0.0031948203911928985 0.0077952257956766862 0.021099730701662801 1.3305798639251522e-05 -0.0029970600055191812 -0.017392672070474059 -0.0010716419130872624 -0.04144668555688158 0.0059705500992474295 -0.00076769987591127639 -0.0052794710397768623 -0.031490656506463391 -0.00035567458391643218 -0.005484899099755758
leaf_weight=652 415 763 846 9201 220 581 261 277 6344 3483 434 201 483 733 334 310 587 244 205 205677 4343 258 2089 249 761 6245 1372 267 205 1216
leaf_count=652 415 763 846 9201 220 581 261 277 6344 3483 434 201 483 733 334 310 587 244 205 205677 4343 258 2089 249 761 6245 1372 267 205 1216
internal_value=6.73979e-05 0.000623493 0.000110255 0.00157195 0.00709024 -0.0006923 0.00487228 -0.00098126 -0.000694911 0.00372399 0.0027619 0.00195048 0.00100646 0.00135453 -0.00646123 -0.000534928 -0.00501253 0.0017927 0.0115546 -3.44086e-05 -0.00189017 -0.00267258 -0.000671713 -0.00146455 0.0013986 -0.0024437 -0.00689761 -0.00136019 -0.00892116 0.000501982
internal_weight=249256 38563 33095 11727 1066 21368 1047 20321 19335 5468 4705 4271 10661 10178 986 19058 788 9445 466 210693 5016 4601 18748 11188 2850 8338 1621 6717 472 7560
internal_count=249256 38563 33095 11727 1066 21368 1047 20321 19335 5468 4705 4271 10661 10178 986 19058 788 9445 466 210693 5016 4601 18748 11188 2850 8338 1621 6717 472 7560
cat_boundaries=0 1 2 3 4 5
cat_threshold=168 96 164 144 4
is_linear=0
shrinkage=0.05


Tree=236
num_leaves=31
num_cat=4
split_feature=8 13 9 0 8 0 8 0 10 11 7 0 0 4 0 10 10 9 9 7 4 7 9 0 7 4 4 10 7 10
split_gain=6.31466 23.3463 14.5777 20.8764 22.3223 28.0527 16.3909 26.0314 24.0833 20.0898 21.2426 18.6258 18.3021 15.184 14.4257 22.1579 18.9524 20.0552 16.6126 14.0848 12.9086 12.7109 12.1721 16.095 11.6228 11.0379 10.4909 10.212 10.1998 9.94442
threshold=25.950000000000003 2020.5000000000002 -80.34999999999998 43.500000000000007 25.750000000000004 54.500000000000007 25.750000000000004 21.500000000000004 19.185000000000006 115.41500000000001 17.500000000000004 10.500000000000002 52.500000000000007 0 31.500000000000004 58.940000000000005 70.125000000000014 -80.449999999999989 -81.549999999999983 18.500000000000004 1 14.500000000000002 -80.84999999999998 30.500000000000004 12.500000000000002 2 3 45.480000000000011 17.500000000000004 27.760000000000002
decision_type=2 2 2 2 2 2 2 2 8 8 2 2 2 9 2 10 10 2 2 2 9 2 2 2 2 9 9 10 2 8
left_child=1 2 6 25 5 -5 9 -8 -9 10 14 -11 26 -6 15 20 18 21 -16 28 -1 -18 23 -17 -3 29 -12 -22 -13 -4
right_child=-2 24 3 4 13 -7 7 8 -10 11 12 19 -14 -15 16 22 17 -19 -20 -21 27 -23 -24 -25 -26 -27 -28 -29 -30 -31
leaf_value=0.013051643524481094 -4.7986434450209008e-05 -0.020142965561292671 -0.00036087574682106552 -0.0021468352497526766 0.010281229525944902 0.032741320283414234 -0.0013556171051411605 -0.00067132484233440877 0.023929776466515576 0.0053537180940807618 0.015636543864855669 -0.016028733726540879 -0.0071691382851593495 -0.0061966784604258422 -0.020547300068377974 -0.0064788832439026667 0.019654497458601483 -0.0046214224562989518 -0.00010097221217386654 -0.020887479182161606 -0.0021554104138552521 0.0058463526302788178 -0.014676161188953252 0.0074594305250447416 -0.0051464740486510509 0.0038087490023977822 0.003441937584737076 0.011869729643542472 -0.0029270478973591808 0.016942085989201862
leaf_weight=256 205471 230 349 378 350 317 1204 348 742 691 440 563 465 3104 393 1294 449 605 3566 435 5762 1750 775 453 1417 9516 5132 380 1283 1138
leaf_count=256 205471 230 349 378 350 317 1204 348 742 691 440 563 465 3104 393 1294 449 605 3566 435 5762 1750 775 453 1417 9516 5132 380 1283 1138
internal_value=5.65661e-05 0.000601667 0.000830407 0.00207097 -0.000949748 0.00716312 0.000133353 0.00416667 0.00972727 -0.000242895 0.00028532 -0.00409121 0.00280304 -0.00259815 -0.000685019 -0.00200448 0.00105566 0.00419332 -0.00117158 -0.00626364 -0.000436954 0.00640561 -0.00596367 -0.00361411 -0.00522028 0.00320984 0.00360086 -0.000908796 -0.00431034 0.00719973
internal_weight=249256 43785 42138 15152 4149 695 26986 2294 1090 24692 21720 2972 6037 3454 15683 8920 6763 2804 3959 2281 6398 2199 2522 1747 1647 11003 5572 6142 1846 1487
internal_count=249256 43785 42138 15152 4149 695 26986 2294 1090 24692 21720 2972 6037 3454 15683 8920 6763 2804 3959 2281 6398 2199 2522 1747 1647 11003 5572 6142 1846 1487
cat_boundaries=0 1 2 3 4
cat_threshold=128 4 12 136
is_linear=0
shrinkage=0.05


Tree=237
num_leaves=31
num_cat=1
split_feature=8 8 10 10 10 8 10 9 9 10 10 10 13 9 8 0 10 13 10 7 12 3 2 0 10 7 0 10 7 12
split_gain=6.3582 14.1841 12.4069 20.9003 24.9433 15.2889 26.3837 16.3343 50.543 17.9517 14.6706 37.6188 24.9471 17.4583 14.4952 27.2349 21.8241 15.1433 22.0302 16.5966 17.8935 19.6491 16.1226 13.3733 12.561 16.332 12.4901 23.0133 14.4867 12.4652
threshold=29.650000000000002 29.550000000000004 80.725000000000009 69.120000000000019 70.125000000000014 29.850000000000005 40.745000000000012 -81.749999999999986 -83.549999999999983 56.465000000000011 45.990000000000002 59.585000000000001 1992.5000000000002 -82.84999999999998 30.350000000000005 19.500000000000004 9.0800000000000018 2014.5000000000002 20.955000000000002 14.500000000000002 1.0000000180025095e-35 0 1.0000000180025095e-35 35.500000000000007 30.295000000000005 13.500000000000002 28.500000000000004 44.865000000000009 18.500000000000004 1.0000000180025095e-35
decision_type=2 2 10 10 10 2 8 2 2 10 8 8 2 2 2 2 8 2 8 2 8 9 2 2 10 2 2 8 2 10
left_child=1 -1 3 5 -5 6 -2 8 14 26 -10 -12 -13 -14 15 -7 -16 19 -19 20 22 -22 -18 -8 25 -23 27 -9 -28 -21
right_child=2 -3 -4 4 -6 7 23 9 10 -11 11 12 13 -15 16 -17 17 18 -20 29 21 24 -24 -25 -26 -27 28 -29 -30 -31
leaf_value=-3.4980183764510289e-05 0.01120645062408121 -0.010115392570376525 -0.0021964722651228287 0.028980433585941025 0.0051749936928993101 -0.0054822711664889836 -0.01012714642038226 -0.022914388470240122 -0.0030153466594181389 -0.023801461205425145 0.043493726417213587 0.03395733631894933 0.026008929408515694 -0.0060243999338904786 -0.017221492309822485 0.00052813300770373497 0.0026194824407336005 0.0085930293883191844 -0.0092355247562210252 0.0035989935091977013 0.0041339358039420571 0.0015685962657371545 0.015837614340135531 0.0079983464052677099 -0.015739318682124949 -0.01050874409344198 -0.016929788846570658 -0.00089503787851992207 0.0017488928809244798 0.011519734931156746
leaf_weight=204281 1829 785 6165 456 3528 3422 601 388 317 295 392 338 239 640 379 7154 390 671 1479 5232 2490 1894 277 266 972 484 208 660 1945 1079
leaf_count=204281 1829 785 6165 456 3528 3422 601 388 317 295 392 338 239 640 379 7154 390 671 1479 5232 2490 1894 277 266 972 484 208 660 1945 1079
internal_value=5.33567e-05 -6.38788e-05 0.000597285 0.000934665 0.00435653 0.000533024 0.00413895 0.000221655 0.000626368 -0.00299487 0.00841942 0.0103459 0.00590872 0.00140607 4.4345e-05 -0.00137918 0.00102559 0.00132862 -0.0025463 0.00198004 0.000207151 -0.000683761 0.00790251 -0.00302166 -0.00317507 -0.00121441 -0.00188415 -0.0063327 0.000300509 0.00380478
internal_weight=249256 205066 44190 38025 3984 34041 2696 31345 27849 3496 1926 1609 1217 879 25923 10576 15347 14968 2150 12818 6507 5840 667 867 3350 2378 3201 1048 2153 6311
internal_count=249256 205066 44190 38025 3984 34041 2696 31345 27849 3496 1926 1609 1217 879 25923 10576 15347 14968 2150 12818 6507 5840 667 867 3350 2378 3201 1048 2153 6311
cat_boundaries=0 1
cat_threshold=18
is_linear=0
shrinkage=0.05


Tree=238
num_leaves=31
num_cat=3
split_feature=0 2 10 7 9 7 11 11 10 9 10 4 9 10 9 0 10 10 0 9 10 7 10 0 4 11 3 9 9 10
split_gain=6.22548 13.0637 19.1933 14.3033 13.1581 11.2028 11.3729 16.028 13.6051 10.2362 9.98607 9.35689 9.10713 8.97509 11.4599 23.9551 21.8297 15.7684 14.8236 8.93232 8.6327 10.8579 13.4739 10.827 12.1056 8.73008 13.7309 12.942 8.93293 8.31204
threshold=61.500000000000007 1.0000000180025095e-35 89.490000000000023 14.500000000000002 -82.649999999999991 15.500000000000002 79.585000000000022 107.64000000000001 57.775000000000006 -81.549999999999983 90.02500000000002 0 -80.449999999999989 110.94000000000001 -82.749999999999986 72.500000000000014 101.42000000000002 40.745000000000012 67.500000000000014 -81.749999999999986 88.225000000000009 12.500000000000002 93.075000000000017 77.500000000000014 1 97.385000000000005 2 -82.149999999999991 -81.449999999999989 146.27500000000003
decision_type=2 2 10 2 2 2 10 10 10 2 10 9 2 10 2 2 10 10 2 2 10 2 10 2 9 8 9 2 2 10
left_child=29 3 -3 20 11 9 8 -8 12 -6 -10 -5 19 14 15 17 -17 -13 -16 -7 25 -22 -23 24 -24 27 -27 -2 -29 -1
right_child=1 2 -4 4 5 6 7 -9 10 -11 -12 13 -14 -15 18 16 -18 -19 -20 -21 21 22 23 -25 -26 26 -28 28 -30 -31
leaf_value=0.00021793911245171493 0.0060387604589315913 -0.00023785377698350987 0.0087166733793758062 0.011603697244673673 -0.0052554450066821801 -0.0037120206673853409 0.004195768661697308 -0.0018032825455328362 0.0045912400119842546 -0.00083225922957277378 -0.010711476885357741 -0.018428151253856839 -0.0040071941619615357 0.0014095043376779694 -0.0081843305911767587 0.0012095707434954584 -0.0072039134949736022 0.0019486208901129843 0.0038183673691918329 -0.017476717252359997 0.0070902035962068684 0.022144981448856616 -2.9229307516720483e-05 -0.0072027561740196869 0.009316416318382403 -0.012405330937302851 0.0010575414312266496 -0.015616233518847356 -0.0033625614088438564 -0.0070204633497494839
leaf_weight=220114 255 2335 975 348 2220 396 1445 3112 669 788 275 260 740 1379 650 439 783 2798 268 565 524 224 1570 279 238 208 3977 453 336 633
leaf_count=220114 255 2335 975 348 2220 396 1445 3112 669 788 275 260 740 1379 650 439 783 2798 268 565 524 224 1570 279 238 208 3977 453 336 633
internal_value=6.57932e-05 -0.000629405 0.00231928 -0.00101749 -0.00183435 -0.00297456 -0.00189961 -0.000383184 -0.00450094 -0.00553347 0.000314465 -0.000151406 -0.00715956 -0.000583599 -0.0015361 -0.00044289 -0.00633117 0.00192308 -0.00657328 -0.0103502 0.000718355 0.00293497 0.00144334 0.000166905 0.00159516 -0.000486734 0.000536353 -0.00455408 -0.00769712 0.000155601
internal_weight=249256 28509 3310 25199 17135 10210 7202 4557 2645 3008 944 6925 1701 6577 5198 4280 1222 3058 918 961 8064 2835 2311 2087 1808 5229 4185 1044 789 220747
internal_count=249256 28509 3310 25199 17135 10210 7202 4557 2645 3008 944 6925 1701 6577 5198 4280 1222 3058 918 961 8064 2835 2311 2087 1808 5229 4185 1044 789 220747
cat_boundaries=0 1 2 3
cat_threshold=128 114 2
is_linear=0
shrinkage=0.05


Tree=239
num_leaves=31
num_cat=1
split_feature=8 8 10 11 11 11 13 13 7 13 8 11 11 13 7 9 10 9 10 13 10 8 11 10 7 3 12 9 2 6
split_gain=7.31407 13.3521 14.6968 27.0847 15.1119 35.7279 23.4422 29.7808 39.5854 27.4105 20.2221 25.7451 13.1219 12.7579 12.5752 16.9238 15.8595 12.4559 19.844 11.8741 25.7172 11.7907 19.0781 18.4671 11.721 17.2327 15.147 11.7952 20.7774 17.4448
threshold=29.650000000000002 28.150000000000002 36.655000000000008 52.085000000000008 109.77500000000002 117.08500000000002 1993.5000000000002 2023.5000000000002 20.500000000000004 1992.5000000000002 28.250000000000004 44.615000000000002 109.36000000000001 2007.5000000000002 23.500000000000004 -85.949999999999989 78.835000000000022 -85.84999999999998 69.715000000000018 2014.5000000000002 20.955000000000002 30.350000000000005 29.585000000000004 9.0800000000000018 14.500000000000002 0 1.0000000180025095e-35 -86.949999999999989 1.0000000180025095e-35 2.5000000000000004
decision_type=2 2 8 10 8 8 2 2 2 2 2 10 10 2 2 2 10 2 10 2 8 2 10 8 2 9 8 2 2 2
left_child=1 -1 3 -3 10 -6 9 8 -8 -7 11 -4 -12 -10 15 16 19 18 -17 21 -21 22 -2 -23 25 -25 -27 28 -26 -30
right_child=14 2 4 -5 5 6 7 -9 13 -11 12 -13 -14 -15 -16 17 -18 -19 -20 20 -22 23 -24 24 27 26 -28 -29 29 -31
leaf_value=0.00014069573525485879 -0.018417215563531774 0.0014580253269873113 0.0060515543489991774 -0.014167232229986039 -0.0073847083181853629 -0.014013417381434402 -0.016906632140004697 -0.00039603771616958383 -0.0078084545437425495 0.0030065283138286606 0.00061112948842305674 -0.019794021317456958 0.0057619791729074171 0.012029871562433847 -0.0062381362566928727 -0.0033680579321401895 -0.01281683404904781 0.0023006773386675229 0.035886847280903654 0.0045281830902571766 -0.010809205343339824 -0.016820053059911546 -0.00049285007606814091 0.012274392333436435 0.0030715035032860883 0.0068368077831942216 -0.0032102494091250213 0.00022743977554444685 0.0070060379158241488 0.024706636796735949
leaf_weight=173452 424 1169 302 1547 868 551 1961 5552 294 4269 13271 572 779 479 1475 215 1229 19041 294 1211 1727 354 5429 835 3681 436 4590 2187 402 660
leaf_count=173452 424 1169 302 1547 868 551 1961 5552 294 4269 13271 572 779 479 1475 215 1229 19041 294 1211 1727 354 5429 835 3681 436 4590 2187 402 660
internal_value=6.82002e-05 -5.75396e-05 -0.0010024 -0.00451211 -0.000671095 -0.00185212 -0.00119701 -0.00280858 -0.00706997 0.0015735 0.000435248 -0.00690045 0.000896159 0.00249042 0.000651584 0.00080866 -0.000105717 0.00189162 0.00953757 0.000205049 -0.00274763 0.000662879 -0.00120246 0.00149373 0.00180845 0.000161812 -0.000951249 0.00319885 0.0045971 0.0107276
internal_weight=249256 205066 31614 2716 28898 13974 13106 8286 2734 4820 14924 874 14050 773 44190 42715 23165 19550 509 21936 2938 18998 5853 13145 12791 5861 5026 6930 4743 1062
internal_count=249256 205066 31614 2716 28898 13974 13106 8286 2734 4820 14924 874 14050 773 44190 42715 23165 19550 509 21936 2938 18998 5853 13145 12791 5861 5026 6930 4743 1062
cat_boundaries=0 1
cat_threshold=24
is_linear=0
shrinkage=0.05


Tree=240
num_leaves=31
num_cat=3
split_feature=10 13 10 8 7 13 7 10 11 7 2 11 10 10 13 3 7 8 10 13 13 4 13 7 4 8 8 10 13 13
split_gain=6.5107 5.39575 6.16577 7.88439 8.83643 5.87175 17.7232 6.54166 6.34729 24.5156 17.2653 15.6226 21.1516 14.7407 13.4892 45.6169 11.9532 16.6761 28.1636 25.598 32.1208 14.8509 14.5014 25.398 13.0623 12.9512 20.7074 18.2955 27.9897 28.3516
threshold=146.27500000000003 1979.5000000000002 59.585000000000001 27.750000000000004 23.500000000000004 1981.5000000000002 18.500000000000004 48.935000000000009 104.13000000000001 21.500000000000004 1.0000000180025095e-35 102.75000000000001 92.940000000000012 133.57000000000002 1988.5000000000002 0 18.500000000000004 29.150000000000002 15.635000000000003 1996.5000000000002 1998.5000000000002 1 1995.5000000000002 19.500000000000004 2 27.450000000000003 27.650000000000002 100.98500000000001 1998.5000000000002 2003.5000000000002
decision_type=10 2 10 2 2 2 2 10 8 2 2 10 10 10 2 9 2 2 10 2 2 9 2 2 9 2 2 10 2 2
left_child=1 2 3 4 -1 6 -3 -8 11 13 -11 -7 -13 14 15 -10 25 18 19 22 -21 -19 24 -24 -18 -16 -27 28 -28 -30
right_child=-2 5 -4 -5 -6 8 7 -9 9 10 -12 12 -14 -15 16 -17 17 21 -20 20 -22 -23 23 -25 -26 26 27 -29 29 -31
leaf_value=-0.0095562776268945278 -0.0044947093870071342 -0.023616803646118026 -0.0051239645892469099 0.012569994486002668 0.0036201449171289202 0.0003213939910262198 0.009396782326240638 -0.0030208879913070866 -0.01884801507533709 -0.0084268344378231053 0.0020638501901384387 0.0016305970943832017 0.025206265986665689 0.0045964042651223556 0.00019818907922819484 0.0043343772619317102 -0.0065455688822360081 0.0052728895726531283 -0.019100037603674781 -0.024983596429956647 -0.00041184022503921726 0.029805260013095847 0.01572503595663113 -0.011848888475086384 0.0023682375977426952 -0.0044158618128045113 0.0029618185562266587 0.00024450560334718933 -0.026699850418997164 -0.0023076622261272383
leaf_weight=391 704 262 561 1281 1065 100815 314 734 1067 3016 503 922 340 1287 67916 1333 629 1915 458 657 5552 299 1417 350 6577 3827 4484 23955 451 15923
leaf_count=391 704 262 561 1281 1065 100815 314 734 1067 3016 503 922 340 1287 67916 1333 629 1915 458 657 5552 299 1417 350 6577 3827 4484 23955 451 15923
internal_value=5.82294e-06 1.9532e-05 0.00202539 0.00300328 0.00047749 -7.55062e-06 -0.00333333 -0.000378072 1.04636e-05 -0.000206177 -0.00432134 0.000311009 0.00581761 -0.000101009 -0.000151294 -0.00385892 -8.48088e-05 0.00111957 0.000543131 0.000914955 -0.0015517 0.00517086 0.00262162 0.00666854 0.0016214 -0.000269375 -0.000892086 -0.000590099 -0.00167242 -0.00263062
internal_weight=249005 248301 3298 2737 1456 245003 1310 1048 243693 141616 3519 102077 1262 138097 136810 2400 134410 17854 15640 15182 6209 2214 8973 1767 7206 116556 48640 44813 20858 16374
internal_count=249005 248301 3298 2737 1456 245003 1310 1048 243693 141616 3519 102077 1262 138097 136810 2400 134410 17854 15640 15182 6209 2214 8973 1767 7206 116556 48640 44813 20858 16374
cat_boundaries=0 1 2 3
cat_threshold=4 14 132
is_linear=0
shrinkage=0.05


Tree=241
num_leaves=31
num_cat=0
split_feature=0 8 10 0 9 0 8 7 10 10 7 0 8 10 0 0 13 7 8 8 12 10 10 8 0 2 10 12 10 0
split_gain=5.78902 9.62267 6.22409 5.93133 5.49483 12.8841 23.2517 16.0367 11.311 8.40647 6.93762 10.1691 18.6431 8.6253 9.66569 9.12417 10.1912 9.29336 7.89366 6.73552 12.785 6.28255 5.88272 23.5393 9.0566 15.0634 13.6069 10.4486 10.0515 35.2448
threshold=98.500000000000014 27.450000000000003 146.27500000000003 94.500000000000014 -87.149999999999991 19.500000000000004 30.350000000000005 14.500000000000002 59.585000000000001 23.210000000000004 18.500000000000004 26.500000000000004 30.350000000000005 28.485000000000003 29.500000000000004 32.500000000000007 2013.5000000000002 14.500000000000002 30.350000000000005 30.450000000000003 1.0000000180025095e-35 33.400000000000006 117.38000000000001 26.950000000000003 59.500000000000007 1.0000000180025095e-35 101.04500000000002 1.0000000180025095e-35 117.12500000000001 49.500000000000007
decision_type=2 2 10 2 2 2 2 2 10 10 2 2 2 10 2 2 2 2 2 2 8 10 10 2 2 2 10 8 10 2
left_child=2 -2 3 4 5 6 9 -8 10 -1 13 -12 -13 15 21 16 17 -7 -16 20 -9 -15 24 -24 28 27 -27 -26 -6 -30
right_child=1 -3 -4 -5 22 8 7 19 -10 -11 11 12 -14 14 18 -17 -18 -19 -20 -21 -22 -23 23 -25 25 26 -28 -29 29 -31
leaf_value=-0.020163902806818259 0.0054935372455501511 -0.0063804785889995498 -0.0045089526035734908 0.0064180195988992501 9.7977110391589411e-05 0.0076024263541327741 -0.0069373529528296458 -0.0050076994566819362 -0.020863268184624584 -0.0045118436017022928 0.01038441574535609 -0.016081312523565396 0.018409574820863295 0.012697889900578475 0.021189200098766927 -0.001508952228181837 0.013796774818771862 -0.0057095833706882542 0.0062885392561403469 0.024480035260822278 0.012972813957598596 -0.0057547464444665415 -0.016576254136292691 0.0012717591645236227 -0.0029044450451973349 0.0015919551751702344 0.013523182024822411 -0.00071043076653536379 -0.018512508805641838 0.0021665695037293986
leaf_weight=458 324 898 700 569 195647 348 431 316 200 772 244 210 459 293 337 1215 375 356 561 228 306 444 509 14888 4631 2273 366 18927 835 885
leaf_count=458 324 898 700 569 195647 348 431 316 200 772 244 210 459 293 337 1215 375 356 561 228 306 444 509 14888 4631 2273 366 18927 835 885
internal_value=9.83876e-06 -0.00340909 2.68369e-05 4.02682e-05 2.83948e-05 0.00135528 -0.00156684 0.0031371 0.00281077 -0.00645161 0.00329761 0.00720477 0.0039028 0.0023737 0.00513678 0.000390625 0.00371901 0.000140056 0.00859031 0.00709302 0.00427215 0.000870147 -1.36e-05 0.000931395 -7.87211e-05 -0.000952036 0.00262363 -0.00135353 3.72384e-05 -0.00375723
internal_weight=249005 1222 247783 247083 246514 7553 2511 1281 5042 1230 4842 913 669 3929 1635 2294 1079 704 898 850 622 737 238961 15397 223564 26197 2639 23558 197367 1720
internal_count=249005 1222 247783 247083 246514 7553 2511 1281 5042 1230 4842 913 669 3929 1635 2294 1079 704 898 850 622 737 238961 15397 223564 26197 2639 23558 197367 1720
is_linear=0
shrinkage=0.05


Tree=242
num_leaves=31
num_cat=3
split_feature=0 10 10 11 10 4 9 3 0 9 13 10 10 13 10 9 9 0 0 11 11 4 9 11 10 13 2 13 13 9
split_gain=5.77407 7.04481 9.69477 6.18936 5.84323 5.43038 22.0717 15.9108 18.2316 15.1237 13.7107 8.50274 12.6258 8.52376 7.75877 24.3586 15.4282 7.90593 20.48 30.2922 37.8173 18.9932 13.6982 10.6771 47.2365 18.9073 16.1673 19.3001 10.566 10.2865
threshold=98.500000000000014 68.420000000000016 42.395000000000003 106.33500000000002 146.27500000000003 0 -87.149999999999991 1 50.500000000000007 -80.34999999999998 2011.5000000000002 136.87500000000003 132.28500000000003 1983.5000000000002 117.38000000000001 -85.049999999999983 -80.949999999999989 49.500000000000007 41.500000000000007 117.08500000000002 89.720000000000013 2 -82.449999999999989 116.25000000000001 122.84500000000001 2002.5000000000002 1.0000000180025095e-35 2018.5000000000002 2023.5000000000002 -82.449999999999989
decision_type=2 10 8 10 10 9 2 9 2 2 2 10 10 2 10 2 2 2 2 10 10 9 2 10 10 2 2 2 2 2
left_child=4 2 -2 -3 5 6 10 8 9 -8 -1 12 13 -9 -7 -16 17 18 23 20 -20 29 -21 25 -25 -17 27 -27 -28 -19
right_child=1 3 -4 -5 -6 14 7 11 -10 -11 -12 -13 -14 -15 15 16 -18 21 19 22 -22 -23 -24 24 -26 26 28 -29 -30 -31
leaf_value=0.0029601516322413702 -0.0074274606648801374 -0.015669418211630461 0.011453804680448966 -0.0021454506358178807 -0.0042835049733947811 -0.00013726459331397933 0.0013339790093588101 -0.012110274685590561 -0.014735359283344707 0.019151616654722405 0.012115198772785531 0.013491063118848158 -0.0087057594095004912 0.0006121343059432683 -0.027186345573186044 0.0002023457827369235 -0.015374826643657436 0.0032314299062800702 -0.0014752541786740903 -0.0035856985715257308 -0.025998587325964363 -0.0058495698195671691 0.0055323337710093236 0.0071931384656481086 -0.021766818468825378 0.0095150621981733522 0.0098693615242146926 -0.010521557519724656 0.020095282253262695 -0.0016793897781681721
leaf_weight=338 287 258 243 434 700 209616 507 613 211 796 342 267 527 20234 212 2411 223 5595 606 218 443 351 341 490 269 548 365 428 393 739
leaf_count=338 287 258 243 434 700 209616 507 613 211 796 342 267 527 20234 212 2411 223 5595 606 218 443 351 341 490 269 548 365 428 393 739
internal_value=5.42136e-06 -0.00340909 0.000925926 -0.00669516 2.23977e-05 3.54118e-05 0.000752463 0.000489963 0.00541069 0.00765423 0.00956522 0.000140806 2.80584e-05 0.000222947 -4.12061e-05 0.00111421 0.00138496 0.001609 0.000367985 -0.00451174 -0.00949008 0.00281553 0.00483304 0.00197395 -0.00344603 0.00297232 0.00693807 0.00263692 0.0123698 0.00344665
internal_weight=249005 1222 530 692 247783 247083 23835 23155 1514 1303 680 21641 21374 20847 223248 13632 13420 13197 6512 1608 1049 6685 559 4904 759 4145 1734 976 758 6334
internal_count=249005 1222 530 692 247783 247083 23835 23155 1514 1303 680 21641 21374 20847 223248 13632 13420 13197 6512 1608 1049 6685 559 4904 759 4145 1734 976 758 6334
cat_boundaries=0 1 2 3
cat_threshold=160 8 74
is_linear=0
shrinkage=0.05


Tree=243
num_leaves=31
num_cat=1
split_feature=0 8 11 10 13 0 4 8 9 13 8 10 7 0 11 11 11 0 11 10 8 8 11 11 10 9 0 0 9 7
split_gain=5.49751 8.0709 6.75147 5.48044 5.47839 5.16431 4.90349 24.5789 18.537 18.2892 15.9736 16.9181 13.3666 15.7235 12.9921 17.1706 12.2411 17.5616 10.9831 12.7982 11.1998 10.629 20.1922 10.059 10.1589 17.3937 23.8343 19.0049 16.0018 12.8948
threshold=98.500000000000014 27.250000000000004 117.08500000000002 146.27500000000003 2017.5000000000002 94.500000000000014 0 29.950000000000003 -80.34999999999998 2001.5000000000002 27.650000000000002 6.9000000000000012 18.500000000000004 59.500000000000007 95.605000000000004 89.165000000000006 55.415000000000006 32.500000000000007 62.915000000000006 33.175000000000004 27.250000000000004 29.450000000000003 99.585000000000022 103.04000000000001 133.57000000000002 -82.149999999999991 58.500000000000007 53.500000000000007 -82.549999999999983 17.500000000000004
decision_type=2 2 8 10 2 2 9 2 2 2 2 8 2 2 10 10 10 2 10 10 2 2 8 8 10 2 2 2 2 2
left_child=3 -2 4 5 -3 6 7 8 9 18 11 -11 13 -10 15 16 17 -9 20 -20 -1 -12 -23 -13 25 26 28 29 -25 -27
right_child=1 2 -4 -5 -6 -7 -8 14 12 10 21 23 -14 -15 -16 -17 -18 -19 19 -21 -22 22 -24 24 -26 27 -28 -29 -30 -31
leaf_value=-0.02076960622416282 0.0057250979310482291 -0.0039196588151971133 0.00083872256133754597 -0.0040693297247250014 -0.014151490900463061 0.0061039818486200662 -5.3643076581977313e-05 0.0030527428914115086 0.010126989604539194 0.021177053982972094 0.0052949930842413288 -0.0066969818849069718 -0.0016970262621399891 -0.012916752612450288 -0.00047361063910447145 0.012759467444375706 -0.0080661904710556346 0.024164823167659666 0.019923057613360752 -0.0093389937901088519 -0.0078413333985375196 -0.017286884997502749 0.0070541008884251969 -0.0018846539751984359 0.013323275152859894 0.00073402859250726316 0.011606714515736938 -0.011104974064678121 -0.014020459994933711 0.012160168537774841
leaf_weight=579 299 277 316 700 330 569 222755 625 2549 230 4000 917 1294 295 758 523 250 467 207 553 1192 308 248 947 246 5186 310 764 996 315
leaf_count=579 299 277 316 700 330 569 222755 625 2549 230 4000 917 1294 295 758 523 250 467 207 553 1192 308 248 947 246 5186 310 764 996 315
internal_value=3.81503e-06 -0.00332792 -0.00562701 2.03799e-05 -0.00867099 3.29835e-05 2.19046e-05 0.000704403 0.000137142 -0.000593838 9.32514e-05 -0.00103316 0.00313404 0.00504555 0.00526016 0.00749333 0.00443787 0.00671506 -0.0045061 0.000519481 -0.00665357 0.00254052 -0.00388693 -0.00135693 -0.000832004 -0.0011257 -0.0048829 0.000231076 -0.00693804 0.00126111
internal_weight=249005 1222 923 247783 607 247083 246514 23759 21136 16998 14467 9911 4138 2844 2623 1865 1342 1092 2531 760 1771 4556 556 9681 8764 8518 2253 6265 1943 5501
internal_count=249005 1222 923 247783 607 247083 246514 23759 21136 16998 14467 9911 4138 2844 2623 1865 1342 1092 2531 760 1771 4556 556 9681 8764 8518 2253 6265 1943 5501
cat_boundaries=0 1
cat_threshold=160
is_linear=0
shrinkage=0.05


Tree=244
num_leaves=31
num_cat=1
split_feature=0 8 0 10 4 8 9 13 8 10 7 0 7 7 7 9 9 7 8 10 9 0 10 9 6 8 0 7 10 7
split_gain=4.73189 7.33788 4.81621 4.77806 4.76613 22.2677 16.5689 17.3787 14.0642 15.5853 12.4648 15.1218 12.41 12.3717 15.1551 15.0025 13.1124 10.0801 9.70346 12.726 9.46661 8.57362 17.1652 16.7742 12.9133 12.7642 16.6373 12.0273 11.8395 11.052
threshold=98.500000000000014 27.450000000000003 94.500000000000014 146.27500000000003 0 29.950000000000003 -80.34999999999998 2001.5000000000002 27.650000000000002 6.9000000000000012 18.500000000000004 59.500000000000007 17.500000000000004 18.500000000000004 13.500000000000002 -85.649999999999991 -85.949999999999989 14.500000000000002 29.450000000000003 41.495000000000005 -87.149999999999991 47.500000000000007 94.710000000000022 -82.649999999999991 4.5000000000000009 26.650000000000002 53.500000000000007 10.500000000000002 45.480000000000011 11.500000000000002
decision_type=2 2 2 10 9 2 2 2 2 8 2 2 2 2 2 2 2 2 2 10 2 2 8 2 2 2 2 2 10 2
left_child=2 -2 3 4 5 6 7 12 9 -9 11 -8 -1 14 15 -7 17 -16 -10 -20 -15 23 25 -11 27 28 -27 -25 -23 -29
right_child=1 -3 -4 -5 -6 13 10 8 18 21 -12 -13 -14 20 16 -17 -18 -19 19 -21 -22 22 -24 24 -26 26 -28 29 -30 -31
leaf_value=-0.013027954331489422 0.0053381617737376713 -0.0054629893356771932 0.0057987827561890807 -0.0038658632384887428 -5.0960922752896215e-05 0.021291419044868934 0.0096206401243122755 0.020118201283823467 0.0050302434300292468 -0.026133127550851044 -0.0016121749490330295 -0.012270914981827731 -0.00062878611298620166 0.01112147118397333 -0.018986088046030414 -0.0074073037309391413 0.015625630598310992 -0.00023503722794995243 0.0042601402529670821 -0.015172495116893137 0.0097985086172899926 3.2181546653298199e-05 0.00042917388868275453 0.014537890990907699 0.0070884963850834206 -0.022557408222319709 -0.0049870097759190379 -0.014703889010277039 -0.01637723334396024 -0.00055901823594792786
leaf_weight=1364 324 898 569 700 222755 635 2549 230 4000 233 1294 295 1167 233 214 221 295 717 302 254 308 811 1672 397 815 301 202 376 602 4272
leaf_count=1364 324 898 569 700 222755 635 2549 230 4000 233 1294 295 1167 233 214 221 295 717 302 254 308 811 1672 397 815 301 202 376 602 4272
internal_value=6.62611e-06 -0.00308442 2.19942e-05 1.13258e-05 2.31215e-05 0.000695992 0.000156058 -0.000535042 0.000134696 -0.000922286 0.00298939 0.00483532 -0.00434868 0.00503228 0.00325048 0.00831409 -0.000323625 -0.00324123 0.00243101 -0.00371025 0.011706 -0.0012331 -0.00316843 -9.01196e-05 0.00044293 -0.00638629 -0.0131579 -0.000504451 -0.00390021 -0.0012237
internal_weight=249005 1222 247783 247214 246514 23759 21136 16998 14467 9911 4138 2844 2531 2623 2082 856 1226 931 4556 556 541 9681 3588 6093 5860 1916 503 5045 1413 4648
internal_count=249005 1222 247783 247214 246514 23759 21136 16998 14467 9911 4138 2844 2531 2623 2082 856 1226 931 4556 556 541 9681 3588 6093 5860 1916 503 5045 1413 4648
cat_boundaries=0 1
cat_threshold=160
is_linear=0
shrinkage=0.05


Tree=245
num_leaves=31
num_cat=3
split_feature=8 4 11 8 9 10 4 2 10 11 8 13 4 0 13 11 10 10 11 0 10 8 8 2 0 10 10 10 11 11
split_gain=4.57472 25.2754 24.9266 17.3763 14.4602 16.2221 12.113 22.9259 17.3986 15.9757 15.2643 15.948 21.0212 20.6672 14.6606 16.4024 17.6638 16.5282 20.6079 13.6572 13.462 14.8097 18.6467 18.5293 13.955 13.4138 11.6858 18.2863 15.5917 19.9308
threshold=28.850000000000005 0 89.165000000000006 28.150000000000002 -80.949999999999989 41.005000000000003 1 1.0000000180025095e-35 28.485000000000003 52.085000000000008 29.050000000000004 2023.5000000000002 2 30.500000000000004 2017.5000000000002 100.41500000000001 125.34000000000002 115.06500000000001 49.585000000000008 45.500000000000007 60.355000000000011 30.050000000000004 30.450000000000003 1.0000000180025095e-35 53.500000000000007 5.9750000000000005 36.655000000000008 38.465000000000011 43.405000000000008 59.440000000000005
decision_type=2 9 10 2 2 10 9 2 8 8 2 2 9 2 2 10 10 10 10 2 8 2 2 2 2 10 8 8 8 8
left_child=3 2 -2 -1 6 -6 7 8 -3 -10 11 12 13 -8 15 17 -17 -12 -19 -13 21 24 23 -23 -16 -9 -5 -28 -29 -30
right_child=1 4 -4 26 5 -7 10 25 9 -11 14 19 -14 -15 20 16 -18 18 -20 -21 -22 22 -24 -25 -26 -27 27 28 29 -31
leaf_value=-2.642776054937457e-05 0.00094052489818032827 0.00079581094786300714 0.0097563080620203038 -0.0080251300238376021 -0.024666720149237875 -0.0015096531608638664 0.0018865534878684366 0.014229246165072686 0.0062690701409787945 -0.010058620387308448 0.0020158327992547244 0.002517599680404015 -0.019095882117293163 0.0099518190279908048 0.0027758346444712425 -0.0068037949284025069 0.01335751671132175 0.0081800372720062242 -0.0210056208080323 -0.0050872246880465438 -0.0072252201738307598 -0.0016733229001422601 0.0070973271963244329 -0.016275853400323205 -0.0027072282394338567 0.0010838060306377351 0.01065546462723317 0.0095328864202207445 -0.03106102605401935 -0.0014163978754352159
leaf_weight=173506 371 849 361 1665 237 811 1332 287 416 3308 31532 336 219 1369 3506 2818 386 265 570 487 2580 1520 638 921 987 2091 384 620 268 14681
leaf_count=173506 371 849 361 1665 237 811 1332 287 416 3308 31532 336 219 1369 3506 2818 386 265 570 487 2580 1520 638 921 987 2091 384 620 268 14681
internal_value=-5.39444e-05 0.000334152 0.00944149 -0.000172131 0.000214839 -0.00557656 0.000323427 -0.00162817 -0.00369845 -0.00516872 0.000598149 0.00366374 0.00539249 0.00659684 0.000346577 0.000824878 -0.00258245 0.00116286 -0.00573964 -0.00246098 -0.00132848 -0.000263783 -0.00292975 -0.00491636 0.00156562 0.00234506 -0.0016678 -0.00124977 -0.00151807 -0.0018417
internal_weight=249321 58197 732 191124 57465 1048 56417 6951 4573 3724 49466 3743 2920 2701 45723 35571 3204 32367 835 823 10152 7572 3079 2441 4493 2378 17618 15953 15569 14949
internal_count=249321 58197 732 191124 57465 1048 56417 6951 4573 3724 49466 3743 2920 2701 45723 35571 3204 32367 835 823 10152 7572 3079 2441 4493 2378 17618 15953 15569 14949
cat_boundaries=0 1 2 3
cat_threshold=32 28 66
is_linear=0
shrinkage=0.05


Tree=246
num_leaves=31
num_cat=5
split_feature=8 4 11 8 9 10 4 11 11 8 12 11 9 8 4 8 4 11 10 11 8 8 9 11 10 12 9 3 10 10
split_gain=4.45793 24.5239 24.1988 15.3007 12.2204 13.0751 11.8919 17.2149 20.4364 15.8612 14.4978 16.1047 14.6902 13.7087 12.0595 12.2779 11.514 10.3194 16.5939 18.0871 16.2665 27.1205 12.2755 11.0191 11.2561 15.1249 22.3217 20.0575 16.9859 22.3937
threshold=28.850000000000005 0 89.165000000000006 28.150000000000002 -80.949999999999989 41.005000000000003 1 99.585000000000022 90.160000000000011 29.050000000000004 1.0000000180025095e-35 109.77500000000002 -81.049999999999983 29.150000000000002 2 30.350000000000005 3 100.41500000000001 100.09000000000002 42.085000000000008 30.050000000000004 29.650000000000002 -87.449999999999989 89.720000000000013 18.765000000000004 1.0000000180025095e-35 -86.649999999999991 4 78.835000000000022 85.760000000000005
decision_type=2 9 10 2 2 10 9 10 8 2 10 8 2 2 9 2 9 10 10 10 2 2 2 10 10 10 2 9 10 10
left_child=3 2 -2 -1 6 -6 7 8 13 10 11 -8 -12 -3 15 -10 -5 18 22 -20 21 -19 -11 -24 -25 28 27 -27 -26 -30
right_child=1 4 -4 16 5 -7 9 -9 14 17 12 -13 -14 -15 -16 -17 -18 20 19 -21 -22 -23 23 24 25 26 -28 -29 29 -31
leaf_value=-2.5106372521932487e-05 0.00089349865327132967 -0.0092063717145873802 0.0092684926589193146 -0.0050819914706079945 -0.023433384141775981 -0.0014341705028206421 0.0094263518227748477 0.0017496057102853069 -0.020124143353963665 -0.015826930696818488 -0.0039843474064951145 0.0012236171030240329 0.0082654152491453917 0.0021921708742376647 -0.0018230821525095032 -0.0091212427001511106 -0.0013362620412094017 -0.013904001975499637 0.0061794806563415074 -0.010550226874813795 -0.0070211532710714236 0.0036123579674886665 0.00043749178308862826 -0.0015996257809072212 0.0024551277116866112 0.00013752521486702919 0.0042442641569809146 0.019471677912300492 -0.037093382108137354 0.0075534068337920427
leaf_weight=173506 371 384 361 456 237 811 1183 1660 727 252 1113 1182 265 2536 957 687 17162 503 515 1525 2961 2457 23246 2154 5215 377 5083 938 279 218
leaf_count=173506 371 384 361 456 237 811 1183 1660 727 252 1113 1182 265 2536 957 687 17162 503 515 1525 2961 2457 23246 2154 5215 377 5083 938 279 218
internal_value=-4.55218e-05 0.000337588 0.00930851 -0.00016219 0.000220057 -0.00510397 0.000319882 -0.00161383 -0.00300887 0.000592087 0.00371703 0.00608421 -0.000360231 -0.000204778 -0.00644687 -0.00934449 -0.00156569 0.000335644 0.00062544 -0.0037561 -0.00161018 0.0010101 0.000863073 0.000938166 0.00203167 0.00262376 0.00429151 0.0100755 0.000751485 -0.00798817
internal_weight=249321 58197 732 191124 57465 1048 56417 6951 5291 49466 3743 2365 1378 2920 2371 1414 17618 45723 39802 2040 5921 2960 37762 37510 14264 12110 6398 1315 5712 497
internal_count=249321 58197 732 191124 57465 1048 56417 6951 5291 49466 3743 2365 1378 2920 2371 1414 17618 45723 39802 2040 5921 2960 37762 37510 14264 12110 6398 1315 5712 497
cat_boundaries=0 1 2 3 4 5
cat_threshold=32 28 8 36 18
is_linear=0
shrinkage=0.05


Tree=247
num_leaves=31
num_cat=3
split_feature=0 7 10 4 2 10 11 0 4 6 0 7 11 0 10 8 13 9 9 11 10 9 7 10 8 8 4 0 7 8
split_gain=3.97328 21.1791 13.2893 11.1292 12.7483 19.5408 9.71428 14.5599 15.7672 8.6894 8.46381 13.4959 10.8256 14.1115 9.97436 8.23025 8.09272 7.89409 12.4465 7.12846 6.95941 6.66622 6.86059 6.44007 6.34289 24.9524 20.9126 20.432 19.2959 17.7791
threshold=65.500000000000014 14.500000000000002 123.30500000000002 0 1.0000000180025095e-35 101.04500000000002 97.640000000000015 94.500000000000014 1 2.5000000000000004 73.500000000000014 16.500000000000004 112.91500000000001 80.500000000000014 25.115000000000006 27.550000000000004 2023.5000000000002 -81.34999999999998 -82.749999999999986 64.705000000000013 37.025000000000013 -82.249999999999986 12.500000000000002 115.06500000000001 27.050000000000004 27.450000000000003 2 29.500000000000004 12.500000000000002 27.350000000000005
decision_type=2 2 10 9 2 10 10 2 9 2 2 2 8 2 10 2 2 2 2 10 10 2 2 10 2 2 9 2 2 2
left_child=24 6 3 16 10 20 7 8 9 21 14 17 13 -13 -5 -8 19 18 -12 -3 -6 -2 -23 -16 -1 26 27 28 -26 -29
right_child=1 2 -4 4 5 -7 15 -9 -10 -11 11 12 -14 -15 23 -17 -18 -19 -20 -21 -22 22 -24 -25 25 -27 -28 29 -30 -31
leaf_value=-0.00039809794456582284 0.0074109606895453872 0.011016461612134388 -0.0095138034079140787 -0.0070505363014555129 -0.007240573123074601 0.013383019183426282 0.0040712697979273576 0.01537882891705511 -0.014611496602176022 -0.014625689313267732 -0.0076183246508103155 0.00061177597956278977 0.0023118215676434239 -0.015649876720613687 6.820111652956484e-05 -0.0035706176969920291 0.010070359946761975 -0.018039554252241487 -0.0025293901108772057 -0.01499582136954416 0.0023875974012390168 -0.0048035844141259615 0.0018429033912735983 -0.002395156667016618 0.029865729131178222 3.1634679849723571e-05 -0.0016835058104958556 -2.416482493243777e-05 0.0088066851055180525 0.0081790376975564346
leaf_weight=101156 268 280 231 978 629 431 2936 213 311 240 658 385 782 368 4418 284 318 266 859 257 777 397 1466 1677 592 117387 2635 3879 2913 1330
leaf_count=101156 268 280 231 978 629 431 2936 213 311 240 658 385 782 368 4418 284 318 266 859 257 777 397 1466 1677 592 117387 2635 3879 2913 1330
internal_value=-4.15111e-05 -0.000727918 -0.00184629 -0.00163064 -0.00201666 0.00181375 0.00170612 -0.000395869 -0.00141159 2.09118e-05 -0.00269686 -0.00477764 -0.00132686 -0.00557012 -0.00171537 0.00359133 0.00382857 -0.00772448 -0.00625409 9.14077e-05 -0.00105932 0.00105091 -2.66951e-05 -0.000958231 1.65288e-05 0.000249328 0.00248701 0.00366384 0.00661451 0.00167657
internal_weight=249321 19429 13314 13083 12228 1837 6115 2895 2682 2371 10391 3318 1535 753 7073 3220 855 1783 1517 537 1406 2131 1863 6095 229892 128736 11349 8714 3505 5209
internal_count=249321 19429 13314 13083 12228 1837 6115 2895 2682 2371 10391 3318 1535 753 7073 3220 855 1783 1517 537 1406 2131 1863 6095 229892 128736 11349 8714 3505 5209
cat_boundaries=0 1 2 3
cat_threshold=128 50 70
is_linear=0
shrinkage=0.05


Tree=248
num_leaves=31
num_cat=5
split_feature=3 8 9 10 10 11 11 8 4 8 13 0 4 11 0 7 0 13 0 7 4 10 4 13 9 8 0 9 11 8
split_gain=4.42155 7.80919 5.87808 6.3965 10.024 12.0599 20.7843 8.73265 8.54502 8.22338 9.89621 8.07625 7.68986 6.35231 6.16411 6.86273 5.82719 8.96428 5.65978 6.09264 13.1266 16.592 12.6684 11.0282 10.5304 10.0237 8.5175 7.06891 6.81983 6.70257
threshold=0 24.650000000000002 -80.34999999999998 109.14500000000001 68.420000000000016 50.915000000000006 57.915000000000006 30.350000000000005 1 27.550000000000004 2023.5000000000002 9.5000000000000018 2 74.165000000000006 32.500000000000007 14.500000000000002 8.5000000000000018 2003.5000000000002 12.500000000000002 13.500000000000002 3 27.375000000000004 4 2005.5000000000002 -82.449999999999989 26.550000000000004 33.500000000000007 -83.049999999999983 108.48500000000001 28.450000000000003
decision_type=9 2 2 10 10 10 10 2 9 2 2 2 9 10 2 2 2 2 2 2 9 8 9 2 2 2 2 2 8 2
left_child=1 -1 3 4 7 -6 -7 11 -8 -5 -11 -3 -13 -9 -10 -16 -15 -18 -14 26 -21 22 -22 27 -25 -26 -20 -23 -28 -29
right_child=-2 2 -4 9 5 6 8 13 14 10 -12 12 18 16 15 -17 17 -19 19 20 21 23 -24 24 25 -27 28 29 -30 -31
leaf_value=-0.013369361937761327 -0.00011078030701447972 -0.0073644970182250805 0.014486981328241111 -0.00099174523410505699 0.011620266565325645 -0.025004273722946915 0.0070494807089720446 -0.0010961456224702459 -0.0084926480079556398 0.0046967762624010589 0.012117449081582167 -0.0077647463103917682 0.012352822187968472 0.00048969331946961962 0.0077421201345855735 -0.0022610253395755286 0.030927598895564758 0.01022849575136018 -0.0053335997907459467 -0.0056846994916792239 0.005115237334083745 0.012665779560857704 0.025418683017768198 -0.01020434731897666 -0.0071286130377889558 0.0085999748091075464 -0.0053770428389625204 0.0049663912697757162 0.0039602753002645485 -0.0023631244752867712
leaf_weight=342 235160 514 379 576 219 220 403 234 984 815 232 450 265 293 209 925 245 407 972 560 666 361 229 413 253 361 394 973 941 326
leaf_count=342 235160 514 379 576 219 220 403 234 984 815 232 450 265 293 209 925 245 407 972 560 666 361 229 413 253 361 394 973 941 326
internal_value=-3.58961e-05 0.000821522 0.00100875 0.000832714 0.000426989 -0.00208754 -0.00299891 0.00126875 -0.00167918 0.00376607 0.006386 0.000650364 0.00108726 0.00525652 -0.00294668 -0.000437063 0.00706806 0.00966767 0.0015147 0.00121536 0.00236031 0.00347029 0.00933702 0.00150167 -0.00255545 0.00160256 -0.000841606 0.00401198 0.00174721 0.00225363
internal_weight=249321 14161 13819 13440 11817 2960 2741 8857 2521 1623 1047 7678 7164 1179 2118 1134 945 652 6714 6449 4142 3582 895 2687 1027 614 2307 1660 1335 1299
internal_count=249321 14161 13819 13440 11817 2960 2741 8857 2521 1623 1047 7678 7164 1179 2118 1134 945 652 6714 6449 4142 3582 895 2687 1027 614 2307 1660 1335 1299
cat_boundaries=0 1 2 3 4 5
cat_threshold=16 160 8 192 2
is_linear=0
shrinkage=0.05


Tree=249
num_leaves=31
num_cat=4
split_feature=3 8 9 8 0 4 13 1 13 11 0 12 12 9 4 13 0 0 13 8 8 8 4 8 8 6 0 8 9 0
split_gain=4.73686 7.88403 5.80787 5.62378 8.09462 9.2234 10.2542 9.08807 8.10887 21.1036 14.9984 12.4519 8.01069 7.76114 6.47072 10.6983 8.48132 6.28206 5.93263 5.3188 9.66517 5.20042 4.91802 8.39854 5.01181 4.75598 4.64339 14.4207 11.5677 10.7093
threshold=0 24.650000000000002 -80.34999999999998 30.350000000000005 31.500000000000004 1 1988.5000000000002 1.0000000180025095e-35 2016.5000000000002 104.13000000000001 42.500000000000007 1.0000000180025095e-35 1.0000000180025095e-35 -82.749999999999986 2 2022.5000000000002 59.500000000000007 66.500000000000014 1997.5000000000002 24.750000000000004 26.450000000000003 26.950000000000003 3 26.650000000000002 26.450000000000003 1.5000000000000002 65.500000000000014 27.550000000000004 -82.249999999999986 90.500000000000014
decision_type=9 2 2 2 2 9 2 2 2 8 2 10 8 2 9 2 2 2 2 2 2 2 9 2 2 2 2 2 2 2
left_child=1 -1 3 4 12 6 -6 22 10 -10 25 -12 13 -3 15 -11 -16 -18 -5 -14 -21 -15 24 -24 -7 -8 -2 28 -28 -30
right_child=26 2 -4 18 5 7 8 -9 9 14 11 -13 19 21 16 -17 17 -19 -20 20 -22 -23 23 -25 -26 -27 27 -29 29 -31
leaf_value=-0.012700893840873296 -1.6718155874340113e-05 -0.012455002394711468 0.013762632261829034 0.015102435236645829 -0.0064348114472857713 -0.010379479799316728 0.010534616332576886 0.0092120129652045087 -0.018902054335185658 0.024268234187328732 0.0094540538893213913 -0.0052102227111920918 0.009132717084342979 -0.0048411414597579142 0.00023409803019482924 0.0020097543880790883 0.0065322440306624157 0.00057565605299756404 0.0033196926476801282 -0.0082919941902123828 0.00052293908108036469 0.0074423499393340368 -0.00010724051408708136 -0.011330793442365117 0.0034917050467521806 0.018153887873554764 0.0035730759726200212 -0.0016767773774481578 -0.00099700413362135976 0.0059464259521678116
leaf_weight=342 216377 581 379 352 457 223 495 259 278 201 291 298 253 422 1452 331 250 314 1030 535 3764 205 361 346 406 336 1994 11541 4747 501
leaf_count=342 216377 581 379 352 457 223 495 259 278 201 291 298 253 422 1452 331 250 314 1030 535 3764 205 361 346 406 336 1994 11541 4747 501
internal_value=-3.06821e-05 0.00085678 0.00104491 0.000869888 0.000522042 0.00175967 0.00286894 -0.00151703 0.00364192 0.00208039 0.00671329 0.000584307 -0.000831889 -0.0044335 0.00351837 0.00833333 0.0021611 0.00731707 0.00387931 0.000131521 -0.000290091 -0.000549451 -0.00319465 -0.00598349 7.70416e-05 0.0109988 -8.41908e-05 -0.000838078 0.000910094 -0.000323317
internal_weight=249321 14161 13819 13440 12058 6298 4703 1595 4246 2826 1420 589 5760 1208 2548 532 2016 564 1382 4552 4299 627 1336 707 629 831 235160 18783 7242 5248
internal_count=249321 14161 13819 13440 12058 6298 4703 1595 4246 2826 1420 589 5760 1208 2548 532 2016 564 1382 4552 4299 627 1336 707 629 831 235160 18783 7242 5248
cat_boundaries=0 1 2 3 4
cat_threshold=16 50 32 128
is_linear=0
shrinkage=0.05


end of trees

feature_importances:
distance_from_track_mi=1198
building_age_years=948
storm_wind_speed_kt=920
latitude=894
yearOfLoss=849
longitude=823
occupancy_group_encoded=645
historical_storm_freq=491
flood_zone_encoded=248
is_elevated=232
days_to_storm=116
storm_category_encoded=94
distance_bin=33
building_age_missing=9

parameters:
[boosting: gbdt]
[objective: regression_l1]
[metric: l1]
[tree_learner: serial]
[device_type: cpu]
[data_sample_strategy: bagging]
[data: ]
[valid: ]
[num_iterations: 250]
[learning_rate: 0.05]
[num_leaves: 31]
[num_threads: 0]
[seed: 42]
[deterministic: 0]
[force_col_wise: 0]
[force_row_wise: 0]
[histogram_pool_size: -1]
[max_depth: -1]
[min_data_in_leaf: 200]
[min_sum_hessian_in_leaf: 0.001]
[bagging_fraction: 0.8]
[pos_bagging_fraction: 1]
[neg_bagging_fraction: 1]
[bagging_freq: 5]
[bagging_seed: 400]
[bagging_by_query: 0]
[feature_fraction: 0.8]
[feature_fraction_bynode: 1]
[feature_fraction_seed: 30056]
[extra_trees: 0]
[extra_seed: 12879]
[early_stopping_round: 0]
[early_stopping_min_delta: 0]
[first_metric_only: 0]
[max_delta_step: 0]
[lambda_l1: 0]
[lambda_l2: 10]
[linear_lambda: 0]
[min_gain_to_split: 0]
[drop_rate: 0.1]
[max_drop: 50]
[skip_drop: 0.5]
[xgboost_dart_mode: 0]
[uniform_drop: 0]
[drop_seed: 17869]
[top_rate: 0.2]
[other_rate: 0.1]
[min_data_per_group: 100]
[max_cat_threshold: 32]
[cat_l2: 10]
[cat_smooth: 10]
[max_cat_to_onehot: 4]
[top_k: 20]
[monotone_constraints: ]
[monotone_constraints_method: basic]
[monotone_penalty: 0]
[feature_contri: ]
[forcedsplits_filename: ]
[refit_decay_rate: 0.9]
[cegb_tradeoff: 1]
[cegb_penalty_split: 0]
[cegb_penalty_feature_lazy: ]
[cegb_penalty_feature_coupled: ]
[path_smooth: 0]
[interaction_constraints: ]
[verbosity: -1]
[saved_feature_importance_type: 0]
[use_quantized_grad: 0]
[num_grad_quant_bins: 4]
[quant_train_renew_leaf: 0]
[stochastic_rounding: 1]
[linear_tree: 0]
[max_bin: 255]
[max_bin_by_feature: ]
[min_data_in_bin: 3]
[bin_construct_sample_cnt: 200000]
[data_random_seed: 175]
[is_enable_sparse: 1]
[enable_bundle: 1]
[use_missing: 1]
[zero_as_missing: 0]
[feature_pre_filter: 1]
[pre_partition: 0]
[two_round: 0]
[header: 0]
[label_column: ]
[weight_column: ]
[group_column: ]
[ignore_column: ]
[categorical_feature: 3,4]
[forcedbins_filename: ]
[precise_float_parser: 0]
[parser_config_file: ]
[objective_seed: 16083]
[num_class: 1]
[is_unbalance: 0]
[scale_pos_weight: 1]
[sigmoid: 1]
[boost_from_average: 1]
[reg_sqrt: 0]
[alpha: 0.9]
[fair_c: 1]
[poisson_max_delta_step: 0.7]
[tweedie_variance_power: 1.5]
[lambdarank_truncation_level: 30]
[lambdarank_norm: 1]
[label_gain: ]
[lambdarank_position_bias_regularization: 0]
[eval_at: ]
[multi_error_top_k: 1]
[auc_mu_weights: ]
[num_machines: 1]
[local_listen_port: 12400]
[time_out: 120]
[machine_list_filename: ]
[machines: ]
[gpu_platform_id: -1]
[gpu_device_id: -1]
[gpu_use_dp: 0]
[num_gpu: 1]

end of parameters

pandas_categorical:[]
