tree
version=v4
num_class=1
num_tree_per_iteration=1
label_index=0
max_feature_idx=12
objective=regression_l1
feature_names=building_age_years building_age_missing is_elevated flood_zone_encoded occupancy_group_encoded distance_bin storm_category_encoded historical_storm_freq latitude longitude distance_from_track_mi storm_wind_speed_kt days_to_storm
feature_infos=[0:183] [0:1] [0:1] -1:2:1:3:4 -1:1:7:2:3:5:4:6 [-1:4] [-1:5] [6:30] [24.5:31] [-87.5:-80] [0:149.88999999999999] [10:145] [-7:7]
tree_sizes=2842 3022 3021 3005 3010 3033 3024 3026 3018 3019 3053 3028 3002 3010 3025 3016 2989 3067 3019 3057 3065 3016 2994 3034 3069 3029 3028 2982 2954 2969 2978 3011 2989 3004 3050 3068 3063 3033 3032 2967 2979 3020 3090 3019 3057 3019 3023 3007 3002 3016 3049 3002 2993 3066 3037 3024 3066 3040 3041 2997 2976 3009 2963 3014 3028 3018 3059 3024 3032 3034 3042 3047 3060 3045 3016 3039 3013 3062 3078 3050 3069 3012 3083 3085 3066 3016 2988 3016 2998 3015 3079 3036 3012 3014 2994 2999 3038 3004 3044 2989 3049 2989 3016 3024 2980 2981 2979 3027 3031 3038 3073 3041 2977 2954 3017 2991 3027 3002 2994 3053 3007 2976 2968 3000 2941 3007 3014 3011 2980 2948 2976 2974 2926 2924 2968 3007 3003 2996 2987 3031 3043 3004 2989 2993 2980 3024 2956 2966 3045 3044 3013 3013 2957 2978 3015 3017 2950 3023 2959 2950 2924 2993 2945 3013 3011 2933 2981 3031 2998 3022 2992 2987 2999 2987 3013 2933 3020 2986 2938 3011 2967 3008 2970 3065 2949 3025 2927 3025 2975 2997 3058 2968 2951 3013 2898 3008 2956 2999 3023 2964 3046 3042 3005 2961 2939 2978 2993 3018 2977 3004 2974 3034 2936 2996 2999 2992 2931 2950 3028 2980 2997 2987 2966 2948 2975 2989 2985 2996 3006 3005 3019 2937 2949 2900 3029 3076 3017 3025 2977 2995 2968 2991 2979 2960 3001 2948 2930 3049 2983 2967

Tree=0
num_leaves=31
num_cat=6
split_feature=11 2 11 10 1 4 2 11 10 4 7 11 2 11 12 1 2 11 4 3 4 11 7 7 10 4 11 11 11 11
split_gain=18515.6 9421.58 2786.91 2196.31 2336.56 2065.65 1669.58 1382.91 1131.21 1017.57 820.834 626.022 547.949 509.512 485.132 471.542 415.013 379.583 379.239 370.184 392.055 368.704 316.069 302.345 288.32 274.033 276.241 270.57 243.055 231.985
threshold=107.64000000000001 1.0000000180025095e-35 69.585000000000022 36.195000000000007 1.0000000180025095e-35 0 1.0000000180025095e-35 60.415000000000006 85.760000000000005 1 17.500000000000004 47.250000000000007 1.0000000180025095e-35 121.55000000000003 1.0000000180025095e-35 1.0000000180025095e-35 1.0000000180025095e-35 69.030000000000015 2 3 4 103.04000000000001 14.500000000000002 16.500000000000004 45.990000000000002 5 64.705000000000013 90.160000000000011 106.33500000000002 54.260000000000012
decision_type=10 2 10 8 2 9 2 10 10 9 2 8 2 10 10 2 2 10 9 9 9 10 2 2 10 9 10 10 10 8
left_child=2 5 3 17 7 -2 10 11 15 -3 14 -5 19 -11 22 -7 23 25 -8 29 -21 27 -4 -9 -12 -1 -27 -20 -26 -13
right_child=1 9 6 4 -6 8 18 16 -10 13 24 12 -14 -15 -16 -17 -18 -19 21 20 -22 -23 -24 -25 28 26 -28 -29 -30 -31
leaf_value=10.283749961853028 10.281999969482422 10.311499977111817 10.295999956130981 10.237999963760377 10.193999958038329 10.348999977111816 10.297999954223632 10.33299994468689 10.363499975204467 10.222499942779541 10.289999961853027 10.310999965667724 10.250999975204468 10.274499940872193 10.297999954223632 10.248499965667724 10.256499958038329 10.266499948501586 10.237999963760377 10.302749967575073 10.25499997138977 10.222499942779541 10.335499954223632 10.282499980926513 10.257499980926514 10.240499973297119 10.213499975204467 10.274999952316284 10.336999940872193 10.278499984741211
leaf_weight=852 3613 3694 3261 6941 6376 28399 2306 5720 30334 7282 7095 3086 7581 6145 21336 618 923 3006 3439 2208 18002 3322 8596 1695 5310 5821 11819 5948 382 33878
leaf_count=852 3613 3694 3261 6941 6376 28399 2306 5720 30334 7282 7095 3086 7581 6145 21336 618 923 3006 3439 2208 18002 3322 8596 1695 5310 5821 11819 5948 382 33878
internal_value=10.2901 10.3099 10.2807 10.2759 10.2795 10.3189 10.2893 10.2818 10.3211 10.277 10.294 10.2795 10.2811 10.2706 10.2981 10.314 10.301 10.2616 10.2748 10.2827 10.2773 10.2714 10.3062 10.305 10.2832 10.2589 10.2576 10.2765 10.2749 10.2857
internal_weight=248988 80085 168903 107908 86410 62964 60995 80034 59351 17121 45980 71696 64755 13427 33193 29017 8338 21498 15015 57174 20210 12709 11857 7415 12787 18492 17640 9387 5692 36964
internal_count=248988 80085 168903 107908 86410 62964 60995 80034 59351 17121 45980 71696 64755 13427 33193 29017 8338 21498 15015 57174 20210 12709 11857 7415 12787 18492 17640 9387 5692 36964
cat_boundaries=0 1 2 3 4 5 6
cat_threshold=80 184 168 20 160 128
is_linear=0
shrinkage=1


Tree=1
num_leaves=31
num_cat=5
split_feature=11 2 8 11 4 7 2 2 10 11 4 10 8 11 7 8 11 11 11 7 7 7 4 4 11 1 7 10 4 8
split_gain=17567.8 8953.66 4677.58 2552.55 1969.99 1532.38 1435.24 1411.04 1184.78 1097.39 924.521 737.691 645.152 614.292 729.006 577.723 484.692 451.467 425.951 353.553 352.263 423.845 351.337 340.255 332.592 332.422 312.991 461.719 301.082 283.639
threshold=107.64000000000001 1.0000000180025095e-35 28.250000000000004 69.030000000000015 0 17.500000000000004 1.0000000180025095e-35 1.0000000180025095e-35 85.760000000000005 60.415000000000006 1 9.365000000000002 30.050000000000004 91.745000000000019 13.500000000000002 27.050000000000004 121.55000000000003 53.165000000000006 46.835000000000008 15.500000000000002 17.500000000000004 14.500000000000002 2 3 89.165000000000006 1.0000000180025095e-35 20.500000000000004 69.120000000000019 4 29.450000000000003
decision_type=10 2 2 8 9 2 2 2 10 10 9 10 2 10 2 2 10 10 8 2 2 2 9 9 10 2 2 10 9 2
left_child=2 4 3 15 -2 6 13 9 12 18 -3 25 -6 14 -5 28 -12 -17 -4 -20 21 -11 -8 -16 -9 -7 -21 -28 -1 -22
right_child=1 10 7 5 8 11 22 24 -10 20 16 -13 -14 -15 23 17 -18 -19 19 26 29 -23 -24 -25 -26 -27 27 -29 -30 -31
leaf_value=-0.012187500000000018 -0.0075999927520752136 0.020425014495849592 -0.032900002002716103 0.017100019454956074 0.057049989700317383 -0.044924993515014666 -0.0029000091552734198 -0.035550000667572058 0.069825012683868426 0.017100019454956074 -0.064125018119812 -0.01832501649856564 -0.018450021743774414 0.015225019454956091 -0.030925006866455097 -0.060400011539459265 -0.014725019931793249 -0.017650020122528077 -0.023250000476837143 0.016249997615814228 -0.0317500114440918 0.04885002374649048 -0.06004998922348026 0.0055875062942504885 -0.0082500147819518869 -0.10420001506805417 -0.051337510347366333 0.013800015449523962 -0.071550014019012495 0.021500015258789064
leaf_weight=993 3613 3694 3745 7314 27530 17208 1341 7269 30334 8522 7282 10533 1487 15515 14712 4609 6145 5539 3750 11611 1398 10250 6094 3336 7496 2693 1898 2591 17112 3374
leaf_count=993 3613 3694 3745 7314 27530 17208 1341 7269 30334 8522 7282 10533 1487 15515 14712 4609 6145 5539 3750 11611 1398 10250 6094 3336 7496 2693 1898 2591 17112 3374
internal_value=0.000227311 0.0195137 -0.0089179 -0.0152464 0.0282307 -0.0106182 -0.0050805 0.00202135 0.0304096 0.00624616 -0.0125416 -0.0194045 0.0231767 -0.00140265 -0.00619581 -0.0281375 -0.018625 -0.0185568 -0.00137471 0.00154582 0.0138809 0.016963 -0.025272 -0.0115904 -0.0114619 -0.0250665 0.00476723 -0.00643476 -0.0334943 0.00174613
internal_weight=248988 80085 168903 106999 62964 78746 48312 61904 59351 47139 17121 30434 29017 40877 25362 28253 13427 10148 23595 19850 23544 18772 7435 18048 14765 19901 16100 4489 18105 4772
internal_count=248988 80085 168903 106999 62964 78746 48312 61904 59351 47139 17121 30434 29017 40877 25362 28253 13427 10148 23595 19850 23544 18772 7435 18048 14765 19901 16100 4489 18105 4772
cat_boundaries=0 1 2 3 4 5
cat_threshold=80 184 168 90 128
is_linear=0
shrinkage=0.05


Tree=2
num_leaves=31
num_cat=6
split_feature=6 2 8 6 4 2 7 2 10 5 4 3 6 8 7 7 1 4 8 12 8 8 2 10 8 10 12 4 7 3
split_gain=15747.5 8150.78 3940.18 2634.4 1895.14 1479.07 1312.42 1311.35 1089.22 1040.05 847.731 603.893 594.598 688.229 589.871 657.296 557.068 610.792 627.546 491.582 487.582 417.528 352.479 350.154 295.626 271.176 269.55 267.039 263.059 257.421
threshold=3.5000000000000004 1.0000000180025095e-35 28.250000000000004 1.5000000000000002 0 1.0000000180025095e-35 15.500000000000002 1.0000000180025095e-35 90.02500000000002 1.0000000180025095e-35 1 2 1.0000000180025095e-35 28.950000000000003 17.500000000000004 14.500000000000002 1.0000000180025095e-35 3 26.350000000000005 1.0000000180025095e-35 27.050000000000004 29.050000000000004 1.0000000180025095e-35 18.335000000000004 30.050000000000004 66.570000000000007 1.0000000180025095e-35 4 11.500000000000002 5
decision_type=2 2 2 2 9 2 2 2 10 2 9 9 2 2 2 2 2 9 2 10 2 2 2 10 2 10 8 9 2 9
left_child=2 4 3 6 -2 11 9 12 24 20 25 19 13 29 15 -14 17 -8 23 -5 22 -16 -1 -19 -6 28 -9 -7 -3 -4
right_child=1 10 7 5 8 27 16 26 -10 -11 -12 -13 14 -15 21 -17 -18 18 -20 -21 -22 -23 -24 -25 -26 -27 -28 -29 -30 -31
leaf_value=0.023220011234283435 -0.0072199931144714576 -0.06091876721382139 0.026512491345405564 0.029438732147216842 0.055697524547576906 -0.00025499916076654472 -0.017097488522529593 -0.0033375064134597565 0.066833773493766832 -0.040380003333091802 0.01740376567840576 -0.023583737730979951 0.010116257011890407 -0.021683100163936597 -0.025115001916885406 0.044782487750053425 -0.095122483849525444 -0.049178749561309854 -0.035419372916221679 -0.00066123914718625449 -0.041654375791549653 0.014506242096424149 -0.034547499299049454 -0.074672518849372871 -0.011027514934539795 -0.062918765306472765 -0.030272515892982545 -0.0573975120782853 -0.011488759398460413 -0.017062483191490153
leaf_weight=8690 3526 2503 3994 9533 24736 1009 8147 5183 29310 9950 4037 6671 10134 9667 3277 12474 4909 14152 15590 14906 1994 7854 1129 8371 881 4374 9785 5831 5229 1142
leaf_count=8690 3526 2503 3994 9533 24736 1009 8147 5183 29310 9950 4037 6671 10134 9667 3277 12474 4909 14152 15590 14906 1994 7854 1129 8371 881 4374 9785 5831 5229 1142
internal_value=0.000318075 0.0195427 -0.00790587 -0.0135934 0.0282273 -0.00290832 -0.0191522 0.00202456 0.0305049 -0.00886189 -0.0119018 0.00172237 0.00601417 -0.00233916 0.00967881 0.014316 -0.0235263 -0.0218176 -0.0244736 0.00536203 0.00117145 0.000255812 0.00575338 -0.0298207 0.0229621 -0.0185057 -0.0109093 -0.0239416 -0.0128649 0.0124368
internal_weight=248988 74596 174392 110882 58453 37950 72932 63510 54927 21763 16143 31110 48542 14803 33739 22608 51169 46260 38113 24439 11813 11131 9819 22523 25617 12106 14968 6840 7732 5136
internal_count=248988 74596 174392 110882 58453 37950 72932 63510 54927 21763 16143 31110 48542 14803 33739 22608 51169 46260 38113 24439 11813 11131 9819 22523 25617 12106 14968 6840 7732 5136
cat_boundaries=0 1 2 3 4 5 6
cat_threshold=80 66 4 172 168 20
is_linear=0
shrinkage=0.05


Tree=3
num_leaves=31
num_cat=6
split_feature=0 11 11 4 11 11 10 1 7 0 5 11 11 0 10 0 4 0 4 11 11 0 10 11 11 11 4 4 10 4
split_gain=23988.3 7767.6 3010.99 2244.42 1182.26 1530.01 1074.62 1224.87 680.198 589.128 537.19 523.882 545.808 429.248 417.147 415.629 380.706 379.378 349.883 331.244 1213.65 522.75 410.347 335.273 315.352 256.087 245.979 228.905 223.358 221.129
threshold=42.500000000000007 107.64000000000001 121.55000000000003 0 69.030000000000015 109.77500000000002 27.265000000000004 1.0000000180025095e-35 17.500000000000004 8.5000000000000018 1.5000000000000002 127.40000000000002 138.07000000000002 38.500000000000007 18.765000000000004 37.500000000000007 1 49.500000000000007 2 97.185000000000016 96.885000000000005 30.500000000000004 56.660000000000004 103.98000000000002 47.250000000000007 107.41000000000001 3 4 94.710000000000022 5
decision_type=2 10 10 9 10 10 8 2 2 2 2 10 10 2 10 2 9 2 9 10 10 2 10 10 8 10 9 9 10 9
left_child=2 8 4 -3 6 19 -1 9 18 -8 -10 15 -13 16 -14 26 -7 -5 -2 20 29 23 -22 -21 -11 -23 -4 -26 -19 -6
right_child=1 3 11 17 5 13 7 -9 10 24 -12 12 14 -15 -16 -17 -18 28 -20 21 22 25 -24 -25 27 -27 -28 -29 -30 -31
leaf_value=-0.064363885468244494 -0.026628200078010523 -0.0048589953660965086 0.082412608265876763 0.05649206765294075 0.0078466608971357044 -0.070507930439710625 -0.064044805693626389 -0.083897606199979713 -0.031719802546501176 -0.046861006981134518 0.009262220193445669 -0.020414300447702427 0.043912633061408982 -0.0086403730183839851 -0.041750842276215575 0.061641000819206232 -0.012487178429961211 0.057912619709968555 0.023058985877037055 -0.020377622550725862 0.063329365092515924 -0.0087567187115549679 0.0033293746292590853 -0.054508885210752478 0.00075688870549193163 0.035725545978546158 0.010912640690803511 -0.023925304284691775 0.068492056208848948 -0.021449786233901948
leaf_weight=12374 1091 3286 1411 10431 3850 7462 5207 6429 4506 5361 7102 5719 3004 1672 812 2423 1382 8827 32271 8635 4027 6842 2381 4416 4429 1825 7547 43159 23633 17474
leaf_count=12374 1091 3286 1411 10431 3850 7462 5207 6429 4506 5361 7102 5719 3004 1672 812 2423 1382 8827 32271 8635 4027 6842 2381 4416 4429 1825 7547 43159 23633 17474
internal_value=0.000429722 0.0208514 -0.0113636 0.0352534 -0.0140625 -0.00879685 -0.0181638 -0.0155732 0.00605825 -0.0132792 -0.00436392 0.00630316 -0.00234154 -0.0261068 0.0122844 0.0135414 -0.0304947 0.038299 0.00968477 -0.0051112 -0.00148872 -0.00973398 0.0175756 -0.0160516 -0.0116968 -0.000213207 0.00855263 -0.0103975 0.0409855 -0.00722321
internal_weight=248988 91147 157841 46177 136925 59966 76959 64585 44970 58156 11608 20916 9535 10516 3816 11381 8844 42891 33362 49450 27732 21718 6408 13051 52949 8667 8958 47588 32460 21324
internal_count=248988 91147 157841 46177 136925 59966 76959 64585 44970 58156 11608 20916 9535 10516 3816 11381 8844 42891 33362 49450 27732 21718 6408 13051 52949 8667 8958 47588 32460 21324
cat_boundaries=0 1 2 3 4 5 6
cat_threshold=80 70 80 168 160 172
is_linear=0
shrinkage=0.05


Tree=4
num_leaves=31
num_cat=5
split_feature=0 6 9 2 4 6 6 4 9 0 9 7 4 9 9 9 7 2 4 10 9 9 6 7 2 6 4 10 7 5
split_gain=22722.7 7440.46 2715.02 2627.62 2145.44 1351.59 1301.22 1239.74 949.008 891.87 950.35 852.204 817.956 807.161 749.799 606.711 595.517 557.034 427.615 470.833 571.058 434.16 354.827 335.778 318.913 319.28 242.897 239.536 235.434 230.802
threshold=42.500000000000007 3.5000000000000004 -80.84999999999998 1.0000000180025095e-35 0 1.0000000180025095e-35 4.5000000000000009 1 -80.84999999999998 36.500000000000007 -85.249999999999986 17.500000000000004 2 -82.549999999999983 -82.049999999999983 -85.149999999999991 15.500000000000002 1.0000000180025095e-35 3 25.785000000000004 -82.34999999999998 -81.749999999999986 2.5000000000000004 14.500000000000002 1.0000000180025095e-35 1.0000000180025095e-35 4 93.870000000000019 21.500000000000004 1.0000000180025095e-35
decision_type=2 2 2 2 9 2 2 9 2 2 2 2 9 2 2 2 2 2 9 10 2 2 2 2 2 2 9 10 2 2
left_child=2 8 3 5 26 11 7 28 18 10 23 -1 -5 -13 -12 -14 29 -6 -2 20 -20 -22 -16 -7 25 -21 -3 -17 -4 -10
right_child=1 4 6 12 17 9 -8 -9 16 -11 14 13 15 -15 22 27 -18 -19 19 24 21 -23 -24 -25 -26 -27 -28 -29 -30 -31
leaf_value=-0.041158757159710027 -0.026179380072951376 0.017776502367258029 -0.0014525920872390686 7.38120509683693e-05 0.062588044937550977 0.0082375402690470171 0.027717014759778991 -0.056451112227216396 0.027081033436059967 0.033615862210989 -0.026904759496152411 0.011217912235409067 -0.023598109356164979 -0.046929873696416595 -0.013637278917133866 -0.044757219326943258 -0.027633802882432959 0.043831547695398321 -0.019321804139614152 -0.027658413138389681 0.046313863412141831 -0.026687961418032646 0.016367002934217469 0.050272199332118017 0.0015881663298605631 0.037085069098137295 -0.014116072300672577 -0.06930216174848379 -0.049127608013600194 -0.011412707653045652
leaf_weight=14657 1205 1229 5865 4562 37131 7538 2517 32476 3916 9861 14438 9353 7349 3782 8063 14530 6712 3329 4737 666 3865 1133 11640 5393 3029 19626 1954 4008 1809 2615
leaf_count=14657 1205 1229 5865 4562 37131 7538 2517 32476 3916 9861 14438 9353 7349 3782 8063 14530 6712 3329 4737 666 3865 1133 11640 5393 3029 19626 1954 4008 1809 2615
internal_value=0.000577515 0.0204532 -0.0109005 -0.00690808 0.035355 -0.00237977 -0.0216733 -0.0238596 0.00675801 0.00203273 -0.00083259 -0.0114164 -0.0195033 -0.00216432 -0.00520483 -0.0229378 -0.0046065 0.0384585 0.0111508 0.0122173 0.00298102 0.0147564 0.00113884 0.0107063 0.0160752 0.0183332 -0.00419919 -0.0277658 -0.00574474 0.00613821
internal_weight=248988 91147 157841 115174 43643 84725 42667 40150 47504 56933 47072 27792 30449 13135 34141 25887 13243 40460 34261 33056 9735 4998 19703 12931 23321 20292 3183 18538 7674 6531
internal_count=248988 91147 157841 115174 43643 84725 42667 40150 47504 56933 47072 27792 30449 13135 34141 25887 13243 40460 34261 33056 9735 4998 19703 12931 23321 20292 3183 18538 7674 6531
cat_boundaries=0 1 2 3 4 5
cat_threshold=80 172 168 80 16
is_linear=0
shrinkage=0.05


Tree=5
num_leaves=31
num_cat=3
split_feature=0 11 8 11 4 4 9 0 11 11 7 11 11 8 0 11 7 4 11 1 8 8 0 12 9 5 11 0 11 1
split_gain=21919.4 7612.77 3381.49 4283.48 2025.26 1172.92 827.638 626.819 602.646 652.281 570.386 494.185 485.66 451.377 385.72 444.368 382.809 392.98 340.512 312.545 297.876 295.13 293.35 284.298 425.241 282.702 280.883 262.132 258.887 253.734
threshold=41.500000000000007 107.64000000000001 28.250000000000004 121.55000000000003 0 1 -80.84999999999998 49.500000000000007 67.915000000000006 108.05500000000002 15.500000000000002 46.835000000000008 127.40000000000002 25.750000000000004 30.500000000000004 107.64000000000001 17.500000000000004 2 114.81500000000001 1.0000000180025095e-35 25.350000000000005 26.050000000000004 37.500000000000007 1.0000000180025095e-35 -86.749999999999986 1.5000000000000002 98.055000000000021 11.500000000000002 45.395000000000003 1.0000000180025095e-35
decision_type=2 10 2 10 9 9 2 2 8 8 2 8 10 2 2 10 2 9 10 2 2 2 2 8 2 2 8 2 8 2
left_child=2 6 3 5 -3 -1 16 -6 -7 14 26 -4 22 -14 20 -16 17 -2 19 -11 -10 -9 -5 24 -13 -18 -8 -25 -19 -29
right_child=1 4 11 12 7 8 10 21 9 18 -12 23 13 -15 15 -17 25 28 -20 -21 -22 -23 -24 27 -26 -27 -28 29 -30 -31
leaf_value=-0.0045116735552736655 -0.025881608724206685 -0.0039102419827580451 -0.034300719645556213 0.020944087384879628 0.049038075374856584 -0.060323133676122791 -0.019012155131578414 0.034181648803398933 -0.063085576846279162 -0.041783930592788378 -0.02678294264961787 0.042363315658897172 0.031331135411560587 -0.020655709200181074 -0.018805543552568162 0.042620945235788812 -0.02273294446733596 -0.024940856457829508 -0.067375677414622179 -0.084144793754041117 -0.029364715343486482 0.061387613180473456 0.055649786095201929 -0.024042690328426632 -0.0026366867252886729 0.013851857267662915 0.023675425441980383 0.0035465082582682331 0.030705356850504906 -0.03992261673472073
leaf_weight=7734 1054 3429 4001 8840 12046 20502 1960 2184 3457 21910 7217 5745 2024 5420 8342 1064 2737 899 5811 3124 11339 30314 1907 6326 6659 5590 4605 28151 23163 1574
leaf_count=7734 1054 3429 4001 8840 12046 20502 1960 2184 3457 21910 7217 5745 2024 5420 8342 1064 2737 899 5811 3124 11339 30314 1907 6326 6659 5590 4605 28151 23163 1574
internal_value=0.00070764 0.0195656 -0.0109556 -0.0162834 0.0335921 -0.021084 0.0053128 0.0364375 -0.022981 -0.0202508 -0.00499565 -0.000648039 0.00569474 -0.00411859 -0.0140963 -0.00617035 0.00956118 0.0126403 -0.0250737 -0.0225244 -0.0191274 0.040064 0.0124895 0.000747962 0.00727405 0.000269881 0.0056654 -0.00149885 0.0139482 0.000469144
internal_weight=249128 95198 153930 101474 47973 83283 47225 44544 75549 55047 13782 52456 18191 7444 24202 9406 33443 25116 30845 25034 14796 32498 10747 48455 12404 8327 6565 36051 24062 29725
internal_count=249128 95198 153930 101474 47973 83283 47225 44544 75549 55047 13782 52456 18191 7444 24202 9406 33443 25116 30845 25034 14796 32498 10747 48455 12404 8327 6565 36051 24062 29725
cat_boundaries=0 1 2 3
cat_threshold=80 160 80
is_linear=0
shrinkage=0.05


Tree=6
num_leaves=31
num_cat=4
split_feature=0 11 8 11 4 4 8 11 11 11 7 11 0 8 0 11 7 0 4 11 1 8 8 12 9 11 0 8 4 0
split_gain=20808.9 7334.63 3100.87 4226.79 1980.62 1127.46 700.471 606.571 666.154 505.349 480.355 457.654 452.919 419.844 419.133 473.918 386.576 362.898 336.674 309.989 327.658 291.97 290.605 269.074 363.699 259.062 249.86 247.505 245.458 243.218
threshold=42.500000000000007 107.64000000000001 28.250000000000004 121.55000000000003 0 1 26.050000000000004 67.915000000000006 108.05500000000002 127.40000000000002 17.500000000000004 46.835000000000008 49.500000000000007 25.750000000000004 30.500000000000004 106.99500000000002 16.500000000000004 37.500000000000007 2 120.57500000000002 1.0000000180025095e-35 25.350000000000005 26.050000000000004 1.0000000180025095e-35 -86.749999999999986 49.085000000000008 11.500000000000002 26.350000000000005 3 30.500000000000004
decision_type=2 10 2 10 9 9 2 8 8 10 2 8 2 2 2 10 2 2 9 8 2 2 2 8 2 10 2 2 9 2
left_child=2 6 3 5 -3 -1 16 27 14 17 18 -4 -6 -11 21 -16 -2 28 -8 -10 -21 -9 -14 24 -13 -12 -25 -7 -5 -26
right_child=1 4 11 9 12 7 10 8 19 13 25 23 22 -15 15 -17 -18 -19 -20 20 -22 -23 -24 26 29 -27 -28 -29 -30 -31
leaf_value=-0.0037760130594200803 0.00085629417332411251 -0.003789716818282063 -0.032585683663278429 0.0095014293447762913 0.048006723663141584 -0.065569919687934422 -0.023957388595868601 -0.059931298003965239 -0.062647402669046545 0.029264567196890745 -0.024177127137766697 0.040724668470843106 0.032472566363228997 -0.019122959979796052 -0.016988708217028137 0.041989884622558905 -0.037372050673378301 0.054367283439001393 0.027125927580379284 -0.038947046058124359 -0.079973373799308745 -0.027896479576312139 0.058318232521449791 -0.022840555812005281 -0.014665653862352947 0.010015378916850892 0.0015113635104157643 -0.04596460155887172 0.077426446224811679 0.021482008344604078
leaf_weight=8043 5833 3300 4066 7409 10574 11401 996 3457 6758 2164 3167 5775 2184 5674 8847 1203 2986 2391 25310 21720 3122 11339 30314 6326 4228 6650 30338 9399 1431 2723
leaf_count=8043 5833 3300 4066 7409 10574 11401 996 3457 6758 2164 3167 5775 2184 5674 8847 1203 2986 2391 25310 21720 3122 11339 30314 6326 4228 6650 30338 9399 1431 2723
internal_value=0.00086418 0.0198601 -0.0101277 -0.0151435 0.0338084 -0.0199012 0.00546361 -0.0217547 -0.0190609 0.00613502 0.00854759 -0.000334792 0.0366634 -0.00360601 -0.0129265 -0.00503976 -0.00716389 0.0129303 0.0120687 -0.0238785 -0.021278 -0.0182764 0.0396056 0.000993927 0.00725503 -0.000890404 -0.00118067 -0.029063 0.00823729 -0.000452521
internal_weight=249128 91314 157814 104358 46372 85289 44942 77246 56446 19069 36123 53456 43072 7838 24846 10050 8819 11231 26306 31600 24842 14796 32498 49390 12726 9817 36664 20800 8840 6951
internal_count=249128 91314 157814 104358 46372 85289 44942 77246 56446 19069 36123 53456 43072 7838 24846 10050 8819 11231 26306 31600 24842 14796 32498 49390 12726 9817 36664 20800 8840 6951
cat_boundaries=0 1 2 3 4
cat_threshold=80 160 80 86
is_linear=0
shrinkage=0.05


Tree=7
num_leaves=31
num_cat=6
split_feature=0 11 11 4 2 11 1 11 2 2 4 7 0 4 11 12 11 5 4 0 2 11 4 4 0 11 5 5 5 11
split_gain=19689.8 7141.43 2333.95 1929.76 1110.54 1744.39 965.564 1096.84 689.87 678.647 637.612 533.958 462.187 460.452 454.397 448.382 421.438 415.542 322.709 316.813 312.451 258.302 255.578 237.812 227.303 225.444 207.012 190.098 181.168 176.067
threshold=42.500000000000007 107.64000000000001 121.55000000000003 0 1.0000000180025095e-35 69.030000000000015 1.0000000180025095e-35 64.705000000000013 1.0000000180025095e-35 1.0000000180025095e-35 1 17.500000000000004 8.5000000000000018 2 103.04000000000001 1.0000000180025095e-35 60.415000000000006 1.5000000000000002 3 37.500000000000007 1.0000000180025095e-35 47.250000000000007 4 5 49.500000000000007 90.160000000000011 2.5000000000000004 1.5000000000000002 3.5000000000000004 60.415000000000006
decision_type=2 10 10 9 2 10 2 10 2 2 9 2 2 9 8 10 10 2 9 2 2 8 9 9 2 10 2 2 2 10
left_child=2 11 4 9 5 6 7 12 19 -3 -6 20 -1 -5 25 -7 21 -13 -10 -4 23 -14 -9 -2 -11 -12 -24 -17 29 -25
right_child=1 3 8 13 10 15 -8 22 18 24 14 17 16 -15 -16 27 -18 -19 -20 -21 -22 -23 26 28 -26 -27 -28 -29 -30 -31
leaf_value=-0.055012443062154054 -0.022875871676527382 0.053452749329689735 0.020526382673069679 0.026106370313846841 -0.0096335610800634356 0.013708880212786136 -0.071554288233624155 -0.0015478955795368067 0.036039531458623757 0.0047587885745254081 -0.044581390781992795 -0.027096397459154042 -0.036893652089094252 -0.012525259301495062 -0.056281158890812845 -0.034636153382825795 0.035861889584828964 0.0079628549253907277 -0.020357594965809734 0.045633751596659125 -0.0099015260341992935 -0.015400340162567883 -0.011358182164508257 0.016701742748315419 0.057634540848248067 -0.017863819764541412 -0.056166371480928137 -0.0068526945488557095 -0.0027066252937745006 0.030593030572269166
leaf_weight=3971 847 37222 11688 3747 5252 12814 6530 929 1215 1681 6477 4530 5557 2022 11201 3580 1894 7150 5096 2852 3387 39039 794 12908 1700 4529 10327 24069 2609 13511
leaf_count=3971 847 37222 11688 3747 5252 12814 6530 929 1215 1681 6477 4530 5557 2022 11201 3580 1894 7150 5096 2852 3387 39039 794 12908 1700 4529 10327 24069 2609 13511
internal_value=0.00100426 0.0194823 -0.00968801 0.0332457 -0.0120604 -0.00980423 -0.0146348 -0.0127197 0.00589377 0.0370861 -0.021051 0.00527674 -0.0094797 0.00612368 -0.0247514 -0.0015603 -0.00807742 -0.00391788 -0.00790223 0.0118832 0.00850565 -0.00905932 -0.0262687 0.0101372 0.0155854 -0.01752 -0.0283592 -0.00514299 0.0108992 0.0121439
internal_weight=249128 91314 157814 46372 136963 109504 69041 62511 20851 40603 27459 44942 50461 5769 22207 40463 46490 11680 6311 14540 33262 44596 12050 29875 3381 11006 11121 27649 29028 26419
internal_count=249128 91314 157814 46372 136963 109504 69041 62511 20851 40603 27459 44942 50461 5769 22207 40463 46490 11680 6311 14540 33262 44596 12050 29875 3381 11006 11121 27649 29028 26419
cat_boundaries=0 1 2 3 4 5 6
cat_threshold=46 172 144 176 228 80
is_linear=0
shrinkage=0.05


Tree=8
num_leaves=31
num_cat=6
split_feature=0 11 8 11 4 2 4 9 2 2 11 2 8 4 2 11 4 1 9 10 0 11 8 11 4 4 10 11 0 8
split_gain=18615.6 6970.32 2869.05 3672.12 1860.18 1122.66 1012.24 715.712 698.153 628.642 978.507 546.112 444.14 404.353 383.645 377.002 355.404 354.912 359.642 337.087 319.994 317.522 605.023 363.179 320.057 295.677 286.149 346.193 283.634 256.215
threshold=42.500000000000007 109.36000000000001 28.250000000000004 121.55000000000003 0 1.0000000180025095e-35 1 -80.84999999999998 1.0000000180025095e-35 1.0000000180025095e-35 67.915000000000006 1.0000000180025095e-35 27.050000000000004 2 1.0000000180025095e-35 46.835000000000008 3 1.0000000180025095e-35 -86.749999999999986 33.400000000000006 36.500000000000007 60.415000000000006 27.050000000000004 48.590000000000011 4 5 99.655000000000015 105.28000000000002 56.500000000000007 26.050000000000004
decision_type=2 10 2 10 9 2 9 2 2 2 10 2 2 9 2 8 9 2 2 10 2 10 2 10 9 9 10 10 2 2
left_child=2 7 3 6 8 15 -1 14 29 10 12 20 -8 -6 21 -4 -9 18 19 -17 -5 22 -2 -24 -23 -13 27 -12 -18 -3
right_child=1 4 5 11 13 -7 9 16 -10 -11 26 25 -14 -15 -16 17 28 -19 -20 -21 -22 24 23 -25 -26 -27 -28 -29 -30 -31
leaf_value=-0.0027721473459951795 0.043863713034453071 0.028382266863006225 -0.022745582216663653 0.016775029240135898 0.025172495953126983 -0.024278348823889219 -0.052576568753151864 0.021413754271260022 0.034500084738283657 -0.053324403715859253 -0.019855895576445005 0.033688726422346618 -0.032888657213726712 -0.011898996336420354 -0.0066852375522524106 0.014220620083584379 -0.028995557322890744 -0.036059054794764345 0.0085893826884772661 0.066023435725309554 0.042459789408318738 -0.025734675248868213 -0.021810708453511209 0.01950058680644098 0.031021840332837326 -0.019648941769258868 -0.049323579207123207 0.022215590056252135 0.0016681832667456487 0.052513163624196849
leaf_weight=8043 3080 2091 3072 10604 3589 14171 27012 2535 3266 12457 16721 1187 15484 2022 4287 5077 6000 1626 26253 3257 3065 651 4463 3564 17246 4213 3013 2559 4704 33816
leaf_count=8043 3080 2091 3072 10604 3589 14171 27012 2535 3266 12457 16721 1187 15484 2022 4287 5077 6000 1626 26253 3257 3065 651 4463 3564 17246 4213 3013 2559 4704 33816
internal_value=0.00115077 0.0191176 -0.00924574 -0.0140704 0.0331964 0.000173942 -0.0185049 0.00556296 0.0370487 -0.0202612 -0.0182804 0.00576288 -0.0227309 0.00620671 0.00947269 0.00452602 -0.00426825 0.0059534 0.00702807 0.0160714 0.011079 0.0115358 0.00488891 -0.0023454 0.0156559 -0.00768946 -0.00979016 -0.00754277 -0.00825252 0.039072
internal_weight=249128 91314 157814 104358 44784 53456 85289 46530 39173 77246 64789 19069 42496 5611 33291 39285 13239 36213 34587 8334 13669 29004 11107 8027 17897 5400 22293 19280 10704 35907
internal_count=249128 91314 157814 104358 44784 53456 85289 46530 39173 77246 64789 19069 42496 5611 33291 39285 13239 36213 34587 8334 13669 29004 11107 8027 17897 5400 22293 19280 10704 35907
cat_boundaries=0 1 2 3 4 5 6
cat_threshold=46 160 144 172 80 176
is_linear=0
shrinkage=0.05


Tree=9
num_leaves=31
num_cat=4
split_feature=0 6 8 4 4 6 10 0 0 10 7 4 1 0 8 8 6 4 7 6 8 10 0 8 8 10 0 7 10 12
split_gain=17577.7 6655.73 2647.5 1758.31 1491.82 1119.1 1044.88 659.811 548.592 536.924 536.625 392.485 365.551 405.656 340.884 343.293 340.778 332.381 318.975 304.744 509.659 303.895 279.21 372.103 288.943 278.992 289.327 288.058 355.488 292.032
threshold=41.500000000000007 3.5000000000000004 28.250000000000004 0 1 1.5000000000000002 99.655000000000015 49.500000000000007 37.500000000000007 32.690000000000005 16.500000000000004 2 1.0000000180025095e-35 17.500000000000004 27.050000000000004 26.050000000000004 1.5000000000000002 3 20.500000000000004 3.5000000000000004 25.550000000000004 48.525000000000013 30.500000000000004 27.350000000000005 24.950000000000003 80.725000000000009 29.500000000000004 14.500000000000002 36.655000000000008 2.5000000000000004
decision_type=2 2 2 9 9 2 10 2 2 10 2 9 2 2 2 2 2 9 2 2 2 10 2 2 2 10 2 2 8 8
left_child=2 9 4 7 -1 12 8 -3 19 10 14 -5 13 -6 15 -2 -12 -11 25 22 -21 -22 23 -7 -24 27 -27 29 -29 -4
right_child=1 3 18 11 5 6 -8 -9 -10 17 16 -13 -14 -15 -16 -17 -18 -19 -20 20 21 -23 24 -25 -26 26 -28 28 -30 -31
leaf_value=0.0086976099489526337 -0.0020598893598194226 0.040574858270397841 0.0022086054644727682 0.024708722338855262 -0.050980748616198883 -0.044825075111647419 -0.054438143865144811 0.050154451774646794 0.019244268919683272 -0.026447939579076166 -0.026563758783158864 -0.011304046519599355 -0.06971676289953832 -0.032241915783202478 -0.014080334889903325 0.034106172926863555 0.021330975317239667 0.021751466224936379 -0.019247611504147957 -0.055475571273204863 0.0012381930226152528 -0.060761158273064546 0.021099484901012034 -0.01141943818399236 -0.022517491239742872 -0.034684970804986559 0.010402057578477786 -0.012362727202539326 0.019463124297942704 -0.030173753424875428
leaf_weight=10262 3655 10326 12534 3604 13880 7302 5348 29305 4377 931 7174 2048 5260 29801 3738 6063 1900 26454 7048 1616 13047 518 1984 3787 4292 3967 2464 4911 18550 2982
leaf_count=10262 3655 10326 12534 3604 13880 7302 5348 29305 4377 931 7174 2048 5260 29801 3738 6063 1900 26454 7048 1616 13047 518 1984 3787 4292 3967 2464 4911 18550 2982
internal_value=0.00123827 0.0181256 -0.00920618 0.0320038 -0.0139204 -0.0159527 -0.00999149 0.0357204 -0.0069951 0.0055313 -0.000186335 0.00585331 -0.0211017 -0.0195933 0.00614882 0.0110814 -0.00957728 0.0102336 -8.57698e-05 -0.00923025 -0.00405174 -0.000880295 -0.0137525 -0.0185197 -0.00531339 0.00145097 -0.00818972 0.00304332 0.00653786 -0.0022414
internal_weight=249128 95198 153930 45283 101474 91212 42271 39631 36923 49915 22530 5652 48941 43681 13456 9718 9074 27385 52456 32546 15181 13565 17365 11089 6276 45408 6431 38977 23461 15516
internal_count=249128 95198 153930 45283 101474 91212 42271 39631 36923 49915 22530 5652 48941 43681 13456 9718 9074 27385 52456 32546 15181 13565 17365 11089 6276 45408 6431 38977 23461 15516
cat_boundaries=0 1 2 3 4
cat_threshold=46 160 144 80
is_linear=0
shrinkage=0.05


Tree=10
num_leaves=31
num_cat=3
split_feature=0 11 8 11 4 2 4 2 2 11 9 2 7 7 8 2 7 4 8 9 10 0 7 10 11 11 10 8 0 8
split_gain=16334.4 6462.53 2453.57 3134.98 1759.04 937.919 777.003 758.162 669.404 905.456 622.024 499.076 441.962 400.027 366.847 344.969 331.812 302.735 294.482 293.058 322.467 285.804 283.947 293.448 273.062 266.433 286.495 668.339 263.329 278.566
threshold=42.500000000000007 109.36000000000001 28.250000000000004 121.55000000000003 0 1.0000000180025095e-35 1 1.0000000180025095e-35 1.0000000180025095e-35 67.915000000000006 -80.84999999999998 1.0000000180025095e-35 20.500000000000004 15.500000000000002 27.050000000000004 1.0000000180025095e-35 14.500000000000002 2 26.050000000000004 -82.549999999999983 31.880000000000006 36.500000000000007 19.500000000000004 25.785000000000004 62.915000000000006 45.395000000000003 25.785000000000004 27.050000000000004 30.500000000000004 24.950000000000003
decision_type=2 10 2 10 9 2 9 2 2 10 2 2 2 2 2 2 2 9 2 2 10 2 2 8 8 8 10 2 2 2
left_child=2 10 3 6 7 12 -1 18 9 14 15 21 16 -12 22 25 -4 -6 -3 24 -21 -5 23 -8 -18 -2 27 -27 -11 -30
right_child=1 4 5 11 17 -7 8 -9 -10 28 13 -13 -14 -15 -16 -17 19 -19 -20 20 -22 -23 -24 -25 -26 26 -28 -29 29 -31
leaf_value=-0.0039921077786054587 -0.023545272696855427 0.02396202235533984 0.00013955902065765358 0.016374379571090093 0.022653371806746848 -0.022040992541858276 -0.054479219133569415 0.02822559225382042 -0.049078948771689751 -0.025200885865343105 0.0093918027118990114 -0.010930561785988857 -0.015692630867825751 -0.022974090506923298 -0.029876290892309455 -0.0073356586711287976 -0.0087732589961679874 -0.010238832749527572 0.047646729185914442 -0.037468496469183335 0.022374250713982316 0.039568110339967433 -0.070166457910747673 -0.033427156419883274 0.027814969322822149 0.037465209199644092 0.027101297178720521 -0.014371775343092974 0.023176738224998064 -0.013868585116274668
leaf_weight=8027 1041 2056 12632 10528 3578 14163 5947 3249 12534 12905 6506 5270 6023 6762 15524 4285 1588 2023 33618 1761 3802 3050 6118 14966 13665 3565 19252 5195 2379 7056
leaf_count=8027 1041 2056 12632 10528 3578 14163 5947 3249 12534 12905 6506 5270 6023 6762 15524 4285 1588 2023 33618 1761 3802 3050 6118 14966 13665 3565 19252 5195 2379 7056
internal_value=0.00127028 0.018126 -0.00845595 -0.0129244 0.0317465 0.000234882 -0.0169951 0.0355122 -0.018529 -0.0164833 0.00510983 0.00553081 0.00419569 -0.00404428 -0.0207624 0.00875315 0.00644091 0.00548835 0.0376275 0.0103188 0.000493451 0.0105976 -0.0242835 -0.0214907 0.0138996 0.0107061 0.0116301 0.00412771 -0.00832662 -0.00197459
internal_weight=249068 91130 157938 104304 44524 53634 85456 38923 77429 64895 46606 18848 39471 13268 42555 33338 33448 5601 35674 20816 5563 13578 27031 20913 15253 29053 28012 8760 22340 9435
internal_count=249068 91130 157938 104304 44524 53634 85456 38923 77429 64895 46606 18848 39471 13268 42555 33338 33448 5601 35674 20816 5563 13578 27031 20913 15253 29053 28012 8760 22340 9435
cat_boundaries=0 1 2 3
cat_threshold=46 160 144
is_linear=0
shrinkage=0.05


Tree=11
num_leaves=31
num_cat=5
split_feature=11 2 8 11 4 10 2 2 7 11 11 11 8 8 4 11 4 11 8 8 7 4 7 7 8 10 4 11 11 11
split_gain=10619.6 6454.85 2496.81 1525.56 1383.06 1183.15 855.607 721.763 1044.49 587.727 534.58 499.584 467.768 385.865 321.702 306.442 305.694 303.732 385.103 525.681 292.439 336.249 284.055 273.985 273.84 260.444 255.3 226.648 225.053 221.803
threshold=107.64000000000001 1.0000000180025095e-35 28.250000000000004 69.030000000000015 0 85.760000000000005 1.0000000180025095e-35 1.0000000180025095e-35 17.500000000000004 60.415000000000006 121.55000000000003 88.610000000000014 30.050000000000004 27.050000000000004 1 53.165000000000006 2 91.745000000000019 25.750000000000004 27.050000000000004 17.500000000000004 3 13.500000000000002 23.500000000000004 27.750000000000004 26.825000000000003 4 85.680000000000021 97.385000000000005 106.33500000000002
decision_type=10 2 2 8 9 10 2 2 2 10 10 8 2 2 9 10 9 10 2 2 2 9 2 2 2 8 9 10 10 10
left_child=2 4 3 13 -2 12 9 8 17 -4 -3 -10 -6 26 -12 -15 -9 18 -5 -20 21 22 -11 29 -19 -21 -1 -8 -29 -13
right_child=1 10 6 7 5 -7 27 16 11 20 14 23 -14 15 -16 -17 -18 24 19 25 -22 -23 -24 -25 -26 -27 -28 28 -30 -31
leaf_value=-0.047871648263712534 -0.0070519474996123327 -0.035278158841021812 -3.2464780417296168e-05 -0.031251503433337734 0.036757305017824309 0.041764407985407814 -0.026317122126545512 0.00016144644350770678 0.0094527877038161467 0.011173733188160818 0.037478297689488738 -0.026714008849722904 -0.019674807956915431 -0.040298616753434408 -0.010181836188306016 -0.0091867323969107694 -0.041503210250014182 0.0033909784163040691 0.0099930166130907331 0.045675380958722304 0.00034878032641700863 -0.0027046893940176455 0.035907373222085946 -0.065477505345585649 0.027811393457048573 -0.032383982379466845 -0.021037301976165157 0.012769735524962567 -0.024275666519575981 0.039196727975870621
leaf_weight=15301 3639 9084 23571 4135 27280 30247 7294 1620 3940 4101 1566 22112 1469 4591 6485 5658 7779 11227 14970 529 4766 2702 11922 2358 4274 5785 2755 4251 3234 423
leaf_count=15301 3639 9084 23571 4135 27280 30247 7294 1620 3940 4101 1566 22112 1469 4591 6485 5658 7779 11227 14970 529 4766 2702 11922 2358 4274 5785 2755 4251 3234 423
internal_value=0.0013554 0.0163951 -0.00573157 -0.0103376 0.0238335 0.0256761 0.0022724 -0.00677345 -0.00501914 0.00556807 -0.0107932 -0.0123063 0.0184064 -0.0202984 -0.00140801 -0.0125305 -0.0197736 0.000117273 -0.00324629 -0.000530666 0.0111634 0.0139765 0.0167207 -0.0149239 0.00563149 -0.0126186 -0.0246983 -0.00821895 -0.0021014 -0.0132158
internal_weight=249068 79770 169298 107457 62635 58996 61841 79152 69753 47062 17135 28833 28749 28305 8051 10249 9399 40920 25419 21284 23491 18725 16023 24893 15501 6314 18056 14779 7485 22535
internal_count=249068 79770 169298 107457 62635 58996 61841 79152 69753 47062 17135 28833 28749 28305 8051 10249 9399 40920 25419 21284 23491 18725 16023 24893 15501 6314 18056 14779 7485 22535
cat_boundaries=0 1 2 3 4 5
cat_threshold=80 48 168 162 66
is_linear=0
shrinkage=0.05


Tree=12
num_leaves=31
num_cat=5
split_feature=0 11 8 11 4 4 9 11 0 0 9 11 8 8 11 0 11 4 11 4 11 8 11 8 4 0 10 11 8 11
split_gain=14866 5930.61 2150.99 2604.4 1648.02 716.312 535.635 464.498 453.192 420.912 390.522 516.833 383.093 366.596 346.13 336.945 325.997 316.283 293.761 264.76 274.92 440.789 324.869 251.985 248.991 232.11 323.152 306.374 514.849 415.676
threshold=42.500000000000007 109.36000000000001 28.250000000000004 121.55000000000003 0 1 -80.84999999999998 127.40000000000002 10.500000000000002 49.500000000000007 -80.34999999999998 108.05500000000002 25.750000000000004 26.050000000000004 106.99500000000002 37.500000000000007 48.590000000000011 2 118.75000000000001 3 60.415000000000006 27.050000000000004 46.835000000000008 26.050000000000004 4 35.500000000000007 80.725000000000009 97.185000000000016 28.950000000000003 96.885000000000005
decision_type=2 10 2 10 9 9 2 10 2 2 2 10 2 2 10 2 8 9 10 9 10 2 10 2 9 2 10 8 2 10
left_child=2 6 3 5 9 13 19 15 -7 18 11 14 -9 -1 -10 -5 -4 -8 -3 -2 21 -21 -23 -11 -6 26 27 29 -29 -18
right_child=1 4 16 7 24 8 17 12 10 23 -12 -13 -14 -15 -16 -17 25 -19 -20 20 -22 22 -24 -25 -26 -27 -28 28 -30 -31
leaf_value=0.0059580709256382043 -0.021641203718961145 0.021572907699326561 -0.026280051536318363 0.01644278195720883 0.020932517149414489 -0.051424755102890532 0.021719120357880508 0.023717785804901227 -0.025463051771002256 0.02141946456246533 -0.042583303015701901 -0.049361101020448661 -0.018941691905365501 -0.023471213472659437 0.026542509544273687 0.042532093597865389 0.0024275595853507693 -0.014055250730494252 0.043559126227748469 0.035592309353099164 0.023661690925433021 -0.021380217820318227 0.014236286716606639 0.043676183771440162 -0.0093742937370706169 0.018600829504484918 -0.021060069088983016 0.01953439589520363 -0.013683852841518808 0.040785935330718198
leaf_weight=6383 1117 3734 4416 8771 3578 8721 2603 2149 37542 1313 15759 5537 5522 10232 1282 2406 11070 10665 5493 3314 19517 4879 4511 28383 2023 6564 6483 4561 15121 5419
leaf_count=6383 1117 3734 4416 8771 3578 8721 2603 2149 37542 1313 15759 5537 5522 10232 1282 2406 11070 10665 5493 3314 19517 4879 4511 28383 2023 6564 6483 4561 15121 5419
internal_value=0.00141923 0.0174995 -0.00785955 -0.0120434 0.0305474 -0.0157536 0.00503046 0.00477781 -0.0180022 0.0341923 -0.0164543 -0.0140463 -0.0046934 -0.00641719 -0.0120024 0.0112765 0.000277757 -0.00346438 0.0248187 0.0084113 0.00924134 0.00351581 -0.00202128 0.037107 0.00513254 0.00144633 9.84437e-05 0.00194163 -0.00226996 0.00696709
internal_weight=249068 91130 157938 104304 44524 85456 46606 18848 68841 38923 60120 44361 7671 16615 38824 11177 53634 13268 9227 33338 32221 12704 9390 29696 5601 49218 42654 36171 19682 16489
internal_count=249068 91130 157938 104304 44524 85456 46606 18848 68841 38923 60120 44361 7671 16615 38824 11177 53634 13268 9227 33338 32221 12704 9390 29696 5601 49218 42654 36171 19682 16489
cat_boundaries=0 1 2 3 4 5
cat_threshold=46 172 172 80 144
is_linear=0
shrinkage=0.05


Tree=13
num_leaves=31
num_cat=6
split_feature=0 11 8 11 4 2 2 4 2 11 9 8 4 2 8 4 5 0 2 9 12 4 11 8 0 4 9 11 11 11
split_gain=13903.8 5825.82 1978.8 2114.17 1532.52 1054.77 776.657 628.037 584.839 627.909 492.534 388.95 348.75 385.985 341.58 338.439 331.705 300.869 285.176 279.282 335.595 255.339 254.998 233.216 222.46 222.352 205.624 374.724 202.383 197.585
threshold=40.500000000000007 107.64000000000001 28.250000000000004 120.57500000000002 0 1.0000000180025095e-35 1.0000000180025095e-35 1 1.0000000180025095e-35 67.445000000000007 -80.84999999999998 26.050000000000004 2 1.0000000180025095e-35 26.150000000000002 3 1.5000000000000002 49.500000000000007 1.0000000180025095e-35 -86.749999999999986 1.0000000180025095e-35 4 45.395000000000003 26.650000000000002 58.500000000000007 5 -82.34999999999998 80.870000000000019 53.165000000000006 85.680000000000021
decision_type=2 10 2 10 9 2 2 9 2 8 2 2 9 2 2 9 2 2 2 2 8 9 8 2 2 9 2 10 10 10
left_child=2 10 3 7 5 11 19 14 9 23 18 -3 -5 -14 -1 -12 -11 -7 22 20 -4 -6 -2 -9 -17 -24 27 -27 -16 -8
right_child=1 4 6 12 21 17 29 8 -10 16 15 -13 13 -15 28 24 -18 -19 -20 -21 -22 -23 25 -25 -26 26 -28 -29 -30 -31
leaf_value=0.0043412992713176557 -0.021993966241942522 0.023955675291007329 0.050390801205317186 0.071071469789713057 0.019754033554640671 -0.0068710052473508927 -0.033832437288115892 -0.050684152976469048 -0.04537881651766567 -0.034017260609754012 0.020633758719044604 0.040992363138776348 0.013620644766696978 -0.016519352583816538 -0.037197798003810865 -0.023493349534493557 -0.014246687648732782 0.045412011585355176 -0.0065221397394589434 0.002237760538724487 0.0078169597346844817 -0.0094055904943088475 -0.020334119309685584 -0.031227460075134685 0.0027829598488203545 -0.0040080872158852364 0.025712311817874325 0.029265382769386374 -0.0094034766397785852 -0.011912270077381005
leaf_weight=6537 1224 3435 3278 1638 3927 2416 5205 9769 10949 21486 2840 35266 11493 4245 4478 7316 18082 1698 4725 28231 6308 2147 939 5677 4272 6517 15859 5698 4757 8656
leaf_count=6537 1224 3435 3278 1638 3927 2416 5205 9769 10949 21486 2840 35266 11493 4245 4478 7316 18082 1698 4725 28231 6308 2147 939 5677 4272 6517 15859 5698 4757 8656
internal_value=0.00147705 0.0161091 -0.00806007 -0.0121957 0.0283431 0.0316739 -0.000127689 -0.0155624 -0.0177053 -0.0156023 0.00399595 0.0342396 0.00364086 0.001339 -0.00657928 -0.00377476 -0.0122593 0.00758972 0.00720291 0.00358342 0.0109525 0.0047916 0.00898767 -0.0241524 -0.00756375 0.00993178 0.0107318 0.00585276 -0.0127691 -0.010248
internal_weight=249068 98279 150789 99111 48889 42815 51678 81735 65963 55014 49390 38701 17376 15738 15772 14428 39568 4114 34962 37817 9586 6074 30237 15446 11588 29013 28074 12215 9235 13861
internal_count=249068 98279 150789 99111 48889 42815 51678 81735 65963 55014 49390 38701 17376 15738 15772 14428 39568 4114 34962 37817 9586 6074 30237 15446 11588 29013 28074 12215 9235 13861
cat_boundaries=0 1 2 3 4 5 6
cat_threshold=46 172 32 172 144 80
is_linear=0
shrinkage=0.05


Tree=14
num_leaves=31
num_cat=5
split_feature=0 6 8 4 4 2 2 2 6 10 1 7 10 7 8 0 8 0 4 0 7 6 4 10 3 10 6 8 6 10
split_gain=13086.9 5439.06 1802.73 1400.27 1028.32 1005.61 709.207 607.289 1358.96 406.557 394.287 369.175 363.096 433.075 356.097 354.191 309.359 293.107 287.674 286.434 272.93 261.559 250.978 240.754 237.697 208.391 202.837 429.975 200.382 195.376
threshold=40.500000000000007 3.5000000000000004 28.250000000000004 0 1 1.0000000180025095e-35 1.0000000180025095e-35 1.0000000180025095e-35 1.5000000000000002 99.655000000000015 1.0000000180025095e-35 20.500000000000004 31.880000000000006 15.500000000000002 27.050000000000004 14.500000000000002 26.050000000000004 35.500000000000007 2 49.500000000000007 14.500000000000002 1.5000000000000002 3 42.845000000000006 4 69.715000000000018 2.5000000000000004 26.950000000000003 3.5000000000000004 16.235000000000003
decision_type=2 2 2 9 9 2 2 2 2 10 2 2 10 2 2 2 2 2 9 2 2 2 9 8 9 10 2 2 2 10
left_child=2 12 4 5 23 16 11 8 10 17 15 20 13 14 -2 -6 -3 28 -14 -7 -4 -15 -5 -1 25 -22 27 -20 -10 -17
right_child=1 3 6 22 7 19 -8 -9 9 -11 -12 -13 18 21 -16 29 -18 -19 26 -21 24 -23 -24 -25 -26 -27 -28 -29 -30 -31
leaf_value=0.033671484949790019 0.023982501149791169 0.0181506846816081 -0.00036685904527704598 0.019766354765092232 -0.042033941196782547 -0.0069231979468607823 -0.019428902190209832 -0.035560581923650504 -0.013551487270562435 -0.043014715617711197 -0.058475086004158072 -0.016033908806459253 -0.023021289249846345 -0.018095333533630954 -0.019132678372821666 -0.018905799567815063 0.039210299063551446 0.020158151602278719 -0.021789843688586698 0.046409461357306551 0.030458581819634702 0.018933765775480272 -0.0089353109695934126 -0.0043608104759020883 0.0043030342278834515 0.0027630605162459079 0.024763674241455026 0.016629644504222531 0.0063186541743161413 -0.032261384210630607
leaf_weight=3820 7998 2067 12370 3644 10259 2337 13861 16075 12332 2778 5189 5709 992 10402 2516 18287 34382 3823 2758 1573 9554 2513 2094 6095 7443 2741 12049 12954 9298 11155
leaf_count=3820 7998 2067 12370 3644 10259 2337 13861 16075 12332 2778 5189 5709 992 10402 2516 18287 34382 3823 2758 1573 9554 2513 2094 6095 7443 2741 12049 12954 9298 11155
internal_value=0.00154409 0.0157398 -0.00770861 0.0282528 -0.011656 0.031535 -0.000137363 -0.013353 -0.0114172 -0.00282037 -0.0168218 0.00340894 0.00468271 6.18627e-05 0.00759217 -0.0151205 0.0341274 -0.000834544 0.00844662 0.00742347 0.00549225 -0.00606963 0.00508857 0.00361852 0.00914017 0.0134024 0.00939311 0.00564814 -0.0030915 -0.0123251
internal_weight=249068 98279 150789 46097 99111 40359 51678 89196 73121 28231 44890 37817 52182 23429 10514 39701 36449 25453 28753 3910 32108 12915 5738 9915 19738 12295 27761 15712 21630 29442
internal_count=249068 98279 150789 46097 99111 40359 51678 89196 73121 28231 44890 37817 52182 23429 10514 39701 36449 25453 28753 3910 32108 12915 5738 9915 19738 12295 27761 15712 21630 29442
cat_boundaries=0 1 2 3 4 5
cat_threshold=46 160 80 144 20
is_linear=0
shrinkage=0.05


Tree=15
num_leaves=31
num_cat=5
split_feature=0 11 8 11 4 2 2 4 2 11 8 11 7 11 7 8 4 11 8 4 0 7 8 4 10 10 11 7 8 10
split_gain=12406.1 5324.41 1723.34 1909.07 1324.81 875.852 704.762 576.908 483.648 534.82 471.936 361.242 431.752 350.894 327.687 296.163 295.981 290.652 289.551 273.973 264.613 263.867 261.948 257.64 257.256 241.776 228.646 214.371 213.14 211.847
threshold=40.500000000000007 112.25000000000001 28.250000000000004 121.55000000000003 0 1.0000000180025095e-35 1.0000000180025095e-35 1 1.0000000180025095e-35 69.030000000000015 27.050000000000004 67.445000000000007 17.500000000000004 127.40000000000002 20.500000000000004 26.150000000000002 2 63.750000000000007 25.750000000000004 3 49.500000000000007 13.500000000000002 26.050000000000004 4 63.100000000000009 40.745000000000012 66.040000000000006 21.500000000000004 28.350000000000005 19.870000000000001
decision_type=2 10 2 10 9 2 2 9 2 10 2 10 2 10 2 2 9 10 2 9 2 2 2 9 10 10 8 2 2 10
left_child=2 11 3 7 5 22 14 15 9 10 26 12 17 19 21 -1 -13 -2 -15 -5 -7 -4 -3 -6 25 -23 -9 -28 -14 -18
right_child=1 4 6 13 23 20 -8 8 -10 -11 -12 16 28 18 -16 -17 29 -19 -20 -21 -22 24 -24 -25 -26 -27 27 -29 -30 -31
leaf_value=0.0049222818347555378 0.011909517470838127 0.01924314854017908 -0.0040674827651403511 0.066682755047257389 0.020581916539792824 -0.0061670405146526889 -0.018349399191285622 -0.05013346792429068 -0.041472060671460212 -0.01520675361956121 -0.021588071036172621 -0.02162366214068201 -0.025486644307887964 0.022386557476795056 -0.014376664854541766 -0.023215260376645921 -0.0045590492209928611 -0.040627623605216281 -0.01812169929787313 0.012623679819646317 0.045207416002208504 0.012419805236987314 0.03737103680624463 -0.0089885568652054992 -0.0031797920364803559 0.044289044497212875 -0.031371107600875539 -0.06680967131011166 0.00018906658002979527 0.020400884825953994
leaf_weight=6560 18530 1911 8650 1647 3540 2218 13869 7392 10970 18519 12898 988 4918 1957 5724 9089 2759 927 5219 8641 1606 13160 34169 2045 5020 5065 14464 1820 4262 20386
leaf_count=6560 18530 1911 8650 1647 3540 2218 13869 7392 10970 18519 12898 988 4918 1957 5724 9089 2759 927 5219 8641 1606 13160 34169 2045 5020 5065 14464 1820 4262 20386
internal_value=0.00160023 0.0154214 -0.00741402 -0.0112667 0.0279556 0.0311442 7.76729e-06 -0.0144735 -0.0165179 -0.0146063 -0.0181117 0.00461349 0.000815094 0.00373698 0.00355975 -0.0058236 0.00911859 0.00503159 -0.00474534 0.00965236 0.00837246 0.00553675 0.0335633 0.00509367 0.00831004 0.0110694 -0.0223043 -0.0189702 -0.00811752 0.0102633
internal_weight=248923 98259 150664 99176 45489 39904 51488 81712 66063 55093 36574 52770 28637 17464 37619 15649 24133 19457 7176 10288 3824 31895 36080 5585 23245 18225 23676 16284 9180 23145
internal_count=248923 98259 150664 99176 45489 39904 51488 81712 66063 55093 36574 52770 28637 17464 37619 15649 24133 19457 7176 10288 3824 31895 36080 5585 23245 18225 23676 16284 9180 23145
cat_boundaries=0 1 2 3 4 5
cat_threshold=46 172 80 44 144
is_linear=0
shrinkage=0.05


Tree=16
num_leaves=31
num_cat=7
split_feature=0 11 8 11 4 2 2 4 2 11 8 11 8 11 8 4 4 8 8 0 11 10 4 3 0 11 10 4 10 10
split_gain=11600 5109.98 1577.18 1741.38 1289.18 835.646 644.615 535.837 442.992 495.292 436.4 327.31 347.786 318.38 270.857 267.665 259.068 255.263 253.436 249.826 246.475 246.05 244.8 243.941 246.559 219.828 206.755 202.919 194.651 190.657
threshold=40.500000000000007 112.25000000000001 28.250000000000004 121.55000000000003 0 1.0000000180025095e-35 1.0000000180025095e-35 1 1.0000000180025095e-35 69.030000000000015 27.050000000000004 67.445000000000007 25.950000000000003 127.40000000000002 26.150000000000002 2 3 25.750000000000004 26.050000000000004 49.500000000000007 47.250000000000007 54.690000000000005 4 5 48.500000000000007 66.040000000000006 44.545000000000009 6 19.870000000000001 99.655000000000015
decision_type=2 10 2 10 9 2 2 9 2 10 2 10 2 10 2 9 9 2 2 2 8 8 9 9 2 8 10 9 10 10
left_child=2 11 3 7 5 18 20 14 9 10 25 12 27 16 -1 -13 -5 -15 -3 -7 -4 26 -6 -14 -25 -9 -22 -2 -17 -11
right_child=1 4 6 13 22 19 -8 8 -10 29 -12 15 23 17 -16 28 -18 -19 -20 -21 21 -23 -24 24 -26 -27 -28 -29 -30 -31
leaf_value=0.0046761677430177786 0.011487296233117306 0.018280991113170143 -0.02066326383816346 0.063348617294894535 0.019552820712803155 -0.0058586884889200615 -0.017431929231721367 -0.047626794528076166 -0.039398457637887234 -0.010130603412900464 -0.020508667484364019 -0.02054247903364792 -0.015271042952295222 0.02126722960295533 -0.022054497357813663 -0.0043310967599432537 0.011992495828664041 -0.017215614332979447 0.035502484965932356 0.042947045202098091 0.011766887818299578 0.0026659569261918929 -0.0085391290219452472 -0.0041239923624966758 0.017055184441926753 -0.033607018849914551 0.042074592272352267 -0.029855970514008814 0.019380840584656323 -0.039669821841960218
leaf_weight=6560 1093 1911 2945 1647 3540 2218 13869 7392 10970 15950 12898 988 4214 1957 9089 2759 8641 5219 34169 1606 9414 21581 2045 6953 13039 16284 3679 3338 20386 2569
leaf_count=6560 1093 1911 2945 1647 3540 2218 13869 7392 10970 15950 12898 988 4214 1957 9089 2759 8641 5219 34169 1606 9414 21581 2045 6953 13039 16284 3679 3338 20386 2569
internal_value=0.00164361 0.0150083 -0.00707289 -0.0107586 0.0272874 0.0304328 2.71855e-05 -0.0138212 -0.0157915 -0.013962 -0.0173354 0.00442023 0.000804622 0.00357102 -0.00548535 0.00870853 0.00920567 -0.00450877 0.0327958 0.00818988 0.00342422 0.00460443 0.00473684 0.0031632 0.00546672 -0.0213671 0.0100092 -0.0120581 0.00979711 -0.00729397
internal_weight=248923 98259 150664 99176 45489 39904 51488 81712 66063 55093 36574 52770 28637 17464 15649 24133 10288 7176 36080 3824 37619 34674 5585 24206 19992 23676 13093 4431 23145 18519
internal_count=248923 98259 150664 99176 45489 39904 51488 81712 66063 55093 36574 52770 28637 17464 15649 24133 10288 7176 36080 3824 37619 34674 5585 24206 19992 23676 13093 4431 23145 18519
cat_boundaries=0 1 2 3 4 5 6 7
cat_threshold=46 172 80 44 144 2 172
is_linear=0
shrinkage=0.05


Tree=17
num_leaves=31
num_cat=1
split_feature=0 11 8 11 2 2 9 0 11 11 11 2 9 11 8 9 9 3 11 0 0 0 8 11 11 11 10 9 11 10
split_gain=10802.1 4860.06 1447.44 1615.49 759.157 588.039 487.372 394.86 294.482 304.813 284.737 279.599 261.381 462.839 259.112 256.309 253.665 247.258 229.194 218.499 203.955 189.738 186.859 204.562 177.079 195.799 161.871 173.497 218.569 160.044
threshold=40.500000000000007 112.25000000000001 28.250000000000004 121.55000000000003 1.0000000180025095e-35 1.0000000180025095e-35 -80.84999999999998 18.500000000000004 52.615000000000002 114.81500000000001 127.40000000000002 1.0000000180025095e-35 -82.549999999999983 47.250000000000007 26.050000000000004 -80.249999999999986 -80.34999999999998 0 67.915000000000006 37.500000000000007 49.500000000000007 50.500000000000007 29.750000000000004 89.165000000000006 103.04000000000001 138.07000000000002 18.665000000000003 -82.649999999999991 71.705000000000013 97.470000000000013
decision_type=2 10 2 10 2 2 2 2 8 10 10 2 2 10 2 2 2 9 8 2 2 2 2 10 10 10 8 2 10 10
left_child=2 6 3 7 14 12 11 -1 -9 15 19 17 18 -14 -3 -10 -12 -2 -4 -5 29 -8 -7 -24 -20 -26 -19 28 -28 -6
right_child=1 4 5 10 20 22 21 8 9 -11 16 -13 13 -15 -16 -17 -18 26 24 -21 -22 -23 23 -25 25 -27 27 -29 -30 -31
leaf_value=-0.034314701507526205 -0.00041631167400613123 0.015389772280696068 -0.0097514216602453633 0.013892880573973976 0.012212780180895156 -0.033788737734536146 -0.018324220596977626 -0.042458939721819536 -0.013225961283933919 -0.03607792960189702 -0.016883306522681531 -0.0064578856791238873 -0.035825951661746736 0.01229319878890598 0.031838567291491503 -0.029261334417744325 0.019352242213618 -0.0068719950046306271 0.016310500222973267 0.037289256753943748 0.032665165382862772 0.0033371845975248785 -0.029349452692606626 -0.0016978280541886548 -0.018878944731688475 0.054346842563275294 -0.010369787926958996 0.023084139825059059 0.020805476497469312 -0.035067943341251427
leaf_weight=24055 5863 2342 3391 8762 1787 3122 6663 4785 38222 4457 5061 5016 3991 6756 38422 10193 2115 1764 19993 1526 2059 8333 3397 7350 2963 525 2694 20057 2380 879
leaf_count=24055 5863 2342 3391 8762 1787 3122 6663 4785 38222 4457 5061 5016 3991 6756 38422 10193 2115 1764 19993 1526 2059 8333 3397 7350 2963 525 2694 20057 2380 879
internal_value=0.00164844 0.0145453 -0.00676295 -0.0102938 0.0265204 3.88365e-05 0.0042194 -0.0132437 -0.010995 -0.00991642 0.00350807 0.00724645 0.00328337 -0.00330482 0.0287193 -0.00876097 -0.00413304 0.00892944 0.00591846 0.00883667 0.00752904 -0.0034053 -0.00875784 -0.0056196 0.00767315 -0.00271584 0.0109549 0.0119864 0.00371755 -0.00160688
internal_weight=248923 98259 150664 99176 45489 51488 52770 81712 57657 52872 17464 37774 37619 10747 40764 48415 7176 32758 26872 10288 4725 14996 13869 10747 23481 3488 26895 25131 5074 2666
internal_count=248923 98259 150664 99176 45489 51488 52770 81712 57657 52872 17464 37774 37619 10747 40764 48415 7176 32758 26872 10288 4725 14996 13869 10747 23481 3488 26895 25131 5074 2666
cat_boundaries=0 1
cat_threshold=18
is_linear=0
shrinkage=0.05


Tree=18
num_leaves=31
num_cat=4
split_feature=11 9 4 10 4 11 10 9 11 4 9 11 7 10 1 8 11 6 8 9 11 4 1 7 8 9 10 8 7 8
split_gain=7014.91 1538.87 937.617 809.74 812.241 726.687 563.4 675.378 527.666 456.11 432.234 415.105 358.069 343.782 333.542 300.858 307.17 431.865 275.503 270.799 260.336 219.692 215.514 212.671 429.856 410.648 194.43 178.883 177.395 270.252
threshold=107.64000000000001 -80.84999999999998 0 100.98500000000001 1 47.250000000000007 25.785000000000004 -86.949999999999989 65.415000000000006 2 -81.749999999999986 90.160000000000011 14.500000000000002 6.9200000000000008 1.0000000180025095e-35 30.050000000000004 127.40000000000002 4.5000000000000009 29.750000000000004 -81.049999999999983 118.75000000000001 3 1.0000000180025095e-35 17.500000000000004 28.250000000000004 -82.34999999999998 48.085000000000008 28.050000000000004 13.500000000000002 26.050000000000004
decision_type=10 2 9 10 9 8 10 2 8 9 2 10 2 10 2 2 10 2 2 2 10 9 2 2 2 2 10 2 2 2
left_child=1 5 14 9 -5 -1 10 11 -4 -2 23 -8 -6 -11 -3 16 20 -18 26 -9 -15 -22 28 25 -25 27 -19 -7 29 -10
right_child=3 2 8 4 12 6 7 19 22 13 -12 -13 -14 15 -16 -17 17 18 -20 -21 21 -23 -24 24 -26 -27 -28 -29 -30 -31
leaf_value=-0.027509707986673959 0.066843066222191896 0.0098189100290740246 -0.041949786249154825 -0.012204062788449833 0.018746661815100565 -0.03235088763071392 -0.027332106415256786 0.0007517560020927406 -0.016881173289513909 -0.028274038843848093 -0.034168297386767854 0.046992663750937247 0.028746652278357401 0.0091957342911843654 -0.06316528743391174 -0.022323705119163595 -0.036304324850766449 0.010729398221644893 0.058489952317730867 0.019406783694313569 -0.0067040799545875279 0.025446548474846065 -0.054298254345416644 -0.013430211317405939 0.015116257284518042 0.0084086827960522022 -0.033035142058157121 -0.010030490456349739 -0.021749569191085439 0.028337782974866912
leaf_weight=9253 3108 9462 8969 2011 7862 6209 751 49224 2754 1498 5041 5386 22066 9246 717 1758 1722 8931 1052 6017 974 18830 1763 6650 8022 8448 840 10949 28016 1394
leaf_count=9253 3108 9462 8969 2011 7862 6209 751 49224 2754 1498 5041 5386 22066 9246 717 1758 1722 8931 1052 6017 974 18830 1763 6650 8022 8448 840 10949 28016 1394
internal_value=0.00162353 -0.00414737 -0.0111981 0.0138309 0.0199991 -0.000919283 0.000246938 0.00336874 -0.0144328 0.00971982 -0.0039809 0.0190906 0.0220616 0.00842526 0.00244632 0.00924175 0.0100985 0.00355635 0.00726022 0.00161898 0.0129215 0.0161552 -0.0115788 -0.00225129 0.00254734 -0.00500078 0.00462632 -0.00944199 -0.010639 -0.000986051
internal_weight=248923 169025 53075 79898 31939 115950 106697 61378 42896 47959 45319 6137 29928 44851 10179 43353 41595 12545 10823 55241 29050 19804 33927 40278 14672 25606 9771 17158 32164 4148
internal_count=248923 169025 53075 79898 31939 115950 106697 61378 42896 47959 45319 6137 29928 44851 10179 43353 41595 12545 10823 55241 29050 19804 33927 40278 14672 25606 9771 17158 32164 4148
cat_boundaries=0 1 2 3 4
cat_threshold=172 80 32 64
is_linear=0
shrinkage=0.05


Tree=19
num_leaves=31
num_cat=0
split_feature=0 11 8 2 11 2 9 2 11 7 8 5 7 7 2 0 1 5 11 8 11 7 9 11 11 8 7 2 11 11
split_gain=9802.73 4522.94 1321.98 1032.41 983.028 540.062 428.735 353.903 462.667 310.366 290.587 266.976 369.679 259.715 244.014 233.243 225.316 216.179 212.898 361.336 245.026 202.237 188.222 192.326 234.227 176.288 175.786 168.034 164.503 164.401
threshold=37.500000000000007 107.64000000000001 28.250000000000004 1.0000000180025095e-35 121.55000000000003 1.0000000180025095e-35 -80.84999999999998 1.0000000180025095e-35 67.915000000000006 13.500000000000002 26.050000000000004 1.5000000000000002 21.500000000000004 20.500000000000004 1.0000000180025095e-35 49.500000000000007 1.0000000180025095e-35 2.5000000000000004 61.250000000000007 27.050000000000004 46.835000000000008 11.500000000000002 -86.749999999999986 79.585000000000022 97.185000000000016 29.750000000000004 15.500000000000002 1.0000000180025095e-35 89.165000000000006 118.75000000000001
decision_type=2 10 2 2 10 2 2 2 8 2 2 2 2 2 2 2 2 2 10 2 10 2 2 8 8 2 2 2 10 10
left_child=2 6 4 10 7 13 14 8 26 -8 -3 12 -10 16 18 29 22 -6 19 21 -21 -2 23 -4 -25 -7 -1 -19 -27 -5
right_child=1 3 5 15 17 25 9 -9 11 -11 -12 -13 -14 -15 -16 -17 -18 27 -20 20 -22 -23 -24 24 -26 28 -28 -29 -30 -31
leaf_value=-0.019515918063255991 -0.036762102849570155 0.017577807207040053 -0.022784559455323539 -0.02344548388921526 -0.047994755478456774 -0.03387605026951377 0.014977325844517209 -0.032691204973277981 -0.019205866109509674 -0.014208439646238968 0.028363095392575755 -0.007925142774690563 -0.054583362608980758 -0.014733671840865804 -0.0064295792885285868 0.027599462316214709 -0.031588639978029187 0.012998647851573742 0.018557466807856127 -0.015146734388633299 0.013302004427458415 0.033834551662106097 0.0057517206975592483 0.044368444448335431 0.0072391814210850391 -0.028302405555547416 -0.036292769888169429 -0.0096662176165954964 -0.0031741338161436873 0.012759398560692504
leaf_weight=5127 363 4387 784 1935 485 2907 4230 12497 23038 12324 41772 18557 2938 5335 5691 2246 1470 10670 19614 6345 4887 3146 20126 3962 3584 3171 13874 4102 7208 2148
leaf_count=5127 363 4387 784 1935 485 2907 4230 12497 23038 12324 41772 18557 2938 5335 5691 2246 1470 10670 19614 6345 4887 3146 20126 3962 3584 3171 13874 4102 7208 2148
internal_value=0.00161389 0.0128472 -0.0071497 0.023418 -0.0106946 -0.000482938 0.00304187 -0.0130186 -0.0115023 -0.00372495 0.0260142 -0.00871181 -0.0119834 0.00275439 0.00583932 0.00447231 0.00456641 0.000887535 0.00742762 0.00288455 -0.0014944 0.0168656 0.00555399 0.0118705 0.0143197 -0.0090704 -0.0180343 0.00197538 -0.00601117 -0.00265087
internal_weight=248923 109088 139835 52488 91288 48547 56600 76031 63534 16554 46159 44533 25976 35261 40046 6329 29926 15257 34355 14741 11232 3509 28456 8330 7546 13286 19001 14772 10379 4083
internal_count=248923 109088 139835 52488 91288 48547 56600 76031 63534 16554 46159 44533 25976 35261 40046 6329 29926 15257 34355 14741 11232 3509 28456 8330 7546 13286 19001 14772 10379 4083
is_linear=0
shrinkage=0.05


Tree=20
num_leaves=31
num_cat=1
split_feature=11 2 8 7 11 11 5 7 2 5 9 8 11 9 11 7 11 9 7 8 9 9 3 2 8 11 6 7 7 11
split_gain=6010.8 3923.34 1292.22 870.942 737.893 737.491 675.128 621.649 439.504 403.921 385.411 371.059 324.409 320.968 259.755 258.518 385.909 228.623 319.175 391.149 271.399 207.377 197.185 232.867 193.174 181.902 283.148 169.574 165.496 158.5
threshold=106.99500000000002 1.0000000180025095e-35 26.850000000000005 19.500000000000004 48.590000000000011 67.915000000000006 1.5000000000000002 17.500000000000004 1.0000000180025095e-35 3.5000000000000004 -86.949999999999989 30.050000000000004 121.55000000000003 -82.649999999999991 47.680000000000007 16.500000000000004 98.055000000000021 -81.749999999999986 17.500000000000004 28.250000000000004 -82.34999999999998 -82.549999999999983 0 1.0000000180025095e-35 26.350000000000005 127.40000000000002 4.5000000000000009 20.500000000000004 14.500000000000002 127.40000000000002
decision_type=10 2 2 2 10 8 2 2 2 2 2 2 10 2 8 2 8 2 2 2 2 2 9 2 2 10 2 2 2 10
left_child=2 6 3 5 14 -1 28 9 15 10 -6 25 -3 -12 -4 16 -7 18 20 -20 -16 -9 -23 -24 -5 -8 -27 -21 -2 -14
right_child=1 12 4 24 7 8 11 21 -10 -11 13 -13 29 -15 17 -17 -18 -19 19 27 -22 22 23 -25 -26 26 -28 -29 -30 -31
leaf_value=-0.028238263205062356 0.021891156788579027 -0.02556603602590788 -0.024597643002794989 -0.054774414884013467 0.04113891606805016 -0.015335955263111378 0.0235561605482431 -0.016903236880215691 -0.026988883407157528 -0.0067338179345575178 0.00061642114420319423 -0.020154228299889623 0.012317060839307548 0.018683750709658043 -0.021382401983190837 -0.012176127815513339 0.013322459115106433 -0.027661485362825467 -0.010520830845393415 0.018072854570716945 0.013559606588874562 -0.01736094197201421 0.01573598275584356 -0.014608104138799406 -0.025995778445341334 -0.03025321001839254 0.019395101920638248 -0.047810713823762098 0.026891140099278489 -0.010085383313937248
leaf_weight=13899 6818 9086 9439 5007 5660 6104 25211 8550 6275 8054 12507 1522 3098 15932 10313 14862 13901 4485 5838 6473 2773 4437 8295 3003 2751 865 7677 235 20872 5039
leaf_count=13899 6818 9086 9439 5007 5660 6104 25211 8550 6275 8054 12507 1522 3098 15932 10313 14862 13901 4485 5838 6473 2773 4437 8295 3003 2751 865 7677 235 20872 5039
internal_value=0.00151913 0.0127896 -0.00383554 -0.00951854 -0.000467907 -0.00730504 0.0185732 0.00275102 -0.00393906 0.00642151 0.00879973 0.013979 -0.00835316 0.00642378 -0.00587373 -0.0017447 0.00196603 -0.00360308 -0.00177833 0.00391845 -0.00723885 -0.00362009 -0.000212766 0.00329564 -0.0251931 0.0150683 0.00874649 0.0121465 0.0244188 -0.00109856
internal_weight=248981 80188 168793 62799 105994 55041 62965 66438 41142 42153 34099 35275 17223 28439 39556 34867 20005 30117 25632 12546 13086 24285 15735 11298 7758 33753 8542 6708 27690 8137
internal_count=248981 80188 168793 62799 105994 55041 62965 66438 41142 42153 34099 35275 17223 28439 39556 34867 20005 30117 25632 12546 13086 24285 15735 11298 7758 33753 8542 6708 27690 8137
cat_boundaries=0 1
cat_threshold=10
is_linear=0
shrinkage=0.05


Tree=21
num_leaves=31
num_cat=6
split_feature=0 11 4 9 11 2 2 9 4 9 10 11 4 7 4 11 11 0 0 4 7 9 11 4 11 11 11 2 7 11
split_gain=8684.31 3785.47 1294.04 892.263 733.826 719.169 542.544 526.947 439.087 380.068 312.871 299.514 292.036 287.24 276.906 272.803 357.601 249.408 247.301 242.986 246.667 240.179 227.279 217.222 212.948 197.147 274.888 192.348 186.759 187.391
threshold=39.500000000000007 112.25000000000001 0 -85.249999999999986 121.55000000000003 1.0000000180025095e-35 1.0000000180025095e-35 -80.949999999999989 1 -80.84999999999998 42.415000000000006 67.445000000000007 2 13.500000000000002 3 85.680000000000021 97.185000000000016 8.5000000000000018 49.500000000000007 4 18.500000000000004 -86.949999999999989 41.250000000000007 5 138.07000000000002 127.40000000000002 130.19000000000003 1.0000000180025095e-35 11.500000000000002 38.665000000000006
decision_type=2 10 9 2 10 2 2 2 9 2 10 10 9 2 9 8 8 2 2 9 2 2 8 9 10 10 10 2 2 8
left_child=3 9 5 15 6 25 7 17 -9 19 12 -10 -6 -11 -4 27 21 -5 -7 -2 28 -17 -19 -8 -18 -3 -27 -1 -21 -30
right_child=1 2 14 4 10 18 23 8 11 13 -12 -13 -14 -15 -16 16 24 22 -20 20 -22 -23 -24 -25 -26 26 -28 -29 29 -31
leaf_value=-0.0023447409818419642 -0.019582741678985771 0.028088588032571818 0.013880453842202113 -0.038451817176130644 0.05687253149072076 -0.0054733679744934267 -0.0049064624521145466 -0.0018687642805852889 -0.03228982347396938 0.014476291373850004 -0.031924712462282921 -0.013211571685640688 0.0025981877750285601 -0.01239270551157956 -0.012128469268073695 0.036877904660284733 -0.0090290178542911988 -0.027038053209817916 0.037509025919833142 -0.018937423264351327 -0.0022410103216544464 0.0087967195286053901 -0.0049986547712627784 -0.030632453368582935 0.045816792382974786 -0.045143767698297491 0.025961348524239904 -0.051001941831395836 -0.024358069515690951 0.017573281898781625
leaf_weight=2404 1390 33258 3683 2771 1405 2530 2323 6685 20525 4485 1539 8557 14483 11075 2128 5198 9600 4588 1574 1083 6764 6481 42857 15476 916 244 3202 1363 857 29537
leaf_count=2404 1390 33258 3683 2771 1405 2530 2323 6685 20525 4485 1539 8557 14483 11075 2128 5198 9600 4588 1574 1083 6764 6481 42857 15476 916 244 3202 1363 857 29537
internal_value=0.00154604 0.0127725 0.0232613 -0.00622057 -0.00802226 0.026401 -0.00961635 -0.00796983 -0.0126073 0.00391026 0.00147101 -0.0152601 0.0035602 -0.00271034 0.00115761 0.00219082 0.00430308 -0.00466491 0.00653865 0.00650967 0.00725674 0.0103217 -0.00381098 -0.0175613 -0.00238457 0.0286267 0.0171586 -0.010233 0.00911964 0.00984739
internal_weight=248981 101810 46619 147171 121209 40808 103782 85983 35767 55191 17427 29082 15888 15560 5811 25962 22195 50216 4104 39631 38241 11679 47445 17799 10516 36704 3446 3767 31477 30394
internal_count=248981 101810 46619 147171 121209 40808 103782 85983 35767 55191 17427 29082 15888 15560 5811 25962 22195 50216 4104 39631 38241 11679 47445 17799 10516 36704 3446 3767 31477 30394
cat_boundaries=0 1 2 3 4 5 6
cat_threshold=46 172 32 144 80 168
is_linear=0
shrinkage=0.05


Tree=22
num_leaves=31
num_cat=8
split_feature=0 11 4 8 2 11 2 4 8 11 8 8 8 3 4 2 0 4 1 0 9 11 1 9 4 8 4 3 5 11
split_gain=8027.74 3660.81 1267.51 1001.51 872.194 738.502 442.888 368.098 344.398 333.132 329.777 360.175 303.762 294.244 258.305 248.733 247.206 225.861 219.104 207.984 199.491 294.647 203.677 190.865 187.467 186.868 184.471 180.731 174.819 160.035
threshold=37.500000000000007 106.99500000000002 0 28.250000000000004 1.0000000180025095e-35 121.55000000000003 1.0000000180025095e-35 1 26.050000000000004 114.81500000000001 27.050000000000004 25.950000000000003 26.050000000000004 2 3 1.0000000180025095e-35 49.500000000000007 4 1.0000000180025095e-35 18.500000000000004 -82.34999999999998 47.250000000000007 1.0000000180025095e-35 -81.84999999999998 5 29.750000000000004 6 7 2.5000000000000004 68.540000000000006
decision_type=2 10 9 2 2 10 2 9 2 10 2 2 2 9 9 2 2 9 2 2 2 10 2 2 9 2 9 9 2 8
left_child=3 8 4 5 12 7 20 18 17 10 11 19 -3 -10 -4 26 -6 -2 23 -9 22 -22 29 -1 -7 -8 -15 -14 -26 -5
right_child=1 2 14 6 16 24 25 9 13 -11 -12 -13 27 15 -16 -17 -18 -19 -20 -21 21 -23 -24 -25 28 -27 -28 -29 -30 -31
leaf_value=-0.019484599029179074 0.013728349309144683 0.016382294292615018 0.011931380102655709 -0.0074738983056319881 -0.0054266724403186474 0.047829580248830883 -0.03198456966289296 -0.029210016402726559 -0.0076896840537806991 -0.039313106416672655 -0.013607779994562641 -0.035295652286820016 0.026673834574480096 -0.018494722450749013 -0.01217373374552122 -0.006380562320667949 0.033537072924235738 -0.014899853540127418 -0.042524371785745529 -0.012689831977286837 -0.033179142341583832 0.007891088235039723 -0.029293502802571859 0.0055683967338838519 -0.046640552807003924 -0.010191499470384936 0.015619859541070636 0.00075492736790261361 -0.00037047416501341247 0.01252309508908276
leaf_weight=4991 2549 3708 4263 3371 3485 1297 2942 8322 7582 4968 20608 14331 36625 945 2286 5124 1727 8909 1697 13122 3626 5774 1326 7868 411 10372 31243 588 13614 21307
leaf_count=4991 2549 3708 4263 3371 3485 1297 2942 8322 7582 4968 20608 14331 36625 945 2286 5124 1727 8909 1697 13122 3626 5774 1326 7868 411 10372 31243 588 13614 21307
internal_value=0.00153078 0.0117017 0.0211759 -0.00639375 0.0240949 -0.00948443 -0.000605401 -0.0115053 0.00284234 -0.0132009 -0.0121052 -0.0150077 0.0265532 0.00481694 0.000570863 0.00664042 0.00482574 -0.00489187 -0.00434276 -0.0108977 0.00231829 -0.00392136 0.00457446 -0.00210972 0.000528307 -0.00837586 0.0082707 0.0279142 -0.00116412 0.00560191
internal_weight=248981 109034 52682 139947 46133 91229 48718 75907 56352 61351 56383 35775 40921 44894 6549 37312 5212 11458 14556 21444 35404 9400 26004 12859 15322 13314 32188 37213 14025 24678
internal_count=248981 109034 52682 139947 46133 91229 48718 75907 56352 61351 56383 35775 40921 44894 6549 37312 5212 11458 14556 21444 35404 9400 26004 12859 15322 13314 32188 37213 14025 24678
cat_boundaries=0 1 2 3 4 5 6 7 8
cat_threshold=46 172 2 144 172 32 80 20
is_linear=0
shrinkage=0.05


Tree=23
num_leaves=31
num_cat=5
split_feature=11 2 8 4 10 11 11 7 4 2 8 7 4 9 7 11 7 4 4 8 7 7 2 2 10 7 7 10 8 11
split_gain=4800.3 3190.08 1046.84 991.117 689.207 675.687 541.869 526.578 385.066 356.788 335.128 315.946 312.333 298.829 557.424 257.07 237.152 229.839 225.168 218.748 217.183 202.779 248.345 170.631 157.099 265.485 153.946 150.486 143.165 142.968
threshold=106.99500000000002 1.0000000180025095e-35 27.750000000000004 0 100.98500000000001 67.915000000000006 47.680000000000007 17.500000000000004 1 1.0000000180025095e-35 30.050000000000004 14.500000000000002 2 -82.549999999999983 17.500000000000004 88.610000000000014 15.500000000000002 3 4 28.250000000000004 13.500000000000002 16.500000000000004 1.0000000180025095e-35 1.0000000180025095e-35 30.025000000000002 13.500000000000002 17.500000000000004 117.12500000000001 26.150000000000002 127.40000000000002
decision_type=10 2 2 9 10 8 10 2 9 2 2 2 9 2 2 8 2 9 9 2 2 2 2 2 10 2 2 10 2 10
left_child=2 3 5 -2 10 16 13 9 28 18 17 23 -3 14 -4 26 -1 -5 20 -16 -8 22 -17 -10 25 -14 -13 -6 -7 -19
right_child=1 12 6 4 27 8 7 -9 11 -11 -12 15 24 -15 19 21 -18 29 -20 -21 -22 -23 -24 -25 -26 -27 -28 -29 -30 -31
leaf_value=-0.014129870210762353 -0.012891462107405261 0.0090794144290036634 -0.0183587708073512 0.066273629094841274 0.025321028548466587 0.015585911275766008 0.0050465624997235283 -0.0056410457825414543 0.0033706175490900493 -0.0031328234483779306 -0.01847265312514983 -0.01606939283628548 -0.023450217843268641 -0.025072790591867646 -0.0051061902811563092 -0.0026066837424468582 -0.031807272256007969 0.019640231390478394 -0.0083169221343063707 0.016293026065914162 0.021965150674366819 -0.024977131703598943 -0.033133585375381316 -0.018666440495760297 -0.025926652438585496 0.0097283962970365692 0.015749544957447494 0.020808463871310592 -0.0038472130246486103 0.012390380932937629
leaf_weight=7629 2678 3733 10894 2007 16342 5930 4955 20266 13098 8624 1519 1908 3652 9103 4169 8250 13152 22948 2219 6359 19689 19180 2094 2743 7313 2525 3400 9740 5131 7731
leaf_count=7629 2678 3733 10894 2007 16342 5930 4955 20266 13098 8624 1519 1908 3652 9103 4169 8250 13152 22948 2219 6359 19689 19180 2094 2743 7313 2525 3400 9740 5131 7731
internal_value=0.00152194 0.0115938 -0.00326327 0.0168091 0.0181297 -0.00728931 0.000587567 0.00351936 -0.0046628 0.00719075 0.0134575 -0.00650682 -0.00747113 -0.00476666 -0.00153975 -0.00916997 -0.0150859 0.0145247 0.0100305 0.00666161 0.0114012 -0.0109907 -0.00534093 -0.000652956 -0.0110067 -0.00513173 0.000959007 0.0242565 0.00378576 0.0134288
internal_weight=248981 80188 168793 62965 60287 82515 86278 55753 61734 35487 34205 50673 17223 30525 21422 34832 20781 32686 26863 10528 24644 29524 10344 15841 13490 6177 5308 26082 11061 30679
internal_count=248981 80188 168793 62965 60287 82515 86278 55753 61734 35487 34205 50673 17223 30525 21422 34832 20781 32686 26863 10528 24644 29524 10344 15841 13490 6177 5308 26082 11061 30679
cat_boundaries=0 1 2 3 4 5
cat_threshold=64 164 184 32 166
is_linear=0
shrinkage=0.05


Tree=24
num_leaves=31
num_cat=2
split_feature=11 2 8 11 10 11 2 1 8 8 1 11 10 2 11 2 9 9 3 10 8 9 8 10 3 10 11 6 10 8
split_gain=4424.34 2970.7 970.086 612.288 580.532 499.871 394.076 326.862 287.089 285.395 260.166 241.404 218.902 209.102 269.27 196.849 226.217 192.534 170.381 166.354 164.728 320.221 259.596 158.259 143.475 127.858 123.818 246.091 145.511 129.294
threshold=106.99500000000002 1.0000000180025095e-35 26.650000000000002 65.415000000000006 100.98500000000001 47.680000000000007 1.0000000180025095e-35 1.0000000180025095e-35 28.850000000000005 30.050000000000004 1.0000000180025095e-35 121.55000000000003 119.325 1.0000000180025095e-35 102.75000000000001 1.0000000180025095e-35 -81.649999999999991 -82.649999999999991 0 18.765000000000004 28.250000000000004 -82.34999999999998 28.950000000000003 117.12500000000001 1 42.415000000000006 127.40000000000002 4.5000000000000009 58.940000000000005 29.750000000000004
decision_type=10 2 2 8 10 10 2 2 2 2 2 10 10 2 10 2 2 2 9 10 2 2 2 10 9 10 10 2 10 2
left_child=2 4 3 -1 9 10 8 13 17 26 15 -3 24 14 19 16 20 -7 -19 -5 21 -4 -22 -6 -10 -13 -2 -28 29 -29
right_child=1 11 5 7 23 6 -8 -9 12 -11 -12 25 -14 -15 -16 -17 -18 18 -20 -21 22 -23 -24 -25 -26 -27 27 28 -30 -31
leaf_value=-0.031852151729832377 0.019197014772620771 -0.021292174339901229 -0.014755074822451419 -0.0051641043139757153 0.023042444868814016 -0.0098550449823190615 -0.009063091336023189 -0.046426262785279171 0.0073759393797659285 -0.017820273790195219 -0.033225119660720684 0.0023426668674734865 -0.042395609817910088 -0.022606628654950889 0.016162506207501173 -0.026144457514701715 -0.02231199226342442 0.012079327650878026 -0.0077983891449280758 -0.017441323868023419 0.017478372855269788 0.019478026708975804 -0.0027866382186145346 0.018268054029185521 0.019402688046310158 -0.027816978708511145 -0.028971442800528813 0.014497592771628832 -0.039132103756835207 0.05158678768265617
leaf_weight=10543 25569 9086 11721 25396 17003 7979 14857 2169 8437 1522 3560 7111 509 5997 4077 4487 5827 14064 5600 10975 4568 2939 7577 10329 17511 1026 865 6856 260 561
leaf_count=10543 25569 9086 11721 25396 17003 7979 14857 2169 8437 1522 3560 7111 509 5997 4077 4487 5827 14064 5600 10975 4568 2939 7577 10329 17511 1026 865 6856 260 561
internal_value=0.00150668 0.0111761 -0.00308733 -0.008247 0.0162088 -0.000302793 0.00229023 -0.0058757 0.00427093 0.0119981 -0.00469783 -0.00722161 0.00799297 -0.00498655 -0.00369272 -0.00345687 -0.00210465 0.000706976 0.00336485 -0.00505896 -0.000162223 -0.0037287 0.00414233 0.0216919 0.00863318 -0.000963545 0.0129436 0.00771749 0.0105698 0.0118689
internal_weight=248981 80188 168793 59157 62965 109636 68957 48614 54100 35633 40679 17223 26457 46445 40448 37119 32632 27643 19664 36371 26805 14660 12145 27332 25948 8137 34111 8542 7677 7417
internal_count=248981 80188 168793 59157 62965 109636 68957 48614 54100 35633 40679 17223 26457 46445 40448 37119 32632 27643 19664 36371 26805 14660 12145 27332 25948 8137 34111 8542 7677 7417
cat_boundaries=0 1 2
cat_threshold=4 18
is_linear=0
shrinkage=0.05


Tree=25
num_leaves=31
num_cat=3
split_feature=0 11 4 8 4 0 11 11 11 11 8 8 8 10 0 11 11 0 7 6 10 8 0 9 7 9 7 10 4 11
split_gain=6488 2968.82 978.062 817.534 574.1 412.3 387.959 362.067 298.573 337.861 294.249 256.761 381.252 241.954 217.947 207.255 229.201 222.639 201.453 200.694 196.079 226.165 185.423 207.065 181.443 238.752 180.881 173.016 172.135 162.183
threshold=37.500000000000007 107.64000000000001 0 28.250000000000004 1 47.500000000000007 121.55000000000003 114.81500000000001 118.75000000000001 127.40000000000002 26.050000000000004 27.050000000000004 25.950000000000003 100.98500000000001 19.500000000000004 102.08500000000002 89.720000000000013 8.5000000000000018 17.500000000000004 4.5000000000000009 39.720000000000006 30.050000000000004 24.500000000000004 -86.949999999999989 15.500000000000002 -82.749999999999986 15.500000000000002 39.720000000000006 2 116.25000000000001
decision_type=2 10 9 2 9 2 10 10 10 10 2 2 2 10 2 10 10 2 2 2 10 2 2 2 2 2 2 8 9 10
left_child=3 10 -3 4 -1 8 7 11 24 -10 26 12 14 29 -6 16 17 -5 28 -11 21 -17 -18 -24 -4 -26 -2 -19 -12 -7
right_child=1 2 5 15 6 13 -8 -9 9 19 18 -13 -14 -15 -16 20 22 27 -20 -21 -22 -23 23 -25 25 -27 -28 -29 -30 -31
leaf_value=0.0077172297584167998 0.0040511853471929538 -0.0054111892912179112 -0.0077728854422811191 -0.035252170903146716 -0.024407891494455037 0.008558025093762734 -0.0038021232703354005 -0.036213060087137448 0.026833926517218745 -0.042131708965319703 -0.01474357847934149 -0.011623201399352023 -0.031002263136343799 0.024390284478400661 -0.0082799333498218882 0.041278846246576344 0.0052152410148668341 -0.018883687011991415 -0.001063622995146929 0.018334603289340379 -0.034492582044054476 -0.01875713970989077 0.038199492817089453 0.0081016527276042364 -0.021851918195092246 0.023993783715256178 -0.016646769352522472 0.0025423963716180611 0.012957134234275537 0.022546007043241459
leaf_weight=8777 5424 3760 2603 2346 9818 3146 13313 5151 5480 356 1208 23941 16421 22510 14041 1023 11982 4523 13490 2443 3137 1939 2087 2229 726 2180 6019 19357 30207 9546
leaf_count=8777 5424 3760 2603 2346 9818 3146 13313 5151 5480 356 1208 23941 16421 22510 14041 1023 11982 4523 13490 2443 3137 1939 2087 2229 726 2180 6019 19357 30207 9546
internal_value=0.00156325 0.010705 0.0192286 -0.00555659 -0.00834135 0.021112 -0.00963122 -0.0111326 0.0137701 0.0197672 0.00272366 -0.0101065 -0.0125441 0.023989 -0.00850266 -0.000317686 0.000919265 -0.00197439 0.00454748 0.00560698 -0.00892945 0.000302826 0.00557395 0.0144475 0.00473818 0.0133059 -0.00443115 -0.000527417 0.00674145 0.018438
internal_weight=249183 109098 52750 140085 91462 48990 82685 69372 13788 8279 56348 64221 40280 35202 23859 48623 42524 26226 44905 2799 6099 2962 16298 4316 5509 2906 11443 23880 31415 12692
internal_count=249183 109098 52750 140085 91462 48990 82685 69372 13788 8279 56348 64221 40280 35202 23859 48623 42524 26226 44905 2799 6099 2962 16298 4316 5509 2906 11443 23880 31415 12692
cat_boundaries=0 1 2 3
cat_threshold=80 160 80
is_linear=0
shrinkage=0.05


Tree=26
num_leaves=31
num_cat=4
split_feature=0 11 4 8 4 0 11 11 11 11 9 4 8 8 7 0 9 4 8 8 6 11 11 0 8 11 8 11 7 9
split_gain=5982.62 2797.92 888.073 757.133 525.109 432.22 351.654 349.893 330.185 320.018 311.972 262.966 260.472 243.047 366.476 224.028 216.987 205.973 197.039 184.852 181.202 180.976 206.733 198.67 187.726 174.317 237.853 214.437 206.898 173.704
threshold=37.500000000000007 112.25000000000001 0 28.250000000000004 1 47.500000000000007 118.75000000000001 121.55000000000003 114.81500000000001 127.40000000000002 -80.84999999999998 2 28.350000000000005 27.050000000000004 19.500000000000004 25.500000000000004 -82.649999999999991 3 26.450000000000003 25.950000000000003 4.5000000000000009 102.08500000000002 89.720000000000013 8.5000000000000018 29.650000000000002 61.250000000000007 27.050000000000004 46.835000000000008 11.500000000000002 -86.949999999999989
decision_type=2 10 9 2 9 2 10 10 10 10 2 9 2 2 2 2 2 9 2 2 2 10 10 2 2 10 2 10 2 2
left_child=3 10 -3 4 -1 6 -4 8 13 -8 17 -12 16 14 15 -6 -7 -2 -16 -17 -11 22 23 -5 -23 26 28 -28 -19 -24
right_child=1 2 5 21 7 12 9 -9 -10 20 11 -13 -14 -15 18 19 -18 25 -20 -21 -22 24 29 -25 -26 -27 27 -29 -30 -31
leaf_value=0.0073313682704959863 -0.016030524523332004 -0.0046992211139508027 0.0015077905324476504 -0.033489562357989347 -0.022377114514187203 0.026777195568958457 0.025492230191357823 -0.0036120171068186658 -0.034402407082780598 -0.040025123517053722 0.018405009914248184 -0.010143911366933312 0.0050710916183449584 -0.011042041329384401 -0.047878959619767653 -0.00085132971437182911 0.020959871693048804 -0.028464466794893097 -0.018123671699021848 -0.021121415218904139 0.017417873124873397 -0.048245540964984596 0.021366716149096378 -0.00083816404480336899 -0.010145887594645943 0.013792385170515776 -0.013772108628603964 0.011363313837903455 0.027390097622003617 0.0022358345148685288
leaf_weight=8777 1498 3585 4131 2346 20008 11732 5480 13313 5151 356 3279 13602 2071 23941 4462 8465 19241 481 1981 5364 2443 946 6807 23880 5153 24715 7213 5817 3454 9491
leaf_count=8777 1498 3585 4131 2346 20008 11732 5480 13313 5151 356 3279 13602 2071 23941 4462 8465 19241 481 1981 5364 2443 946 6807 23880 5153 24715 7213 5817 3454 9491
internal_value=0.00153516 0.0103136 0.0191737 -0.00530176 -0.00798168 0.0210604 0.0130918 -0.00921528 -0.0106411 0.0190312 0.00307729 -0.00268486 0.0240546 -0.00966122 -0.0120328 -0.00994623 0.0252025 0.00533018 -0.0229583 -0.00504733 0.00525098 -0.000260111 0.000895754 -0.00185242 -0.00830742 0.00598561 0.00208247 -0.00117331 0.012839 0.00531641
internal_weight=249183 109098 49039 140085 91462 45454 12410 82685 69372 8279 60059 16881 33044 64221 40280 33837 30973 43178 6443 13829 2799 48623 42524 26226 6099 41680 16965 13030 3935 16298
internal_count=249183 109098 49039 140085 91462 45454 12410 82685 69372 8279 60059 16881 33044 64221 40280 33837 30973 43178 6443 13829 2799 48623 42524 26226 6099 41680 16965 13030 3935 16298
cat_boundaries=0 1 2 3 4
cat_threshold=80 160 172 80
is_linear=0
shrinkage=0.05


Tree=27
num_leaves=31
num_cat=8
split_feature=0 11 4 8 2 4 2 11 11 9 8 4 8 8 8 0 3 2 4 0 9 10 3 9 11 11 4 0 4 10
split_gain=5548.96 2589.52 824.372 687.88 505.377 477.51 376.953 322 316.062 285.742 263.624 233.811 225.526 331.929 214.095 197.616 188.38 210.695 188.391 175.641 171.251 273.483 158.22 158.083 234.219 240.018 230.553 157.452 154.999 151.75
threshold=37.500000000000007 112.25000000000001 0 28.250000000000004 1.0000000180025095e-35 1 1.0000000180025095e-35 121.55000000000003 114.81500000000001 -80.84999999999998 25.950000000000003 2 27.050000000000004 25.950000000000003 28.350000000000005 49.500000000000007 3 1.0000000180025095e-35 4 19.500000000000004 -82.34999999999998 18.765000000000004 5 -86.749999999999986 98.055000000000021 90.160000000000011 6 51.500000000000007 7 48.525000000000013
decision_type=2 10 9 2 2 9 2 10 10 2 2 9 2 2 2 2 9 2 9 2 2 10 9 2 10 10 9 2 9 10
left_child=3 9 -3 5 10 -1 23 8 12 16 -4 -11 13 19 22 -6 -2 18 -18 -7 21 -20 -12 24 25 -5 -27 -13 -8 -9
right_child=1 2 4 6 15 7 28 29 -10 11 14 27 -14 -15 -16 -17 17 -19 20 -21 -22 -23 -24 -25 -26 26 -28 -29 -30 -31
leaf_value=0.0069647998569712048 -0.0032203196173478336 -0.0044642600582532671 0.0049538169035743713 0.0049846127379020722 -0.0040458130012136278 -0.02203092681705239 0.0097945715059807106 -0.0013584352536633038 -0.032682286728641596 0.017484759418535757 -0.025049168943077318 -0.018144046037231788 -0.010489939262915193 -0.028137658386235477 0.00803539655528418 0.033096294054413278 -0.016818355485987979 -0.0051883639086617974 -0.012941783006208407 -0.0074391232708871163 0.018563581480510384 0.013552275315833385 0.022331921920124478 0.00070248519685947033 -0.0069552581524448881 -0.033251434345574538 0.043205776165242599 0.00045054126146188979 -0.017738073147313439 -0.044600730099252583
leaf_weight=8777 8071 3585 2170 3156 3334 9818 2365 12914 5151 3279 298 7266 23941 16421 3272 1649 938 4888 3741 14041 16379 9161 34731 26080 2701 273 3080 6336 10968 399
leaf_count=8777 8071 3585 2170 3156 3334 9818 2365 12914 5151 3279 298 7266 23941 16421 3272 1649 938 4888 3741 14041 16379 9161 34731 26080 2701 273 3080 6336 10968 399
internal_value=0.00151469 0.00996902 0.0184927 -0.00506977 0.0203105 -0.00762419 -0.000264224 -0.00880056 -0.0101683 0.00300737 0.0221647 -0.00250725 -0.00920973 -0.0114942 0.0231252 0.00527739 0.00516347 0.00674552 0.00830494 -0.00772341 0.00901164 0.00470105 0.0242687 0.00244193 0.00806941 0.0131999 0.0224948 -0.00539568 -0.00742337 -0.00167755
internal_weight=249183 109098 49039 140085 45454 91462 48623 82685 69372 60059 40471 16881 64221 40280 38301 4983 43178 35107 30219 23859 29281 12902 35029 35290 9210 6509 3353 13602 13333 13313
internal_count=249183 109098 49039 140085 45454 91462 48623 82685 69372 60059 40471 16881 64221 40280 38301 4983 43178 35107 30219 23859 29281 12902 35029 35290 9210 6509 3353 13602 13333 13313
cat_boundaries=0 1 2 3 4 5 6 7 8
cat_threshold=80 160 172 18 80 2 8 172
is_linear=0
shrinkage=0.05


Tree=28
num_leaves=31
num_cat=11
split_feature=0 6 4 9 2 0 1 2 9 4 4 3 2 4 0 3 2 9 4 9 10 6 4 6 3 10 0 3 4 12
split_gain=5082.08 2307.61 744.541 610.287 466.641 457.889 508.256 477.84 270.966 209.254 207.449 227.619 197.375 193.227 183.69 173.977 194.054 170.663 169.227 149.648 258.674 151.894 146.763 146.264 145.678 145.007 142.621 121.408 118.18 109.267
threshold=37.500000000000007 3.5000000000000004 0 -85.249999999999986 1.0000000180025095e-35 14.500000000000002 1.0000000180025095e-35 1.0000000180025095e-35 -80.84999999999998 1 2 3 1.0000000180025095e-35 4 49.500000000000007 5 1.0000000180025095e-35 -80.949999999999989 6 -82.34999999999998 25.785000000000004 1.5000000000000002 7 2.5000000000000004 8 93.870000000000019 51.500000000000007 9 10 1.0000000180025095e-35
decision_type=2 2 9 2 2 2 2 2 2 9 9 9 2 9 2 9 2 2 9 2 10 2 9 2 9 10 2 9 9 10
left_child=3 8 -3 12 17 -5 7 10 15 -10 -7 29 -1 -9 25 -2 18 22 -17 20 -20 -22 27 -8 -14 28 -11 -4 -6 -12
right_child=1 2 4 5 14 6 23 13 9 26 11 -13 24 -15 -16 16 -18 -19 19 -21 21 -23 -24 -25 -26 -27 -28 -29 -30 -31
leaf_value=0.0097072185664579536 -0.003059303636480415 -0.0044315658097177748 0.020215350619650518 -0.022588951539008841 0.00032108777558890192 0.015077716305438395 -0.037019196589594516 0.0001631245525786973 0.016139269148539494 -0.01802833447752037 0.0040403480302325439 -0.013288667622154905 0.010729391408804823 -0.019484626768007107 0.031188933240727402 -0.015974901459515058 -0.0048948976257847223 8.0235373646031508e-05 -0.01150770565201862 0.017635402406484868 0.0023049436700238956 0.019425515475280798 0.013232607027166844 -0.0056196602582764049 -0.01735163662010213 -0.025556526394536941 0.00026531550796677906 -0.002718643638466123 0.079215950961242509 -0.0060384288994857378
leaf_weight=16967 8067 3631 35498 24901 1836 5855 6592 3131 3214 7020 21279 18027 2478 13591 1677 933 4875 944 4119 16379 3558 4993 3963 1743 6008 1192 6245 531 423 19513
leaf_count=16967 8067 3631 35498 24901 1836 5855 6592 3131 3214 7020 21279 18027 2478 13591 1677 933 4875 944 4119 16379 3558 4993 3963 1743 6008 1192 6245 531 423 19513
internal_value=0.00147215 0.009563 0.0175123 -0.00482922 0.0192279 -0.00638422 -0.00471858 -0.00351325 0.00291098 -0.00253806 -0.00156453 -0.0024584 0.00217374 -0.0110447 0.00500195 0.00500303 0.00653296 0.021013 0.00803881 0.00871203 0.00462934 0.00958416 0.0215089 -0.0164709 -0.00404896 -0.00160358 -0.0053105 0.022518 0.00583958 -0.000389591
internal_weight=249183 109098 49695 140085 46064 114632 89731 81396 59403 16479 64674 58819 25453 16722 5128 42924 34857 40936 29982 29049 12670 8551 39992 8335 8486 3451 13265 36029 2259 40792
internal_count=249183 109098 49695 140085 46064 114632 89731 81396 59403 16479 64674 58819 25453 16722 5128 42924 34857 40936 29982 29049 12670 8551 39992 8335 8486 3451 13265 36029 2259 40792
cat_boundaries=0 1 2 3 4 5 6 7 8 9 10 11
cat_threshold=80 172 160 20 184 18 80 42 18 20 134
is_linear=0
shrinkage=0.05


Tree=29
num_leaves=31
num_cat=9
split_feature=0 6 4 9 2 0 1 2 9 7 0 7 4 3 7 4 9 2 2 3 4 7 9 10 4 10 9 3 6 4
split_gain=4619.49 2071.91 677.248 526.634 495.59 391.072 450.309 415.573 265.567 228.018 194.352 186.007 177.675 190.377 196.082 171.858 165.363 163.923 158.08 167.941 159.046 155.956 141.452 239.442 135.705 180.653 158.091 135.166 133.374 130.577
threshold=36.500000000000007 3.5000000000000004 0 -85.249999999999986 1.0000000180025095e-35 14.500000000000002 1.0000000180025095e-35 1.0000000180025095e-35 -80.84999999999998 13.500000000000002 49.500000000000007 20.500000000000004 1 2 18.500000000000004 3 -80.949999999999989 1.0000000180025095e-35 1.0000000180025095e-35 4 5 14.500000000000002 -82.34999999999998 18.765000000000004 6 40.745000000000012 -86.949999999999989 7 1.5000000000000002 8
decision_type=2 2 9 2 2 2 2 2 2 2 2 2 9 9 2 9 2 2 2 9 9 2 2 10 9 10 2 9 2 9
left_child=3 8 -3 17 16 -5 7 12 18 -10 -6 -8 -7 14 -14 -9 29 21 19 -2 -21 -1 23 -22 -23 -26 -27 -19 -25 -4
right_child=1 2 4 5 10 6 11 15 9 -11 -12 -13 13 -15 -16 -17 -18 27 -20 20 22 24 -24 28 25 26 -28 -29 -30 -31
leaf_value=0.00058013270046650687 -0.0013208507153414041 -0.0040194687648547498 0.019095622973797965 -0.021459503962058424 -0.0047757096259198667 0.013567194776878556 -0.018228954827115819 0.0035866257758343069 0.013426733692239567 -0.010504455112891354 0.029629486578691022 -0.046831465151831522 -0.0060251432529683235 -0.012595109631552859 0.0082635268777639052 -0.018075336686412147 -0.00055760833901183913 0.010192921838364555 -0.0045038229960754792 -0.015616023628405574 -0.011324897656584555 -0.022282009357619349 0.016799529060102094 0.0022577064735776367 0.0078497836691822538 0.041993421931810465 0.013491629515324633 -0.016488804485942057 0.017934546403186324 0.01284456929595006
leaf_weight=9122 7592 3695 36357 24901 3839 5632 5536 2317 4392 12769 1677 2799 25779 17460 13429 13693 986 2467 6222 960 4043 677 16895 3790 3784 1847 1157 5963 5394 4009
leaf_count=9122 7592 3695 36357 24901 3839 5632 5536 2317 4392 12769 1677 2799 25779 17460 13429 13693 986 2467 6222 960 4043 677 16895 3790 3784 1847 1157 5963 5394 4009
internal_value=0.00141437 0.00891059 0.0164228 -0.00476778 0.0180451 -0.00623812 -0.00465005 -0.00347293 0.00278812 -0.00250131 0.00396308 -0.015692 -0.00162574 -0.00246789 -0.000532783 -0.0106554 0.0199265 0.00178807 0.00481005 0.0059999 0.00762652 0.00467253 0.00826753 0.00439299 0.0100268 0.0121475 0.0213006 -0.00388626 0.0088536 0.0204205
internal_weight=249183 112620 50563 136563 46868 111546 86645 78310 62057 17161 5516 8335 62300 56668 39208 16010 41352 25017 44896 38674 31082 16587 30122 13227 7465 6788 3004 8430 9184 40366
internal_count=249183 112620 50563 136563 46868 111546 86645 78310 62057 17161 5516 8335 62300 56668 39208 16010 41352 25017 44896 38674 31082 16587 30122 13227 7465 6788 3004 8430 9184 40366
cat_boundaries=0 1 2 3 4 5 6 7 8 9
cat_threshold=80 160 20 168 18 80 72 18 42
is_linear=0
shrinkage=0.05


Tree=30
num_leaves=31
num_cat=7
split_feature=11 2 9 4 2 4 11 10 10 9 11 4 9 9 7 4 4 7 4 7 9 8 7 4 8 8 8 10 9 10
split_gain=2724.28 1665.6 664.762 638.472 604.133 478.165 364.155 350.831 319.314 306.788 304.885 251.666 248.188 376.445 336.118 236.255 230.209 193.689 181.086 162.763 316.121 274.518 154.978 149.154 146.398 145.161 135.384 135.286 132.084 125.569
threshold=112.25000000000001 1.0000000180025095e-35 -80.84999999999998 0 1.0000000180025095e-35 1 47.250000000000007 101.04500000000002 25.785000000000004 -81.749999999999986 65.415000000000006 2 -86.949999999999989 -82.649999999999991 13.500000000000002 3 4 17.500000000000004 5 17.500000000000004 -82.34999999999998 28.350000000000005 20.500000000000004 6 28.050000000000004 28.550000000000004 29.750000000000004 122.84500000000001 -82.649999999999991 111.38500000000002
decision_type=10 2 2 9 2 9 8 10 10 2 8 9 2 2 2 9 9 2 9 2 2 2 2 9 2 2 2 10 2 10
left_child=2 3 4 -2 6 17 -1 15 9 19 -7 -3 14 -14 -10 -5 -15 -4 -6 20 24 -21 25 -16 -8 -23 28 -18 -13 -9
right_child=1 11 5 7 18 10 8 29 12 -11 -12 26 13 16 23 -17 27 -19 -20 21 -22 22 -24 -25 -26 -27 -28 -29 -30 -31
leaf_value=-0.016498297584867049 -0.0073423708619623444 0.012194008471102392 0.016712757704459149 0.055690091925541509 0.003557013933996123 -0.026722071273714221 -0.02543496869003499 0.022749761885656739 -0.033948852953721874 -0.027250404827116981 -0.012004304110237386 -0.026293582679256213 -0.004101334045162908 -0.022165097815588199 -0.025667916519132916 0.012110749372516239 0.013883251604382352 -0.0075170498890462685 -0.016271736398286673 -0.0024457007221919905 0.012465998294799264 0.025563158931964661 -0.041157925275727529 0.036823587772448055 -0.0029488809219891279 0.014056176684101375 0.020960896546402631 -0.018657692091591561 -0.010273129185882546 0.014964140775120606
leaf_weight=7909 3515 3448 5475 1940 4336 8913 5686 7814 669 4129 34652 3231 15264 999 237 27534 31523 4834 18957 7438 6928 1586 241 3512 7766 3924 959 792 8190 16652
leaf_count=7909 3515 3448 5475 1940 4336 8913 5686 7814 669 4129 34652 3231 15264 999 237 27534 31523 4834 18957 7438 6928 1586 241 3512 7766 3924 959 792 8190 16652
internal_value=0.00137415 0.00947226 -0.0020025 0.0134282 4.18355e-05 -0.0066272 0.00175281 0.0147721 0.00265038 -0.00086719 -0.00891706 -0.00488698 0.00515225 0.0041183 0.016486 0.0110942 0.00709699 0.00305451 -0.00719864 0.000716221 -0.00208436 0.00504205 0.0132355 0.0223065 -0.00655178 0.0149638 -0.00820968 0.00782898 -0.00973231 0.0192025
internal_weight=249053 73283 175770 57455 121896 53874 98603 53940 90694 37698 43565 15828 52996 48578 4418 29474 33314 10309 23293 33569 20380 13189 5751 3749 13452 5510 12380 32315 11421 24466
internal_count=249053 73283 175770 57455 121896 53874 98603 53940 90694 37698 43565 15828 52996 48578 4418 29474 33314 10309 23293 33569 20380 13189 5751 3749 13452 5510 12380 32315 11421 24466
cat_boundaries=0 1 2 3 4 5 6 7
cat_threshold=80 172 184 32 80 172 8
is_linear=0
shrinkage=0.05


Tree=31
num_leaves=31
num_cat=7
split_feature=11 2 4 9 2 4 10 1 11 9 10 4 4 7 9 4 4 11 10 9 9 4 1 11 11 10 10 10 7 7
split_gain=2502.74 1601.28 562.601 540.411 511.155 430.318 364.565 343.733 285.185 266.77 291.725 255.771 226.935 180.776 177.027 152.995 141.402 138.826 135.56 252.685 222.439 199.157 132.706 108.873 117.971 104.766 103.594 103.196 101.424 99.2795
threshold=106.99500000000002 1.0000000180025095e-35 0 -80.84999999999998 1.0000000180025095e-35 1 101.04500000000002 1.0000000180025095e-35 65.415000000000006 -86.749999999999986 40.745000000000012 2 3 17.500000000000004 -85.449999999999989 4 5 42.555000000000007 25.785000000000004 -81.749999999999986 -82.649999999999991 6 1.0000000180025095e-35 103.04000000000001 90.160000000000011 111.38500000000002 42.415000000000006 122.84500000000001 20.500000000000004 12.500000000000002
decision_type=10 2 9 2 2 9 10 2 8 2 10 9 9 2 2 9 9 8 10 2 2 9 2 10 10 10 10 10 2 2
left_child=3 2 -2 4 7 13 11 9 -7 10 -1 -4 -3 -5 -13 -6 -12 -11 19 -19 -20 -22 -10 24 -17 -8 29 -23 -24 -14
right_child=1 12 6 5 15 8 25 -9 22 17 16 14 26 -15 -16 23 -18 18 20 -21 21 27 28 -25 -26 -27 -28 -29 -30 -31
leaf_value=0.0071669716286044682 -0.0069000485933575556 -0.012944213579922349 0.053847131832191503 0.016029928665548622 0.0028208016159581464 -0.025385967710028545 0.021112310030997963 -0.018885684005585369 -0.0098835016496392931 -0.013213761823564108 -0.023884556932800297 -0.017382544073104179 -0.0088782116892158324 -0.0071236255159027543 0.011981223058351011 -0.017953586004777745 0.037618558798404325 0.0018654056886561856 -0.0035228650844087552 -0.025083875291928327 -0.02258475822867663 0.012425932303316234 0.0050738315400035375 -0.025388227433205568 -0.0016905187504694386 0.014001562476295248 -0.0059826400644985792 -0.017783195272802744 -0.040324087455351432 0.034215797826629667
leaf_weight=7129 3610 12893 2021 5367 4170 8913 7985 5629 32218 4906 232 1417 686 4822 30901 10543 2741 26699 12854 3930 944 27745 344 2752 4900 16889 1926 773 1413 1701
leaf_count=7129 3610 12893 2021 5367 4170 8913 7985 5629 32218 4906 232 1417 686 4822 30901 10543 2741 26699 12854 3930 944 27745 344 2752 4900 16889 1926 773 1413 1701
internal_value=0.00135528 0.00863891 0.0123399 -0.00209366 -0.00018067 -0.00627178 0.0135068 0.00144243 -0.00846462 0.00220945 0.00984968 0.0101648 -0.00487337 0.00296307 0.00906982 -0.00696983 0.0229802 0.00121691 0.00176479 -0.000768628 0.00359826 0.00599213 -0.00637487 -0.00894592 -0.00730926 0.0181201 0.0050427 0.00674189 -0.0197227 0.0119942
internal_weight=249053 80029 62823 169024 115947 53077 59213 93582 42888 87953 10102 34339 17206 10189 32318 22365 2973 77851 72945 30629 42316 29462 33975 18195 15443 24874 4313 28518 1757 2387
internal_count=249053 80029 62823 169024 115947 53077 59213 93582 42888 87953 10102 34339 17206 10189 32318 22365 2973 77851 72945 30629 42316 29462 33975 18195 15443 24874 4313 28518 1757 2387
cat_boundaries=0 1 2 3 4 5 6 7
cat_threshold=80 172 32 66 172 12 80
is_linear=0
shrinkage=0.05


Tree=32
num_leaves=31
num_cat=8
split_feature=0 11 4 4 2 1 3 2 3 0 4 7 4 11 7 0 11 0 11 7 11 12 11 11 11 4 11 4 11 11
split_gain=3821.65 1602.01 496.678 340.954 314.643 387.632 331.675 305.598 207.893 195.27 190.589 180.915 154.279 184.796 190.22 153.435 151.766 149.434 145.25 124.893 144.256 135.977 121.01 119.727 114.955 114.572 102.578 103.354 93.0941 91.0376
threshold=36.500000000000007 114.81500000000001 0 1 1.0000000180025095e-35 1.0000000180025095e-35 2 1.0000000180025095e-35 3 14.500000000000002 4 20.500000000000004 5 96.885000000000005 14.500000000000002 49.500000000000007 138.07000000000002 20.500000000000004 60.415000000000006 12.500000000000002 127.40000000000002 1.0000000180025095e-35 67.445000000000007 97.185000000000016 61.250000000000007 6 118.75000000000001 7 56.250000000000007 92.160000000000011
decision_type=2 10 9 9 2 2 9 2 9 2 9 2 9 10 2 2 10 2 8 2 10 10 10 10 10 9 10 9 8 8
left_child=3 12 -3 24 5 6 22 10 17 -8 19 -7 -2 14 18 26 28 -6 -14 20 -4 -21 -5 -15 -1 -19 -9 -28 -11 -16
right_child=1 2 7 4 8 11 9 15 -10 16 -12 -13 13 23 29 -17 -18 25 -20 21 -22 -23 -24 -25 -26 -27 27 -29 -30 -31
leaf_value=-0.0045398385660692323 -0.013812026299082004 -0.0089965888167544261 0.012425776091548713 -0.021615521257283634 -0.02721640376456538 -0.016948322024364162 -0.012018593927135869 -0.016233025709281625 -0.0031216431570990633 -0.012043009997894672 0.0091284149250493666 -0.040801267767786878 -0.0065893719283092178 0.047334826478887315 0.0030600089152876819 0.024059476580666674 0.024891549547645123 0.0208313370395556 0.014852038548328351 0.010666672647732156 -0.038367202647845128 0.019092381063854271 -0.0043327186150278864 0.010297007549918025 0.016099729281800545 -0.014119917041263141 0.037625644435770322 -0.0017144070667680202 0.00053287618841424411 -0.0060744776395717185
leaf_weight=4787 1899 2127 5716 10195 9767 5969 17305 1701 6238 6071 4668 2449 2144 752 18903 1953 1705 608 10190 5779 268 23984 5213 16530 6768 10380 695 1536 48866 13887
leaf_count=4787 1899 2127 5716 10195 9767 5969 17305 1701 6238 6071 4668 2449 2144 752 18903 1953 1705 608 10190 5779 268 23984 5213 16530 6768 10380 695 1536 48866 13887
internal_value=0.00131152 0.00812208 0.0149896 -0.00432073 -0.0050815 -0.0037619 -0.00279472 0.016073 -0.00986002 -0.00140265 0.0176265 -0.0140128 0.00294877 0.0033768 0.00169274 0.00541985 1.76516e-05 -0.0122623 0.00698315 0.018868 0.0122456 0.0202012 -0.00946331 0.00777238 0.00389201 -0.00825605 -0.000279046 0.00676037 -0.000439514 -0.00029878
internal_weight=249053 112732 48427 136321 124766 97773 89355 46300 26993 73947 40415 8418 64305 62406 45124 5885 56642 20755 12334 35747 5984 29763 15408 17282 11555 10988 3932 2231 54937 32790
internal_count=249053 112732 48427 136321 124766 97773 89355 46300 26993 73947 40415 8418 64305 62406 45124 5885 56642 20755 12334 35747 5984 29763 15408 17282 11555 10988 3932 2231 54937 32790
cat_boundaries=0 1 2 3 4 5 6 7 8
cat_threshold=64 160 8 4 42 80 8 56
is_linear=0
shrinkage=0.05


Tree=33
num_leaves=31
num_cat=6
split_feature=0 11 4 8 11 0 11 8 2 11 7 11 11 9 7 7 8 0 3 11 9 11 4 4 11 7 7 4 2 3
split_gain=3483.23 1464.73 507.237 474.787 369.084 290.15 262.429 260.543 224.059 220.573 199.911 225.23 192.714 183.665 201.81 181.094 332.369 176.528 160.071 180.659 143.297 136.58 131.191 128.056 126.794 129 173.824 139.577 124.812 134.391
threshold=36.500000000000007 112.25000000000001 0 28.250000000000004 121.55000000000003 46.500000000000007 118.75000000000001 28.250000000000004 1.0000000180025095e-35 114.81500000000001 12.500000000000002 127.40000000000002 127.40000000000002 -80.84999999999998 13.500000000000002 20.500000000000004 26.350000000000005 18.500000000000004 1 103.98000000000002 -81.649999999999991 130.19000000000003 2 3 60.415000000000006 20.500000000000004 14.500000000000002 4 1.0000000180025095e-35 5
decision_type=2 10 9 2 10 2 10 2 2 10 2 10 10 2 2 2 2 2 9 10 2 10 9 9 8 2 2 9 2 9
left_child=3 13 -3 4 9 6 -4 10 18 15 11 -7 -8 23 -15 17 -17 -1 19 24 -20 -14 -10 28 -5 26 -26 -28 29 -2
right_child=1 2 5 8 -6 7 12 -9 22 -11 -12 -13 21 14 -16 16 -18 -19 20 -21 -22 -23 -24 -25 25 -27 27 -29 -30 -31
leaf_value=-0.016949346201909465 0.00019489408176389669 -0.0037633436481037119 -0.0022490115564462346 -0.0022879978986382276 0.0021172283812646241 0.012814921974060579 0.019262027863931764 0.0026717877414491834 0.012295842380213352 -0.025951293630986163 0.018137762010661529 -0.050305399467108769 -0.036462814676066733 0.012005005554945304 -0.0087468283770152592 -0.046455897610708168 -0.013238725493751647 -0.0071665365274751203 0.0017921177394944366 -0.021165983602093076 -0.02193680061321426 0.010748071505495504 -0.014162479997486432 -0.0065106941102645701 0.0029825781902136587 -0.010972249808609336 0.023711690842663294 -0.0072019213763588226 -0.0030521359685462992 0.011707890088323493
leaf_weight=19466 7094 3682 3866 4054 14793 5047 5340 2813 2359 5593 25896 278 339 4837 12956 2612 6394 39995 10687 1935 3464 2460 10753 3677 4100 1504 7738 874 5587 28860
leaf_count=19466 7094 3682 3866 4054 14793 5047 5340 2813 2359 5593 25896 278 339 4837 12956 2612 6394 39995 10687 1935 3464 2460 10753 3677 4100 1504 7738 874 5587 28860
internal_value=0.00126615 0.00776818 0.0141833 -0.00411095 -0.00626751 0.0156093 0.00891802 0.0179709 -7.37184e-05 -0.00770757 0.0192837 0.0104311 0.0140079 0.00270465 -0.00159805 -0.00692568 -0.0135315 -0.00592305 0.00204854 0.00490235 -0.00202879 0.00336419 -0.00563176 0.00439772 0.0064442 0.00866723 0.010305 0.0143354 0.00518876 0.00627016
internal_weight=249053 112732 49721 136321 88853 46039 12005 34034 47468 74060 31221 5325 8139 63011 17793 68467 9006 59461 34356 20205 14151 2799 13112 45218 18270 14216 12712 8612 41541 35954
internal_count=249053 112732 49721 136321 88853 46039 12005 34034 47468 74060 31221 5325 8139 63011 17793 68467 9006 59461 34356 20205 14151 2799 13112 45218 18270 14216 12712 8612 41541 35954
cat_boundaries=0 1 2 3 4 5 6
cat_threshold=80 20 172 170 162 18
is_linear=0
shrinkage=0.05


Tree=34
num_leaves=31
num_cat=2
split_feature=0 11 4 8 11 8 11 0 11 8 4 11 9 7 10 9 9 10 7 11 11 9 0 9 11 9 0 7 10 0
split_gain=3148.22 1339.88 469.855 435.962 334.231 249.312 209.937 190.431 284.361 266.751 187.738 177.65 164.089 185.496 159.567 139.874 138.816 137.431 188.356 146.328 335.353 270.154 194.399 199.999 201.431 161.672 141.642 137.366 195.555 136.257
threshold=36.500000000000007 112.25000000000001 0 28.250000000000004 121.55000000000003 25.950000000000003 114.81500000000001 46.500000000000007 116.25000000000001 28.250000000000004 1 65.415000000000006 -80.649999999999991 13.500000000000002 48.085000000000008 -82.649999999999991 -81.449999999999989 80.725000000000009 20.500000000000004 98.055000000000021 89.720000000000013 -82.749999999999986 8.5000000000000018 -82.549999999999983 62.915000000000006 -86.949999999999989 24.500000000000004 20.500000000000004 11.955000000000002 18.500000000000004
decision_type=2 10 9 2 10 2 10 2 10 2 9 8 2 2 10 2 2 10 2 10 10 2 2 2 8 2 2 2 10 2
left_child=3 12 -3 4 6 16 11 8 -7 10 15 -1 -2 -14 -6 -9 -4 18 19 20 21 -5 -23 -24 -25 -22 -19 29 -29 -13
right_child=1 2 5 17 14 7 -8 9 -10 -11 -12 27 13 -15 -16 -17 -18 26 -20 -21 25 22 23 24 -26 -27 -28 28 -30 -31
leaf_value=-0.019727255527294041 0.0066022546391854234 -0.008647645710074859 -0.029359028935852384 -0.010184514692924963 0.0037496280667200566 -0.016796074408758566 -0.024653728949436893 0.020583935512581954 0.014599753502969737 0.002590600456021708 0.0088461924530841788 -0.014474426656282803 0.011525587623237099 -0.0088108898922475195 -0.037890132365788975 0.014895196999944949 0.0068080568832038953 -0.023201683936473663 -0.016558643795774496 -0.0078751062479711642 0.029464902272402504 -0.040223033746925908 0.01818569573225659 0.020007744440439179 -0.025427660433970403 0.011454905638053514 0.0017753501483612766 -0.02816402962289093 0.0037382817428479598 -0.0040313130976646688
leaf_weight=14996 45772 2275 640 9432 14297 1198 5593 10045 9825 2939 3595 15703 4810 12429 496 16868 2336 4141 4012 7073 4763 618 4079 2603 1848 5475 3424 4765 1890 31113
leaf_count=14996 45772 2275 640 9432 14297 1198 5593 10045 9825 2939 3595 15703 4810 12429 496 16868 2336 4141 4012 7073 4763 618 4079 2603 1848 5475 3424 4765 1890 31113
internal_value=0.00123282 0.00741427 0.0135499 -0.00387916 -0.00594567 0.0146126 -0.00731605 0.0155531 0.00983867 0.0174328 0.0188184 -0.0065533 0.00257137 -0.0015856 0.000915355 0.0202521 0.000602813 -1.05312e-05 0.00116128 0.00231052 0.00389205 -0.000112964 0.00600568 0.00797424 0.00063887 0.0111534 -0.00618482 -0.00520278 -0.0119205 -0.0042455
internal_weight=249053 112732 49721 136321 88853 47446 74060 44470 11023 33447 30508 68467 63011 17239 14793 26913 2976 47468 39903 35891 28818 18580 9148 8530 4451 10238 7565 53471 6655 46816
internal_count=249053 112732 49721 136321 88853 47446 74060 44470 11023 33447 30508 68467 63011 17239 14793 26913 2976 47468 39903 35891 28818 18580 9148 8530 4451 10238 7565 53471 6655 46816
cat_boundaries=0 1 2
cat_threshold=64 42
is_linear=0
shrinkage=0.05


Tree=35
num_leaves=31
num_cat=4
split_feature=0 11 4 2 9 0 1 2 11 11 11 0 10 4 3 9 2 11 9 10 11 9 0 9 4 10 2 11 11 10
split_gain=2865.88 1206.42 463.998 341.901 340.809 288.224 281.008 304.089 223.251 215.713 223.289 211.551 188.824 137.955 141.163 133.341 133.177 129.307 192.778 155.734 149.235 132.487 129.282 118.304 173.137 124.966 114.955 112.691 111.963 139.561
threshold=35.500000000000007 107.64000000000001 0 1.0000000180025095e-35 -85.249999999999986 9.5000000000000018 1.0000000180025095e-35 1.0000000180025095e-35 89.165000000000006 98.055000000000021 138.07000000000002 49.500000000000007 80.725000000000009 1 2 -80.949999999999989 1.0000000180025095e-35 120.57500000000002 -82.549999999999983 42.415000000000006 108.05500000000002 -81.84999999999998 30.500000000000004 -80.649999999999991 3 133.57000000000002 1.0000000180025095e-35 98.750000000000014 46.250000000000007 33.400000000000006
decision_type=2 10 9 2 2 2 2 2 10 10 10 2 10 9 9 2 2 8 2 8 10 2 2 2 9 10 2 10 8 10
left_child=4 23 3 15 8 -6 7 13 16 12 -11 -5 -10 -7 17 -3 -1 20 -19 21 22 -20 -15 25 -25 26 28 -8 -2 -30
right_child=1 2 -4 11 5 6 27 -9 9 10 -12 -13 -14 14 -16 -17 -18 18 19 -21 -22 -23 -24 24 -26 -27 -28 -29 29 -31
leaf_value=-0.0037109144786438009 -0.015292507921277787 0.013832086824766688 0.00017395492889509258 -0.005967373983052849 -0.021366630465859696 0.0096135268514309768 -0.028068505825469183 -0.013450421454476835 0.020398050635464807 -0.011987051474713307 0.042346757634904635 0.026452144523028222 -0.019382780329848439 -0.0083992192058417459 -0.010788209871103672 -0.0040975862920805016 -0.034826305391913247 0.012875946982101018 -0.0044948294387397334 -0.013751416678650498 -0.037412623422995138 0.024353604452331458 0.0079024728935165999 0.014697506518618387 -0.0071021338052664092 -0.021680549603382639 -0.0037545745066240423 -0.0017269332879309653 0.0037666848378624888 0.012116438811813081
leaf_weight=4863 1660 40855 6815 4274 12683 6185 6663 17337 10116 5812 869 1679 1283 15319 20782 912 1675 7171 4064 6202 1692 2937 5416 3416 13713 933 6347 1700 15616 20080
leaf_count=4863 1660 40855 6815 4274 12683 6185 6663 17337 10116 5812 869 1679 1283 15319 20782 912 1675 7171 4064 6202 1692 2937 5416 3416 13713 933 6347 1700 15616 20080
internal_value=0.00113157 0.00686183 0.0122807 0.0140218 -0.00388804 -0.00509657 -0.00415488 -0.00331344 0.00142115 0.00428413 -0.00284711 0.00280899 0.00846262 -0.00184012 -0.00253369 0.0156222 -0.00649053 -0.000890918 0.00199176 -0.00159313 -0.00350983 0.0035159 -0.00234032 0.00207608 -0.00145574 0.00343144 0.00381923 -0.0129046 0.00487609 0.00546687
internal_weight=249069 116300 54535 47720 132769 108151 95468 87105 24618 18080 6681 5953 11399 69768 63583 41767 6538 42801 20374 13203 22427 7001 20735 61765 17129 44636 43703 8363 37356 35696
internal_count=249069 116300 54535 47720 132769 108151 95468 87105 24618 18080 6681 5953 11399 69768 63583 41767 6538 42801 20374 13203 22427 7001 20735 61765 17129 44636 43703 8363 37356 35696
cat_boundaries=0 1 2 3 4
cat_threshold=46 160 20 172
is_linear=0
shrinkage=0.05


Tree=36
num_leaves=31
num_cat=3
split_feature=0 11 4 2 8 4 0 2 8 11 11 8 11 8 8 8 9 4 10 9 9 10 8 9 11 0 2 11 11 10
split_gain=2623.46 1097.34 431.806 359.577 341.413 276.96 196.336 185.468 182.216 181.066 206.408 168.32 215.709 156.687 148.224 226.121 146.986 144.911 134.541 128.882 128.191 121.716 118.175 197.11 139.908 118.882 114.39 116.919 110.263 120.474
threshold=35.500000000000007 106.33500000000002 0 1.0000000180025095e-35 28.250000000000004 1 49.500000000000007 1.0000000180025095e-35 28.250000000000004 120.57500000000002 114.81500000000001 26.250000000000004 94.585000000000022 25.950000000000003 27.050000000000004 25.950000000000003 -80.149999999999991 2 48.525000000000013 -82.649999999999991 -80.34999999999998 133.57000000000002 26.550000000000004 -82.649999999999991 128.30500000000004 49.500000000000007 1.0000000180025095e-35 37.915000000000006 46.835000000000008 19.870000000000001
decision_type=2 10 9 2 2 9 2 2 2 10 10 2 8 2 2 2 2 9 10 2 2 10 2 2 10 2 2 8 8 10
left_child=4 11 3 8 5 -1 -5 -6 13 10 14 12 -2 -3 15 26 20 -14 -11 -16 -17 28 -15 25 -25 -24 27 -7 -13 -30
right_child=1 2 -4 6 7 9 -8 -9 -10 18 -12 21 17 22 19 16 -18 -19 -20 -21 -22 -23 23 24 -26 -27 -28 -29 29 -31
leaf_value=0.0062725567677891286 -0.018113117831976222 0.0079604252619550845 -3.7758819273214787e-05 -0.0064879837262567189 0.0031316764747663321 -0.037904631132435897 0.024923720465484678 -0.0096237727333249104 0.0042984360095776001 -0.00016828179943360056 -0.025446498737407144 -0.014496729754510574 0.01652790729799225 0.027713000654869549 -0.015896251150197795 -0.01677959323606424 -0.007245051032489425 -0.0033326490555114496 -0.039192745360163754 -0.00095347633163713754 -0.031333888807559343 -0.022038726493584983 0.0087291803964230762 0.010197437722109903 -0.010213903543104941 0.017363147747154972 -0.020891302881759978 -0.0058228932651925198 0.0017090568996164458 0.0098075125388599645
leaf_weight=8122 4731 3955 6963 4459 33602 577 1724 12775 4603 12118 4740 2038 2999 6292 8822 5788 3397 9123 364 13846 6275 914 1372 15406 603 10363 3370 18973 14394 26361
leaf_count=8122 4731 3955 6963 4459 33602 577 1724 12775 4603 12118 4740 2038 2999 6292 8822 5788 3397 9123 364 13846 6275 914 1372 15406 603 10363 3370 18973 14394 26361
internal_value=0.00110587 0.00658843 0.0116502 0.0133113 -0.00369674 -0.00555427 0.00204263 -0.000236058 0.0149493 -0.0064657 -0.00751391 0.00192835 -0.00231572 0.0160877 -0.0067313 -0.00862464 -0.0132967 0.00121991 -0.000944605 -0.00352324 -0.0158825 0.00356497 0.0171826 0.0157671 0.012145 0.0206939 -0.00546882 -0.00399796 0.00395183 0.00451981
internal_weight=249069 116300 55740 48777 132769 86392 6183 46377 42594 78270 65788 60560 16853 37991 61048 38380 15460 12122 12482 22668 12063 43707 34036 27744 16009 11735 22920 19550 42793 40755
internal_count=249069 116300 55740 48777 132769 86392 6183 46377 42594 78270 65788 60560 16853 37991 61048 38380 15460 12122 12482 22668 12063 43707 34036 27744 16009 11735 22920 19550 42793 40755
cat_boundaries=0 1 2 3
cat_threshold=46 160 172
is_linear=0
shrinkage=0.05


Tree=37
num_leaves=31
num_cat=4
split_feature=0 9 0 4 3 9 0 1 2 10 9 10 7 10 9 10 10 7 10 0 7 12 7 4 3 7 7 9 9 7
split_gain=2414.43 622.404 407.138 376.38 308.16 296.107 261.111 248.695 264.592 206.781 271.388 183.895 183.501 203.156 182.195 175.924 175.111 155.048 184.375 140.953 138.561 128.592 116.369 111.475 123.69 160.174 136.733 116.342 111.463 129.93
threshold=35.500000000000007 -81.749999999999986 46.500000000000007 0 1 -85.249999999999986 9.5000000000000018 1.0000000180025095e-35 1.0000000180025095e-35 101.04500000000002 -82.34999999999998 25.115000000000006 13.500000000000002 18.765000000000004 -82.049999999999983 48.07500000000001 128.71500000000003 15.500000000000002 36.195000000000007 62.500000000000007 20.500000000000004 1.5000000000000002 16.500000000000004 2 3 18.500000000000004 18.500000000000004 -82.649999999999991 -85.149999999999991 14.500000000000002
decision_type=2 2 2 9 9 2 2 2 2 10 2 10 2 10 2 10 10 2 10 2 2 8 2 9 9 2 2 2 2 2
left_child=5 2 14 4 9 21 -7 8 23 10 11 -4 13 -12 28 -14 19 -3 -19 -11 -9 -1 -23 -8 25 27 -26 -25 -2 -30
right_child=1 17 3 -5 -6 6 7 20 -10 16 12 -13 15 -15 -16 -17 -18 18 -20 -21 -22 22 -24 24 26 -27 -28 -29 29 -31
leaf_value=0.00634345027574117 0.013704356797241069 0.0076513164120735949 -0.016120071300059859 0.001469820974957159 -0.009933129099341631 -0.019874877170266016 0.008821912358540197 -0.013542681605026897 -0.012220757250616466 0.01828461112990656 0.012240329858263888 0.0079949865450999798 0.035378022268051 -0.010740096920285236 0.013418080992292759 0.013579889143033742 0.0027203473653626634 -0.010898969753516674 0.0044378560227188229 0.011386407834233437 -0.033807320186122251 -0.022944284049919262 0.006577454778925196 -0.018169339327655278 -0.0043725237359730331 0.0061785908758968059 -0.019683833256753047 -0.0027170596715914378 -0.012806053127269124 0.0029220802250916837
leaf_weight=20013 2864 14036 2376 8351 2140 12683 6185 5565 17337 10444 4128 7074 3750 1406 8397 2644 1936 11144 10873 9958 2798 3009 1596 5030 13529 14629 7253 23142 4117 10662
leaf_count=20013 2864 14036 2376 8351 2140 12683 6185 5565 17337 10444 4128 7074 3750 1406 8397 2644 1936 11144 10873 9958 2798 3009 1596 5030 13529 14629 7253 23142 4117 10662
internal_value=0.00108379 0.00634339 0.00879487 0.0112631 0.0130395 -0.00352352 -0.00465001 -0.00375374 -0.00296218 0.0139473 0.0104264 0.00409091 0.0154381 0.0087482 0.00365451 0.0212055 0.017317 0.00088595 -0.00173197 0.0186802 -0.011985 0.00142521 -0.00609967 -0.00158789 -0.00221137 -0.000673735 -0.00537448 -0.00287772 0.000767575 -0.000983839
internal_weight=249069 116300 80247 54207 45856 132769 108151 95468 87105 43716 21378 9450 11928 5534 26040 6394 22338 36053 22017 20402 8363 24618 4605 69768 63583 42801 20782 28172 17643 14779
internal_count=249069 116300 80247 54207 45856 132769 108151 95468 87105 43716 21378 9450 11928 5534 26040 6394 22338 36053 22017 20402 8363 24618 4605 69768 63583 42801 20782 28172 17643 14779
cat_boundaries=0 1 2 3 4
cat_threshold=42 20 160 20
is_linear=0
shrinkage=0.05


Tree=38
num_leaves=31
num_cat=4
split_feature=0 11 4 8 2 4 0 4 2 8 11 11 7 11 8 7 8 7 8 7 7 11 4 9 11 11 11 0 8 8
split_gain=2200.89 930.81 380.535 288.983 279.099 237.14 172.109 170.546 166.773 159.85 154.055 181.827 153.876 178.581 149.563 205.689 136.05 224.12 164.218 124.368 130.347 165.721 157.15 154.901 156.732 143.621 119.423 115.82 166.851 167.775
threshold=35.500000000000007 106.33500000000002 0 28.250000000000004 1.0000000180025095e-35 1 49.500000000000007 2 1.0000000180025095e-35 28.250000000000004 120.57500000000002 114.81500000000001 12.500000000000002 127.40000000000002 26.250000000000004 15.500000000000002 27.050000000000004 19.500000000000004 26.350000000000005 20.500000000000004 14.500000000000002 98.055000000000021 3 -82.549999999999983 89.720000000000013 138.07000000000002 102.08500000000002 27.500000000000004 25.250000000000004 25.650000000000002
decision_type=2 10 9 2 2 9 2 9 2 2 10 10 2 10 2 2 2 2 2 2 2 10 9 2 8 10 8 2 2 2
left_child=3 14 -3 5 7 -1 -6 -4 19 12 11 16 13 -9 15 26 17 27 -19 20 25 22 23 24 -22 -5 -2 28 -7 -30
right_child=1 2 4 8 6 10 -8 9 -10 -11 -12 -13 -14 -15 -16 -17 -18 18 -20 -21 21 -23 -24 -25 -26 -27 -28 -29 29 -31
leaf_value=0.0060743357234186671 -0.006341973194874573 -0.0049106250393356815 0.03977689016766859 -0.0036863370226423164 -0.0055907358771393415 -0.029503527855780122 0.023298617251371525 0.0073392371099097803 -0.0090665848311605405 0.0029394883824492624 -0.0018315937278039485 -0.023408561164961175 0.012536898943042198 -0.042117816226311083 0.0052263594462013787 -0.012495535977097828 -0.0061019354429071807 -0.033043675420749444 -0.0092516211331231443 -0.010116160198850643 -0.0012561227745068405 -0.029279197264801438 -0.026030166785678245 -0.0015560767309358071 0.017917710484950344 0.046165183835268048 0.014785691492051134 -0.0030247845753961222 0.0047068344188292421 -0.014044944596833099
leaf_weight=8122 3401 3988 3308 11239 4607 3062 1828 6264 12775 4777 12482 4740 30631 337 43707 8564 22668 4162 2123 5018 2230 1044 939 3793 9009 330 4888 9855 3715 15463
leaf_count=8122 3401 3988 3308 11239 4607 3062 1828 6264 12775 4777 12482 4740 30631 337 43707 8564 22668 4162 2123 5018 2230 1044 939 3793 9009 330 4888 9855 3715 15463
internal_value=0.00105007 0.0060717 0.0107336 -0.0033488 0.011879 -0.00505775 0.00213344 0.0132647 -0.000164917 0.0123879 -0.00590114 -0.00686799 0.0134955 0.00655725 0.00177976 -0.00222084 -0.00613351 -0.00794738 -0.0165766 0.00168392 0.00295866 0.00574156 0.00700519 0.00824475 0.0111966 -0.00113568 0.00339197 -0.00625292 -0.00825169 -0.00651449
internal_weight=249069 116300 55740 132769 51752 86392 6435 45317 46377 42009 78270 65788 37232 6601 60560 16853 61048 38380 6285 33602 28584 17015 15971 15032 11239 11569 8289 32095 22240 19178
internal_count=249069 116300 55740 132769 51752 86392 6435 45317 46377 42009 78270 65788 37232 6601 60560 16853 61048 38380 6285 33602 28584 17015 15971 15032 11239 11569 8289 32095 22240 19178
cat_boundaries=0 1 2 3 4
cat_threshold=80 160 32 166
is_linear=0
shrinkage=0.05


Tree=39
num_leaves=31
num_cat=8
split_feature=0 6 4 9 2 0 1 2 4 10 9 4 0 7 3 2 7 4 10 10 9 4 0 4 6 10 9 7 9 3
split_gain=1999.93 792.525 346.852 254.415 235.396 227.461 228.691 226.978 137.355 217.267 147.576 126.012 122.383 122.192 111.693 122.81 109.4 108.63 106.661 285.504 152.576 102.112 101.334 90.3155 90.1779 178.728 116.957 96.2164 89.7407 88.8722
threshold=35.500000000000007 3.5000000000000004 0 -85.249999999999986 1.0000000180025095e-35 11.500000000000002 1.0000000180025095e-35 1.0000000180025095e-35 1 128.71500000000003 -82.749999999999986 2 49.500000000000007 20.500000000000004 3 1.0000000180025095e-35 17.500000000000004 4 40.745000000000012 51.680000000000007 -85.449999999999989 5 49.500000000000007 6 1.5000000000000002 35.830000000000005 -82.649999999999991 13.500000000000002 -85.949999999999989 7
decision_type=2 2 9 2 2 2 2 2 9 10 2 9 2 2 9 2 2 9 10 10 2 9 2 9 2 8 2 2 2 9
left_child=3 11 -3 18 8 -5 7 21 9 -4 22 -2 17 -8 -13 23 29 -6 20 -20 -1 -7 -10 24 25 -16 -27 -26 -21 -12
right_child=1 2 4 5 12 6 13 -9 10 -11 16 14 -14 -15 15 -17 -18 -19 19 28 -22 -23 -24 -25 27 26 -28 -29 -30 -31
leaf_value=-0.004341540641092401 0.0235681388341503 -0.0089923218486151601 0.044333551806680395 -0.016873180023835133 -0.011225131848263282 0.031447535290461424 -0.012560450752630193 -0.010822694486128315 0.0059342555813208797 -0.006777518913119885 -0.033032422158844811 -0.0039063950389514714 0.017766231999549742 -0.031273311954493899 -0.016894867734484367 -0.0059880297213109838 -0.0056686434171660423 0.017736388556129291 0.024440135314179302 -0.011477253184178872 0.033504804915051881 -0.0024760513815344611 0.015910050181192847 -0.014936678825279825 -0.0014578344220545604 -0.0070087559745564583 0.0086818549095435855 0.012244986588201279 0.014931201463757217 0.0088744553607881475
leaf_weight=13873 3484 2327 3098 17647 3181 984 5565 16504 993 582 285 14568 2000 2798 2393 6434 849 1454 3651 3809 938 64653 6034 1092 2972 3922 17233 12841 2347 30558
leaf_count=13873 3484 2327 3098 17647 3181 984 5565 16504 993 582 285 14568 2000 2798 2393 6434 849 1454 3651 3809 938 64653 6034 1092 2972 3922 17233 12841 2347 30558
internal_value=0.00101915 0.00580604 0.0104466 -0.00317407 0.0113406 -0.00421825 -0.00320503 -0.00240228 0.0127131 0.021973 0.0118188 0.00213475 0.00258089 -0.0110773 0.00160797 0.00279596 0.0103621 -0.00188375 0.00141303 0.00545482 -0.0012651 -0.00108383 0.0183814 0.00381707 0.00421142 0.00224977 0.00371604 0.00713202 -0.00111904 0.0108498
internal_weight=249069 116300 51361 132769 49034 108151 90504 82141 42399 3680 38719 64939 6635 8363 61455 46887 31692 4635 24618 9807 14811 65637 7027 40453 39361 23548 21155 15813 6156 30843
internal_count=249069 116300 51361 132769 49034 108151 90504 82141 42399 3680 38719 64939 6635 8363 61455 46887 31692 4635 24618 9807 14811 65637 7027 40453 39361 23548 21155 15813 6156 30843
cat_boundaries=0 1 2 3 4 5 6 7 8
cat_threshold=64 40 40 10 6 32 134 2
is_linear=0
shrinkage=0.05


Tree=40
num_leaves=31
num_cat=7
split_feature=0 11 9 0 4 1 2 11 11 11 9 2 4 10 4 11 11 10 10 0 10 11 9 4 4 0 4 0 4 10
split_gain=1874.75 775.456 274.681 271.504 258.75 212.1 205.493 160.673 199.112 192.237 154.648 154.372 151.511 183.75 127.119 134.72 125.788 118.306 114.811 113.777 116.547 112.728 111.001 104.148 102.651 100.559 100.27 100.231 98.3212 97.7353
threshold=36.500000000000007 114.81500000000001 -85.249999999999986 11.500000000000002 0 1.0000000180025095e-35 1.0000000180025095e-35 89.720000000000013 98.055000000000021 138.07000000000002 -86.949999999999989 1.0000000180025095e-35 1 128.71500000000003 2 96.885000000000005 49.085000000000008 19.185000000000006 15.085000000000003 49.500000000000007 93.870000000000019 97.185000000000016 -82.749999999999986 3 4 49.500000000000007 5 20.500000000000004 6 1.0000000180025095e-35
decision_type=2 10 2 2 9 2 2 10 10 10 2 2 9 10 9 10 10 10 10 2 10 10 2 9 9 2 9 2 9 10
left_child=2 14 7 -4 -3 6 26 17 10 27 18 12 13 -6 -2 24 -7 -1 -9 20 -13 -17 25 -8 -16 -14 -5 -10 -20 -29
right_child=1 4 3 5 11 16 23 8 9 -11 -12 19 22 -15 15 21 -18 -19 28 -21 -22 -23 -24 -25 -26 -27 -28 29 -30 -31
leaf_value=0.00012092376304160269 -0.013917269754486662 -0.0031004093050079895 -0.016978115155606988 0.030533555808312764 0.046538164286639642 -0.024417097479131834 -0.012800691674002619 -0.042661130251593529 -0.022628691776807708 0.037829606630969174 0.0069364301451351196 0.010122887020852823 0.0050173341961298416 -0.01168752747587707 0.023670195636557256 0.041883073466181746 -0.000464007894220142 -0.025680260836078262 -0.0050191362882866745 0.022695021664110016 -0.022806135480779546 0.0077025804268727079 0.0084304616816562646 0.00061436369067751078 0.0010904611335304183 0.015230285939798539 -0.0021902023433677978 0.024870470450306926 0.030380100277481503 -0.0075668944351902747
leaf_weight=4674 1879 3499 17586 1037 2524 6137 13518 227 2784 895 6336 2375 895 267 2001 765 2207 2393 606 1618 1234 16585 29871 3719 43039 5908 66938 499 3885 2615
leaf_count=4674 1879 3499 17586 1037 2524 6137 13518 227 2784 895 6336 2375 895 267 2001 765 2207 2393 606 1618 1234 16585 29871 3719 43039 5908 66938 499 3885 2615
internal_value=0.00100915 0.00578554 -0.00293901 -0.00400263 0.0105797 -0.00293055 -0.00218488 0.00180549 0.00433163 -0.00240335 0.00846891 0.0116031 0.0126751 0.0239239 0.00218967 0.00257651 -0.0105339 -0.00457115 0.015313 0.00352301 -0.00142305 0.00631912 0.011803 -0.0070592 0.0011343 0.0175767 -0.000948003 -0.0056872 0.017074 0.000480154
internal_weight=248516 112460 136056 111142 48191 93556 85212 24914 17847 6793 11054 44692 39465 2791 64269 62390 8344 7067 4718 5227 3609 17350 36674 17237 45040 6803 67975 5898 4491 3114
internal_count=248516 112460 136056 111142 48191 93556 85212 24914 17847 6793 11054 44692 39465 2791 64269 62390 8344 7067 4718 5227 3609 17350 36674 17237 45040 6803 67975 5898 4491 3114
cat_boundaries=0 1 2 3 4 5 6 7
cat_threshold=80 32 80 66 40 32 12
is_linear=0
shrinkage=0.05


Tree=41
num_leaves=31
num_cat=4
split_feature=6 8 4 7 8 4 8 8 10 10 10 12 10 9 7 9 10 7 7 10 4 9 9 9 10 3 7 8 7 9
split_gain=901.444 308.555 280.323 238.658 378.928 211.047 209.851 160.815 196.168 189.718 157.597 143.12 139.655 232.702 289.23 188.513 154.012 133.829 126.153 126.327 109.987 131.251 129.571 177.652 133.576 113.36 107.754 119.523 105.043 104.507
threshold=3.5000000000000004 28.350000000000005 0 19.500000000000004 26.450000000000003 1 26.150000000000002 28.050000000000004 18.665000000000003 13.175000000000002 117.12500000000001 2.5000000000000004 26.445000000000004 -82.34999999999998 16.500000000000004 -86.949999999999989 51.680000000000007 16.500000000000004 11.500000000000002 19.870000000000001 2 -80.34999999999998 -81.649999999999991 -82.649999999999991 18.765000000000004 3 20.500000000000004 28.550000000000004 15.500000000000002 -81.84999999999998
decision_type=2 2 9 2 2 9 2 2 10 10 10 10 10 2 2 2 10 2 2 10 9 2 2 2 10 9 2 2 2 2
left_child=1 3 10 20 -5 -4 -7 8 29 -9 -2 12 13 14 -3 16 17 -14 19 -10 22 -22 23 -1 -24 28 27 -16 -25 -8
right_child=2 11 5 4 -6 6 7 9 18 -11 -12 -13 15 -15 26 -17 -18 -19 -20 -21 21 -23 24 25 -26 -27 -28 -29 -30 -31
leaf_value=-0.0098136388563697888 0.04130244149962712 -0.006837094220641049 -0.0080868058556819566 -0.028709724328173359 -0.0055741865156476505 -0.0022850294298291554 -0.0013683514804086806 0.038301462700493755 0.015613183435932765 -0.0011684987139389147 0.0050855205343709915 -0.024824874284003241 0.025381468772962726 -0.024067959843498878 0.020104078686249596 0.0041866438874569312 -0.040176266951976028 -0.025533489700815884 0.009937565476943978 -0.026386824193461767 -0.0017610365466334877 0.017592030723375365 -0.0021255532892769935 -0.00062745312988665702 -0.012209111884836333 -0.011305409429918445 -0.039946017782941115 0.009372534057053095 0.0094414800744705655 0.01771967836242281
leaf_weight=12160 4142 9189 2890 5245 13036 9002 7179 786 347 9614 1538 1659 5630 3879 1648 31881 520 441 37154 1031 8107 4530 19027 13716 19262 4605 223 5582 13896 597
leaf_count=12160 4142 9189 2890 5245 13036 9002 7179 786 347 9614 1538 1659 5630 3879 1648 31881 520 441 37154 1031 8107 4530 19027 13716 19262 4605 223 5582 13896 597
internal_value=0.000974546 -0.000991701 0.00558622 -0.00252918 -0.00776065 0.00469834 0.00528069 0.00640714 0.00766872 0.000787704 0.0162456 0.00188751 0.00229565 -0.00103502 0.00153735 0.00407203 0.0117634 0.0140026 0.0091303 -0.00569164 -0.00152498 0.00281662 -0.002189 -0.000350328 -0.00431996 0.00159338 0.00885033 0.00991713 0.00280472 0.000423838
internal_weight=248516 174236 74280 113584 18281 68600 65710 56708 46308 10400 5680 60652 58993 20521 16642 38472 6591 6071 38532 1378 95303 12637 82666 44377 38289 32217 7453 7230 27612 7776
internal_count=248516 174236 74280 113584 18281 68600 65710 56708 46308 10400 5680 60652 58993 20521 16642 38472 6591 6071 38532 1378 95303 12637 82666 44377 38289 32217 7453 7230 27612 7776
cat_boundaries=0 1 2 3 4
cat_threshold=32 64 86 12
is_linear=0
shrinkage=0.05


Tree=42
num_leaves=31
num_cat=1
split_feature=0 11 9 0 2 1 2 11 11 11 10 11 11 11 10 11 11 10 0 11 9 10 3 0 0 10 10 9 9 0
split_gain=1633.28 654.313 235.79 244.134 189.89 174.094 205.185 162.792 162.74 246.607 145.047 140.161 170.082 175.351 143.767 128.651 107.939 107.066 101.799 105.957 114.324 141.164 104.315 94.8881 92.5155 91.1702 90.3346 87.9599 87.4725 244.697
threshold=36.500000000000007 116.25000000000001 -85.249999999999986 9.5000000000000018 1.0000000180025095e-35 1.0000000180025095e-35 1.0000000180025095e-35 96.885000000000005 127.40000000000002 130.19000000000003 26.445000000000004 89.720000000000013 98.055000000000021 138.07000000000002 80.725000000000009 126.38500000000001 37.915000000000006 19.185000000000006 30.500000000000004 121.55000000000003 -82.549999999999983 42.415000000000006 0 28.500000000000004 20.500000000000004 1.0000000180025095e-35 94.710000000000022 -80.34999999999998 -82.749999999999986 49.500000000000007
decision_type=2 10 2 2 2 2 2 10 10 10 10 10 10 10 10 10 10 10 2 8 2 8 9 2 2 10 10 2 2 2
left_child=2 4 11 -4 7 6 18 -2 15 -10 -9 17 14 24 23 28 -7 -1 19 -5 22 -22 -21 -13 -14 -26 -8 -23 29 -3
right_child=1 8 3 5 -6 16 26 10 9 -11 -12 12 13 -15 -16 -17 -18 -19 -20 20 21 27 -24 -25 25 -27 -28 -29 -30 -31
leaf_value=0.00020066021991134165 0.0028122672509057981 -0.0082635505248553013 -0.017688810736696769 -0.0074442190790543709 -0.006818944020942564 -0.022912182543988548 -0.0077055159379502136 -0.0067790373299081892 -0.038503082210439479 0.0083314677452372091 0.0091621636221010938 0.014910734898759249 -0.021134740045027557 0.034375134745876147 -0.017517869231084227 0.017662807873382924 -0.0025663294313535536 -0.023882300920985956 0.0048353962217113633 -0.023336126565034879 0.0092745659714590367 -0.017307345904079119 0.010528125792412536 0.030668614890486712 0.023968801638823669 -0.0072774056374230517 -0.019152665181108877 -0.00082313884108362609 0.0062263426459082897 0.014511267824696007
leaf_weight=4674 40745 1266 12688 29701 9614 5648 14672 2275 614 5697 21903 8344 2784 895 1287 7809 2696 2393 16545 648 6582 6334 7136 1423 499 2615 3346 5146 16173 6364
leaf_count=4674 40745 1266 12688 29701 9614 5648 14672 2275 614 5697 21903 8344 2784 895 1287 7809 2696 2393 16545 648 6582 6334 7136 1423 499 2615 3346 5146 16173 6364
internal_value=0.000942356 0.00540055 -0.00274279 -0.00372823 0.00267952 -0.00288633 -0.00224589 0.00365069 0.0107466 0.00340927 0.00690012 0.00165303 0.00401243 -0.00221226 0.00783623 0.0122099 -0.00979172 -0.00430267 -0.00105268 -0.00207805 0.000262995 -0.0019201 0.00532461 0.0099059 -0.00534868 0.000576184 -0.00701686 -0.00526545 0.0103746 0.0147906
internal_weight=248516 112460 136056 111142 74537 98454 90110 64923 37923 6311 24178 24914 17847 6793 11054 31612 8344 7067 72092 55547 25846 18062 7784 9767 5898 3114 18018 11480 23803 7630
internal_count=248516 112460 136056 111142 74537 98454 90110 64923 37923 6311 24178 24914 17847 6793 11054 31612 8344 7067 72092 55547 25846 18062 7784 9767 5898 3114 18018 11480 23803 7630
cat_boundaries=0 1
cat_threshold=2
is_linear=0
shrinkage=0.05


Tree=43
num_leaves=31
num_cat=5
split_feature=11 2 11 10 4 2 9 11 7 8 4 2 10 4 10 7 8 9 4 11 11 11 8 3 7 9 8 9 7 9
split_gain=838.512 395.892 330.059 321.171 288.689 265.028 250.796 209.008 256.898 206.524 202.524 199.391 194.748 184.796 159.698 181.245 152.563 134 121.748 112.589 104.644 113.295 109.2 102.856 101.59 106.061 95.0617 93.0191 216.564 163.049
threshold=117.08500000000002 1.0000000180025095e-35 47.250000000000007 25.785000000000004 0 1.0000000180025095e-35 -80.84999999999998 67.445000000000007 20.500000000000004 29.950000000000003 1 1.0000000180025095e-35 14.415000000000001 2 42.415000000000006 13.500000000000002 24.650000000000002 -82.749999999999986 3 127.40000000000002 127.40000000000002 130.19000000000003 26.550000000000004 4 17.500000000000004 -81.049999999999983 26.650000000000002 -86.749999999999986 13.500000000000002 -82.749999999999986
decision_type=10 2 8 10 9 2 2 8 2 2 9 2 10 9 10 2 2 2 9 10 10 10 2 9 2 2 2 2 2 2
left_child=2 4 26 7 -2 6 10 -4 11 -7 -5 16 -10 -6 15 19 -9 -15 -13 -3 22 -22 -19 27 25 -25 -1 28 -12 -29
right_child=1 14 3 5 13 9 -8 8 12 -11 23 18 -14 17 -16 -17 -18 20 -20 -21 21 -23 -24 24 -26 -27 -28 29 -30 -31
leaf_value=-0.027670144552327792 0.043983102230055506 0.010072169391674768 -0.014205747587386864 -0.013499158635427212 -0.007766619567602895 -0.010559991927393453 -0.0066740756670324863 -0.032582366626563351 -0.021112537521616483 0.0074314910846282611 -0.028015501027353062 0.0071481871102629492 0.016350285893486395 0.012551854242683813 -0.014381917361949093 0.0149100639714153 0.0018992067019619086 0.021611697894226192 -0.015966267532532986 -0.024140024172809228 -0.027879303543410262 0.0047930808346124294 0.0045700924606456366 0.0033688038483839834 -0.010258827713010898 0.019287009453459271 -0.012620824171503831 -0.0024635553094318309 0.026336108746004696 0.0088346420294262099
leaf_weight=2417 2618 966 10347 1987 1920 12762 11013 866 7194 6008 516 1881 1330 7701 4279 4128 56727 7692 8415 2088 848 6140 19245 9026 3667 1567 9074 6842 2905 36347
leaf_count=2417 2618 966 10347 1987 1920 12762 11013 866 7194 6008 516 1881 1330 7701 4279 4128 56727 7692 8415 2088 848 6140 19245 9026 3667 1567 9074 6842 2905 36347
internal_value=0.000907752 0.00619329 -0.000688053 -0.000161641 0.00825789 0.00188559 0.00323362 -0.00234759 -0.00144394 -0.00341853 0.00445305 -0.000416059 -0.00962034 0.00727861 -0.00212274 0.00243326 0.000729997 0.00797916 -0.00682127 -0.00678851 0.0066259 0.00117176 0.00803986 0.00496633 0.0012465 0.00373008 -0.00889923 0.00610337 0.0140338 0.00547351
internal_weight=248516 57625 190891 179400 46164 92640 73870 86760 76413 18770 62857 67889 8524 43546 11461 7182 57593 41626 10296 3054 33925 6988 26937 60870 14260 10593 11491 46610 3421 43189
internal_count=248516 57625 190891 179400 46164 92640 73870 86760 76413 18770 62857 67889 8524 43546 11461 7182 57593 41626 10296 3054 33925 6988 26937 60870 14260 10593 11491 46610 3421 43189
cat_boundaries=0 1 2 3 4 5
cat_threshold=32 80 64 184 4
is_linear=0
shrinkage=0.05


Tree=44
num_leaves=31
num_cat=3
split_feature=0 11 8 0 8 10 10 11 11 11 8 11 3 2 10 11 11 10 0 3 11 0 3 11 0 8 10 10 10 8
split_gain=1401.33 551.486 231.003 167.47 300.272 253.515 192.13 158.725 150.163 205.456 183.325 149.056 129.305 125.373 124.333 125.17 121.005 112.263 105.3 141.232 101.756 97.545 96.3095 140.341 91.9139 123.614 90.9951 90.2789 114.525 138.07
threshold=35.500000000000007 116.25000000000001 28.350000000000005 49.500000000000007 28.450000000000003 108.59500000000001 127.87500000000001 121.55000000000003 127.40000000000002 130.19000000000003 26.550000000000004 114.81500000000001 0 1.0000000180025095e-35 107.49500000000002 77.085000000000022 65.415000000000006 48.085000000000008 28.500000000000004 1 88.610000000000014 70.500000000000014 2 103.98000000000002 18.500000000000004 25.250000000000004 90.02500000000002 20.195000000000004 54.690000000000005 25.950000000000003
decision_type=2 10 2 2 2 10 10 10 10 10 2 10 9 2 10 10 8 10 2 9 10 2 9 10 2 2 8 8 10 2
left_child=2 3 7 4 14 12 -7 11 10 -10 -3 16 -5 22 15 -2 -1 -9 19 -15 -17 27 23 -4 25 -18 -6 -14 29 -29
right_child=1 8 13 5 26 6 -8 17 9 -11 -12 -13 21 18 -16 20 24 -19 -20 -21 -22 -23 -24 -25 -26 -27 -28 28 -30 -31
leaf_value=-0.014330639418457825 -0.0092482761315960896 0.022531111092166257 0.0095184206866997037 -0.010907433259053479 0.015022712420296271 0.013544400453662276 -0.00010459133811071553 0.0036140179541800602 -0.033924915727576548 0.0074519935045851866 0.007340488154804526 -0.019181729612724574 -0.010129264414054574 -0.018403682845640468 -0.020924134984116185 0.03126730350602807 -0.034190797222505197 -0.030717342784168267 0.010197953301958407 0.0035807236789533459 0.00097663724053465018 -0.004314111216192673 -0.0024066311549117538 -0.018099017919498372 -0.003331825558491275 -0.0087700137111191619 0.00098876670353158507 -0.0049267597240595156 0.0013935116099569101 0.016030713202929103
leaf_weight=15053 13129 5550 16553 3718 7369 6850 2362 13754 659 5914 26526 5509 1730 6786 2541 1042 1328 469 1991 3802 9043 4880 13255 1839 35819 16372 3759 1999 7322 11593
leaf_count=15053 13129 5550 16553 3718 7369 6850 2362 13754 659 5914 26526 5509 1730 6786 2541 1042 1328 469 1991 3802 9043 4880 13255 1839 35819 16372 3759 1999 7322 11593
internal_value=0.000879184 0.00489241 -0.00263317 0.00245452 1.76185e-05 0.00467576 0.0119605 -0.00411033 0.00976875 0.00287863 0.0111793 -0.00503907 0.00252464 0.000316484 -0.0029478 -0.00179556 -0.00440203 0.000727183 -0.0039042 -0.0058879 0.00239227 0.0037068 0.00199482 0.00433413 -0.003287 -0.00623377 0.00687736 0.00508961 0.0059979 0.00871195
internal_weight=248516 115986 132530 77337 36883 40454 9212 88304 38649 6573 32076 74081 31242 44226 25755 23214 68572 14223 12579 10588 10085 27524 31647 18392 53519 17700 11128 22644 20914 13592
internal_count=248516 115986 132530 77337 36883 40454 9212 88304 38649 6573 32076 74081 31242 44226 25755 23214 68572 14223 12579 10588 10085 27524 31647 18392 53519 17700 11128 22644 20914 13592
cat_boundaries=0 1 2 3
cat_threshold=2 4 20
is_linear=0
shrinkage=0.05


Tree=45
num_leaves=31
num_cat=4
split_feature=0 11 4 4 8 4 0 8 8 8 5 0 4 11 11 9 9 0 11 11 9 7 0 11 7 8 0 5 0 7
split_gain=1232.94 535.849 257.917 253.847 236.412 164.027 151.231 218.879 186.253 215.207 220.049 138.336 137.244 128.578 126.889 116.572 115.828 109.04 121.292 139.033 143.361 114.03 103.281 113.666 158.823 133.594 101.989 101.983 97.5462 92.4688
threshold=39.500000000000007 116.25000000000001 0 1 28.250000000000004 2 49.500000000000007 28.450000000000003 27.850000000000005 26.050000000000004 1.5000000000000002 17.500000000000004 3 109.77500000000002 141.82000000000002 -82.549999999999983 -82.749999999999986 18.500000000000004 97.385000000000005 89.720000000000013 -82.549999999999983 14.500000000000002 62.500000000000007 127.40000000000002 12.500000000000002 26.550000000000004 47.500000000000007 1.5000000000000002 71.500000000000014 16.500000000000004
decision_type=2 10 9 9 2 9 2 2 2 2 2 2 9 8 10 2 2 2 10 8 2 2 2 10 2 2 2 2 2 2
left_child=3 5 -3 -1 11 -2 7 15 9 -8 29 -5 16 28 -13 -7 26 18 19 -6 21 -21 23 25 -25 -18 -4 -9 -10 -11
right_child=1 2 12 4 17 6 8 27 13 10 -12 14 -14 -15 -16 -17 22 -19 -20 20 -22 -23 -24 24 -26 -27 -28 -29 -30 -31
leaf_value=0.0090384376383627618 -0.012012679130638927 0.045316651286923464 -0.0038569730613828845 -0.012820056396874158 -0.016436521585953923 -0.019866120267527522 -0.00047893215727352613 -0.0044351555004063853 0.0065257309711142858 0.01495068077826316 0.0033029880672885703 -0.0059118053356150392 0.0013785678124905944 -0.01503527161904783 0.01715733270761435 -0.0020169179466027034 0.021561417269863714 0.0034130041500104904 -0.018067663483826556 -0.0051870886969786591 -0.031987376577606065 0.0131452375758641 0.0023147931643898723 -0.048042487871556988 0.0060037037454859117 0.0068321654190004917 0.013791062518054531 0.014636019382913991 -0.013389335839517447 3.1333147988243939e-05
leaf_weight=12773 2507 2565 714 24417 4353 3430 7285 1847 7488 12278 6531 61323 5258 2121 1542 14431 2413 29093 3789 3711 843 5538 5857 339 2379 10330 5435 5331 1979 1178
leaf_count=12773 2507 2565 714 24417 4353 3430 7285 1847 7488 12278 6531 61323 5258 2121 1542 14431 2413 29093 3789 3711 843 5538 5857 339 2379 10330 5435 5331 1979 1178
internal_value=0.000759169 0.00499381 0.00997167 -0.00216294 -0.00280215 0.00234733 0.00284031 -0.000189628 0.0047929 0.0070486 0.00972896 -0.00434519 0.00876012 -0.000517331 -0.00310378 -0.00315315 0.0101775 4.33065e-05 -0.00298728 -0.000895884 0.00232627 0.00413112 0.00843023 0.0105714 0.00128299 0.01255 0.0162283 0.00717863 0.00197847 0.0133819
internal_weight=249078 101696 35290 147382 134609 66406 63899 25039 38860 27272 19987 87282 32725 11588 62865 17861 27467 47327 18234 14445 10092 9249 21318 15461 2718 12743 6149 7178 9467 13456
internal_count=249078 101696 35290 147382 134609 66406 63899 25039 38860 27272 19987 87282 32725 11588 62865 17861 27467 47327 18234 14445 10092 9249 21318 15461 2718 12743 6149 7178 9467 13456
cat_boundaries=0 1 2 3 4
cat_threshold=40 160 80 2
is_linear=0
shrinkage=0.05


Tree=46
num_leaves=31
num_cat=4
split_feature=0 9 4 3 4 8 4 10 10 10 7 7 9 8 7 0 0 10 7 12 0 8 8 0 10 9 8 9 1 7
split_gain=1128.11 329.69 249.564 245.398 228.708 217.847 152.597 167.354 137.698 132.585 139.425 145.437 192.568 134.113 123.459 120.196 103.728 126.043 139.599 114.171 101.852 187.642 116.624 113.824 96.5719 93.378 93.0531 116.506 90.5917 129.501
threshold=39.500000000000007 -81.649999999999991 0 1 2 28.250000000000004 3 128.71500000000003 99.655000000000015 14.360000000000001 18.500000000000004 11.500000000000002 -81.84999999999998 27.950000000000003 16.500000000000004 17.500000000000004 29.500000000000004 80.725000000000009 20.500000000000004 2.5000000000000004 46.500000000000007 26.850000000000005 27.850000000000005 70.500000000000014 97.65000000000002 -82.549999999999983 28.550000000000004 -82.549999999999983 1.0000000180025095e-35 20.500000000000004
decision_type=2 2 9 9 9 2 9 10 10 8 2 2 2 2 2 2 2 10 2 10 2 2 2 2 8 2 2 2 2 2
left_child=4 2 3 -2 -1 8 7 -5 15 -8 11 12 -11 20 -3 -6 17 18 19 26 21 -13 25 -22 -16 -23 27 -7 -17 -30
right_child=1 14 -4 6 5 16 9 -9 -10 10 -12 13 -14 -15 24 28 -18 -19 -20 -21 23 22 -24 -25 -26 -27 -28 -29 29 -31
leaf_value=0.0085865157564446026 -0.0071270320367497145 0.0041288709325695725 -0.00028151794649997622 0.031105354214069791 -0.011157072388795975 0.015330927348639722 -0.0021073744417918761 -0.0081287865753175478 -0.017775508207235013 -0.03563788629862117 -0.010204527908053063 0.015130910599638803 0.0097003975290566487 0.0039660783915781653 0.00024942546478308182 -0.0028609424493851068 0.0061309968659390094 -0.016330637815030035 -0.018389573363287327 -0.035447425910614783 0.0124145172480584 -0.040981512989686664 0.013553362354835174 0.0050893671330826786 -0.014975492784384238 -0.0026255813728040425 0.00099300542709119806 -0.023240476381141264 -0.0048961327648652467 -0.02667733724533319
leaf_weight=12773 4018 16261 11434 4945 22359 2485 3167 682 7306 852 1611 3100 600 12223 6930 51161 12636 5174 2760 722 24083 815 812 4408 4891 864 23014 536 4199 2257
leaf_count=12773 4018 16261 11434 4945 22359 2485 3167 682 7306 852 1611 3100 600 12223 6930 51161 12636 5174 2760 722 24083 815 812 4408 4891 864 23014 536 4199 2257
internal_value=0.000747527 0.00479814 0.00655629 0.00780386 -0.0020476 -0.00265433 0.00862982 0.0164601 -0.00413555 0.00778518 0.00842278 0.00891096 -0.00663475 0.00939976 0.000188666 -0.00353437 7.71067e-05 -0.0013357 -7.28147e-05 0.00103299 0.0110114 0.00482949 -0.00537785 0.0122224 -0.00369791 -0.0128774 0.00157996 0.00981524 -0.00232617 -0.00790288
internal_weight=249078 101696 73614 62180 147382 134609 58162 5627 87282 52535 49368 47757 1452 46305 28082 79976 47327 34691 29517 26757 34082 5591 2491 28491 11821 1679 26035 3021 57617 6456
internal_count=249078 101696 73614 62180 147382 134609 58162 5627 87282 52535 49368 47757 1452 46305 28082 79976 47327 34691 29517 26757 34082 5591 2491 28491 11821 1679 26035 3021 57617 6456
cat_boundaries=0 1 2 3 4
cat_threshold=42 10 160 40
is_linear=0
shrinkage=0.05


Tree=47
num_leaves=31
num_cat=6
split_feature=0 11 4 4 2 9 10 4 0 10 10 9 9 4 10 11 4 0 7 10 9 0 10 4 11 9 11 7 7 11
split_gain=1019.88 461.527 236.461 202.169 181.606 199.963 180.245 144.991 131.28 213.13 178.607 129.202 122.883 119.587 119.452 113.798 112.165 109.035 107.881 112.659 101.597 102.616 97.6286 126.811 95.9227 94.9154 94.1234 133.297 93.2298 90.5012
threshold=39.500000000000007 116.25000000000001 0 1 1.0000000180025095e-35 -80.949999999999989 16.605000000000004 2 49.500000000000007 108.59500000000001 92.940000000000012 -80.34999999999998 -86.649999999999991 3 127.87500000000001 52.615000000000002 4 9.5000000000000018 14.500000000000002 1.0000000180025095e-35 -82.749999999999986 60.500000000000007 40.745000000000012 5 60.415000000000006 -87.149999999999991 127.40000000000002 12.500000000000002 13.500000000000002 69.030000000000015
decision_type=2 10 9 9 2 2 8 9 2 10 8 2 2 9 10 8 9 2 2 8 2 2 10 9 10 2 10 2 2 10
left_child=3 7 -3 24 5 12 29 -2 10 -10 11 28 18 -6 -11 -8 20 -14 19 -5 -4 26 25 -24 -1 -20 -22 -28 -9 -7
right_child=1 2 16 4 13 6 15 8 9 14 -12 -13 17 -15 -16 -17 -18 -19 22 -21 21 -23 23 -25 -26 -27 27 -29 -30 -31
leaf_value=-0.0022433301329444432 -0.01139796927678205 0.041527462638526025 0.011926222972324397 0.019479170171851214 0.0034349854658677795 -0.010834784909148621 -0.030242929853381728 -0.0034564155374199323 0.0036178345912391665 0.012216837693479655 -0.008996670171488131 -0.016845808433143362 -0.015660129966827797 -0.011216064147133987 0.0012586395168179721 -0.0093434856418555864 0.001323715319190999 -0.00035082538546244991 0.010936951372845984 -0.014573086894993637 0.0084346703128304942 0.0020471307455398602 0.025638750774687892 -0.028199097066536984 0.015064266233046554 -0.016348767663577003 -0.043894210344172228 0.0063817295913382033 0.011196852964087345 0.011085091964800587
leaf_weight=5099 2507 2565 6149 529 4226 1585 1675 3101 30415 6379 10218 1663 5298 24838 2066 26319 5258 56616 2431 2476 11817 6892 2330 225 7674 968 336 2273 10057 5093
leaf_count=5099 2507 2565 6149 529 4226 1585 1675 3101 30415 6379 10218 1663 5298 24838 2066 26319 5258 56616 2431 2476 11817 6892 2330 225 7674 968 336 2273 10057 5093
internal_value=0.000718622 0.00457004 0.0091898 -0.00193905 -0.00250949 -0.00154564 -0.00465659 0.00211395 0.00257748 0.00439671 -0.000245519 0.00326006 -2.32778e-05 -0.00600881 0.0114193 -0.00641694 0.00803023 -0.000815516 0.00544654 -0.00227197 0.00931167 0.00767536 0.00933937 0.0167057 0.00406863 0.00376943 0.010072 0.00147003 0.00492102 0.00272129
internal_weight=249078 101696 35290 147382 134609 105545 34672 66406 63899 38860 25039 14821 70873 29064 8445 27994 32725 61914 8959 3005 27467 21318 5954 2555 12773 3399 14426 2609 13158 6678
internal_count=249078 101696 35290 147382 134609 105545 34672 66406 63899 38860 25039 14821 70873 29064 8445 27994 32725 61914 8959 3005 27467 21318 5954 2555 12773 3399 14426 2609 13158 6678
cat_boundaries=0 1 2 3 4 5 6
cat_threshold=40 160 80 28 2 2
is_linear=0
shrinkage=0.05


Tree=48
num_leaves=31
num_cat=6
split_feature=0 11 4 0 1 8 4 9 4 3 0 8 10 11 10 8 7 10 4 0 9 0 11 11 7 8 10 11 9 3
split_gain=934.82 427.229 227.659 186.835 210.164 138.617 137.029 136.134 133.611 127.929 141.89 181.74 153.519 126.45 115.906 105.911 141.148 105.433 100.416 97.4568 96.6891 97.4541 86.608 86.12 119.644 110.353 83.3415 191.982 98.7721 134.911
threshold=39.500000000000007 116.25000000000001 0 17.500000000000004 1.0000000180025095e-35 28.850000000000005 1 -82.049999999999983 2 3 49.500000000000007 28.450000000000003 108.59500000000001 141.82000000000002 94.710000000000022 30.350000000000005 14.500000000000002 127.87500000000001 4 29.500000000000004 -82.749999999999986 60.500000000000007 67.445000000000007 127.40000000000002 12.500000000000002 26.550000000000004 93.345000000000013 106.33500000000002 -80.34999999999998 5
decision_type=2 10 9 2 2 2 9 2 9 9 2 2 10 10 10 2 2 10 9 2 2 2 8 10 2 2 10 10 2 9
left_child=3 8 -3 15 5 6 13 -8 -2 -10 11 14 -12 26 22 -1 -17 -14 20 -7 -4 23 -11 25 -25 -22 28 -28 -5 -30
right_child=1 2 18 4 -6 19 7 -9 9 10 12 -13 17 -15 -16 16 -18 -19 -20 -21 21 -23 -24 24 -26 -27 27 -29 29 -31
leaf_value=-0.009671573819931556 -0.010828070812942948 0.039451089506599681 0.011329911823708195 -0.0012903002075794314 -0.013964120425061833 0.0013864154247165139 -0.0085119782913457339 0.011658975897860913 -0.0062906212767798401 -0.017447337859274461 0.0050942929688900136 0.010453640649756669 0.011692050389335629 0.018121421973735431 -0.019294738825970017 -0.011111747490976587 0.015399020445999945 0.001685826171650895 0.001257529553231418 0.010567959657624826 0.019452662071593442 0.0019447742082628673 0.001189793792460936 -0.041699499826963617 0.0060626431117713157 0.0059985008013374143 0.00054133095099060389 -0.024682229444100215 -0.024155444860608721 -0.0041885769746309977
leaf_weight=36948 2507 2565 6149 35831 9356 15995 3999 9805 7484 2157 26743 5241 6324 1375 2196 3904 3265 2013 5258 9993 2297 6892 11741 336 2273 9520 3394 3195 2669 7653
leaf_count=36948 2507 2565 6149 35831 9356 15995 3999 9805 7484 2157 26743 5241 6324 1375 2196 3904 3265 2013 5258 9993 2297 6892 11741 336 2273 9520 3394 3195 2669 7653
internal_value=0.000675263 0.00436257 0.00880737 -0.00186917 -0.000705398 6.92086e-06 -0.00118135 0.00326244 0.00199952 0.0024445 0.0032595 4.45069e-05 0.00521516 -0.00231542 -0.00258942 -0.00459243 0.000968101 0.0111357 0.00766987 0.00311178 0.00888238 0.0072862 -0.000898763 0.00962178 0.00139366 0.0114357 -0.00270701 -0.00796333 -0.00195503 -0.0062621
internal_weight=249078 101696 35290 147382 103265 93909 67921 13804 66406 63899 56415 21335 35080 54117 16094 44117 7169 8337 32725 25988 27467 21318 13898 14426 2609 11817 52742 6589 46153 10322
internal_count=249078 101696 35290 147382 103265 93909 67921 13804 66406 63899 56415 21335 35080 54117 16094 44117 7169 8337 32725 25988 27467 21318 13898 14426 2609 11817 52742 6589 46153 10322
cat_boundaries=0 1 2 3 4 5 6
cat_threshold=40 66 80 2 2 8
is_linear=0
shrinkage=0.05


Tree=49
num_leaves=31
num_cat=6
split_feature=0 11 4 4 0 8 11 8 11 8 9 8 9 4 2 3 8 11 4 3 11 8 11 8 11 9 0 9 0 8
split_gain=841.284 403.974 235.979 147.685 148.849 137.811 176.72 145.28 194.869 130.524 152.695 132.494 157.48 129.202 113.887 118.872 114.846 134.705 113.436 112.632 132.13 104.484 102.523 159.825 144.105 116.329 113.14 96.6167 81.1214 180.41
threshold=36.500000000000007 116.25000000000001 0 1 10.500000000000002 27.750000000000004 103.98000000000002 29.750000000000004 138.07000000000002 25.850000000000005 -80.34999999999998 26.350000000000005 -82.549999999999983 2 1.0000000180025095e-35 3 26.050000000000004 94.585000000000022 4 5 96.885000000000005 30.350000000000005 127.40000000000002 26.550000000000004 130.19000000000003 -82.749999999999986 47.500000000000007 -82.549999999999983 48.500000000000007 27.950000000000003
decision_type=2 10 9 9 2 2 10 2 10 2 2 2 2 9 2 9 2 8 9 9 8 2 10 2 10 2 2 2 2 2
left_child=3 13 -3 -1 21 9 19 -8 -9 10 -6 -11 -13 -2 15 -15 17 -17 -4 20 27 -5 23 -20 -24 26 -25 -7 29 -18
right_child=1 2 18 4 5 6 7 8 -10 11 -12 12 -14 14 -16 16 28 -19 22 -21 -22 -23 24 25 -26 -27 -28 -29 -30 -31
leaf_value=0.0067772445408742499 -0.010506102746374779 0.036662184308331368 -0.00748660102078973 -0.013395974049430404 -0.0045867614396520656 -0.0074700027066596959 -0.023329804130535425 -0.013718168667818898 0.038485430211940487 -0.015500452437050073 0.013226731569876372 -0.020585086428231626 -0.002181248180030515 -0.0044913618438505946 -0.0056595516408352699 -0.016690510333193131 -0.0073544035080579835 0.0031626033747838458 0.017878383541045827 -0.0049002408878176425 0.0090241117213420985 0.002484887528882318 -0.031799516760996883 -0.0089145471490148509 0.0045279489739725063 0.0036348089364021344 0.010817965345855463 0.0091191128458829162 0.0080610924250401183 0.010195779115114956
leaf_weight=11515 2727 3023 1538 15559 14817 8306 3151 2466 649 12178 4528 3706 18860 8389 8912 2633 7458 10646 4273 14061 18975 3598 610 781 4569 17456 5869 4244 26438 7143
leaf_count=11515 2727 3023 1538 15559 14817 8306 3151 2466 649 12178 4528 3706 18860 8389 8912 2633 7458 10646 4273 14061 18975 3598 610 781 4569 17456 5869 4244 26438 7143
internal_value=0.000650373 0.00385286 0.00803719 -0.00198612 -0.00248485 -0.00175128 9.06251e-05 -0.00777565 -0.000112 -0.0035167 -0.000224748 -0.00534902 -0.00307849 0.00170665 0.00211407 0.00286605 0.00372115 -0.000319813 0.00687151 0.00117335 0.00283246 -0.00653989 0.00748109 0.00866357 0.00101176 0.00707829 0.0127027 -0.0011465 0.00502936 0.00203614
internal_weight=249078 112465 38119 136613 125098 105941 51852 6266 3115 54089 19345 34744 22566 74346 71619 62707 54318 13279 35096 45586 31525 19157 33558 28379 5179 24106 6650 12550 41039 14601
internal_count=249078 112465 38119 136613 125098 105941 51852 6266 3115 54089 19345 34744 22566 74346 71619 62707 54318 13279 35096 45586 31525 19157 33558 28379 5179 24106 6650 12550 41039 14601
cat_boundaries=0 1 2 3 4 5 6
cat_threshold=40 160 80 2 64 20
is_linear=0
shrinkage=0.05


Tree=50
num_leaves=31
num_cat=3
split_feature=0 11 4 10 7 11 8 4 10 11 4 8 11 6 0 8 8 10 8 10 8 0 8 11 10 0 11 11 9 0
split_gain=754.333 347.788 202.292 173.238 169.48 186.693 123.129 114.047 111.804 107.263 101.839 99.7786 97.2981 121.662 94.8383 270.717 159.11 196.769 217.05 184.777 91.0548 89.6154 106.697 83.7647 82.3675 81.6367 80.2783 141.719 188.225 113.174
threshold=35.500000000000007 116.25000000000001 0 98.000000000000014 20.500000000000004 47.250000000000007 28.250000000000004 1 80.725000000000009 65.415000000000006 2 26.450000000000003 127.40000000000002 4.5000000000000009 49.500000000000007 28.850000000000005 27.850000000000005 97.65000000000002 25.950000000000003 92.940000000000012 27.950000000000003 17.500000000000004 25.250000000000004 106.99500000000002 92.305000000000021 70.500000000000014 98.055000000000021 89.720000000000013 -82.749999999999986 8.5000000000000018
decision_type=2 10 9 10 2 10 2 9 10 8 9 2 10 2 2 2 2 8 2 8 2 2 2 8 8 2 10 10 2 2
left_child=3 7 -3 4 6 -6 9 -2 26 -1 12 -12 20 -14 15 -9 17 -16 -19 25 -4 22 23 -11 -17 -18 27 28 -8 -30
right_child=1 2 10 -5 5 -7 8 14 -10 21 11 -13 13 -15 16 24 19 18 -20 -21 -22 -23 -24 -25 -26 -27 -28 -29 29 -31
leaf_value=-0.010689364007767301 -0.0092116494333863482 0.033520066468198009 0.0085301099927518106 -0.012849633159712638 -0.020642718564631225 -0.0018700399405307878 -0.0068079214419715763 -0.0037461299819426144 -0.01603670700004094 -0.039312391699881481 0.0088591014013359899 -0.0073462375623284618 -0.03595071380435657 0.0043569797403502529 0.00041671394780102845 0.01518853927285342 0.0080281399837004216 -0.0098302317409118892 0.011854460387871413 -0.012793190153320123 0.0026580921689304485 0.00061230904334745877 -0.0050074184025189709 -0.0065694200244109883 0.00062702292670824278 -0.011668189890899862 -0.0041964014563664167 0.0147114038606742 -0.028878051261495143 0.010734103364469227
leaf_weight=10381 2831 3120 19892 11464 6761 7819 9235 26010 2100 863 936 2011 542 4644 9855 6499 6218 2109 15416 3601 7800 40615 16822 787 2970 1747 6997 10204 614 8287
leaf_count=10381 2831 3120 19892 11464 6761 7819 9235 26010 2100 863 936 2011 542 4644 9855 6499 6218 2109 15416 3601 7800 40615 16822 787 2970 1747 6997 10204 614 8287
internal_value=0.000766576 0.0037092 0.00756129 -0.00180544 -0.00125067 -0.00630569 -0.000560726 0.00176662 0.00175047 -0.00180633 0.00648766 -0.00240984 0.00728616 0.00100077 0.00214185 0.000271915 0.00384536 0.00592187 0.00909894 -0.00107118 0.00846509 -0.000982283 -0.00386863 -0.0159639 0.00750607 0.00317868 0.00241746 0.00360141 0.000947867 0.00613287
internal_weight=249150 116201 38945 132949 121485 14580 106905 77256 37437 69468 35825 2947 32878 5186 74425 35479 38946 27380 17525 11566 27692 59087 18472 1650 9469 7965 35337 28340 18136 8901
internal_count=249150 116201 38945 132949 121485 14580 106905 77256 37437 69468 35825 2947 32878 5186 74425 35479 38946 27380 17525 11566 27692 59087 18472 1650 9469 7965 35337 28340 18136 8901
cat_boundaries=0 1 2 3
cat_threshold=40 80 146
is_linear=0
shrinkage=0.05


Tree=51
num_leaves=31
num_cat=5
split_feature=0 11 4 9 0 4 11 7 11 11 9 4 5 4 8 9 0 8 8 5 8 9 11 11 5 8 4 2 11 11
split_gain=685.919 314.06 185.252 144.198 145.468 101.955 101.372 102.644 100.835 145.287 94.9553 98.5665 112.421 93.8948 91.7487 90.8928 104.349 182.988 174.068 167.844 190.27 117.984 117.509 112.809 103.75 97.382 89.5643 107.509 89.2938 87.8155
threshold=35.500000000000007 116.25000000000001 0 -85.249999999999986 9.5000000000000018 1 138.07000000000002 14.500000000000002 97.185000000000016 89.720000000000013 -86.949999999999989 2 3.5000000000000004 3 26.550000000000004 -86.949999999999989 49.500000000000007 27.850000000000005 27.950000000000003 1.5000000000000002 25.950000000000003 -81.949999999999989 99.585000000000022 109.77500000000002 1.5000000000000002 26.650000000000002 4 1.0000000180025095e-35 90.160000000000011 127.40000000000002
decision_type=2 10 9 2 2 9 10 2 8 8 2 9 2 9 2 2 2 2 2 2 2 2 10 8 2 2 9 2 8 10
left_child=3 5 -3 6 -5 -2 8 -8 9 26 11 -11 -13 29 -15 28 18 19 21 20 -18 -17 25 -19 -20 -23 27 -1 -7 -4
right_child=1 2 13 4 -6 15 7 -9 -10 10 -12 12 -14 14 -16 16 17 23 24 -21 -22 22 -24 -25 -26 -27 -28 -29 -30 -31
leaf_value=-0.00092975206740613108 -0.0087510669617170585 0.031844063144788139 0.0063136747248663918 -0.012307074871568081 -0.0032113353691392457 -0.0050326890536530836 0.042770973052115926 -0.023995409852761409 -0.005336066371832527 -0.016660097036584397 0.0051805744963646207 0.023759808247873604 -0.045048578451536252 0.0064313634261686133 -0.0082782481757168735 -0.015266685142594084 -0.0093326449097997262 0.00036474650457156703 -0.0037255664504296962 0.00087865819178292173 0.011303543832252939 -0.0092042646916306488 0.0090480165869269331 -0.016339456259490247 0.010988615401778291 0.017735565994336924 0.03108429356084055 -0.034841502332794504 0.020754488542301532 0.0013021706643808085
leaf_weight=2080 2831 3120 27692 12819 95445 838 669 208 8961 448 6383 4078 247 1361 1586 7060 2012 8819 3689 10416 14952 8937 4440 1892 8120 1356 344 1267 1894 5186
leaf_count=2080 2831 3120 27692 12819 95445 838 669 208 8961 448 6383 4078 247 1361 1586 7060 2012 8819 3689 10416 14952 8937 4440 1892 8120 1356 344 1267 1894 5186
internal_value=0.000727645 0.00353366 0.0071942 -0.00172497 -0.00251122 0.00168768 0.00172302 0.0183202 0.00110421 0.00363128 0.00647501 0.0118022 0.0140967 0.00616683 -0.00237614 0.00204245 0.00170077 0.00349203 -0.000330239 0.005659 0.00872511 -0.00297895 -0.000430713 -0.00204738 0.00455622 -0.0033631 -0.00495812 -0.00746956 0.0109774 0.00693355
internal_weight=249150 116201 38945 132949 108264 77256 24685 877 23808 14847 11156 4773 4325 35825 2947 74425 71693 38091 33602 27380 16964 21793 14733 10711 11809 10293 3691 3347 2732 32878
internal_count=249150 116201 38945 132949 108264 77256 24685 877 23808 14847 11156 4773 4325 35825 2947 74425 71693 38091 33602 27380 16964 21793 14733 10711 11809 10293 3691 3347 2732 32878
cat_boundaries=0 1 2 3 4 5
cat_threshold=40 80 8 146 78
is_linear=0
shrinkage=0.05


Tree=52
num_leaves=31
num_cat=8
split_feature=11 4 11 2 3 7 2 3 4 11 4 4 8 11 7 4 4 8 11 11 8 5 8 11 7 8 11 12 8 8
split_gain=396.724 241.46 224.094 180.915 211.885 208.97 176.822 136.771 118.414 110.451 104.714 104.165 89.0043 216.001 133.35 111.407 106.686 83.9382 80.1532 79.1345 73.497 78.4232 72.8564 108.515 72.049 71.3818 67.8579 61.7341 60.3675 103.89
threshold=116.25000000000001 0 46.835000000000008 1.0000000180025095e-35 1 18.500000000000004 1.0000000180025095e-35 2 3 132.69000000000003 4 5 26.250000000000004 101.25000000000001 11.500000000000002 6 7 30.650000000000002 52.085000000000008 103.04000000000001 27.850000000000005 3.5000000000000004 30.250000000000004 84.720000000000013 15.500000000000002 27.250000000000004 108.48500000000001 -6.4999999999999991 26.350000000000005 26.050000000000004
decision_type=10 9 8 2 9 2 2 9 9 10 9 9 2 10 2 9 9 2 8 10 2 2 2 10 2 2 10 10 2 2
left_child=2 9 17 4 11 -6 8 -5 -3 -2 -9 -4 13 16 -14 -16 -13 -1 -12 22 21 -21 -17 -24 27 -23 -15 -18 29 -7
right_child=1 6 3 7 5 28 -8 10 -10 -11 18 12 14 26 15 19 24 -19 -20 20 -22 25 23 -25 -26 -27 -28 -29 -30 -31
leaf_value=-0.013299802170795384 0.032645637902071201 -0.0078606232803572606 -0.0094861464930614762 0.0058229173339477752 0.00011434571383386328 -0.0041443093368233267 -0.0043011978273828078 0.0032936722022069102 0.005029852112513656 -0.0025727350070325452 0.012346814503811388 0.0080428460427374848 -0.011390299029258477 0.014856243667773628 -0.0016342262671296126 0.0075133989386706014 0.013496359989893715 0.039047292094638399 -0.011133831761559954 0.0047639415005573229 -0.0059609739970758469 0.0034194810993144922 -0.0014239247490327679 0.021258223791395549 -0.010401264256441056 -0.046567940386508869 0.00053022056177329799 -0.0070091249523351884 -0.0096405583500224889 -0.027628210816874166
leaf_weight=11324 4165 1883 2310 5543 33969 1466 10083 4323 41184 781 951 3705 3536 4766 10226 39261 2030 221 19514 8756 2817 401 1617 4376 12309 302 2299 2659 10086 2287
leaf_count=11324 4165 1883 2310 5543 33969 1466 10083 4323 41184 781 951 3705 3536 4766 10226 39261 2030 221 19514 8756 2817 401 1617 4376 12309 302 2299 2659 10086 2287
internal_value=0.000696741 0.00431453 -0.00040353 3.09159e-05 0.000746709 -0.00199674 0.00332706 -0.00348868 0.00472294 0.0148611 -0.00507498 0.00204064 0.00228603 -0.000115199 0.00322151 0.00371573 -0.00269155 -0.00715275 -0.00656822 0.00456994 0.00100928 0.00312071 0.00553641 0.0106697 -0.00436597 -0.0128331 0.00742756 0.000904448 -0.0071738 -0.012583
internal_weight=249150 58096 191054 179509 149178 47808 53150 30331 43067 4946 24788 101370 99060 27768 71292 67756 20703 11545 20465 57530 12276 9459 45254 5993 16998 703 7065 4689 13839 3753
internal_count=249150 58096 191054 179509 149178 47808 53150 30331 43067 4946 24788 101370 99060 27768 71292 67756 20703 11545 20465 57530 12276 9459 45254 5993 16998 703 7065 4689 13839 3753
cat_boundaries=0 1 2 3 4 5 6 7 8
cat_threshold=40 20 18 64 184 80 140 164
is_linear=0
shrinkage=0.05


Tree=53
num_leaves=31
num_cat=2
split_feature=11 11 2 3 7 2 3 10 7 9 11 11 10 9 9 7 9 7 8 10 11 10 9 8 9 7 8 8 10 10
split_gain=360.607 203.297 163.421 190.927 190.825 162.256 122.304 108.621 179.767 100.054 122.482 96.2032 92.1179 90.4494 100.857 91.9316 86.1867 82.4754 79.5808 71.368 71.2893 69.5101 68.7699 67.5973 82.5572 67.4596 81.953 207.941 123.041 84.2148
threshold=116.25000000000001 46.835000000000008 1.0000000180025095e-35 0 19.500000000000004 1.0000000180025095e-35 1 30.295000000000005 13.500000000000002 -86.649999999999991 97.185000000000016 127.40000000000002 25.785000000000004 -82.749999999999986 -80.949999999999989 15.500000000000002 -80.249999999999986 22.500000000000004 30.650000000000002 1.0000000180025095e-35 84.720000000000013 127.87500000000001 -86.34999999999998 24.650000000000002 -82.449999999999989 12.500000000000002 26.150000000000002 26.450000000000003 36.145000000000003 7.0600000000000014
decision_type=10 8 2 9 2 2 9 10 2 2 8 10 8 2 2 2 2 2 2 8 10 10 2 2 2 2 2 2 10 10
left_child=1 18 3 9 -5 25 22 8 11 10 20 -7 17 -14 21 16 -16 23 -1 -12 -3 -15 -4 -11 -25 -2 29 28 -28 -27
right_child=5 2 6 4 -6 7 -8 -9 -10 12 19 -13 13 14 15 -17 -18 -19 -20 -21 -22 -23 -24 24 -26 26 27 -29 -30 -31
leaf_value=-0.012634812062255607 0.00079341169516427006 -0.010651801923275485 0.018728792748606973 -0.00041812867552915023 -0.013773294796767522 0.0097050433144607162 -0.0075297766452173233 -0.0091848158880714521 0.016904752800586655 -0.031981629703977534 0.021699751564592029 -0.021788082051200777 -0.0029998533225712443 0.0058902154665018362 -0.0028187503147648397 -0.0052563881003663054 0.016517793771466848 0.022392502514558821 0.037094927489906483 -0.0080095213093703162 0.02235156377143608 -0.0038362379275441063 -0.00077708242833973706 -0.026366512334908256 -0.0010853880769849944 0.024432465377824199 0.033961211065288398 0.0048899130438400558 0.01476591996762382 -0.0030730578871943416
leaf_weight=11324 6576 394 1835 37334 10474 988 24788 5261 3381 786 480 2029 12240 50826 2758 11715 3450 989 221 2268 3242 2956 3708 1587 7679 492 2104 30480 2639 4146
leaf_count=11324 6576 394 1835 37334 10474 988 24788 5261 3381 786 480 2029 12240 50826 2758 11715 3450 989 221 2268 3242 2956 3708 1587 7679 492 2104 30480 2639 4146
internal_value=0.000679483 -0.00036951 4.4285e-05 0.000724589 -0.00187965 0.00412866 -0.00330081 -0.00114406 0.00323034 0.00195286 0.00800751 -0.00563264 0.00154533 0.00211006 0.00278812 -0.000460046 0.00445481 -0.00274636 -0.00679792 3.62582e-05 0.0140154 0.00387046 0.00340644 -0.00410455 -0.00289996 0.00545245 0.00622633 0.00704879 0.0167789 -2.15146e-05
internal_weight=249150 191054 179509 149178 47808 58096 30331 11659 6398 101370 6384 3017 94986 83945 71705 17923 6208 11041 11545 2748 3636 53782 5543 10052 9266 46437 39861 35223 4743 4638
internal_count=249150 191054 179509 149178 47808 58096 30331 11659 6398 101370 6384 3017 94986 83945 71705 17923 6208 11041 11545 2748 3636 53782 5543 10052 9266 46437 39861 35223 4743 4638
cat_boundaries=0 1 2
cat_threshold=20 18
is_linear=0
shrinkage=0.05


Tree=54
num_leaves=31
num_cat=5
split_feature=4 11 9 11 4 7 9 8 10 11 11 10 11 10 10 4 7 11 7 8 3 10 11 11 9 10 10 11 11 3
split_gain=377.006 218.372 189.461 164.74 162.642 160.62 159.343 151.79 166.138 106.524 108.605 180.174 139.419 127.011 124.17 145.417 133.714 199.277 168.636 117.629 106.354 104.359 103.928 92.8473 92.7933 89.2969 128.309 116.353 93.5802 88.5062
threshold=0 47.680000000000007 -81.749999999999986 62.915000000000006 1 11.500000000000002 -82.149999999999991 27.750000000000004 105.69500000000001 80.870000000000019 97.385000000000005 72.065000000000012 90.160000000000011 16.605000000000004 100.98500000000001 2 16.500000000000004 138.07000000000002 14.500000000000002 28.250000000000004 3 128.71500000000003 127.40000000000002 66.040000000000006 -82.549999999999983 20.955000000000002 15.290000000000001 141.82000000000002 118.75000000000001 4
decision_type=9 8 2 8 9 2 2 2 10 8 8 10 10 10 10 9 2 10 2 2 9 10 8 8 2 8 10 10 10 9
left_child=21 -2 5 -4 -5 22 7 8 24 -9 11 13 -13 -11 16 -16 17 20 -19 29 -12 -1 -3 -6 -7 26 27 -25 -27 -18
right_child=1 2 3 4 23 6 -8 9 -10 10 14 12 -14 -15 15 -17 19 18 -20 -21 -22 -23 -24 25 -26 28 -28 -29 -30 -31
leaf_value=0.021739017847480648 -0.011012129334518407 -0.0014515871797677439 0.0072281774028446488 0.0052477251853290776 -0.014091139818324373 -0.024070494316635927 0.0078361534392982438 -0.004713801510126992 0.0018613268588019594 -0.020740857717905483 0.011088075448114677 0.02321179286675781 -0.021479946924221907 0.017103028139472978 -0.0087108534782039723 0.0048837921202531838 0.0022134793267988505 0.034211522852953639 -0.019289246865243782 0.0072342253422292835 -0.0092943874763684597 -0.010210791428237533 -0.022097321614607826 -0.010182817457589267 -0.005823704682819209 -0.0054102099521196045 0.01477932783588214 0.010693750281750215 -0.029685773373485394 -0.019717193083689823
leaf_weight=7991 11893 9056 10894 12570 5859 3516 30390 9123 10750 668 1585 1173 2058 10771 1185 19836 11131 1026 396 9197 11621 703 3068 4503 6620 42667 4017 1966 982 1935
leaf_count=7991 11893 9056 10894 12570 5859 3516 30390 9123 10750 668 1585 1173 2058 10771 1185 19836 11131 1026 396 9197 11621 703 3068 4503 6620 42667 4017 1966 982 1935
internal_value=0.000650987 0.000280693 0.000624527 -0.00127354 -0.00213437 0.00171623 0.00221857 0.0012763 -0.0025268 0.00224867 0.00288875 0.00673025 -0.00368713 0.00967333 0.00191464 0.00498074 0.000166662 -0.00354557 0.014176 0.00260629 -0.00546308 0.0108676 -0.003791 -0.00321758 -0.0071161 -0.00256995 0.00157203 -0.00278592 -0.00356513 -0.000443561
internal_weight=249150 240456 228563 83458 72564 145105 132981 102591 20886 81705 72582 14670 3231 11439 57912 21021 36891 14628 1422 22263 13206 8694 12124 59994 10136 54135 10486 6469 43649 13066
internal_count=249150 240456 228563 83458 72564 145105 132981 102591 20886 81705 72582 14670 3231 11439 57912 21021 36891 14628 1422 22263 13206 8694 12124 59994 10136 54135 10486 6469 43649 13066
cat_boundaries=0 1 2 3 4 5
cat_threshold=32 140 68 16 20
is_linear=0
shrinkage=0.05


Tree=55
num_leaves=31
num_cat=2
split_feature=0 4 11 4 0 1 7 8 0 5 8 9 11 11 7 7 11 9 9 11 8 0 8 11 0 0 8 9 11 0
split_gain=554.997 274.201 156.116 152.959 126.276 134.025 109.903 97.5203 90.9354 90.0853 118.98 109.341 80.4917 81.7655 81.9368 128.87 96.2304 80.3239 80.3065 125.57 78.0126 146.589 77.5079 71.563 69.7762 66.6063 151.013 102.491 87.1869 66.1076
threshold=35.500000000000007 0 96.885000000000005 1 17.500000000000004 1.0000000180025095e-35 13.500000000000002 25.950000000000003 32.500000000000007 2.5000000000000004 27.950000000000003 -81.84999999999998 92.160000000000011 80.870000000000019 14.500000000000002 11.500000000000002 56.250000000000007 -82.749999999999986 -82.649999999999991 102.08500000000002 26.450000000000003 43.500000000000007 28.350000000000005 97.185000000000016 49.500000000000007 45.500000000000007 27.350000000000005 -82.34999999999998 118.75000000000001 49.500000000000007
decision_type=2 9 10 9 2 2 2 2 2 2 2 2 10 10 2 2 8 2 2 10 2 2 2 10 2 2 2 2 10 2
left_child=4 25 7 -4 -1 8 -5 -3 22 10 18 20 13 14 15 -9 -17 -12 19 -8 21 -11 -6 -22 -19 28 27 -27 -2 -18
right_child=1 2 3 6 5 -7 9 12 -10 11 17 -13 -14 -15 -16 16 29 24 -20 -21 23 -23 -24 -25 -26 26 -28 -29 -30 -31
leaf_value=-0.0065556913597258687 0.0015841700762609713 -0.0087714112173552291 -0.0077057468939445428 0.0012296690396050637 -0.0032202095661648224 -0.010902216990833713 -0.025452883072944535 -0.017580862409943564 0.0065666201610953935 0.0041687470511483585 0.0056338228998946251 0.0043512824579264196 -0.021105234689758626 0.013577517908705251 -0.00099279338356379472 -0.01633894243695062 0.0045489020230043307 0.0027505294272660132 0.0040748777625294608 0.0087946999788513832 0.036726958610900876 0.033333928670698398 0.0031294224072513812 0.011708765641136499 -0.0042914792992869268 -0.0073896686254746775 0.033609313134687471 0.023668109630987335 0.028246175430909751 0.015664596980032287
leaf_weight=43850 2336 6767 2599 16878 45113 9378 308 1080 12513 625 2830 4276 1172 3914 24636 944 2911 2539 13949 7412 609 1091 22124 4523 4262 978 2143 1770 1077 4592
leaf_count=43850 2336 6767 2599 16878 45113 9378 308 1080 12513 625 2830 4276 1172 3914 24636 944 2911 2539 13949 7412 609 1091 22124 4523 4262 978 2143 1770 1077 4592
internal_value=0.000576424 0.00310029 0.00242503 0.00406471 -0.00162947 -0.000548588 0.00458515 0.000219441 0.0001166 0.00594335 0.00456723 0.0098078 0.00117553 0.00157403 0.000788634 0.00472371 0.00680501 -5.7048e-05 0.00662162 0.0107115 0.0137212 0.0229432 -0.000611923 0.010599 -0.0030025 0.0118453 0.0155989 0.0077955 0.00647093 0.00869826
internal_weight=249199 116221 107917 61901 132978 89128 59302 46016 79750 42424 31300 11124 39249 38077 34163 9527 8447 9631 21669 7720 6848 1716 67237 5132 6801 8304 4891 2748 3413 7503
internal_count=249199 116221 107917 61901 132978 89128 59302 46016 79750 42424 31300 11124 39249 38077 34163 9527 8447 9631 21669 7720 6848 1716 67237 5132 6801 8304 4891 2748 3413 7503
cat_boundaries=0 1 2
cat_threshold=40 64
is_linear=0
shrinkage=0.05


Tree=56
num_leaves=31
num_cat=2
split_feature=0 10 9 7 10 9 7 10 10 10 0 8 8 0 10 10 2 8 0 7 8 0 3 8 8 3 7 8 10 7
split_gain=503.695 151.591 145.798 111.794 131.156 110.093 222.793 167.052 148.747 129.345 124.626 183.807 123.725 112.851 121.148 107.284 107.216 103.437 95.0485 94.4539 100.871 91.713 98.5526 86.4931 83.6674 83.211 81.5099 80.7409 80.225 76.227
threshold=35.500000000000007 98.000000000000014 -81.749999999999986 20.500000000000004 37.005000000000003 -82.149999999999991 12.500000000000002 15.635000000000003 31.880000000000006 45.990000000000002 49.500000000000007 27.850000000000005 28.150000000000002 42.500000000000007 13.175000000000002 84.860000000000014 1.0000000180025095e-35 28.350000000000005 19.500000000000004 14.500000000000002 26.350000000000005 63.500000000000007 0 28.350000000000005 26.050000000000004 1 17.500000000000004 26.150000000000002 51.650000000000006 10.500000000000002
decision_type=2 10 2 2 8 2 2 10 10 10 2 2 2 2 8 10 2 2 2 2 2 2 9 2 2 9 2 2 8 2
left_child=1 3 5 16 -5 8 7 -7 23 13 11 -10 -12 -8 -15 -6 17 -1 25 24 27 22 -22 -2 -4 -18 -11 28 -21 -19
right_child=2 -3 19 4 15 6 9 -9 10 26 12 -13 -14 14 -16 -17 18 29 -20 20 21 -23 -24 -25 -26 -27 -28 -29 -30 -31
leaf_value=-0.0014270403584367487 -0.0082506296776658772 -0.012141115018014582 0.00090954750160294757 0.0012733718560343111 -0.017761611980141458 0.0036413352937548996 0.0075318494575357334 -0.018902589881879896 -0.013532916895330871 -0.00071698650392555414 0.0058917523801889976 0.0047545237887046459 -0.0008986131948755194 -0.003936323815507947 0.020360556694331945 0.012304047833992993 -0.015668650144504161 -0.016596761608087363 -0.00085774694399596294 -0.015053686714941296 -0.0060964964592432839 -0.009702699352258471 0.0097431658120906497 0.0057454737614411229 0.012264738077420345 0.00035012477617275551 0.012491668725613093 -0.027771529563664289 -0.00074122698799765634 0.006128252373872334
leaf_weight=58886 8217 11518 6666 5896 7670 5020 3320 1966 4031 3620 27278 8140 4812 681 7283 1023 7726 1358 12239 3180 3076 2805 7141 3915 4338 3008 1884 1299 7549 23654
leaf_count=58886 8217 11518 6666 5896 7670 5020 3320 1966 4031 3620 27278 8140 4812 681 7283 1023 7726 1358 12239 3180 3076 2805 7141 3915 4338 3008 1884 1299 7549 23654
internal_value=0.00057201 -0.00152946 0.0029764 -0.0010093 -0.00511336 0.00416391 0.00701732 -0.000485992 0.00295995 0.0101381 0.00430417 -4.10475e-06 0.00593769 0.0132017 0.0164284 -0.00901413 -0.00044863 0.000380178 -0.00347431 0.000335515 -0.00136073 0.00168815 0.00388677 -0.00194367 0.00419466 -0.00690618 0.00384476 -0.00466024 -0.00322656 0.0030733
internal_weight=249199 132978 116221 121460 14589 80167 23774 6986 56393 16788 44261 12171 32090 11284 7964 8693 106871 83898 22973 36054 25050 13022 10217 12132 11004 10734 5504 12028 10729 25012
internal_count=249199 132978 116221 121460 14589 80167 23774 6986 56393 16788 44261 12171 32090 11284 7964 8693 106871 83898 22973 36054 25050 13022 10217 12132 11004 10734 5504 12028 10729 25012
cat_boundaries=0 1 2
cat_threshold=2 4
is_linear=0
shrinkage=0.05


Tree=57
num_leaves=31
num_cat=3
split_feature=0 11 0 1 2 9 3 0 3 2 3 8 8 0 8 11 11 8 8 0 11 11 11 8 9 5 11 8 11 8
split_gain=462.283 176.332 111.5 118.097 98.6832 90.4822 88.0955 85.2594 79.304 76.1837 76.6886 69.3211 170.229 84.0971 65.4658 60.3058 58.6962 57.2759 53.0369 54.5582 51.7036 108.615 51.3168 54.2589 50.7386 51.3035 50.1602 49.7867 79.7704 49.6002
threshold=35.500000000000007 116.25000000000001 17.500000000000004 1.0000000180025095e-35 1.0000000180025095e-35 -86.549999999999983 0 32.500000000000007 1 1.0000000180025095e-35 2 26.150000000000002 26.450000000000003 42.500000000000007 28.350000000000005 141.82000000000002 97.185000000000016 30.050000000000004 25.650000000000002 7.5000000000000009 127.40000000000002 138.07000000000002 103.98000000000002 28.850000000000005 -87.049999999999983 3.5000000000000004 80.415000000000006 26.050000000000004 94.585000000000022 30.350000000000005
decision_type=2 10 2 2 2 2 9 2 9 2 9 2 2 2 2 10 8 2 2 2 10 10 10 2 2 2 10 2 8 2
left_child=2 9 4 7 5 16 -6 14 -3 10 24 -10 13 -13 15 -4 26 -11 -7 -20 -14 -22 -16 -24 25 -2 -1 28 -12 -8
right_child=1 8 3 -5 6 18 29 -9 11 17 27 12 20 -15 22 -17 -18 -19 19 -21 21 -23 23 -25 -26 -27 -28 -29 -30 -31
leaf_value=-0.023965104755708923 0.012458217239506731 0.018515659645327531 -0.0035027361039107422 -0.010098235766593345 -0.016439327149455885 0.0053346770292482587 -0.0077289418636384615 0.006280204510163756 -0.0031137884542861375 -0.0071916586005738026 -0.013118366938986981 0.0036304387889111393 0.0038648726276091952 0.021724086146930069 0.0043354190836162321 0.013485077260374201 -0.0044441058868977205 0.01012779483090478 -0.013223374500511566 -0.0043137770981010347 -0.0078356208309484643 0.027545280383751172 -0.045529288624709618 -0.0058649216494125692 -0.0062222633311709965 -0.023777671040857797 0.019649332407481259 0.0045636292986661608 0.0030652539870526852 0.01332989164164613
leaf_weight=250 785 1948 43733 9378 8002 3406 2005 12513 2231 8609 2787 969 28635 2749 19804 1380 1321 1510 6953 18791 2010 387 215 2105 8006 220 2066 44356 11019 1056
leaf_count=250 785 1948 43733 9378 8002 3406 2005 12513 2231 8609 2787 969 28635 2749 19804 1380 1321 1510 6953 18791 2010 387 215 2105 8006 220 2066 44356 11019 1056
internal_value=0.00054994 0.00285337 -0.00146329 -0.000447621 -0.00352713 -0.00214806 -0.0076086 0.00017678 0.00559722 0.00147085 0.00208014 0.00507148 0.0056214 0.0157189 -0.000528648 -0.00162112 0.00527831 -0.00257182 -0.00307613 -0.00385183 0.00440693 -0.00263814 0.00169874 -0.00532189 -0.00220906 0.00832512 0.0100602 0.00274484 0.000123046 -0.000373255
internal_weight=249199 116221 132978 89128 43850 32787 11063 79750 38929 77292 67173 36981 34750 3718 67237 45113 3637 10119 29150 25744 31032 2397 22124 2320 9011 1005 2316 58162 13806 3061
internal_count=249199 116221 132978 89128 43850 32787 11063 79750 38929 77292 67173 36981 34750 3718 67237 45113 3637 10119 29150 25744 31032 2397 22124 2320 9011 1005 2316 58162 13806 3061
cat_boundaries=0 1 2 3
cat_threshold=4 16 2
is_linear=0
shrinkage=0.05


Tree=58
num_leaves=31
num_cat=4
split_feature=0 4 4 11 10 4 11 8 3 8 9 8 9 10 0 8 8 11 11 11 10 8 10 8 6 10 9 9 10 9
split_gain=414.495 257.436 151.007 139.184 132.685 117.078 98.5368 96.6293 94.6667 93.1049 122.848 98.2056 102.612 89.4668 93.0022 85.8631 82.3808 82.3768 72.1933 75.9198 109.798 71.4264 87.8644 127.657 71.1036 69.4409 69.4102 69.9823 67.9425 67.229
threshold=35.500000000000007 0 1 96.885000000000005 98.000000000000014 2 97.185000000000016 27.750000000000004 3 25.950000000000003 -80.34999999999998 26.350000000000005 -82.049999999999983 128.71500000000003 45.500000000000007 27.350000000000005 25.950000000000003 80.415000000000006 92.160000000000011 80.870000000000019 36.145000000000003 27.950000000000003 14.360000000000001 26.750000000000004 4.5000000000000009 90.50500000000001 -81.749999999999986 -80.149999999999991 105.69500000000001 -82.34999999999998
decision_type=2 9 9 10 10 9 10 2 9 2 2 2 2 10 2 2 2 10 10 10 8 2 10 2 2 8 2 2 10 2
left_child=4 13 -3 16 5 -1 -5 9 -8 10 24 26 -13 14 25 -16 -4 -6 19 20 -18 22 23 -10 -7 -2 -11 -28 -23 -22
right_child=1 2 3 6 17 7 8 -9 21 11 -12 12 -14 -15 15 -17 18 -19 -20 -21 29 28 -24 -25 -26 -27 27 -29 -30 -31
leaf_value=0.02034693575495039 0.025232154080547711 -0.0085752127802115833 -0.0079818544466256913 0.029890197110398288 -0.0029251700763561761 -0.00352969339027851 -0.013358038973927223 0.00070208992446660909 0.0018585406522834804 -0.0025556759778592843 0.0074598084191245919 -0.012093700348796688 0.0001291696382740959 -0.0098535375094946261 0.018552464307139971 0.031859613785380873 -0.013243213595204972 -0.016654829376444448 -0.019223058977949226 0.012684602764482822 -0.0023841053346679076 0.0018130396414665741 0.0053381869941702131 -0.039543666673838379 -0.039224623376495106 -0.0050221062453795987 -0.018004576377249216 -0.0024307707889387412 -0.0053953418187851383 0.0048633362781838945
leaf_weight=2135 1972 2949 6740 785 4652 19187 1673 55833 3372 2837 8801 8231 15591 701 2188 2127 3132 6866 1161 3879 10079 9963 40932 651 340 1316 6870 1635 1926 20675
leaf_count=2135 1972 2949 6740 785 4652 19187 1673 55833 3372 2837 8801 8231 15591 701 2188 2127 3132 6866 1161 3879 10079 9963 40932 651 340 1316 6870 1635 1926 20675
internal_value=0.00051824 0.00269937 0.00204517 0.00235932 -0.0013881 -0.000901457 0.00395704 -0.00110981 0.0037188 -0.00244402 -0.000310537 -0.00416217 -0.00233719 0.0111725 0.0127611 0.0175838 0.000284613 -0.00651457 0.00116858 0.00154732 0.000787704 0.00406408 0.00497609 -0.00207042 -0.00252086 0.00639782 -0.00798978 -0.0102466 0.000617699 0.00169679
internal_weight=249199 116221 107917 104968 132978 121460 59302 119325 58517 63492 28328 35164 23822 8304 7603 4315 45666 11518 38926 37765 33886 56844 44955 4023 19527 3288 11342 8505 11889 30754
internal_count=249199 116221 107917 104968 132978 121460 59302 119325 58517 63492 28328 35164 23822 8304 7603 4315 45666 11518 38926 37765 33886 56844 44955 4023 19527 3288 11342 8505 11889 30754
cat_boundaries=0 1 2 3 4
cat_threshold=40 64 32 10
is_linear=0
shrinkage=0.05


Tree=59
num_leaves=31
num_cat=7
split_feature=0 4 4 10 4 6 7 10 10 9 3 8 7 10 0 10 8 9 4 8 10 6 3 8 9 9 3 0 12 6
split_gain=378.22 220.936 125.797 118.915 111.476 109.762 95.8648 109.094 90.3703 86.3092 113.021 107.672 99.842 81.9451 90.0714 84.5466 76.2974 94.8386 83.0523 75.1509 74.2159 72.4754 72.1751 81.8715 70.1242 125.033 118.608 97.7123 77.2818 72.7262
threshold=35.500000000000007 0 1 98.000000000000014 2 2.5000000000000004 20.500000000000004 37.005000000000003 84.860000000000014 -82.749999999999986 3 27.950000000000003 13.500000000000002 128.71500000000003 45.500000000000007 72.065000000000012 27.750000000000004 -82.549999999999983 4 25.950000000000003 6.205000000000001 1.5000000000000002 5 27.050000000000004 -82.749999999999986 -84.949999999999989 6 8.5000000000000018 2.5000000000000004 3.5000000000000004
decision_type=2 9 9 10 9 2 2 8 10 2 9 2 2 10 2 10 2 2 9 2 10 2 9 2 2 2 9 2 10 2
left_child=3 13 -3 4 -1 19 16 -8 -9 -7 -11 12 20 14 -2 -16 17 -6 -19 -4 -12 -5 23 -20 25 28 27 -26 -18 -29
right_child=1 2 5 21 6 9 7 8 -10 10 11 -13 -14 -15 15 -17 24 18 22 -21 -22 -23 -24 -25 26 -27 -28 29 -30 -31
leaf_value=0.019329588967202851 0.010037048796577476 -0.008146452141200999 -0.0076620689679084203 -0.0028137525334647421 -0.018629413164300869 0.0065954381090072463 0.00086395765662921069 -0.016545067540950153 0.011606772806363175 -0.020998883760712905 -0.03823044878618314 -0.0014152852039586606 0.005890940608280726 -0.0093608606340199081 0.018682616454518363 0.027032002578770344 0.0029984891724990971 0.005825984654294381 -0.0055521566550623905 0.0018663969012659544 0.0016955480105194098 -0.015708234903225104 0.0056556810652138804 0.013342231639566472 -0.022456843650024361 -0.010612124035744542 -0.0053155633571953858 0.012143321157798859 -0.029653702073447353 -0.025613053875305259
leaf_weight=2135 3288 2949 6648 4602 2703 10104 5832 7626 1002 1314 349 8052 24446 701 2012 2303 23298 7978 37498 38671 15384 6916 5243 1633 700 7982 5690 11203 689 248
leaf_count=2135 3288 2949 6648 4602 2703 10104 5832 7626 1002 1314 349 8052 24446 701 2012 2303 23298 7978 37498 38671 15384 6916 5243 1633 700 7982 5690 11203 689 248
internal_value=0.000506603 0.0025901 0.00198403 -0.0013144 -0.000853709 0.00227074 -0.00105702 -0.00487215 -0.00843945 0.00368008 0.0028201 0.00321548 0.00427356 0.0104397 0.0119598 0.0167052 -0.000530632 -0.00181331 -0.00134067 0.000415849 0.0011656 -0.00616759 -0.00218498 -0.0029233 0.000887194 -0.0005144 0.00339757 0.00618273 0.00128974 0.00729867
internal_weight=249199 116221 107917 132978 121460 104968 119325 14460 8628 59649 49545 48231 40179 8304 7603 4315 104865 55055 52352 45319 15733 11518 44374 39131 49810 31969 17841 12151 23987 11451
internal_count=249199 116221 107917 132978 121460 104968 119325 14460 8628 59649 49545 48231 40179 8304 7603 4315 104865 55055 52352 45319 15733 11518 44374 39131 49810 31969 17841 12151 23987 11451
cat_boundaries=0 1 2 3 4 5 6 7
cat_threshold=40 64 32 10 140 12 20
is_linear=0
shrinkage=0.05


Tree=60
num_leaves=31
num_cat=9
split_feature=0 4 4 2 9 3 3 0 11 11 4 4 11 1 0 4 7 11 0 9 9 11 7 11 7 3 7 11 11 3
split_gain=331.352 200.301 171.206 145.076 143.548 138.518 131.967 129.905 108.278 100.248 92.7416 91.4374 87.4026 82.4781 82.3539 65.7608 66.3429 97.3911 65.6916 56.9991 57.5867 59.8977 56.7768 54.9916 84.3568 82.0174 56.9378 54.3704 53.8626 52.5613
threshold=46.500000000000007 0 1 1.0000000180025095e-35 -80.949999999999989 2 3 52.500000000000007 65.415000000000006 80.415000000000006 4 5 118.75000000000001 1.0000000180025095e-35 18.500000000000004 6 16.500000000000004 120.57500000000002 19.500000000000004 -81.249999999999986 -86.84999999999998 138.07000000000002 16.500000000000004 85.680000000000021 17.500000000000004 7 21.500000000000004 69.030000000000015 127.40000000000002 8
decision_type=2 9 9 2 2 9 9 2 8 8 9 9 10 2 2 9 2 8 2 2 2 10 2 8 2 9 2 10 10 9
left_child=2 7 12 4 11 10 -3 -2 29 -8 -5 -4 -1 14 -13 16 -11 -18 -12 20 -16 -22 -21 24 -10 -25 -27 -26 -14 -6
right_child=1 6 3 5 8 -7 9 -9 23 15 18 13 28 -15 19 -17 17 -19 -20 22 21 -23 -24 25 27 26 -28 -29 -30 -31
leaf_value=0.0042014053397744005 0.029466527286084523 -0.0088163630006578234 -0.0077823446201378491 0.0048599956443407429 -0.01965017353757741 0.0027854222112416952 -0.0023939785557310247 0.008349441676422353 -0.0043880323512543564 0.0049662813905683835 -0.016581387883184372 -0.0024094558636489349 0.027390151050383428 -0.0083290197350529126 0.0086620839328174441 -0.003811915459209825 0.0029097944262823638 -0.011659442103142847 -0.0069874864914289073 0.016611494252342231 0.0021418804744945952 0.028467720421228027 0.0037988356509674583 -0.013974216753138924 -0.0026478104356047363 0.00062591655704871132 -0.011838479121790303 0.022901945618386144 0.0050721310462954255 -0.0080095585215129717
leaf_weight=12927 2428 4911 6761 2433 2675 7222 8940 2204 5464 38962 8176 19248 2216 5454 4988 3286 11569 2664 14689 2450 44987 333 2173 5250 1379 12105 3268 2923 1207 5858
leaf_count=12927 2428 4911 6761 2433 2675 7222 8940 2204 5464 38962 8176 19248 2216 5454 4988 3286 11569 2664 14689 2450 44987 333 2173 5250 1379 12105 3268 2923 1207 5858
internal_value=0.000433858 0.00321311 -0.00076236 -0.00126698 -0.00049471 -0.00424224 0.00254719 0.0132631 -0.00301551 0.003141 -0.00598388 0.000641174 0.00410507 0.00111546 0.00155212 0.00392009 0.0043437 0.00142175 -0.00697182 0.00253818 0.00204897 0.00148687 0.00784589 -0.00161683 0.001473 -0.00308002 -0.00123108 0.00670223 0.0112001 -0.007989
internal_weight=249150 74964 174186 157836 125316 32520 70332 4632 38922 65421 25298 86394 16350 79633 74179 56481 53195 14233 22865 54931 50308 45320 4623 30389 9766 20623 15373 4302 3423 8533
internal_count=249150 74964 174186 157836 125316 32520 70332 4632 38922 65421 25298 86394 16350 79633 74179 56481 53195 14233 22865 54931 50308 45320 4623 30389 9766 20623 15373 4302 3423 8533
cat_boundaries=0 1 2 3 4 5 6 7 8 9
cat_threshold=40 160 4 2 24 88 134 8 8
is_linear=0
shrinkage=0.05


Tree=61
num_leaves=31
num_cat=6
split_feature=0 4 4 8 8 0 8 3 0 2 9 3 9 8 2 4 12 3 8 8 5 8 8 5 5 5 1 0 12 8
split_gain=312.799 179.575 159.446 134.38 128.323 117.146 107.24 116.668 98.6547 97.184 117.308 108.915 95.5873 101.346 109.707 95.2272 80.6028 74.0953 72.3868 66.8842 81.669 65.4533 62.6145 117.412 61.288 60.3121 60.2893 59.5552 62.635 92.2957
threshold=46.500000000000007 0 1 28.250000000000004 28.150000000000002 52.500000000000007 26.050000000000004 2 29.500000000000004 1.0000000180025095e-35 -81.649999999999991 3 -82.649999999999991 27.850000000000005 1.0000000180025095e-35 4 3.5000000000000004 5 27.750000000000004 27.850000000000005 2.5000000000000004 30.350000000000005 28.550000000000004 1.5000000000000002 1.5000000000000002 1.5000000000000002 1.0000000180025095e-35 17.500000000000004 1.0000000180025095e-35 25.750000000000004
decision_type=2 9 9 2 2 2 2 9 2 2 2 9 2 2 2 9 8 9 2 2 2 2 2 2 2 2 2 2 8 2
left_child=2 5 25 12 6 -2 -3 -8 9 10 22 21 13 -4 -15 17 -10 -9 26 -20 -21 -11 23 -5 -12 -1 27 -14 29 -29
right_child=1 4 3 8 -6 -7 7 15 16 11 24 -13 18 14 -16 -17 -18 -19 19 20 -22 -23 -24 -25 -26 -27 -28 28 -30 -31
leaf_value=0.0002750373483559443 0.027993200921780304 -0.0016889077744547622 -0.016400191181127077 0.01148416955394751 -0.0018756236503175484 0.007931969592601229 -0.01384145296251056 0.0048937420981658881 0.0072309450517424878 -0.0053606438504373083 -0.03019154688704977 -0.013876161913326702 -0.0069546783506829971 0.0024544417761606322 -0.020467114118621101 -0.00012124993497559801 -0.0036638311654079827 0.021539707662728259 0.01334945251400832 -0.0088842803997897686 0.010662253279365609 0.01513614276449351 0.0023258933225062785 -0.03628047992312302 -0.0056628055144773981 0.011976999277493496 -0.012151459113070563 0.0090627293996730536 -0.0032317990810021516 -0.0034242966197945536
leaf_weight=6366 2428 9659 7357 3004 14192 2204 1868 36029 15801 1838 1244 7422 19123 6017 1300 7498 3946 1086 3622 4142 2517 1365 16070 377 3271 9984 3521 6629 42991 6279
leaf_count=6366 2428 9659 7357 3004 14192 2204 1868 36029 15801 1838 1244 7422 19123 6017 1300 7498 3946 1086 3622 4142 2517 1365 16070 377 3271 9984 3521 6629 42991 6279
internal_value=0.000423423 0.00312375 -0.000738823 -0.0012258 0.00249318 0.0126397 0.00356723 0.00456325 0.000787517 -0.000822231 0.000942609 -0.00480019 -0.00228292 -0.00602016 -0.00184932 0.00507584 0.00360632 0.00611418 -0.0016649 0.00227869 -0.000697256 0.00290102 0.00262833 0.00880271 -0.00630939 0.00395846 -0.00218133 -0.00188053 -0.00105618 0.00199721
internal_weight=249150 74964 174186 157836 70332 4632 56140 46481 54338 34591 23966 10625 103498 14674 7317 44613 19747 37115 88824 10281 6659 3203 19451 3381 4515 16350 78543 75022 55899 12908
internal_count=249150 74964 174186 157836 70332 4632 56140 46481 54338 34591 23966 10625 103498 14674 7317 44613 19747 37115 88824 10281 6659 3203 19451 3381 4515 16350 78543 75022 55899 12908
cat_boundaries=0 1 2 3 4 5 6
cat_threshold=40 160 2 18 2 12
is_linear=0
shrinkage=0.05


Tree=62
num_leaves=31
num_cat=10
split_feature=0 4 4 2 8 11 5 8 3 0 3 11 0 8 3 4 11 7 7 4 3 3 8 0 8 5 11 4 11 7
split_gain=281.589 173.455 141.177 124.14 141.015 156.908 119.584 117.093 115.412 113.212 97.3288 96.9581 104.385 95.5693 104.098 85.1376 78.471 78.0882 84.8847 76.9626 73.4976 70.4456 84.3008 70.0145 66.6492 64.1177 60.425 58.3929 73.7537 89.8739
threshold=46.500000000000007 0 1 1.0000000180025095e-35 27.750000000000004 66.460000000000022 1.5000000000000002 28.150000000000002 2 52.500000000000007 3 100.41500000000001 39.500000000000007 26.050000000000004 4 5 118.75000000000001 11.500000000000002 17.500000000000004 6 7 8 25.850000000000005 63.500000000000007 25.750000000000004 1.5000000000000002 138.07000000000002 9 60.415000000000006 20.500000000000004
decision_type=2 9 9 2 2 10 2 2 9 2 9 10 2 2 9 9 10 2 2 9 9 9 2 2 2 2 10 9 8 2
left_child=2 9 16 4 5 21 -7 13 19 -2 11 27 -13 -3 -15 17 -1 -16 20 -5 23 22 24 -19 -4 -20 -12 28 -6 -30
right_child=1 7 3 8 10 6 -8 -9 -10 -11 26 12 -14 14 15 -17 -18 18 25 -21 -22 -23 -24 -25 -26 -27 -28 -29 29 -31
leaf_value=0.0036566253191449684 0.026593540875691258 -0.0016044623857320419 -0.0025710482465937548 0.0041980123495132917 0.00014886920112280324 -0.023646111839045237 0.0018389790718422285 -0.0017818424678016866 0.0040706557106715557 0.0075353711129711792 -0.0033255929742146864 -0.017280725681986197 0.003816124733871096 -0.013149380314384996 -0.0025455272093873661 -0.00011518743822680477 0.019500338327646194 0.0076034019401731712 -0.011041965973720425 -0.0091317104768629427 0.022635675640984676 -0.0088449581060536363 -0.0049217584659436049 0.0031856866388400018 0.047491728673285799 0.0041916669375061666 0.025856706023659772 -0.0046339690583110382 0.010107428890806958 -0.0079083005490576674
leaf_weight=12927 2428 9659 484 2666 7061 1838 31318 14192 5785 2204 19395 3273 2706 1868 1933 7498 3423 18387 1192 24069 920 27995 3815 13176 734 1507 288 3650 20759 2000
leaf_count=12927 2428 9659 484 2666 7061 1838 31318 14192 5785 2204 19395 3273 2706 1868 1933 7498 3423 18387 1192 24069 920 27995 3815 13176 734 1507 288 3650 20759 2000
internal_value=0.000402954 0.00296503 -0.000699786 -0.00115802 -0.000443643 -0.00202888 0.000401013 0.00234535 -0.00391024 0.0123173 0.0013307 0.00276293 -0.00309735 0.00337133 0.00431159 0.00479578 0.00372022 0.00577757 0.00631678 -0.00529434 0.00702459 -0.00446758 0.000979616 0.0066064 0.0123779 -0.00219638 -0.00154037 0.00381123 0.00454088 0.00592692
internal_weight=249150 74964 174186 157836 125316 66184 33156 70332 32520 4632 59132 39449 5979 56140 46481 44613 16350 37115 35182 26735 32483 33028 5033 31563 1218 2699 19683 33470 29820 22759
internal_count=249150 74964 174186 157836 125316 66184 33156 70332 32520 4632 59132 39449 5979 56140 46481 44613 16350 37115 35182 26735 32483 33028 5033 31563 1218 2699 19683 33470 29820 22759
cat_boundaries=0 1 2 3 4 5 6 7 8 9 10
cat_threshold=40 160 12 20 2 2 24 12 2 2
is_linear=0
shrinkage=0.05


Tree=63
num_leaves=31
num_cat=6
split_feature=0 4 10 4 8 11 7 8 8 0 8 10 8 3 0 11 4 10 11 8 7 8 8 0 4 3 11 7 7 7
split_gain=259.247 158.081 127.644 145.916 122.348 126.439 118.14 112.969 108.277 103.584 99.7437 96.7772 88.6839 95.6507 82.2457 81.8131 80.4412 74.9889 79.8804 74.5331 119.936 72.6855 72.1268 141.869 78.1594 83.5762 105.096 70.5821 69.0422 68.2615
threshold=46.500000000000007 0 98.000000000000014 1 27.750000000000004 106.99500000000002 12.500000000000002 25.950000000000003 28.150000000000002 52.500000000000007 25.650000000000002 48.085000000000008 26.050000000000004 2 18.500000000000004 132.69000000000003 3 14.360000000000001 52.615000000000002 26.450000000000003 19.500000000000004 26.550000000000004 25.350000000000005 23.500000000000004 4 5 67.915000000000006 19.500000000000004 17.500000000000004 11.500000000000002
decision_type=2 9 10 9 2 10 2 2 2 2 2 10 2 9 2 8 9 8 8 2 2 2 2 2 9 9 10 2 2 2
left_child=2 9 3 15 5 7 -7 22 12 -2 -8 -12 -3 -14 -6 -1 17 -15 -19 20 -9 -18 23 -5 -24 26 -26 -21 -28 -20
right_child=1 8 -4 4 14 6 10 19 -10 -11 11 -13 13 16 -16 -17 21 18 29 27 -22 -23 24 -25 25 -27 28 -29 -30 -31
leaf_value=0.024289349152084496 0.025263863831906708 -0.0015242392664454485 -0.0067500539435718212 -0.031523764575861528 -0.0026710488003126366 -0.0048616292557019936 0.017319366474834296 -0.0085083939290727002 -0.0016927503444116089 0.0071586025573226577 0.0044514525783494905 -0.025860586479085425 -0.01249191129866576 -0.0031071404491791023 0.0036101930136577033 -0.0042635415840423189 0.007995045370606314 -0.037478032125927645 -0.0060410763393573324 -0.0090702811786218095 -0.02307608311211409 -0.0053698448952153484 0.013397479032320048 -0.0019371260900162392 -0.0069588496480428759 0.017003260337072758 -0.0012272553109994534 0.00247859553929235 0.023850401549979861 0.0056599563152374358
leaf_weight=3165 2428 9659 17751 1451 21796 7652 2601 10187 14192 2204 13722 621 1868 2243 47198 867 1265 333 852 11485 3224 2900 3738 4936 11044 1883 2447 6512 1906 37020
leaf_count=3165 2428 9659 17751 1451 21796 7652 2601 10187 14192 2204 13722 621 1868 2243 47198 867 1265 333 852 11485 3224 2900 3738 4936 11044 1883 2447 6512 1906 37020
internal_value=0.000393322 0.00285166 -0.000664768 -0.0002087 -0.000457608 -0.00174601 0.00126392 -0.00300478 0.00226006 0.0117799 0.00359207 0.0019543 0.00324666 0.00415242 0.00109994 0.00915597 0.00461654 0.00529801 0.00582101 -0.00505124 -0.00787199 -0.00199522 -0.000658399 -0.00530718 0.000756135 -0.00066474 -0.00188428 -0.00294608 0.00468714 0.00603717
internal_weight=249150 74964 174186 156435 152403 83409 24596 58813 70332 4632 16944 14343 56140 46481 68994 4032 44613 40448 38205 31408 13411 4165 27405 6387 21018 17280 15397 17997 4353 37872
internal_count=249150 74964 174186 156435 152403 83409 24596 58813 70332 4632 16944 14343 56140 46481 68994 4032 44613 40448 38205 31408 13411 4165 27405 6387 21018 17280 15397 17997 4353 37872
cat_boundaries=0 1 2 3 4 5 6
cat_threshold=40 32 2 146 140 12
is_linear=0
shrinkage=0.05


Tree=64
num_leaves=31
num_cat=4
split_feature=0 4 4 2 8 9 11 8 0 10 8 10 7 7 10 10 9 4 9 11 10 10 11 4 8 8 5 9 7 8
split_gain=234.285 144.69 123.444 109.733 116.843 157.823 154.336 99.9465 93.7839 87.1143 81.3602 79.3884 71.9506 78.3095 86.4004 90.0653 202.56 123.644 89.4882 75.5749 72.3348 67.0021 65.4556 61.1757 60.7456 60.5152 59.3757 58.3163 55.6364 117.326
threshold=46.500000000000007 0 1 1.0000000180025095e-35 27.750000000000004 -82.549999999999983 67.915000000000006 28.150000000000002 52.500000000000007 32.690000000000005 26.050000000000004 16.235000000000003 17.500000000000004 11.500000000000002 15.290000000000001 27.760000000000002 -82.34999999999998 2 -82.749999999999986 127.40000000000002 27.065000000000001 93.870000000000019 105.28000000000002 3 27.450000000000003 27.350000000000005 1.5000000000000002 -81.84999999999998 19.500000000000004 26.450000000000003
decision_type=2 9 9 2 2 2 10 2 2 8 2 10 2 2 8 10 2 9 2 8 10 10 8 9 2 2 2 2 2 2
left_child=2 8 9 4 5 -4 28 10 25 11 -3 -1 13 19 -15 16 22 18 -17 -12 -18 23 -16 -5 -23 -2 -14 -11 -7 -30
right_child=1 7 3 21 -6 6 -8 -9 -10 27 12 -13 26 14 15 17 20 -19 -20 -21 -22 24 -24 -25 -26 -27 -28 -29 29 -31
leaf_value=-0.00047025486179190783 0.016267959806145173 -0.0014480273031232116 -0.019294198496510796 0.0042698961489180398 0.0020194459516528875 -0.0042161495613387782 0.0020963979659459841 -0.0016081128271910662 0.0068006724294565673 -0.004316133247289855 -0.00040329473381834903 0.026098766865208137 -0.01125535669413571 -0.0081798588866613293 0.0077875259840383577 0.0081285099514443182 0.013336927383229025 -0.0040198863655910525 0.0031005377571520667 -0.041484075890602858 0.022510902081499664 0.0054605323875111193 -0.023962114160359694 -0.0055727556442325193 -0.014829965663868095 0.026530563504793395 0.0031259547524002508 0.0079585548748428714 -0.017386230967696471 0.0021070121253249142
leaf_weight=1461 1179 9659 4143 4381 59132 24662 30152 14192 2204 5789 1972 3100 1593 1467 1253 5548 7111 3378 20102 391 539 624 956 23194 4321 1249 2171 6000 4550 2677
leaf_count=1461 1179 9659 4143 4381 59132 24662 30152 14192 2204 5789 1972 3100 1593 1467 1253 5548 7111 3378 20102 391 539 624 956 23194 4321 1249 2171 6000 4550 2677
internal_value=0.000385295 0.00272228 -0.000620565 -0.00104906 -0.000377416 -0.00182041 -0.00118854 0.0021563 0.011264 0.00351252 0.00310419 0.00937432 0.00397174 0.00455567 0.00507383 0.00552356 0.00965143 0.00411874 0.00530191 -0.00427729 0.0134987 -0.00363664 -0.00367283 -0.00267355 -0.00899092 0.0180476 -0.00264971 0.00124163 -0.00361297 -0.00746856
internal_weight=249150 74964 174186 157836 125316 66184 62041 70332 4632 16350 56140 4561 46481 42717 40354 38887 9859 29028 25650 2363 7650 32520 2209 27575 4945 2428 3764 11789 31889 7227
internal_count=249150 74964 174186 157836 125316 66184 62041 70332 4632 16350 56140 4561 46481 42717 40354 38887 9859 29028 25650 2363 7650 32520 2209 27575 4945 2428 3764 11789 31889 7227
cat_boundaries=0 1 2 3 4
cat_threshold=40 160 130 28
is_linear=0
shrinkage=0.05


Tree=65
num_leaves=31
num_cat=5
split_feature=0 4 4 1 9 2 3 7 10 11 11 9 7 2 9 11 10 11 11 11 4 3 10 11 9 11 0 0 0 7
split_gain=246.437 147.144 105.243 108.285 87.5017 93.2063 92.8252 96.91 88.2877 75.5532 83.8215 73.7219 68.3429 88.0971 62.1695 61.13 81.8699 65.3316 66.5714 59.8673 59.8083 84.939 54.2732 81.315 53.7391 53.7364 53.614 53.4041 59.6898 52.9486
threshold=24.500000000000004 0 1 1.0000000180025095e-35 -86.949999999999989 1.0000000180025095e-35 2 14.500000000000002 33.400000000000006 117.08500000000002 132.69000000000003 -82.749999999999986 20.500000000000004 1.0000000180025095e-35 -80.249999999999986 126.38500000000001 14.360000000000001 127.40000000000002 130.19000000000003 90.160000000000011 3 4 98.000000000000014 67.445000000000007 -81.449999999999989 114.81500000000001 49.500000000000007 30.500000000000004 72.500000000000014 12.500000000000002
decision_type=2 9 9 2 2 2 9 2 10 10 10 2 2 2 2 10 8 10 10 10 9 9 10 8 2 10 2 2 2 2
left_child=12 9 -3 4 8 6 7 -6 -4 -2 11 26 13 22 -9 16 24 29 -19 -10 -15 -22 23 -1 -8 -24 -11 -18 -29 -17
right_child=1 2 3 -5 5 -7 15 14 19 10 -12 -13 -14 20 -16 17 27 18 -20 -21 21 -23 25 -25 -26 -27 -28 28 -30 -31
leaf_value=-0.0065041939811981038 0.0070410250711973712 -0.0070101278816023793 0.0039837559089797026 -0.0075472891010724304 0.0072182231614785763 -0.0026759922972432906 -0.01201474223076664 -0.0027577591466124043 -0.014819268304195844 -0.022948862288690641 -0.0054400968655136774 0.026100942693130503 -0.01112414056859734 0.0030122854578740646 -0.014301850585128228 0.0027660504732959449 -0.0019957357822479871 -0.022396091355158899 0.003796589618545454 0.023160338361625055 -0.012353394862895418 0.0013735353744885439 -0.0040283498685418362 0.0018822291043784302 0.0062714963680615471 -0.026887909129303812 0.022229831008569702 0.0035012402267181387 -0.0024319154942698874 0.013288162815925287
leaf_weight=9747 8391 3321 3771 8773 6361 20189 2843 12341 212 346 500 2781 7719 2925 3533 2746 9738 651 3945 1858 10770 3709 2412 38514 1142 1230 357 68294 5037 4630
leaf_count=9747 8391 3321 3771 8773 6361 20189 2843 12341 212 346 500 2781 7719 2925 3533 2746 9738 651 3945 1858 10770 3709 2412 38514 1142 1230 357 68294 5037 4630
internal_value=0.00039872 0.00145252 0.0010442 0.00123203 0.00155362 0.00130567 0.00182937 -0.00108964 0.00754572 0.00670028 0.0123686 0.0151116 -0.00195104 -0.00145347 -0.0031793 0.0024847 0.0020238 0.00583375 0.00115067 0.0158173 -0.00453084 -0.00584523 -0.000420896 2.38238e-05 -0.00496871 -0.00629792 0.000631136 0.0023598 0.00282175 0.00874628
internal_weight=248786 171760 159385 156064 147291 141450 121261 22235 5841 12375 3984 3484 77026 69307 15874 99026 87054 11972 4596 2070 17404 14479 51903 48261 3985 3642 703 83069 73331 7376
internal_count=248786 171760 159385 156064 147291 141450 121261 22235 5841 12375 3984 3484 77026 69307 15874 99026 87054 11972 4596 2070 17404 14479 51903 48261 3985 3642 703 83069 73331 7376
cat_boundaries=0 1 2 3 4 5
cat_threshold=40 64 10 184 4
is_linear=0
shrinkage=0.05


Tree=66
num_leaves=31
num_cat=4
split_feature=0 4 11 4 10 11 9 10 7 9 11 0 7 11 10 2 7 2 11 10 10 0 10 10 10 9 4 3 11 10
split_gain=220.738 133.644 97.563 81.8473 84.7597 121.049 105.976 101.785 80.4528 70.0999 105.872 68.7813 98.2258 86.5344 68.0897 65.7509 62.0813 78.7666 61.6225 58.3663 89.924 68.8439 88.1171 76.2976 57.9905 57.25 54.1755 62.4461 55.9856 53.2383
threshold=24.500000000000004 0 47.680000000000007 1 14.360000000000001 138.07000000000002 -80.34999999999998 54.690000000000005 19.500000000000004 -86.949999999999989 89.720000000000013 42.500000000000007 14.500000000000002 132.69000000000003 43.525000000000013 1.0000000180025095e-35 20.500000000000004 1.0000000180025095e-35 67.915000000000006 69.120000000000019 69.715000000000018 51.500000000000007 101.04500000000002 105.69500000000001 19.450000000000006 -82.649999999999991 2 3 130.19000000000003 37.005000000000003
decision_type=2 9 8 9 10 10 2 10 2 2 10 2 2 8 8 2 2 2 10 10 10 2 10 10 10 2 9 9 10 8
left_child=16 11 -3 -4 5 8 7 9 18 10 -6 14 -13 -14 -2 -11 17 -1 -5 -9 -21 25 -23 -24 -8 -22 27 28 -19 -18
right_child=1 2 3 4 6 -7 24 19 -10 15 -12 12 13 -15 -16 -17 29 26 -20 20 21 22 23 -25 -26 -27 -28 -29 -30 -31
leaf_value=-0.00070228661017548435 0.014917312057725507 -0.0085721659857370906 -0.0064539888654604029 0.0024321312858095025 -0.0017925909064387291 0.035658885929253613 0.0073387082576928725 -0.0049346677825033332 -0.0084008742102125392 0.0068123864803790292 0.024923781719915186 0.0036039313274294216 0.02849284918249877 0.00033814136251280051 -0.003010040265345815 -0.00070119383582465398 -0.0024690549447448974 -0.013744822494599518 -0.0040906048080762147 0.014253213527851916 -0.0036816880446551184 -0.0020674058273947972 0.0070328302105200358 0.0023363091503181724 -0.0085186304032908392 0.0022053842493951594 0.0017487152948360231 0.00017313199175870154 0.0047474137044673627 -0.01732666550030899
leaf_weight=51903 2775 6609 3271 27934 1111 517 1665 6140 7830 27681 2158 2464 2773 728 3635 6706 3440 9235 8775 1858 10292 5647 4796 15346 6880 14169 3736 3432 1001 4279
leaf_count=51903 2775 6609 3271 27934 1111 517 1665 6140 7830 27681 2158 2464 2773 728 3635 6706 3440 9235 8775 1858 10292 5647 4796 15346 6880 14169 3736 3432 1001 4279
internal_value=0.000387064 0.00138441 0.000995264 0.00125273 0.00142418 -0.000388319 0.00220613 0.00268157 -0.000670049 0.00470716 0.0116956 0.00638564 0.010251 0.0156223 0.00278816 0.0040396 -0.0018368 -0.00136258 0.000311828 0.00137149 0.00191489 0.00151413 0.00331602 0.00486304 -0.00312683 -0.000386171 -0.00427242 -0.00572764 -0.00768331 -0.00608746
internal_weight=248786 171760 159385 152776 149505 45056 104449 95904 44539 37656 3269 12375 5965 3501 6410 34387 77026 69307 36709 58248 52108 50250 25789 20142 8545 24461 17404 13668 10236 7719
internal_count=248786 171760 159385 152776 149505 45056 104449 95904 44539 37656 3269 12375 5965 3501 6410 34387 77026 69307 36709 58248 52108 50250 25789 20142 8545 24461 17404 13668 10236 7719
cat_boundaries=0 1 2 3 4
cat_threshold=40 64 66 4
is_linear=0
shrinkage=0.05


Tree=67
num_leaves=31
num_cat=5
split_feature=0 1 4 8 8 10 4 12 9 4 8 4 0 7 10 11 10 8 10 2 11 0 10 0 10 11 9 10 7 4
split_gain=200.282 129.301 145.045 111.911 90.6817 83.0725 80.9001 67.8723 66.736 86.6488 103.57 62.1196 62.3535 82.6995 61.9597 59.1489 81.5456 81.6232 122.491 96.3801 89.826 87.6948 74.3737 69.7466 58.6686 73.3426 66.3707 56.2872 56.2487 55.3473
threshold=30.500000000000004 1.0000000180025095e-35 0 25.250000000000004 25.650000000000002 21.740000000000006 1 3.5000000000000004 -80.449999999999989 2 27.350000000000005 3 7.5000000000000009 16.500000000000004 128.71500000000003 138.07000000000002 14.360000000000001 27.450000000000003 128.71500000000003 1.0000000180025095e-35 105.28000000000002 40.500000000000007 54.690000000000005 70.500000000000014 33.400000000000006 80.870000000000019 -86.949999999999989 18.665000000000003 14.500000000000002 4
decision_type=2 2 9 2 2 8 9 10 2 9 2 9 2 2 10 10 8 2 8 2 8 2 10 2 10 10 2 8 2 9
left_child=3 2 14 -1 5 -5 7 8 15 -10 -11 -6 13 -13 27 16 -4 19 22 20 -18 -20 23 24 25 -19 -26 -2 -17 -22
right_child=1 -3 6 4 11 -7 -8 -9 9 10 -12 12 -14 -15 -16 28 17 18 21 -21 29 -23 -24 -25 26 -27 -28 -29 -30 -31
leaf_value=-0.012528462051327427 -0.0067045235835900387 -0.0072516372028450073 -0.0031900649627351289 0.018983293449724936 0.0055824962426126671 -0.0022226729909744949 -0.0046109095881898378 -0.028976968111608815 0.010854695473656762 -0.0053198744476880668 0.022722431626577413 -0.0032878310253070531 -0.0020223105563237811 -0.01806242847023869 -0.010579987404335345 0.035602304004598122 0.0014447979590764604 -0.012898407270230462 0.0017442632970509743 -0.0026010953253049252 0.008748359994282584 -0.012875723869989831 0.0012469426681744446 -0.010612191987645049 0.025458924652387617 0.01290748072325334 0.0098376783153924854 0.015263328566839408 -0.0052280268819839826 -0.00020198866746659052
leaf_weight=5332 815 9379 7663 2871 7845 2297 6021 546 3124 15812 961 7031 73967 3656 712 443 6301 1394 4978 5275 17761 5185 37407 1114 1117 2585 6900 8040 225 2029
leaf_count=5332 815 9379 7663 2871 7845 2297 6021 546 3124 15812 961 7031 73967 3656 712 443 6301 1394 4978 5275 17761 5185 37407 1114 1117 2585 6900 8040 225 2029
internal_value=0.000366967 0.00155936 0.00194989 -0.00132076 -0.000935225 0.00550406 0.00150125 0.00178335 0.00186392 -0.000781132 -0.00220628 -0.00129555 -0.00169001 -0.00525848 0.00788046 0.00238826 0.00228793 0.00270053 0.00162959 0.00477116 0.00601701 -0.00337659 0.0026372 0.00587652 0.00698817 0.00201805 0.00944936 0.00902989 0.0171091 0.00767172
internal_weight=248786 145787 136408 102999 97667 5168 126841 120820 120274 19897 16773 92499 84654 10687 9567 100377 99709 92046 60680 31366 26091 10163 50517 13110 11996 3979 8017 8855 668 19790
internal_count=248786 145787 136408 102999 97667 5168 126841 120820 120274 19897 16773 92499 84654 10687 9567 100377 99709 92046 60680 31366 26091 10163 50517 13110 11996 3979 8017 8855 668 19790
cat_boundaries=0 1 2 3 4 5
cat_threshold=40 134 132 160 6
is_linear=0
shrinkage=0.05


Tree=68
num_leaves=31
num_cat=3
split_feature=0 4 7 6 4 8 8 10 0 0 7 8 10 10 7 10 6 7 9 0 8 8 10 10 7 9 8 4 12 2
split_gain=183.472 114.348 81.0955 86.6289 75.4264 74.3503 101.931 71.855 62.3223 59.2537 89.1094 80.5424 63.5989 58.0643 68.1508 70.9359 68.7552 73.0267 95.102 113.849 87.5859 62.4525 58.3451 86.7026 67.3096 56.5837 56.1601 54.9469 54.2115 53.5881
threshold=24.500000000000004 0 19.500000000000004 1.0000000180025095e-35 1 25.250000000000004 25.650000000000002 21.740000000000006 17.500000000000004 42.500000000000007 14.500000000000002 26.150000000000002 43.525000000000013 17.925000000000004 20.500000000000004 84.860000000000014 1.5000000000000002 18.500000000000004 -82.549999999999983 8.5000000000000018 28.250000000000004 26.250000000000004 45.480000000000011 42.845000000000006 15.500000000000002 -82.749999999999986 27.950000000000003 2 3.5000000000000004 1.0000000180025095e-35
decision_type=2 9 2 2 9 2 2 8 2 2 2 2 8 8 2 10 2 2 2 2 2 2 10 10 2 2 2 9 10 2
left_child=5 9 4 -4 -3 -1 7 8 -7 12 -11 -12 -2 -8 15 16 17 -15 19 -19 -21 -16 23 27 -24 -13 -17 -18 29 -6
right_child=1 2 3 -5 28 6 13 -9 -10 10 11 25 -14 14 21 26 22 18 -20 20 -22 -23 24 -25 -26 -27 -28 -29 -30 -31
leaf_value=-0.014518889552544323 0.013892321642708616 -0.0059221410242138008 -0.010783508937569453 0.00066333857369018647 0.0022906407791299268 0.0077750739006815289 -0.0094188246170846326 -0.0013513628112032273 0.033583536017749709 0.0029723811118648417 0.00044783160554215943 0.011992267852728444 -0.0031925469650931682 -0.0053936509618860212 -0.033361303797565571 -0.0023962906689818822 0.025455681789574761 -0.044531705549245175 -0.0094240891887583458 -0.00099687621842212701 0.015414925866351049 -0.0077496390721025765 0.0039435708777337819 0.020825585974070651 -0.016496022782399589 0.031152297198763626 -0.015849499370176545 0.0045611489302673112 -0.023152243440183986 -0.0012935203574028443
leaf_weight=3389 2775 3264 7240 13024 116309 1654 10002 1961 921 2464 766 678 3635 20193 694 5810 419 256 2275 1231 2474 5152 4230 1403 1909 2057 3429 9624 653 18895
leaf_count=3389 2775 3264 7240 13024 116309 1654 10002 1961 921 2464 766 678 3635 20193 694 5810 419 256 2275 1231 2474 5152 4230 1403 1909 2057 3429 9624 653 18895
internal_value=0.000358125 0.00126739 0.000907437 -0.00204696 0.00133795 -0.00166935 -0.00133542 0.00591729 0.0113926 0.00589351 0.00948117 0.014597 0.00255452 -0.0018123 -0.00121555 -0.000652423 0.000183991 -0.00142781 0.00329811 0.00797028 0.0102153 -0.00633538 0.00260585 0.00471369 -0.00132542 0.0185974 -0.00463293 0.00307868 0.00151865 0.00158859
internal_weight=248786 171760 159385 20264 139121 77026 73637 4536 2575 12375 5965 3501 6410 69101 59099 53253 44014 26429 6236 3961 3705 5846 17585 11446 6139 2735 9239 10043 135857 135204
internal_count=248786 171760 159385 20264 139121 77026 73637 4536 2575 12375 5965 3501 6410 69101 59099 53253 44014 26429 6236 3961 3705 5846 17585 11446 6139 2735 9239 10043 135857 135204
cat_boundaries=0 1 2 3
cat_threshold=40 64 32
is_linear=0
shrinkage=0.05


Tree=69
num_leaves=31
num_cat=4
split_feature=0 4 11 8 8 4 8 11 5 7 8 0 0 8 11 0 4 8 7 11 8 11 4 8 5 0 7 11 0 11
split_gain=163.427 106.812 78.4473 67.6997 88.5968 64.3053 63.3626 86.4521 76.4776 139.527 95.7132 128.411 83.6652 178.383 135.808 82.8323 88.6215 80.063 67.8479 66.6162 92.4181 65.9211 64.52 62.7617 60.6045 58.4534 83.4718 81.3953 57.9021 57.6826
threshold=24.500000000000004 0 47.680000000000007 25.250000000000004 25.650000000000002 1 26.350000000000005 96.885000000000005 2.5000000000000004 13.500000000000002 26.450000000000003 42.500000000000007 49.500000000000007 27.850000000000005 92.160000000000011 63.500000000000007 2 26.750000000000004 16.500000000000004 108.05500000000002 24.650000000000002 127.40000000000002 3 28.850000000000005 3.5000000000000004 42.500000000000007 14.500000000000002 132.69000000000003 63.500000000000007 80.870000000000019
decision_type=2 9 8 2 2 9 2 8 2 2 2 2 2 2 8 2 9 2 2 8 2 8 9 2 2 2 2 8 2 10
left_child=3 25 -3 -1 24 -4 7 -7 12 17 11 -11 14 15 23 16 -14 21 -16 -9 -21 -10 -22 -8 -5 -2 -27 28 -28 -12
right_child=1 2 5 4 -6 6 8 19 9 10 29 -13 13 -15 18 -17 -18 -19 -20 20 22 -23 -24 -25 -26 26 27 -29 -30 -31
leaf_value=-0.013792945074917108 0.0040629399983796331 -0.0077143724061821579 -0.0056253343695988889 -0.0015518218971538379 -0.0029600408554293803 -0.0072606261778048083 -0.001123541673398032 0.0078733477854357591 0.0046360600912352277 0.0046548741461230675 0.0012253617358514825 0.024314162257382501 0.0087232891501034977 -0.00092993459684214135 -0.0076539410742428428 0.0019072278907935392 -0.002794798968682777 -0.0084608367005906803 -0.00041957075452536685 -0.022315908193467585 0.0088041667929991806 -0.0063822753032603437 -0.0013912698282149806 0.010514539156419644 0.017452612847009431 0.002823762056271573 0.027531547417940061 -0.0014705494695881783 -0.0057781266279048008 0.010038766462725592
leaf_weight=3389 6410 6609 3271 1890 69101 10842 3880 6687 6366 1091 5723 1290 8729 16341 12430 8864 1327 4125 15522 829 4112 2513 17414 6180 2646 2464 2554 728 219 15240
leaf_count=3389 6410 6609 3271 1890 69101 10842 3880 6687 6366 1091 5723 1290 8729 16341 12430 8864 1327 4125 15522 829 4112 2513 17414 6180 2646 2464 2554 728 219 15240
internal_value=0.000354507 0.00121267 0.000864778 -0.00155901 -0.00124038 0.00109565 0.00124762 -0.000458716 0.00186854 0.00374333 0.00605464 0.0155374 0.000938144 0.00269201 -0.000689075 0.00599577 0.00909994 -0.000407254 -0.00248194 0.000963789 -0.000346524 0.00226685 0.00028789 0.00428997 0.00552134 0.00568374 0.00924686 0.0141982 0.018092 0.00497068
internal_weight=248786 171760 159385 77026 73637 152776 149505 39884 109621 36348 23344 2381 73273 35261 38012 18920 10056 13004 27952 29042 22355 8879 21526 10060 4536 12375 5965 3501 2773 20963
internal_count=248786 171760 159385 77026 73637 152776 149505 39884 109621 36348 23344 2381 73273 35261 38012 18920 10056 13004 27952 29042 22355 8879 21526 10060 4536 12375 5965 3501 2773 20963
cat_boundaries=0 1 2 3 4
cat_threshold=40 64 2 132
is_linear=0
shrinkage=0.05


Tree=70
num_leaves=31
num_cat=4
split_feature=4 0 1 4 10 8 2 0 0 9 7 10 9 7 8 9 10 10 8 8 0 10 7 10 7 10 7 4 10 4
split_gain=135.962 106.037 92.5485 89.9035 57.7561 62.4133 55.7202 80.4878 48.8193 47.4179 136.983 65.6714 54.2012 64.0338 47.7501 47.4617 81.7221 89.8092 87.0496 64.3029 84.3138 70.5113 61.5295 97.2304 76.4556 71.1887 60.0344 59.5905 57.5662 57.3712
threshold=0 17.500000000000004 1.0000000180025095e-35 1 117.12500000000001 26.150000000000002 1.0000000180025095e-35 72.500000000000014 31.500000000000004 -80.249999999999986 13.500000000000002 19.870000000000001 -80.149999999999991 16.500000000000004 26.050000000000004 -82.34999999999998 100.98500000000001 111.38500000000002 27.750000000000004 26.150000000000002 56.500000000000007 60.355000000000011 17.500000000000004 101.42000000000002 13.500000000000002 60.355000000000011 17.500000000000004 2 89.490000000000023 3
decision_type=9 2 2 9 8 2 2 2 2 2 2 10 2 2 2 2 10 10 2 2 2 10 2 8 2 10 2 9 8 9
left_child=4 -2 3 -3 5 -1 7 8 -5 15 14 12 -12 -14 -11 16 18 26 -10 21 22 -17 24 -24 -21 27 -18 -26 -22 -19
right_child=1 2 -4 6 -6 -7 -8 -9 9 10 11 -13 13 -15 -16 19 17 29 -20 20 28 -23 23 -25 25 -27 -28 -29 -30 -31
leaf_value=-0.0029496812113412041 -0.0037413255278797132 -0.0061794627421143389 -0.0074598845188818437 0.00053770343610928253 -0.00028526675222657617 0.019042372029628309 -0.0016617387393260685 -0.0048623406452622756 -0.013981920814903638 0.00021851582883432031 -0.0074519848630122182 -0.014943768584021289 0.017819938684864003 -0.0067814489709497223 0.018665776204203954 -0.0032607582669442973 0.0062709263226489401 0.0016721410056324882 0.00068742096941085693 0.0043523653515098902 -0.0029986508278452731 0.0066694277668676973 0.0099363474258733053 -0.016595246048287084 0.015348954952580663 0.0021512744648899853 -0.0079696948614952582 0.0022211594629931056 0.009946926602474716 -0.007302985968121423
leaf_weight=944 43285 3566 9370 48794 2359 5303 29399 6216 3046 853 3205 3019 1700 1555 1641 7501 7547 14968 17850 8150 4516 4796 4700 1468 7627 1768 444 968 1559 897
leaf_count=944 43285 3566 9370 48794 2359 5303 29399 6216 3046 853 3205 3019 1700 1555 1641 7501 7547 14968 17850 8150 4516 4796 4700 1468 7627 1768 444 968 1559 897
internal_value=0.000301176 7.98576e-05 0.000571949 0.000814058 0.00646882 0.00898993 0.000966576 0.00134562 0.00157893 0.00221269 -0.000738546 -0.00348298 -0.000633694 0.00390505 0.00966454 0.00261516 0.00147446 0.00347356 -0.00080838 0.00380025 0.00502178 0.000743479 0.00632012 0.00199094 0.00776062 0.0106093 0.00779278 0.0124869 -0.000254725 0.00129449
internal_weight=249014 240408 197123 187753 8606 6247 184187 154788 148572 99778 11973 9479 6460 3255 2494 87805 44752 23856 20896 43053 30756 12297 24681 6168 18513 10363 7991 8595 6075 15865
internal_count=249014 240408 197123 187753 8606 6247 184187 154788 148572 99778 11973 9479 6460 3255 2494 87805 44752 23856 20896 43053 30756 12297 24681 6168 18513 10363 7991 8595 6075 15865
cat_boundaries=0 1 2 3 4
cat_threshold=32 64 14 138
is_linear=0
shrinkage=0.05


Tree=71
num_leaves=31
num_cat=3
split_feature=0 1 2 0 3 7 0 10 7 10 3 0 10 10 7 10 10 10 10 3 8 8 0 8 12 10 10 10 10 10
split_gain=110.682 92.3436 52.1642 71.7345 73.0658 82.2474 50.5157 62.8383 53.9624 47.5904 45.5517 49.0793 60.9093 54.0212 42.1949 51.0827 41.0568 40.9058 39.8286 66.9303 88.6711 71.1563 117.205 46.821 67.3396 49.7663 48.7087 43.5367 42.4837 61.2908
threshold=17.500000000000004 1.0000000180025095e-35 1.0000000180025095e-35 72.500000000000014 0 18.500000000000004 31.500000000000004 128.71500000000003 18.500000000000004 11.955000000000002 1 49.500000000000007 94.710000000000022 100.09000000000002 20.500000000000004 13.785000000000002 14.735000000000001 99.655000000000015 17.925000000000004 2 28.950000000000003 28.150000000000002 8.5000000000000018 30.350000000000005 1.5000000000000002 19.450000000000006 96.385000000000019 15.635000000000003 32.690000000000005 24.535
decision_type=2 2 2 2 9 2 2 10 2 8 9 2 10 10 2 10 10 10 10 9 2 2 2 2 10 10 10 8 10 10
left_child=17 2 3 4 6 -6 8 9 -2 -8 11 12 -4 -13 16 -16 -10 18 19 20 21 -1 -23 25 -25 -20 28 -21 29 -27
right_child=1 -3 10 -5 5 -7 7 -9 14 -11 -12 13 -14 -15 15 -17 -18 -19 23 27 -22 22 -24 24 -26 26 -28 -29 -30 -31
leaf_value=-0.013667424390667994 -0.0015228590130843768 -0.0070689308238573115 -0.0020525429475133808 -0.0045730633018548515 0.0016924711497405378 -0.0080551882834072781 -0.0032769232899512168 -0.0049429602945639146 0.01200483768066043 0.0034063049601819276 0.0053453754777812897 0.00067193110402010705 -0.011096814566399349 0.01797851947452651 -0.016894881841999786 0.0046355818765936091 0.00032569558381054801 -0.01226499411500619 0.017939785255062901 0.0054671026798959414 -0.02943301260882758 -0.035491308271899502 0.011863994135672053 0.0097014013540666078 -0.033620673881049258 -0.0053946761844633874 0.019831228390983391 -0.0054763275663897385 -0.0079969097216169519 0.010874069446574897
leaf_weight=4846 22520 9371 18203 6337 24806 9488 3173 3385 4572 83128 5028 4163 4037 997 931 2841 2168 3363 1025 3258 1988 225 1328 4366 367 4364 759 5860 9356 2761
leaf_count=4846 22520 9371 18203 6337 24806 9488 3173 3385 4572 83128 5028 4163 4037 997 931 2841 2168 3363 1025 3258 1988 225 1328 4366 367 4364 759 5860 9356 2761
internal_value=0.00029194 0.000779399 0.00101156 0.00137519 0.00158577 -0.000454625 0.00215581 0.00277158 0.000484232 0.0030338 -0.000820026 -0.0016229 -0.0026427 0.00276596 0.00344041 -0.000793231 0.00580741 -0.00198742 -0.00154642 -0.00334285 -0.00656001 -0.00369012 0.00559821 -0.000178199 0.00424837 -0.00132695 -0.00196522 -0.000372073 -0.00253775 0.000371409
internal_weight=249014 205148 195777 163349 157012 34294 122718 89686 33032 86301 32428 27400 22240 5160 10512 3772 6740 43866 40503 17505 8387 6399 1553 22998 4733 18265 17240 9118 16481 7125
internal_count=249014 205148 195777 163349 157012 34294 122718 89686 33032 86301 32428 27400 22240 5160 10512 3772 6740 43866 40503 17505 8387 6399 1553 22998 4733 18265 17240 9118 16481 7125
cat_boundaries=0 1 2 3
cat_threshold=20 12 4
is_linear=0
shrinkage=0.05


Tree=72
num_leaves=31
num_cat=3
split_feature=11 4 11 2 4 4 11 10 7 10 9 8 7 11 11 12 10 8 10 10 11 7 9 11 8 10 7 8 8 10
split_gain=122.171 112.997 89.3509 78.3396 81.4334 73.1506 61.0255 78.5786 79.1918 80.657 76.6876 72.8811 74.5037 58.8082 98.9131 59.5729 56.1199 53.7758 53.5403 100.595 130.249 82.6061 84.7429 75.802 71.577 55.5953 51.0119 76.0449 49.2578 53.3753
threshold=47.680000000000007 0 49.585000000000008 1.0000000180025095e-35 1 2 67.915000000000006 36.655000000000008 21.500000000000004 105.16000000000001 -82.549999999999983 25.750000000000004 17.500000000000004 132.69000000000003 118.75000000000001 1.0000000180025095e-35 21.375000000000004 30.650000000000002 45.480000000000011 14.360000000000001 138.07000000000002 12.500000000000002 -80.249999999999986 128.30500000000004 25.350000000000005 1.0000000180025095e-35 11.500000000000002 25.950000000000003 24.650000000000002 88.225000000000009
decision_type=8 9 8 2 9 9 10 8 2 8 2 2 2 10 10 8 10 2 10 10 10 2 2 10 2 10 2 2 2 10
left_child=17 13 -3 4 -4 -5 7 10 11 -10 -6 12 -9 14 15 -2 -16 -1 19 20 25 23 24 -21 -23 -8 27 -13 -20 -30
right_child=1 2 3 5 6 -7 18 8 9 -11 -12 26 -14 -15 16 -17 -18 -19 28 21 -22 22 -24 -25 -26 -27 -28 -29 29 -31
leaf_value=-0.0084675486966538042 0.023979377879475284 0.018601937954632941 -0.005550738343783568 -0.0044846357292836368 -0.03259909029250161 0.004531709905061021 0.008967241457932219 -0.026068801295181743 0.0074089937290106713 -0.014276433227681152 -0.0045647541517413797 0.024853494711143044 -0.0028030963284499501 -0.010419820758624089 0.013171637605620923 0.0020265105989684786 0.027287988581683909 0.036307181622480304 0.0086492544550790928 0.00044599797048601176 0.017606864135335121 -0.0080499439225214971 -0.0051838926394323975 -0.037219314905228007 0.010661835374489082 -0.0052290530026141372 0.0028783138546637057 -0.016013320867598768 -0.002958181574648311 0.0010246451615430364
leaf_weight=11758 818 1915 5183 31834 876 6818 979 995 1583 4112 12483 358 2512 493 1024 4796 1391 221 2771 5939 1380 1448 2405 365 25282 9723 53010 2248 16628 37666
leaf_count=11758 818 1915 5183 31834 876 6818 979 995 1583 4112 12483 358 2512 493 1024 4796 1391 221 2771 5939 1380 1448 2405 365 25282 9723 53010 2248 16628 37666
internal_value=0.000274271 0.000523318 0.000312209 0.000221087 0.000642704 -0.00182867 0.000818183 -0.000238531 0.000481274 -0.00514461 -0.00372878 0.00102396 -0.00595678 0.00616952 0.00720861 0.00355619 0.0156495 -0.0046501 0.00160809 0.00284762 -0.00109163 0.00419053 0.00531309 -0.000997783 0.00612191 -0.0029593 0.00146514 -0.00535168 0.000575558 0.000243076
internal_weight=249014 237035 228513 226598 187946 38652 182763 78177 64818 5695 13359 59123 3507 8522 8029 5614 2415 11979 104586 47521 12082 35439 29135 6304 26730 10702 55616 2606 57065 54294
internal_count=249014 237035 228513 226598 187946 38652 182763 78177 64818 5695 13359 59123 3507 8522 8029 5614 2415 11979 104586 47521 12082 35439 29135 6304 26730 10702 55616 2606 57065 54294
cat_boundaries=0 1 2 3
cat_threshold=32 80 66
is_linear=0
shrinkage=0.05


Tree=73
num_leaves=31
num_cat=2
split_feature=0 1 9 12 2 0 3 7 0 7 9 8 8 7 7 12 0 8 8 7 5 9 8 7 0 3 0 9 7 6
split_gain=102.259 78.9355 46.6753 46.16 45.4069 66.7331 59.2225 68.2888 41.7594 49.0534 46.8509 83.9551 79.9157 82.8003 57.6031 56.7279 84.8908 67.7138 45.1561 45.0113 68.2126 86.0259 46.0848 41.8011 40.2101 38.9986 45.5725 78.7922 37.397 45.6849
threshold=17.500000000000004 1.0000000180025095e-35 -80.149999999999991 3.5000000000000004 1.0000000180025095e-35 72.500000000000014 0 19.500000000000004 31.500000000000004 18.500000000000004 -82.34999999999998 26.350000000000005 26.450000000000003 12.500000000000002 15.500000000000002 2.5000000000000004 55.500000000000007 28.550000000000004 26.950000000000003 15.500000000000002 2.5000000000000004 -81.549999999999983 24.650000000000002 14.500000000000002 34.500000000000007 1 49.500000000000007 -81.34999999999998 20.500000000000004 1.0000000180025095e-35
decision_type=2 2 2 10 2 2 9 2 2 2 2 2 2 2 2 8 2 2 2 2 2 2 2 2 2 9 2 2 2 2
left_child=2 3 -1 4 5 6 8 -8 9 -2 18 19 13 -13 -15 16 23 -17 -10 22 21 -21 -12 -14 -22 26 -6 -28 -11 -30
right_child=1 -3 -4 -5 25 -7 7 -9 10 28 11 12 15 14 -16 17 -18 -19 -20 20 24 -23 -24 -25 -26 -27 27 -29 29 -31
leaf_value=-0.003702983469382293 -0.0014994270248769315 -0.0065098424200885855 0.012477921553814398 -0.017386357968874933 -0.0034953780937636127 -0.0043956423948392498 0.0013772718736096313 -0.0085827876282210443 -0.013473687473924124 0.0088466319336535371 -0.013034028288154165 -0.0096389005578728874 0.0033169324905102382 0.022183361081492461 0.0075484472845206881 0.015936529523127518 -0.0025169097481624993 -0.014863288845018641 0.0015067119398859852 0.0091302945652107503 0.0076808943243309004 -0.0035795740736279669 0.0072051405424764965 0.012552184144212842 -0.0091326158891059887 0.0050905182790997655 0.01043538172451215 -0.0098280885766522282 -0.019562562375778827 0.0031202050807485286
leaf_weight=42607 22420 9371 1259 1044 22160 6325 27032 6836 710 6695 506 388 9090 1548 601 3021 4058 421 42851 3246 574 4543 8390 6078 3388 5010 3300 1843 639 3060
leaf_count=42607 22420 9371 1259 1044 22160 6325 27032 6836 710 6695 506 388 9090 1548 601 3021 4058 421 42851 3246 574 4543 8390 6078 3388 5010 3300 1843 639 3060
internal_value=0.000265035 0.000733581 -0.00192588 0.000948224 0.00100466 0.00134519 0.00154928 -0.000300992 0.00206181 0.000536193 0.00262181 0.0037373 0.00567321 0.0140754 0.0179018 0.00472705 0.003665 0.0106315 0.00144706 0.00137242 -0.000658958 0.00205796 0.00405345 0.00538279 -0.00599194 -0.000706927 -0.00145116 0.00278479 0.0033737 -0.000660555
internal_weight=249014 205148 43866 195777 194733 162420 156095 33868 122227 32814 89413 45852 25205 2537 2149 22668 19226 3442 43561 20647 11751 7789 8896 15168 3962 32313 27303 5143 10394 3699
internal_count=249014 205148 43866 195777 194733 162420 156095 33868 122227 32814 89413 45852 25205 2537 2149 22668 19226 3442 43561 20647 11751 7789 8896 15168 3962 32313 27303 5143 10394 3699
cat_boundaries=0 1 2
cat_threshold=20 12
is_linear=0
shrinkage=0.05


Tree=74
num_leaves=31
num_cat=3
split_feature=4 11 0 4 11 11 0 7 7 11 7 5 7 3 11 0 12 9 7 0 11 7 11 11 9 0 9 9 0 11
split_gain=110.5 95.4497 76.5361 72.6574 56.3322 94.9233 56.6307 69.6015 52.0009 48.1514 112.506 54.809 54.1515 71.6881 62.2254 54.2429 61.4611 54.6903 49.6849 41.3751 40.5032 70.9445 101.794 64.5761 54.6839 52.3782 39.5408 39.3616 39.8277 38.8896
threshold=0 47.680000000000007 17.500000000000004 1 132.69000000000003 118.75000000000001 46.500000000000007 14.500000000000002 18.500000000000004 138.07000000000002 14.500000000000002 3.5000000000000004 19.500000000000004 2 50.770000000000003 76.500000000000014 1.5000000000000002 -81.449999999999989 16.500000000000004 52.500000000000007 127.40000000000002 14.500000000000002 132.69000000000003 126.38500000000001 -82.049999999999983 43.500000000000007 -80.249999999999986 -80.34999999999998 35.500000000000007 97.185000000000016
decision_type=9 8 2 9 10 10 2 2 2 10 2 2 2 9 8 2 8 2 2 2 10 2 10 10 2 2 2 2 2 8
left_child=4 -2 29 -4 5 6 8 19 -1 12 -11 -12 14 -14 18 16 17 -15 -5 -8 23 -22 25 -16 -25 -23 -19 -13 -29 -3
right_child=1 2 3 9 -6 -7 7 -9 -10 10 11 27 13 15 20 -17 -18 26 -20 -21 21 22 -24 24 -26 -27 -28 28 -30 -31
leaf_value=-0.0064908374317825595 -0.0071658928646059833 0.00023373001921935812 -0.0054799432242920165 -0.0080405003101912346 -0.0094988607276003563 0.022480802675205337 0.0068498685455121062 0.025609682009258974 0.033285535168690532 0.031726907519348306 -0.025070621499437798 -0.028308017789776631 -0.0091920534353698187 -0.0043741397341832133 0.0010474241795987106 -0.018430865744669057 -0.0046368094730685266 0.013868861437093339 0.025527867533265969 -0.0098183603775031884 -0.0094778214954224019 0.0068344420468301696 -0.005762134669311525 -0.016633406807385943 0.0064017594016402947 0.02678205605701214 -0.0021144203633767233 0.014773297534719721 -0.0063077255411640113 -0.0054042656480405077
leaf_weight=2640 11895 17111 3520 431 493 2415 677 1173 336 686 379 242 7527 2621 137729 693 5789 5184 1491 872 4252 1049 1704 214 10751 574 1341 1373 505 23347
leaf_count=2640 11895 17111 3520 431 493 2415 677 1173 336 686 379 242 7527 2621 137729 693 5789 5184 1491 872 4252 1049 1704 214 10751 574 1341 1373 505 23347
internal_value=0.000259413 5.98932e-05 0.00028728 0.000711722 0.00581962 0.0068263 0.00329362 0.00849195 -0.00147354 0.000847715 0.00693271 0.0019729 0.000740516 -0.00151738 0.00107108 0.000415389 0.00105386 0.00360419 0.00998965 0.00150738 0.000960757 -0.00260245 0.00286185 0.00114254 0.00483371 0.0117881 0.00605203 0.00511737 0.00757415 -0.00168528
internal_weight=249014 240408 228513 188055 8606 8113 5698 2722 2976 184535 3185 2499 181350 23155 158195 15628 14935 9146 1922 1549 156273 7579 3327 148694 10965 1623 6525 2120 1878 40458
internal_count=249014 240408 228513 188055 8606 8113 5698 2722 2976 184535 3185 2499 181350 23155 158195 15628 14935 9146 1922 1549 156273 7579 3327 148694 10965 1623 6525 2120 1878 40458
cat_boundaries=0 1 2 3
cat_threshold=32 64 10
is_linear=0
shrinkage=0.05


Tree=75
num_leaves=31
num_cat=5
split_feature=4 0 3 4 7 11 11 10 9 0 12 9 10 0 10 12 0 3 2 4 0 9 7 12 11 10 0 9 9 9
split_gain=92.6998 89.7957 76.3328 89.5583 77.8802 52.6933 58.8138 50.9842 43.7557 46.529 41.8836 45.9884 41.1882 38.4171 38.4108 36.2527 36.6421 58.8345 56.0303 45.2864 42.52 42.7886 64.2813 111.408 68.6869 58.3486 37.6445 36.0653 34.6657 73.4643
threshold=0 18.500000000000004 1 2 19.500000000000004 137.08500000000001 93.055000000000021 120.88500000000002 -80.34999999999998 53.500000000000007 1.5000000000000002 -86.149999999999991 74.875000000000014 42.500000000000007 90.50500000000001 -1.0000000180025095e-35 49.500000000000007 3 1.0000000180025095e-35 4 68.500000000000014 -82.749999999999986 15.500000000000002 6.5000000000000009 104.13000000000001 107.91500000000001 56.500000000000007 -87.249999999999986 -85.249999999999986 -82.749999999999986
decision_type=9 2 9 9 2 10 8 10 2 2 10 2 10 2 8 8 2 9 2 9 2 2 2 8 8 8 2 2 2 2
left_child=-1 7 3 13 5 6 8 10 9 -4 28 -12 -8 -3 -15 -5 18 -18 27 -20 21 25 23 26 -24 -19 -23 -17 -2 -30
right_child=1 2 4 15 -6 -7 12 -9 -10 -11 11 -13 -14 14 -16 16 17 20 19 -21 -22 22 24 -25 -26 -27 -28 -29 29 -31
leaf_value=0.0052809848647410009 0.0019272676025732683 -0.019219989021854289 0.0077234141678436787 -0.006537628239604576 -0.0096456814061647751 0.023063057191364235 -0.0029427037108766818 -0.023651503610111126 -0.008401341797422468 -0.0087307108990381192 -0.036812964977959342 -0.0061661864970398387 -0.018221227766794579 0.00254230272325513 -0.0065112667435960336 0.018384654913206067 0.013991537340331562 0.0059053082023067917 0.011026484023125961 -0.0031413856102833651 -0.0008756527202224085 0.0044261027711721473 0.0058108178047599603 0.014765421786571455 -0.001986106469129556 -0.024573479528577205 -5.422010712585746e-06 0.001819666406765741 -0.016930881144245902 -0.0023962703871507787
leaf_weight=24373 10274 920 9250 2713 8490 363 13652 1072 2207 1285 637 1537 1394 929 1410 1035 1733 4879 1027 18637 9947 7381 4442 2862 10045 356 7766 67282 2948 28536
leaf_count=24373 10274 920 9250 2713 8490 363 13652 1072 2207 1285 637 1537 1394 929 1410 1035 1733 4879 1027 18637 9947 7381 4442 2862 10045 356 7766 67282 2948 28536
internal_value=0.000284291 -3.31068e-05 0.00046635 0.00098686 -0.00156979 -0.000303611 -0.000553997 -0.00203048 0.00194479 0.00328592 -0.00176596 -0.00851648 -0.00267003 -0.00718207 -0.00376756 0.00117788 0.0012911 0.00238057 0.000679047 -0.00167226 0.0020483 0.00281524 0.00213807 0.00413175 -0.00034145 0.00700667 0.00241802 0.00135598 -0.00141256 -0.00223535
internal_weight=249382 225009 180005 143364 36641 28151 27788 45004 12742 10535 43932 2174 15046 3259 2339 140105 137392 49411 87981 19664 47678 37731 32496 18009 14487 5235 15147 68317 41758 31484
internal_count=249382 225009 180005 143364 36641 28151 27788 45004 12742 10535 43932 2174 15046 3259 2339 140105 137392 49411 87981 19664 47678 37731 32496 18009 14487 5235 15147 68317 41758 31484
cat_boundaries=0 1 2 3 4 5
cat_threshold=160 20 64 16 8
is_linear=0
shrinkage=0.05


Tree=76
num_leaves=31
num_cat=4
split_feature=0 4 1 4 8 12 8 4 10 10 7 8 0 12 11 8 8 0 10 8 0 3 10 10 0 10 8 0 11 0
split_gain=83.6543 73.3683 71.524 60.2271 57.5185 53.0015 52.6119 65.4834 63.0632 62.2153 85.8465 89.6671 91.0986 70.6108 58.7384 64.5106 57.8096 110.278 128.41 77.0978 77.7285 52.9632 48.4326 87.4281 82.4195 56.1236 44.4129 73.011 44.1543 94.2982
threshold=18.500000000000004 0 1.0000000180025095e-35 1 28.850000000000005 3.5000000000000004 26.350000000000005 2 7.0600000000000014 54.690000000000005 12.500000000000002 26.450000000000003 43.500000000000007 -1.0000000180025095e-35 102.75000000000001 26.150000000000002 27.450000000000003 49.500000000000007 105.16000000000001 27.550000000000004 49.500000000000007 3 18.665000000000003 44.545000000000009 45.500000000000007 130.96000000000001 26.450000000000003 34.500000000000007 108.48500000000001 30.500000000000004
decision_type=2 9 2 9 2 10 2 9 10 8 2 2 2 8 10 2 2 2 8 2 2 9 8 8 2 10 2 2 10 2
left_child=-1 -2 3 4 22 6 7 8 -5 10 -8 12 -12 -11 15 -9 17 21 -19 20 -18 -15 -3 26 -25 -26 27 -24 29 -16
right_child=1 2 -4 5 -6 -7 9 14 -10 13 11 -13 -14 16 28 -17 19 18 -20 -21 -22 -23 23 24 25 -27 -28 -29 -30 -31
leaf_value=-0.0026531754022696588 -0.0058694613958240717 -0.012340057775989788 -0.0058836971562905129 0.012102115203484854 0.029572625668764375 -0.01810445076411198 -0.0013063346216953598 -0.0029868049196044135 -0.00067855619110552829 -0.014119752668673602 0.0070874321619768038 0.0048507394521053911 0.019426196217315762 0.017412524540113772 -0.012663376480974309 -0.013564961422467282 -0.024383971542551033 -0.012484324665851254 0.012153354796872497 0.00058325291524941036 -0.00048411239226782145 -0.0039786189078490517 0.0089077271991673257 -0.0064198885600978972 0.011299947781768793 -0.010763057077843996 0.011763422626947052 0.046742340360504245 -0.0011737968087904172 0.011415958893443358
leaf_weight=48332 3557 633 9401 4275 643 1028 10354 22647 5215 1307 1683 36954 1198 1445 820 3571 1347 1041 4755 62665 1894 6008 406 2054 2069 538 1030 634 7829 4049
leaf_count=48332 3557 633 9401 4275 643 1028 10354 22647 5215 1307 1683 36954 1198 1445 820 3571 1347 1041 4755 62665 1894 6008 406 2054 2069 538 1030 634 7829 4049
internal_value=0.000260233 0.000709241 0.000837666 0.00105049 0.0052884 0.000861442 0.000926748 -0.000481246 0.0032387 0.0014484 0.00282974 0.0038838 0.012366 0.000586539 -0.00138946 -0.00274135 0.00077749 0.00378988 0.00895625 0.00017143 -0.0073362 -0.00023449 0.00402766 0.0052737 0.0014665 0.00735575 0.0137981 0.0210476 0.00140069 0.00513425
internal_weight=249382 201050 197493 188092 8007 180085 179057 48406 9490 130651 50189 39835 2881 80462 38916 26218 79155 13249 5796 65906 3241 7453 7364 6731 4661 2607 2070 1040 12698 4869
internal_count=249382 201050 197493 188092 8007 180085 179057 48406 9490 130651 50189 39835 2881 80462 38916 26218 79155 13249 5796 65906 3241 7453 7364 6731 4661 2607 2070 1040 12698 4869
cat_boundaries=0 1 2 3 4
cat_threshold=64 32 140 10
is_linear=0
shrinkage=0.05


Tree=77
num_leaves=31
num_cat=3
split_feature=4 0 3 4 10 11 11 8 10 8 8 11 10 10 11 11 10 8 8 0 10 10 11 0 0 12 8 11 11 8
split_gain=76.7545 73.2584 64.7892 74.9825 50.0861 45.4043 48.6633 52.5331 67.4887 62.473 44.7014 71.2992 64.7746 73.241 90.0408 69.9651 65.9444 56.4711 100.276 64.9348 53.4447 61.3549 52.7943 41.277 40.6719 40.157 45.7876 62.6737 40.0297 39.2476
threshold=0 18.500000000000004 1 2 120.88500000000002 137.08500000000001 93.055000000000021 25.650000000000002 15.635000000000003 26.550000000000004 26.350000000000005 94.585000000000022 46.535000000000004 17.925000000000004 80.870000000000019 67.445000000000007 36.195000000000007 27.150000000000002 27.450000000000003 49.500000000000007 1.0000000180025095e-35 9.0800000000000018 84.305000000000021 42.500000000000007 53.500000000000007 1.5000000000000002 24.750000000000004 107.64000000000001 53.870000000000012 30.050000000000004
decision_type=9 2 9 9 10 10 8 2 10 2 2 8 10 10 10 10 10 2 2 2 8 8 10 2 2 10 2 10 10 2
left_child=-1 4 5 -4 25 6 7 8 -3 -9 11 23 13 20 15 16 -15 -14 19 -19 -12 -22 -16 -5 -11 26 27 -2 -18 -20
right_child=1 2 3 10 -6 -7 -8 9 -10 24 12 -13 17 14 22 -17 28 18 29 -21 21 -23 -24 -25 -26 -27 -28 -29 -30 -31
leaf_value=0.0047418280478722435 -0.026042567780174598 0.042536136913822992 -0.0061047579902242972 -0.0049567022167452237 -0.022336269659492116 0.019194896109203753 -0.0058496594707126096 -0.0091484606116462707 -0.0028923155688024061 0.0046625481127525962 0.022587525711001047 0.0010961222144937556 -0.0081335123659096453 -0.010091922565445355 0.030612017999747998 -0.018238324916757698 -0.0029860944706193941 0.0028510999038447783 -0.00015557267874140025 0.014117078172241594 -0.010823917401754724 0.0019371277800055875 0.0082582250472918346 -0.017831261469099413 -0.0092961188430147786 -0.012825738014674661 -0.0015939665401523584 0.0039626395852232045 0.015013157728016681 0.0072359373106128727
leaf_weight=24373 864 656 3259 6324 1072 504 18117 4566 747 8915 686 25324 4178 1634 415 999 768 1386 43991 1718 2059 26082 18327 1819 1502 2174 40310 584 1423 4606
leaf_count=24373 864 656 3259 6324 1072 504 18117 4566 747 8915 686 25324 4178 1634 415 999 768 1386 43991 1718 2059 26082 18327 1819 1502 2174 40310 584 1423 4606
internal_value=0.000244595 -4.42165e-05 0.000406911 0.000872995 -0.00184831 -0.00152311 -0.00174282 0.000231764 0.00944798 -0.000636964 0.00104579 -0.000551125 0.0015395 0.00280232 0.00486936 -0.00122052 0.00186441 0.000355168 0.000807372 0.00950546 0.00111142 0.000772619 0.00643665 -0.00461793 0.00150091 -0.00158618 -0.00124018 -0.00994513 0.00751931 0.000249964
internal_weight=249382 225009 180005 144998 45004 35007 34503 16386 1403 14983 141739 33467 108272 52393 23566 4824 3825 55879 51701 3104 28827 28141 18742 8143 10417 43932 41758 1448 2191 48597
internal_count=249382 225009 180005 144998 45004 35007 34503 16386 1403 14983 141739 33467 108272 52393 23566 4824 3825 55879 51701 3104 28827 28141 18742 8143 10417 43932 41758 1448 2191 48597
cat_boundaries=0 1 2 3
cat_threshold=160 10 64
is_linear=0
shrinkage=0.05


Tree=78
num_leaves=31
num_cat=2
split_feature=11 11 10 11 10 11 8 10 7 0 8 11 11 4 11 7 7 9 9 0 9 8 11 11 10 7 7 4 11 8
split_gain=73.2778 71.6221 66.0146 200.801 112.724 150.04 133.152 110.368 103.94 69.712 125.22 118.74 102.083 73.7794 69.9454 93.8144 76.2534 86.4027 83.0833 69.0858 67.9917 67.3926 66.5165 61.3145 61.2874 75.8395 80.3451 58.2597 59.8754 63.02
threshold=47.250000000000007 49.585000000000008 14.360000000000001 138.07000000000002 45.990000000000002 80.870000000000019 26.150000000000002 15.545000000000002 12.500000000000002 49.500000000000007 28.150000000000002 108.05500000000002 107.64000000000001 0 90.350000000000009 20.500000000000004 18.500000000000004 -82.449999999999989 -80.149999999999991 8.5000000000000018 -81.449999999999989 28.350000000000005 127.40000000000002 62.915000000000006 127.87500000000001 16.500000000000004 17.500000000000004 1 97.185000000000016 27.350000000000005
decision_type=8 8 8 10 8 10 2 10 2 2 2 10 10 9 8 2 2 2 2 2 2 2 10 10 10 2 2 9 10 2
left_child=-1 -2 3 -3 5 7 -7 -4 22 11 -11 12 14 24 -6 16 18 19 -16 -18 -9 -21 -8 -22 25 -13 -27 -10 29 -29
right_child=1 2 4 -5 9 6 8 20 27 10 -12 13 -14 -15 15 -17 17 -19 -20 21 23 -23 -24 -25 -26 26 -28 28 -30 -31
leaf_value=-0.0058476813424190423 0.015205978020458888 -0.0051237573062321573 0.014573250715077491 0.018635935694337569 0.0036342854684488835 -0.0044031836269278202 0.0026593829474975909 -0.013381174330926627 0.022119648315143171 0.002279189087520006 -0.0038167679341628794 -0.011727309742864511 0.013545839430368113 0.0072478159430882988 -0.0036058109710497277 -0.011170940735885449 -0.029592235236618827 -0.0042480299993771457 0.015029718805243243 0.0057929151571031847 0.0095715373132561517 0.013495061522815011 -0.017734428358865274 -0.0039397702733038999 0.0048802773222453855 0.0039603513927750633 -0.020414870628019968 -0.0059757372819641665 0.0056047324211136564 0.014774585788101736
leaf_weight=11648 2360 18191 2660 1704 18461 5599 5157 3767 2521 40190 8431 9562 2241 1606 40011 6353 334 5209 1937 6089 2174 2768 1589 12113 1244 2836 1008 762 22844 8013
leaf_count=11648 2360 18191 2660 1704 18461 5599 5157 3767 2521 40190 8431 9562 2241 1606 40011 6353 334 5209 1937 6089 2174 2768 1589 12113 1244 2836 1008 762 22844 8013
internal_value=0.000233368 0.000423144 0.000336047 -0.00241899 0.000590517 0.00228913 0.00386601 -0.00124976 0.00485622 -0.000179378 0.00137258 -0.0009366 -0.000174433 -0.00484446 -0.000465678 -0.00126214 -0.000612158 0.00252602 -0.00168979 0.00543963 -0.00265168 0.00628736 -0.000814091 -0.00107365 -0.00595774 -0.00694693 -0.00101194 0.00597657 0.00538418 0.00889585
internal_weight=249382 237734 235374 19895 215479 67199 46485 20714 40886 148280 48621 99659 83403 16256 81162 62701 56348 14400 41948 9191 18054 8857 6746 14287 14650 13406 3844 34140 31619 8775
internal_count=249382 237734 235374 19895 215479 67199 46485 20714 40886 148280 48621 99659 83403 16256 81162 62701 56348 14400 41948 9191 18054 8857 6746 14287 14650 13406 3844 34140 31619 8775
cat_boundaries=0 1 2
cat_threshold=102 32
is_linear=0
shrinkage=0.05


Tree=79
num_leaves=31
num_cat=3
split_feature=0 4 1 8 12 8 0 0 8 10 11 11 4 8 10 10 10 11 8 4 8 10 2 10 0 0 10 11 10 11
split_gain=67.4213 65.0238 60.0299 54.1038 51.8439 44.652 77.5899 60.0419 100.171 68.1963 61.2176 63.2868 58.9922 56.7467 64.3348 52.6642 69.9153 50.8856 48.9471 48.685 46.0026 45.9755 44.9591 43.1443 67.4709 41.7734 41.6423 40.3639 40.2997 39.9856
threshold=18.500000000000004 0 1.0000000180025095e-35 28.950000000000003 3.5000000000000004 28.850000000000005 63.500000000000007 49.500000000000007 28.150000000000002 97.470000000000013 106.99500000000002 108.48500000000001 1 25.950000000000003 18.665000000000003 107.355 110.94000000000001 118.75000000000001 26.750000000000004 2 27.650000000000002 115.06500000000001 1.0000000180025095e-35 90.02500000000002 29.500000000000004 39.500000000000007 105.16000000000001 108.05500000000002 124.43000000000002 66.040000000000006
decision_type=2 9 2 2 10 2 2 2 2 10 10 10 9 2 8 10 10 10 2 9 2 10 2 8 2 2 10 10 10 10
left_child=26 3 4 -2 5 7 12 9 13 10 -3 -12 -7 -9 18 17 -17 27 -15 -13 21 -18 -21 24 -14 -19 29 -11 -23 -1
right_child=1 2 -4 -5 -6 6 -8 8 -10 15 11 19 23 14 -16 16 20 25 -20 22 -22 28 -24 -25 -26 -27 -28 -29 -30 -31
leaf_value=-0.0049842154085474547 -0.0025473341910760452 -0.00086063635121984565 -0.0051732407381461787 -0.018145472465817613 -0.017326691423932949 0.027194565025692709 -0.0066669280091304021 -0.0026832748524184603 -0.0042932262374197009 -0.0034501154602284423 0.012888082672118896 0.015830574336223171 0.0015251370079273131 0.0005294827599735541 0.0033112658862224364 0.0117736639978542 0.031627381650077259 -0.021785044575189885 -0.027627333183513871 0.0031414490017096955 -5.7325257755902476e-05 -0.03154470790862645 -0.0043639791285331247 0.00028167206883749073 0.0081295540361911566 0.0042835823692954026 -0.013316575122092679 -0.021241645953140154 -0.0083455287940573438 0.00029729189799905243
leaf_weight=18474 6328 56305 9398 700 1022 628 3354 5738 3800 884 2007 2230 9879 2355 40558 1088 229 272 1067 13253 4155 943 5601 10877 14307 823 3172 2174 1075 26686
leaf_count=18474 6328 56305 9398 700 1022 628 3354 5738 3800 884 2007 2230 9879 2355 40558 1088 229 272 1067 13253 4155 943 5601 10877 14307 823 3172 2174 1075 26686
internal_value=0.000228556 0.000631652 0.000802919 -0.00408627 0.00100144 0.0010642 0.00256433 0.000658864 0.00198774 -0.000122462 0.000401733 0.00256915 0.00324781 0.00258607 0.00319618 -0.00369433 -0.00118667 -0.00820322 -0.00337995 0.00175879 -0.00318153 -0.00892778 0.000927201 0.00296867 0.00414531 0.00104072 -0.00144802 -0.0115059 -0.0113412 -0.00105822
internal_weight=249382 201050 194022 7028 184624 183602 39045 144557 53518 91039 79396 23091 35691 49718 43980 11643 7490 4153 3422 21084 6402 2247 18854 35063 24186 1095 48332 3058 2018 45160
internal_count=249382 201050 194022 7028 184624 183602 39045 144557 53518 91039 79396 23091 35691 49718 43980 11643 7490 4153 3422 21084 6402 2247 18854 35063 24186 1095 48332 3058 2018 45160
cat_boundaries=0 1 2 3
cat_threshold=80 32 32
is_linear=0
shrinkage=0.05


Tree=80
num_leaves=31
num_cat=2
split_feature=0 11 11 3 11 10 11 10 11 8 11 8 0 11 0 2 3 11 10 8 2 0 10 8 0 11 10 8 0 10
split_gain=69.3681 48.8006 72.6511 48.0791 73.4176 47.1223 131.605 76.0639 91.9242 66.9047 57.2752 86.6834 87.1678 80.7595 40.8893 40.0098 50.7723 42.3951 65.7439 39.8944 37.9766 48.2286 48.53 44.698 53.9433 107.173 37.2676 58.0234 45.7724 35.2918
threshold=18.500000000000004 48.590000000000011 49.585000000000008 0 89.720000000000013 14.360000000000001 138.07000000000002 19.450000000000006 132.69000000000003 24.650000000000002 126.38500000000001 26.450000000000003 42.500000000000007 128.30500000000004 40.500000000000007 1.0000000180025095e-35 1 67.445000000000007 99.655000000000015 30.050000000000004 1.0000000180025095e-35 71.500000000000014 25.785000000000004 30.050000000000004 28.500000000000004 89.720000000000013 4.04 26.750000000000004 33.500000000000007 17.925000000000004
decision_type=2 8 8 9 8 8 10 8 10 2 10 2 2 10 2 2 9 10 10 2 2 2 8 2 2 10 10 2 2 8
left_child=15 19 -3 4 -4 6 9 14 10 -5 20 12 -12 -13 -7 17 29 -1 -19 -2 21 22 -9 -22 -25 -26 -11 28 -28 -17
right_child=1 2 3 5 -6 7 -8 8 -10 26 11 13 -14 -15 -16 16 -18 18 -20 -21 23 -23 -24 24 25 -27 27 -29 -30 -31
leaf_value=-0.0042396102962644735 -0.0074767067508184409 0.021788725674952228 -0.0077850725411686035 -0.034387797799578748 0.0085172889980519532 0.012584972421932151 0.019999293629853823 -0.0054721740984341244 -0.0088085710059909068 0.0078574461790068117 0.004632341664661155 0.0021067103849887747 0.013531911547431542 -0.022936066360989039 0.0012542056282701442 -0.020369165508033495 0.0020246199116150444 0.0032395309379984472 -0.016725416484474297 0.0044664555107148734 -0.0040888871235575056 -0.0035761361884166123 0.0014488801575309298 -0.0040780724669405187 -0.0021097585824718657 0.035571897406945843 -0.012206437444372754 -0.013180256835350335 0.0019423599582985675 -0.0067131215856334418
leaf_weight=18300 7038 1176 1581 582 8681 6789 921 5932 2687 1462 3699 2948 2776 643 4816 1769 3313 16630 1445 2209 14805 6296 111589 1726 799 658 2191 4368 4598 7065
leaf_count=18300 7038 1176 1581 582 8681 6789 921 5932 2687 1462 3699 2948 2776 643 4816 1769 3313 16630 1445 2209 14805 6296 111589 1726 799 658 2191 4368 4598 7065
internal_value=0.000235669 0.000645338 0.0008165 0.000739674 0.00406536 0.000549902 -0.00222191 0.000785627 0.00049234 -0.00350087 0.000654789 0.00429734 0.00774865 -0.00193002 0.0046879 -0.00146089 -0.00394423 -0.000630754 0.00108654 -0.00290051 0.000395938 0.000707842 0.000936349 -0.00175019 0.00361729 0.010668 -0.00272785 -0.00371183 -0.000816297 -0.00591823
internal_weight=249492 200970 191723 190547 10262 180285 14122 166163 154558 13201 151871 10066 6475 3591 11605 48522 12147 36375 18075 9247 141805 123817 117521 17988 3183 1457 12619 11157 6789 8834
internal_count=249492 200970 191723 190547 10262 180285 14122 166163 154558 13201 151871 10066 6475 3591 11605 48522 12147 36375 18075 9247 141805 123817 117521 17988 3183 1457 12619 11157 6789 8834
cat_boundaries=0 1 2
cat_threshold=16 4
is_linear=0
shrinkage=0.05


Tree=81
num_leaves=31
num_cat=4
split_feature=4 0 3 4 8 11 8 5 8 0 8 0 11 0 9 8 8 5 11 9 3 0 11 9 9 8 9 8 0 5
split_gain=74.5218 61.0499 59.4904 53.5228 36.0094 63.6052 35.9739 64.4021 38.2867 43.1003 56.8634 47.9615 37.7844 33.3446 31.4629 32.2713 42.4242 60.3912 68.3835 61.8797 52.7619 36.9263 40.775 33.4972 30.361 30.0242 72.3007 78.0573 180.232 80.7826
threshold=0 17.500000000000004 1 2 25.250000000000004 107.64000000000001 25.650000000000002 3.5000000000000004 29.050000000000004 58.500000000000007 29.250000000000004 40.500000000000007 138.07000000000002 23.500000000000004 -80.149999999999991 25.650000000000002 30.350000000000005 3.5000000000000004 90.160000000000011 -86.949999999999989 3 6.5000000000000009 37.915000000000006 -86.249999999999986 -81.549999999999983 26.350000000000005 -82.149999999999991 27.750000000000004 50.500000000000007 3.5000000000000004
decision_type=9 2 9 9 2 10 2 2 2 2 2 2 10 2 2 2 2 2 10 2 9 2 10 2 2 2 2 2 2 2
left_child=-1 4 6 -4 5 -2 7 -3 -8 10 11 -10 24 -9 15 -6 21 18 -18 -20 -19 22 -17 -23 -12 -5 27 28 -27 -30
right_child=1 2 3 25 14 -7 8 13 9 -11 12 -13 -14 -15 -16 16 17 20 19 -21 -22 23 -24 -25 -26 26 -28 -29 29 -31
leaf_value=0.0047452940584502556 -0.023772080541457009 -0.0091571959380668307 -0.0049766243125965561 -0.00050580426050492731 0.0049543785009101178 0.0034677454525884779 -0.005228870991138646 0.041353787332147368 -0.0015704996307284614 -0.013754323532160396 0.00049212102407087961 0.016360353395166439 0.023481823993248163 0.0088769142861102601 0.013365508984508879 -0.020826929159681831 -0.0035112552947600406 -0.024957725486584571 0.021574678041261477 0.0021173120348170205 0.011474792606573025 -0.02063591674073928 -0.0054789220576363824 -0.0026847343447895969 -0.015957144966057157 -0.011058682130665654 0.0038582599899259942 0.001500898477738888 0.0037084836974615068 -0.030825167041116864
leaf_weight=24321 866 767 3282 34463 3185 671 22249 539 598 927 7866 957 335 605 1042 1764 2560 1026 1419 1228 591 1000 5099 20708 1303 8984 36713 56404 7440 580
leaf_count=24321 866 767 3282 34463 3185 671 22249 539 598 927 7866 957 335 605 1042 1764 2560 1026 1419 1228 591 1000 5099 20708 1303 8984 36713 56404 7440 580
internal_value=0.000233265 -5.08457e-05 0.000338546 0.000783036 -0.0017914 -0.00927602 -0.00147929 0.00517959 -0.00185283 0.000425142 0.00129641 0.0101278 -0.000157662 0.0126516 -0.00149879 -0.00173102 -0.00216495 0.00137548 0.00399655 0.00961611 -0.00703749 -0.00301074 -0.00620544 -0.00199834 -0.000768058 0.000926669 0.00132978 0.000423602 -0.00254496 0.00290162
internal_weight=249492 225171 184012 147866 41159 1537 36146 1911 34235 11986 11059 1555 9504 1144 39622 38580 35395 6824 5207 2647 1617 28571 6863 21708 9169 144584 110121 73408 17004 8020
internal_count=249492 225171 184012 147866 41159 1537 36146 1911 34235 11986 11059 1555 9504 1144 39622 38580 35395 6824 5207 2647 1617 28571 6863 21708 9169 144584 110121 73408 17004 8020
cat_boundaries=0 1 2 3 4
cat_threshold=160 10 64 4
is_linear=0
shrinkage=0.05


Tree=82
num_leaves=31
num_cat=2
split_feature=4 12 8 11 10 10 11 11 11 8 7 8 10 8 6 7 10 12 10 11 10 7 10 7 4 7 10 2 8 11
split_gain=67.9944 45.5754 47.2962 70.8636 58.3617 104.078 88.2791 87.5327 86.3318 83.4653 82.6317 87.4344 82.844 96.1293 88.058 73.8303 90.5349 73.9526 68.4354 66.6152 96.6358 63.6943 58.515 53.3323 51.0095 50.0052 46.5508 46.0069 45.4885 44.7559
threshold=0 2.5000000000000004 26.350000000000005 65.415000000000006 54.690000000000005 17.925000000000004 80.870000000000019 138.07000000000002 62.915000000000006 27.450000000000003 12.500000000000002 30.350000000000005 20.955000000000002 26.450000000000003 4.5000000000000009 15.500000000000002 117.12500000000001 -1.0000000180025095e-35 1.0000000180025095e-35 88.610000000000014 11.955000000000002 17.500000000000004 93.870000000000019 21.500000000000004 1 11.500000000000002 15.635000000000003 1.0000000180025095e-35 27.550000000000004 128.30500000000004
decision_type=9 10 2 8 8 10 10 10 10 2 2 2 10 2 2 2 8 8 10 10 10 2 8 2 9 2 10 2 2 10
left_child=-1 2 3 -2 5 7 8 18 21 22 29 12 28 27 -15 16 -11 -17 -4 -20 -21 -7 -6 24 -5 -24 -22 -14 -12 -8
right_child=1 -3 4 23 9 6 10 -9 -10 15 11 -13 13 14 -16 17 -18 -19 19 20 26 -23 25 -25 -26 -27 -28 -29 -30 -31
leaf_value=0.0045080293555277429 -0.0084683960804260213 -0.0098516138065677175 0.0091566663027186756 0.0066378298974175028 -0.0038846385586738031 0.0052319225903833203 -0.0010810791764296558 0.021204233823762842 -0.010755855071769061 -0.0007988914192633257 0.010326130139007718 0.017048294582466327 0.015475144297436662 0.003147725097621379 -0.021444012926910762 -0.018398110114885038 -0.0093107362734590644 0.00024729939955294713 0.0036986543607991696 -0.014256552167677761 -0.0002208117831313139 -0.011745271864313801 -0.02069054464178155 -0.014990853897852575 -0.0010843083199456593 0.0072068937418843688 -0.021235814577775972 0.0057534481425852496 0.032650283037891414 -0.03047874481581099
leaf_weight=24321 7805 3220 1264 5176 3953 7241 3794 690 3222 13746 2941 4162 1683 15094 908 999 8777 58295 5002 4151 7219 1723 601 1616 45791 12269 1155 1576 782 316
leaf_count=24321 7805 3220 1264 5176 3953 7241 3794 690 3222 13746 2941 4162 1683 15094 908 999 8777 58295 5002 4151 7219 1723 601 1616 45791 12269 1155 1576 782 316
internal_value=0.000223646 -4.77373e-05 3.80698e-05 -0.00115567 0.000484301 0.001674 0.00303553 -0.00136217 -0.000573959 -0.000274709 0.00444253 0.00544263 0.00423154 0.00290852 0.00131152 -0.000934288 -0.00337061 -8.43113e-06 -0.00200787 -0.00281975 -0.00476665 0.00195008 0.00293174 -0.000495313 -0.000210879 0.00456522 -0.00166985 0.0107219 0.0110501 -0.00216019
internal_weight=249492 225171 221951 60388 161563 62923 43442 19481 12186 98640 31256 27146 22984 19261 16002 81817 22523 59294 18791 17527 12525 8964 16823 52583 50967 12870 8374 3259 3723 4110
internal_count=249492 225171 221951 60388 161563 62923 43442 19481 12186 98640 31256 27146 22984 19261 16002 81817 22523 59294 18791 17527 12525 8964 16823 52583 50967 12870 8374 3259 3723 4110
cat_boundaries=0 1 2
cat_threshold=160 12
is_linear=0
shrinkage=0.05


Tree=83
num_leaves=31
num_cat=1
split_feature=11 11 3 11 10 11 10 11 7 8 8 8 9 11 11 7 7 10 10 8 7 9 11 8 8 10 11 10 7 8
split_gain=49.9228 69.3393 57.1227 89.0963 66.7803 150.377 77.7779 94.0646 87.0526 89.0051 50.8952 54.3279 49.8477 47.8321 47.1186 45.9661 45.9146 42.2668 41.4818 41.109 41.0383 40.9872 43.5395 40.8343 39.1672 41.9623 37.1741 93.2918 86.3636 59.6702
threshold=47.680000000000007 49.585000000000008 0 89.720000000000013 14.360000000000001 138.07000000000002 45.990000000000002 69.030000000000015 12.500000000000002 24.850000000000005 24.650000000000002 30.350000000000005 -80.249999999999986 120.57500000000002 128.30500000000004 11.500000000000002 14.500000000000002 7.0600000000000014 31.880000000000006 30.650000000000002 15.500000000000002 -86.649999999999991 101.25000000000001 26.550000000000004 24.650000000000002 77.700000000000003 90.350000000000009 85.760000000000005 20.500000000000004 27.450000000000003
decision_type=8 8 9 8 8 10 8 10 2 2 2 2 2 10 10 2 2 10 10 2 2 2 8 2 2 8 8 8 2 2
left_child=19 -2 3 -3 5 10 7 20 14 -10 -4 -12 -11 24 15 18 -7 -18 -9 -1 -6 -5 -23 -17 25 -8 -26 -28 29 -29
right_child=1 2 4 21 6 16 13 8 9 12 11 -13 -14 -15 -16 23 17 -19 -20 -21 -22 22 -24 -25 26 -27 27 28 -30 -31
leaf_value=-0.0055795039264280536 0.015619782748379052 -0.0082918709037719477 -0.030897198414282026 0.023643274941423178 0.0048564266119567106 0.028424612035781529 0.0082360870326634757 0.0057422086410831245 -0.014596740431625666 0.0073844114724284987 -0.0032946081345845537 -0.020061891913183683 -0.0028998264987750489 -0.0069119397743038664 -0.019900890777140967 -0.040491224915429759 0.015146300157472314 -0.0075116297143278839 -0.013917112569418855 0.03426392640633269 -0.004737465444598233 -0.0039278348569634861 0.0082778113978486442 -0.0038862462798847199 0.0024706965429743379 -0.02320901923082519 -0.0078905386969234225 0.0026892808340582166 -0.0096565300558720604 -0.00079816523514182342
leaf_weight=11731 1903 2092 643 1245 3750 560 3436 4428 1522 35174 14776 1655 2507 2868 676 345 527 554 588 228 12475 2066 8007 2169 22227 258 11620 34660 6358 58444
leaf_count=11731 1903 2092 643 1245 3750 560 3436 4428 1522 35174 14776 1655 2507 2868 676 345 527 554 588 228 12475 2066 8007 2169 22227 258 11620 34660 6358 58444
internal_value=0.000214026 0.000372775 0.00029579 0.0034624 0.000104392 -0.002753 0.000367295 0.00181635 0.0029408 0.00392089 -0.00414423 -0.00359771 0.00440025 -0.000292034 -0.00174051 -0.000596817 0.0116596 0.00554537 0.00216872 -0.00293675 -0.00146905 0.00521716 0.00415055 -0.00610143 -0.000158014 0.00491361 -0.000298907 -0.000672416 -0.000176934 0.000208347
internal_weight=249492 237533 235630 13410 222220 18715 203505 63634 47409 39203 17074 16431 37681 139871 8206 7530 1641 1081 5016 11959 16225 11318 10073 2514 137003 3694 133309 111082 99462 93104
internal_count=249492 237533 235630 13410 222220 18715 203505 63634 47409 39203 17074 16431 37681 139871 8206 7530 1641 1081 5016 11959 16225 11318 10073 2514 137003 3694 133309 111082 99462 93104
cat_boundaries=0 1
cat_threshold=16
is_linear=0
shrinkage=0.05


Tree=84
num_leaves=31
num_cat=2
split_feature=4 0 4 8 8 11 7 10 10 11 10 12 8 0 10 8 0 7 8 0 0 0 11 11 10 10 8 11 7 0
split_gain=63.2127 53.8204 58.2788 49.0009 39.424 62.2137 50.7886 43.3232 62.6812 67.0377 61.862 55.7867 51.4614 75.7831 105.662 58.5982 46.9188 44.9494 56.74 98.3689 39.1659 42.0381 51.8615 71.5958 50.8828 35.0125 34.405 60.797 33.6246 33.5544
threshold=0 17.500000000000004 1 28.950000000000003 26.350000000000005 65.415000000000006 14.500000000000002 1.0000000180025095e-35 11.955000000000002 138.07000000000002 54.690000000000005 -1.0000000180025095e-35 27.450000000000003 49.500000000000007 101.42000000000002 27.550000000000004 50.500000000000007 12.500000000000002 26.450000000000003 43.500000000000007 24.500000000000004 67.500000000000014 100.41500000000001 59.440000000000005 23.875000000000004 128.71500000000003 25.250000000000004 107.64000000000001 21.500000000000004 33.500000000000007
decision_type=9 2 9 2 2 8 2 8 8 10 8 8 2 2 8 2 2 2 2 2 2 2 10 10 10 10 2 10 2 2
left_child=25 26 3 -3 5 6 -4 -6 9 -9 17 -12 13 29 -15 16 -14 -10 19 -19 -20 22 23 -22 -24 -1 27 -2 -7 -13
right_child=1 2 4 -5 7 28 -8 8 10 -11 11 12 15 14 -16 -17 -18 18 20 -21 21 -23 24 -25 -26 -27 -28 -29 -30 -31
leaf_value=0.0048070680455904128 -0.022296946464706837 -0.0024999780061978785 0.0051564795833998651 -0.016326450695825303 0.017911340071141747 0.00033111042970217501 -0.011535796661684739 -0.007842751208865106 -0.00076992651928611269 0.024464120648551281 -0.013533451937678454 0.0074649995895881734 -0.018235651818757283 -0.013340822692328391 0.010468850190505564 0.00019611964329131483 -0.0003301063633164958 0.0043199310155789044 -0.0016532588846228436 0.017047802597224139 -0.00091881506732480753 -0.0050269864134516954 0.0038644797814988865 0.010157185695253902 -0.010472690657765904 -0.010548025627254987 -0.0023707676243927001 0.0035133040026855689 -0.011270487025992072 -0.0043587322690494812
leaf_weight=23241 866 6365 1232 732 910 39809 4811 4983 8447 268 1374 3834 1628 917 4211 63314 1584 1584 5649 967 3703 1892 4743 13155 2106 1080 39622 671 1376 4418
leaf_count=23241 866 6365 1232 732 910 39809 4811 4983 8447 268 1374 3834 1628 917 4211 63314 1584 1584 5649 967 3703 1892 4743 13155 2106 1080 39622 671 1376 4418
internal_value=0.000194387 -6.72762e-05 0.000298334 -0.00413798 0.000476729 -0.000759981 -0.00549314 0.000927161 0.000849853 -0.00449534 0.00107742 0.000270636 0.000442965 0.0032711 0.00803815 -0.000126247 -0.00670391 0.00262921 0.00344435 0.0106013 0.00285687 0.00368816 0.00426066 0.00575053 0.000590465 0.00261493 -0.00170152 -0.00901745 -6.43282e-05 0.00030259
internal_weight=249492 225171 184012 7097 176915 47228 6043 129687 128777 5251 123526 81280 79906 13380 5128 66526 3212 42246 33799 2551 31248 25599 23707 16858 6849 24321 41159 1537 41185 8252
internal_count=249492 225171 184012 7097 176915 47228 6043 129687 128777 5251 123526 81280 79906 13380 5128 66526 3212 42246 33799 2551 31248 25599 23707 16858 6849 24321 41159 1537 41185 8252
cat_boundaries=0 1 2
cat_threshold=160 80
is_linear=0
shrinkage=0.05


Tree=85
num_leaves=31
num_cat=3
split_feature=7 11 4 2 4 10 12 11 4 11 10 9 11 9 9 10 11 10 12 10 10 10 10 11 10 11 8 9 9 11
split_gain=66.205 102.398 50.0797 52.7066 74.0585 52.2678 49.0742 51.4346 58.1882 48.7764 49.6919 65.5621 83.7679 50.0547 48.8642 53.5095 45.7586 41.805 35.5435 35.239 45.6256 44.9635 51.1247 37.9824 35.6807 31.9997 31.2827 30.7115 29.4898 62.2779
threshold=20.500000000000004 47.250000000000007 0 1.0000000180025095e-35 1 128.71500000000003 2.5000000000000004 52.085000000000008 2 89.165000000000006 10.200000000000001 -86.949999999999989 99.585000000000022 -81.449999999999989 -86.649999999999991 30.795000000000005 132.69000000000003 18.665000000000003 3.5000000000000004 27.760000000000002 125.25500000000001 120.88500000000002 120.86500000000002 138.07000000000002 24.535 48.590000000000011 30.350000000000005 -80.149999999999991 -86.749999999999986 103.04000000000001
decision_type=2 10 9 2 9 10 10 8 9 10 10 2 10 2 2 10 10 10 10 10 10 10 10 10 10 10 2 2 2 10
left_child=2 27 -1 4 5 16 7 25 9 14 13 12 26 -11 15 -9 17 -4 28 23 21 22 -21 24 -13 -5 -12 -2 29 -6
right_child=1 -3 3 6 18 -7 -8 8 -10 10 11 19 -14 -15 -16 -17 -18 -19 -20 20 -22 -23 -24 -25 -26 -27 -28 -29 -30 -31
leaf_value=-0.0043693540512054875 -0.012559470332105428 0.00031508707758414194 0.0012225155559129064 0.0023055614771647194 0.0059852351163446121 -0.0096422294413343948 -0.027584927651217409 -0.012568826266888468 0.0042430394995381709 -0.022664443473424001 0.009824167170135345 -0.0015183465663260788 -0.036453432306866686 0.0020972100834139697 -0.006486740447911199 -0.05041672835174911 -0.0047695994254362446 0.013755560727843986 -0.016565525473222743 -0.0051640483651063107 0.010904217172181152 -0.031337286376986427 0.033398457160702048 0.024972679713157843 0.014637727932546607 0.028761105601342554 0.039670200199412302 -0.0014565734230196803 0.00078033291918013783 -0.012886406871531086
leaf_weight=3636 6890 14324 910 981 9587 594 568 794 6367 1359 970 4676 299 829 6619 321 356 3615 933 11711 906 268 229 595 814 680 924 1910 165642 1236
leaf_count=3636 6890 14324 910 981 9587 594 568 794 6367 1359 970 4676 299 829 6619 321 356 3615 933 11711 906 268 229 595 814 680 924 1910 165642 1236
internal_value=0.000183328 -0.00236449 0.000443627 0.000538817 0.000898115 0.0066151 -0.00110721 -0.000894491 -0.00127484 -0.00216059 -0.0010301 -0.000294365 0.00787562 -0.00818926 -0.00560434 -0.0152444 0.00833163 0.00969129 0.000720896 -0.00123119 -0.00268973 -0.00349484 -0.00302929 0.0019114 0.0006 0.00769001 0.0117647 -0.00660613 0.000772631 0.0033001
internal_weight=249543 23124 226419 222783 182873 5475 39910 39342 37681 31314 23580 21392 2193 2188 7734 1115 4881 4525 177398 19199 13114 12208 11940 6085 5490 1661 1894 8800 176465 10823
internal_count=249543 23124 226419 222783 182873 5475 39910 39342 37681 31314 23580 21392 2193 2188 7734 1115 4881 4525 177398 19199 13114 12208 11940 6085 5490 1661 1894 8800 176465 10823
cat_boundaries=0 1 2 3
cat_threshold=64 32 34
is_linear=0
shrinkage=0.05


Tree=86
num_leaves=31
num_cat=5
split_feature=7 6 0 4 2 4 3 0 4 10 10 0 10 0 0 10 6 12 3 10 7 10 10 7 10 10 0 7 10 10
split_gain=59.6442 77.9624 53.2985 45.9436 49.0808 70.9538 62.6154 80.1955 59.5682 52.6454 49.8206 36.5625 34.0695 35.1639 52.8356 35.7464 34.0313 33.4041 32.6524 31.56 28.9913 28.6803 27.9958 25.3257 25.1043 25.0757 38.005 29.8834 29.9537 42.5818
threshold=20.500000000000004 1.0000000180025095e-35 91.500000000000014 0 1.0000000180025095e-35 1 2 49.500000000000007 3 89.490000000000023 128.71500000000003 77.500000000000014 18.665000000000003 45.500000000000007 52.500000000000007 93.075000000000017 2.5000000000000004 3.5000000000000004 4 59.585000000000001 13.500000000000002 124.43000000000002 133.57000000000002 11.500000000000002 6.0950000000000006 70.125000000000014 41.500000000000007 18.500000000000004 17.925000000000004 18.665000000000003
decision_type=2 2 2 9 2 9 9 2 9 10 10 2 8 2 2 8 2 10 9 8 2 10 10 2 8 8 2 2 10 10
left_child=3 -2 18 -1 5 10 7 8 -6 -9 12 17 23 15 -15 20 -8 -7 -3 -16 -14 -20 -12 -5 -10 27 -27 28 -26 -30
right_child=1 2 -4 4 6 11 16 9 24 -11 22 -13 13 14 19 -17 -18 -19 21 -21 -22 -23 -24 -25 25 26 -28 -29 29 -31
leaf_value=-0.0041508863486452441 -0.0097853561575387722 -0.0058560769914080442 -0.021201774901771931 0.015092380502173165 0.0047884379767896947 0.0010617032132011594 -0.00040850293017289377 0.0013292228936613527 -0.022815945062849521 0.017531408511501433 -0.017538505244430968 -0.0060277460423784571 0.018622560130406109 0.016440382650350749 -0.027486752706621511 -0.01090257184386827 0.0095639290482417046 -0.015255737816754201 0.0031143329280157953 0.011375911664362982 0.0082383942278115192 -0.026326260119632662 0.0076034156429585671 -0.028738686354849732 -0.011025324277784243 -0.0056718536907215625 -0.020346517319437665 0.016537805441020837 0.040031435217371583 -0.0026578211435111855
leaf_weight=3636 7629 4244 455 208 3180 173541 4190 2821 680 1204 278 2929 299 1457 233 600 4296 928 10505 721 1080 291 316 283 3325 8346 1489 592 217 9570
leaf_count=3636 7629 4244 455 208 3180 173541 4190 2821 680 1204 278 2929 299 1457 233 600 4296 928 10505 721 1080 291 316 283 3325 8346 1489 592 217 9570
internal_value=0.000170505 -0.00224777 -0.00020961 0.00041757 0.000508745 0.000855465 -0.00107966 -0.00210851 -0.00307746 0.00447336 0.00645132 0.000682005 0.00812717 0.00952273 0.0135688 0.00455003 0.00272749 0.000775165 0.000305648 0.00435685 0.00896328 0.0017659 -0.00711921 -0.00429142 -0.00392137 -0.00364559 -0.00557136 -0.00226046 -0.00275873 -0.00136266
internal_weight=249543 23124 15495 226419 222783 182873 39910 31424 27399 4025 5475 177398 4881 4390 2411 1979 8486 174469 15040 954 1379 10796 594 491 24219 23539 9835 13704 13112 9787
internal_count=249543 23124 15495 226419 222783 182873 39910 31424 27399 4025 5475 177398 4881 4390 2411 1979 8486 174469 15040 954 1379 10796 594 491 24219 23539 9835 13704 13112 9787
cat_boundaries=0 1 2 3 4 5
cat_threshold=64 32 4 152 10
is_linear=0
shrinkage=0.05


Tree=87
num_leaves=31
num_cat=3
split_feature=7 11 0 12 4 4 10 11 7 10 0 10 9 7 0 10 10 9 11 10 10 7 10 9 11 7 4 10 7 10
split_gain=52.8073 83.6621 42.0134 41.1779 40.78 34.374 51.0701 54.4681 41.8194 82.6178 75.9147 46.6903 38.4245 30.6259 28.1071 37.4225 27.1835 27.061 26.9451 153.074 61.7051 50.2855 50.2624 44.7652 97.0136 110.204 51.5839 43.9535 52.4641 39.1715
threshold=20.500000000000004 47.250000000000007 91.500000000000014 2.5000000000000004 0 1 117.12500000000001 132.69000000000003 14.500000000000002 27.265000000000004 46.500000000000007 18.665000000000003 -82.749999999999986 11.500000000000002 24.500000000000004 11.955000000000002 147.58500000000004 -80.149999999999991 138.07000000000002 20.195000000000004 14.360000000000001 14.500000000000002 7.0600000000000014 -86.949999999999989 89.720000000000013 13.500000000000002 2 28.875000000000004 17.500000000000004 19.450000000000006
decision_type=2 10 2 10 9 9 8 10 2 10 2 10 2 2 2 8 10 2 10 10 8 2 10 2 8 2 9 10 2 8
left_child=3 17 14 4 -1 6 7 8 11 -10 12 13 -11 -6 -3 -16 18 -2 20 21 -7 -20 -23 24 -22 -26 27 28 -27 -25
right_child=1 2 -4 -5 5 16 -8 -9 9 10 -12 -13 -14 -15 15 -17 -18 -19 19 -21 23 22 -24 29 25 26 -28 -29 -30 -31
leaf_value=-0.0039433420312129817 -0.011530422826259734 -0.0045115626174311533 -0.020095929109621838 -0.0087715700508055328 0.012028141014115246 -0.0031737156003284642 -0.0033641812103033966 -0.007436847281607273 0.052368147700282558 -0.020510864518058503 0.018893305040524135 0.011863262012123866 0.0086704265084744051 -0.021338514126416366 -0.0071802884018066677 0.0055097306543006935 -0.030789725833278325 -0.00089447694399176221 0.027071522982783591 -0.028860643335847681 -0.011024953079362111 0.016880857809916973 -0.011246544828600415 0.0041893926811425791 -0.018299996230658432 -0.014937378599996177 -0.0034914743407933992 0.017074688265086381 0.0081941308632276673 0.00031206465643727202
leaf_weight=3624 6890 4800 425 2920 237 16260 2332 504 373 560 1264 1697 1044 447 1004 8095 245 1910 957 637 2122 556 619 11580 1068 679 998 4531 1648 169517
leaf_count=3624 6890 4800 425 2920 237 16260 2332 504 373 560 1264 1697 1044 447 1004 8095 245 1910 957 637 2122 556 619 11580 1068 679 998 4531 1648 169517
internal_value=0.000161689 -0.00211377 0.000244175 0.000394163 0.000471346 0.000558221 0.00368011 0.00607888 0.0074929 0.0111812 0.00823489 0.00244668 0.000991326 -0.00850144 0.000722554 0.00235481 0.000432989 -0.00594779 0.00045269 0.00534365 0.000387452 0.0117647 0.00476793 0.000637773 0.00372648 0.00601075 0.00806001 0.00959581 0.00400086 0.000449182
internal_weight=249543 23124 14324 226419 223499 219875 8458 6126 5622 3241 2868 2381 1604 684 13899 9099 211417 8800 211172 2769 208403 2132 1175 192143 11046 8924 7856 6858 2327 181097
internal_count=249543 23124 14324 226419 223499 219875 8458 6126 5622 3241 2868 2381 1604 684 13899 9099 211417 8800 211172 2769 208403 2132 1175 192143 11046 8924 7856 6858 2327 181097
cat_boundaries=0 1 2 3
cat_threshold=64 32 130
is_linear=0
shrinkage=0.05


Tree=88
num_leaves=31
num_cat=4
split_feature=7 10 10 10 2 4 3 0 4 9 10 10 4 9 0 9 10 12 10 10 10 0 0 10 7 9 10 10 10 0
split_gain=46.0112 65.9273 57.3494 81.9802 38.5612 62.4286 57.1198 72.9599 53.516 49.2006 47.2213 43.7196 41.585 38.883 33.0686 30.3641 31.0128 29.2827 28.6343 29.5123 58.4438 32.0975 36.0768 36.9979 26.9003 26.4383 26.2195 25.7362 24.8905 25.2236
threshold=20.500000000000004 37.025000000000013 86.515000000000015 90.02500000000002 1.0000000180025095e-35 0 1 49.500000000000007 2 -82.149999999999991 23.905000000000005 128.71500000000003 3 -81.749999999999986 77.500000000000014 -82.549999999999983 69.120000000000019 3.5000000000000004 18.665000000000003 27.265000000000004 21.375000000000004 45.500000000000007 52.500000000000007 59.585000000000001 15.500000000000002 -81.949999999999989 133.57000000000002 11.955000000000002 10.200000000000001 41.500000000000007
decision_type=2 8 10 10 2 9 9 2 9 2 10 10 9 2 2 2 8 10 8 8 10 2 2 8 2 2 10 10 8 2
left_child=4 27 15 -4 5 11 7 8 -6 28 -9 18 13 -7 17 -3 -17 -14 25 20 -20 -21 -23 -24 -8 -1 -13 -2 -10 -30
right_child=1 2 3 -5 6 12 24 10 9 -11 -12 26 14 -15 -16 16 -18 -19 19 21 -22 22 23 -25 -26 -27 -28 -29 29 -31
leaf_value=-0.037466584652073108 -0.0052139123461099508 -0.021710929476598029 0.020186797398565659 -0.0049918597323210358 0.0046259586588447647 -0.0020754083093817324 0.0075264446068408659 -0.0050402521035807449 -0.025163109084896454 -0.0021112498148106343 0.013018362620112313 -0.016493370921694252 0.0010294109517914763 -0.017024429265116447 -0.0058557036201722038 -0.01734768773084432 -0.0060931009459480384 -0.01431277834467979 0.020176620507990517 0.0020604427564378191 0.023385256334747952 0.012125921399471018 -0.033978371466168687 0.010865479586371586 -0.0014279578873147793 0.017896504619729782 0.0073914539213258308 0.0041271754031555917 -0.0070498264054152495 -0.019808442971203145
leaf_weight=265 2015 719 1137 2721 3180 4589 5663 1453 729 11791 2608 278 171605 656 2923 2279 7041 921 499 1364 251 1336 219 721 2905 226 316 7212 10557 1364
leaf_count=265 2015 719 1137 2721 3180 4589 5663 1453 729 11791 2608 278 171605 656 2923 2279 7041 921 499 1364 251 1336 219 721 2905 226 316 7212 10557 1364
internal_value=0.000152873 -0.00197112 -0.00414539 0.00103413 0.000369873 0.000673277 -0.00103328 -0.00201249 -0.0029333 -0.00372634 0.00423729 0.00592357 0.000513519 -0.00386515 0.000644843 -0.00613494 -0.00535906 0.00073434 0.00749336 0.00877273 0.0177632 0.00687671 0.0104987 0.00294737 0.002585 -0.00389222 -0.00678808 0.00130454 -0.00589258 -0.00533484
internal_weight=249543 23124 13897 3858 226419 186169 40250 31682 27621 24441 4061 5475 180694 5245 175449 10039 9320 172526 4881 4390 750 3640 2276 940 8568 491 594 9227 12650 11921
internal_count=249543 23124 13897 3858 226419 186169 40250 31682 27621 24441 4061 5475 180694 5245 175449 10039 9320 172526 4881 4390 750 3640 2276 940 8568 491 594 9227 12650 11921
cat_boundaries=0 1 2 3 4
cat_threshold=32 4 152 80
is_linear=0
shrinkage=0.05


Tree=89
num_leaves=31
num_cat=2
split_feature=7 11 10 0 11 9 10 12 4 10 4 10 11 7 10 0 9 10 9 0 11 10 10 8 9 10 11 7 7 10
split_gain=44.1977 70.8761 39.165 33.007 37.1863 60.6537 35.0266 32.5278 33.5422 32.2201 29.8234 49.4558 49.7036 37.8199 82.8923 61.1258 45.3227 47.8785 34.7175 27.3108 37.3653 145.289 50.238 46.9408 41.4194 46.5774 63.817 43.5417 40.5115 40.5519
threshold=20.500000000000004 53.165000000000006 11.955000000000002 24.500000000000004 90.350000000000009 -81.249999999999986 97.470000000000013 2.5000000000000004 0 55.605000000000011 1 117.12500000000001 132.69000000000003 14.500000000000002 27.265000000000004 46.500000000000007 -82.049999999999983 24.535 -82.749999999999986 6.5000000000000009 138.07000000000002 20.195000000000004 14.360000000000001 24.650000000000002 -82.049999999999983 1.0000000180025095e-35 74.165000000000006 11.500000000000002 14.500000000000002 7.0600000000000014
decision_type=2 10 10 2 10 2 10 10 9 10 9 8 10 2 10 2 2 10 2 2 10 10 8 2 2 10 10 2 2 10
left_child=7 -2 -3 -4 5 -5 -7 8 -1 -6 11 12 13 16 -15 18 -10 -18 -16 -12 22 28 23 -21 25 -25 -27 -28 -22 -30
right_child=1 2 3 4 9 6 -8 -9 10 -11 19 -13 -14 14 15 -17 17 -19 -20 20 21 -23 -24 24 -26 26 27 -29 29 -31
leaf_value=-0.0035684145406355674 -0.0072941450041587698 -0.0080696846044685522 -0.0042645863736278326 -0.0080052982658084925 0.0017762324190178981 0.02161332201861188 -0.0033490766818221832 -0.008099704026737875 -0.017058107009722524 -0.029289506601849438 -0.0033357079917250235 -0.0031961279836739465 -0.0068594846760003051 0.049602220191447444 -0.019132829971884792 0.017373854763851827 0.0014318912684391451 0.019666719291206915 0.0083358803550230842 -0.023940792937727641 0.026547658533964083 -0.026158907986190541 0.00085553298322942344 0.0088567798760804447 0.0010645035920831881 0.0055072126633918476 -0.042198049947002492 -0.012368338357859266 0.016630728059921829 -0.0067320057762932711
leaf_weight=3624 11322 1223 3470 690 3572 2266 361 2920 659 220 9619 2332 504 373 560 1264 1169 553 1044 716 890 609 184048 821 7931 1250 420 4067 499 547
leaf_count=3624 11322 1223 3470 690 3572 2266 361 2920 659 220 9619 2332 504 373 560 1264 1169 553 1044 716 890 609 184048 821 7931 1250 420 4067 499 547
internal_value=0.000140852 -0.00194087 0.000770403 0.00175182 0.00370136 0.00755936 0.0110163 0.000353532 0.000422131 0.000315623 0.000500921 0.00340882 0.00576923 0.00712003 0.0106275 0.00767894 0.0023212 0.00658199 0.0011772 0.000384275 0.000508404 0.00651663 0.000431339 -0.00232994 -0.00170701 -0.00464373 -0.00623804 -0.00901712 0.0132066 0.00643939
internal_weight=249543 23124 11802 10579 7109 3317 2627 226419 223499 3792 219875 8458 6126 5622 3241 2868 2381 1722 1604 211417 201798 2545 199253 15205 14489 6558 5737 4487 1936 1046
internal_count=249543 23124 11802 10579 7109 3317 2627 226419 223499 3792 219875 8458 6126 5622 3241 2868 2381 1722 1604 211417 201798 2545 199253 15205 14489 6558 5737 4487 1936 1046
cat_boundaries=0 1 2
cat_threshold=64 32
is_linear=0
shrinkage=0.05


Tree=90
num_leaves=31
num_cat=2
split_feature=4 10 10 9 4 7 8 10 9 8 8 9 5 8 9 7 11 11 12 10 9 11 9 7 8 8 10 8 10 12
split_gain=56.5267 41.3756 60.58 38.629 90.581 65.8305 63.2482 56.8691 99.754 52.7384 112.996 49.9164 115.526 63.8426 49.2877 79.289 52.6366 46.7733 44.9194 42.5768 52.9348 42.5694 39.7352 36.9102 36.4057 82.3867 91.6553 68.1053 47.2266 51.3097
threshold=0 30.295000000000005 16.235000000000003 -81.749999999999986 1 15.500000000000002 26.050000000000004 16.605000000000004 -80.749999999999986 26.350000000000005 26.050000000000004 -80.449999999999989 1.5000000000000002 29.150000000000002 -82.049999999999983 12.500000000000002 128.30500000000004 84.720000000000013 1.5000000000000002 69.120000000000019 -81.449999999999989 66.460000000000022 -81.449999999999989 10.500000000000002 27.750000000000004 27.450000000000003 13.175000000000002 27.150000000000002 54.385000000000012 1.0000000180025095e-35
decision_type=9 8 10 2 9 2 2 8 2 2 2 2 2 2 2 2 10 10 10 10 2 10 2 2 2 2 8 2 8 8
left_child=1 2 23 14 -5 6 22 8 -7 10 -9 12 -11 -14 18 16 -16 21 24 20 -15 -13 -6 -1 25 26 -2 -28 -26 -30
right_child=3 -3 -4 4 5 7 -8 9 -10 11 -12 17 13 19 15 -17 -18 -19 -20 -21 -22 -23 -24 -25 28 -27 27 -29 29 -31
leaf_value=0.020955150795757316 -0.017764621338220633 0.0019960314069320975 0.016753987292158535 -0.013172561721950827 -0.017862273786090555 -0.032538901379917905 0.0073349286517874653 -0.0034922567113825132 0.0055438489051451434 -0.016578752740801495 -0.014865473814340648 0.007884224070480705 -0.0090289202147136646 -0.019293052961042181 -0.00069181302793213111 0.0052790515239921733 -0.022893540520267444 -0.0073323480326012991 -0.008965198783556217 0.011452486499836923 0.0025383166490867029 0.028591384987217028 0.00059935366338450537 -0.0077613739963945608 0.0036290240363776151 -0.0053857383658414198 -0.0010946946396679369 0.0082906423501893488 -0.0030188667713042074 0.00074101368044336984
leaf_weight=275 1261 18711 3684 1376 717 623 6631 24193 7621 3830 5735 3281 3017 786 9199 20641 636 1239 3984 4141 4478 686 12947 1644 23130 9301 10380 5531 12601 47234
leaf_count=275 1261 18711 3684 1376 717 623 6631 24193 7621 3830 5735 3281 3017 786 9199 20641 636 1239 3984 4141 4478 686 12947 1644 23130 9301 10380 5531 12601 47234
internal_value=0.000135258 0.00242459 0.00619099 -0.000112113 -0.000983262 -0.000762399 0.00169663 -0.0015996 0.00225345 -0.00221807 -0.00357405 -0.000326067 -0.00169106 0.000651544 0.000380104 0.00216493 -0.00152869 0.00393021 -9.96192e-05 0.00268189 -0.000303375 0.00657531 -0.000248647 -0.00101089 9.04539e-05 -0.00152362 0.000529624 0.00156083 0.000605604 -0.000136185
internal_weight=249513 24314 5603 225199 81301 79925 20295 59630 8244 51386 29928 21458 16252 12422 143898 30476 9835 5206 113422 9405 5264 3967 13664 1919 109438 26473 17172 15911 82965 59835
internal_count=249513 24314 5603 225199 81301 79925 20295 59630 8244 51386 29928 21458 16252 12422 143898 30476 9835 5206 113422 9405 5264 3967 13664 1919 109438 26473 17172 15911 82965 59835
cat_boundaries=0 1 2
cat_threshold=160 80
is_linear=0
shrinkage=0.05


Tree=91
num_leaves=31
num_cat=3
split_feature=4 0 10 4 9 10 10 10 4 9 10 10 11 10 7 8 7 11 0 7 10 10 10 8 0 10 9 8 0 8
split_gain=51.2083 45.8719 41.6316 40.6103 70.5385 29.33 33.3282 63.7783 49.0808 30.5539 31.2176 32.3824 29.314 113.09 40.2981 32.8226 70.6581 45.6905 45.0188 47.0369 44.3342 62.8468 57.9335 56.3272 76.4191 95.0951 47.1372 85.2228 46.729 45.1188
threshold=0 17.500000000000004 117.12500000000001 1 -81.749999999999986 108.59500000000001 27.375000000000004 21.375000000000004 2 -81.049999999999983 69.680000000000021 70.125000000000014 138.07000000000002 20.195000000000004 14.500000000000002 26.350000000000005 19.500000000000004 102.08500000000002 42.500000000000007 14.500000000000002 1.0000000180025095e-35 11.955000000000002 54.690000000000005 27.450000000000003 49.500000000000007 103.13000000000001 -81.949999999999989 27.050000000000004 41.500000000000007 26.450000000000003
decision_type=9 2 10 9 2 10 8 10 9 2 10 10 10 10 2 2 2 8 2 2 8 8 8 2 2 8 2 2 2 2
left_child=2 -2 5 4 -3 6 7 -1 -9 10 -8 -12 15 14 -14 16 17 18 -5 -20 -17 -22 29 24 26 -26 27 -24 -29 -23
right_child=1 3 -4 12 -6 -7 9 8 -10 -11 11 -13 13 -15 -16 20 -18 -19 19 -21 21 22 23 -25 25 -27 -28 28 -30 -31
leaf_value=0.0038352047577959515 -0.0025388589673959409 -0.00090434104999683742 -0.0049262577391250067 -0.0015476850599932313 -0.013936442575930831 0.016251754042127465 -0.0032555211195703926 0.030022801015160194 0.012936222230333928 0.0077930086840261488 0.038907210901042877 0.0032919308253995362 0.02279615371505006 -0.027933613687408078 0.008408111654491136 0.017934842468340231 -0.010644691475879675 0.00149054849007082 -0.0027696629921584838 -0.018413404403954291 -0.006454743749311165 0.0094392064388475038 -0.017212443480520711 -0.00053035538150405517 -0.011120942004350098 0.010133027003195405 0.0083108168765933851 0.009904235421947849 -0.022921056352923321 0.0025089281832893829
leaf_weight=3618 41012 5914 2571 11973 1257 746 6431 575 1080 5009 329 3955 602 594 1782 901 3473 25754 1918 1991 5054 3337 2135 67734 959 4283 3558 2363 411 38194
leaf_count=3618 41012 5914 2571 11973 1257 746 6431 575 1080 5009 329 3955 602 594 1782 901 3473 25754 1918 1991 5054 3337 2135 67734 959 4283 3558 2363 411 38194
internal_value=0.000126441 -0.000109005 0.00230542 0.000227745 -0.00345571 0.00301797 0.00266816 0.00610449 0.0142042 0.00151265 4.662e-06 0.00330694 0.000377324 0.00528782 0.0101504 0.000293023 -0.000867705 -0.000295346 -0.00240373 -0.00705537 0.000699168 0.000620909 0.000845638 7.05929e-05 0.0029922 0.00773039 5.30848e-05 -0.00312055 0.00265805 0.00236513
internal_weight=249513 225199 24314 184187 7171 21743 20997 5273 1655 15724 10715 4284 177016 2978 2384 174038 45109 41636 15882 3909 128929 128028 122974 81443 13709 5242 8467 4909 2774 41531
internal_count=249513 225199 24314 184187 7171 21743 20997 5273 1655 15724 10715 4284 177016 2978 2384 174038 45109 41636 15882 3909 128929 128028 122974 81443 13709 5242 8467 4909 2774 41531
cat_boundaries=0 1 2 3
cat_threshold=160 80 32
is_linear=0
shrinkage=0.05


Tree=92
num_leaves=31
num_cat=2
split_feature=4 7 5 11 9 0 0 12 4 9 9 5 2 8 11 8 12 7 11 8 0 8 5 9 9 7 11 11 9 7
split_gain=50.3381 39.7868 88.9671 61.6044 58.3729 41.027 37.1811 39.2189 35.7553 34.4247 33.0617 31.1212 39.568 29.3034 47.9398 47.0305 29.699 27.6556 27.7415 29.9413 27.2873 25.7053 25.6694 48.1185 43.7256 30.8323 25.0299 59.2885 53.8649 52.7309
threshold=0 14.500000000000002 3.5000000000000004 132.69000000000003 -82.049999999999983 46.500000000000007 20.500000000000004 -1.0000000180025095e-35 1 -82.749999999999986 -87.249999999999986 3.5000000000000004 1.0000000180025095e-35 25.250000000000004 106.99500000000002 25.650000000000002 1.5000000000000002 14.500000000000002 96.885000000000005 30.350000000000005 42.500000000000007 30.350000000000005 3.5000000000000004 -86.949999999999989 -86.949999999999989 16.500000000000004 80.870000000000019 83.440000000000012 -82.649999999999991 23.500000000000004
decision_type=9 2 2 8 2 2 2 8 9 2 2 2 2 2 8 2 10 2 10 2 2 2 2 2 2 2 10 10 2 2
left_child=1 4 3 5 -1 9 13 -8 -9 -3 17 -6 -13 14 -2 -15 21 -10 19 -19 -11 -17 24 25 -23 -24 28 -28 -12 -29
right_child=6 2 -4 -5 11 -7 7 8 10 20 26 12 -14 15 -16 16 -18 18 -20 -21 -22 22 23 -25 -26 -27 27 29 -30 -31
leaf_value=-0.0073272495213990048 -0.017051147068644391 -0.011860408135570389 0.04459266293081781 -0.0065551999404744876 0.02027245603981145 0.016012827019509235 -0.0064130340269443753 -0.0033097753146816623 -0.007819576083249213 0.005686130594542327 -0.0042682159350787788 0.010104759155357624 -0.014538940102371535 0.0062255750533648964 0.0021737593033332113 -0.0025425507615666199 -0.01200707708329718 -0.018670383007631488 0.023723587997108098 0.0060160065844110377 0.044265047862070618 0.01362703233117606 -0.036074716157290965 0.0058188772809517177 -0.00033809916091733785 0.0084741212739549709 0.019789820757512636 0.0010735447360727512 0.00077016212066816081 -0.030152597888761436
leaf_weight=2269 1179 543 395 945 695 1349 4106 3421 573 1026 16439 913 347 3973 990 40246 2645 397 852 1271 203 2462 591 878 4149 206 798 93684 61493 475
leaf_count=2269 1179 543 395 945 695 1349 4106 3421 573 1026 16439 913 347 3973 990 40246 2645 397 852 1271 203 2462 591 878 4149 206 798 93684 61493 475
internal_value=0.000118827 0.00385411 0.00714605 0.00490677 0.000377893 0.00828809 -1.61928e-05 0.000331028 0.000441718 0.00325477 0.000540335 0.00669211 0.0019685 -0.0011277 -0.00681505 -0.000902828 -0.0013099 0.00565582 0.00790514 0.00411204 0.00786925 -0.00102798 0.00150675 -0.00400593 0.00290742 -0.0128253 0.000448528 0.000993503 -0.000215545 0.000877677
internal_weight=249513 8685 4461 4066 4224 3121 240828 183509 179403 1772 175982 1955 1260 57319 2169 55150 51177 3093 2520 1668 1229 48532 8286 1675 6611 797 172889 94957 77932 94159
internal_count=249513 8685 4461 4066 4224 3121 240828 183509 179403 1772 175982 1955 1260 57319 2169 55150 51177 3093 2520 1668 1229 48532 8286 1675 6611 797 172889 94957 77932 94159
cat_boundaries=0 1 2
cat_threshold=32 64
is_linear=0
shrinkage=0.05


Tree=93
num_leaves=31
num_cat=3
split_feature=4 10 11 0 11 10 0 10 12 4 8 8 11 8 12 0 7 10 0 3 10 8 10 11 8 11 0 12 11 8
split_gain=48.8125 38.6309 45.2692 40.398 51.6724 41.8395 34.3155 55.9413 34.8114 32.6819 32.5647 31.9395 46.2101 39.4397 28.7155 28.4513 27.3818 44.8191 27.065 26.1444 42.5406 37.0737 48.2214 59.361 48.5658 56.3855 48.5547 46.198 43.016 32.0514
threshold=0 117.12500000000001 132.69000000000003 41.500000000000007 109.08500000000002 33.425000000000004 20.500000000000004 124.43000000000002 -1.0000000180025095e-35 1 27.450000000000003 25.250000000000004 106.99500000000002 25.650000000000002 1.5000000000000002 45.500000000000007 15.500000000000002 21.125000000000004 50.500000000000007 2 17.925000000000004 28.250000000000004 72.065000000000012 90.160000000000011 28.550000000000004 89.720000000000013 10.500000000000002 1.0000000180025095e-35 65.415000000000006 30.250000000000004
decision_type=9 10 10 2 8 10 2 10 8 9 2 2 8 2 10 2 2 8 2 9 8 2 10 10 2 10 2 10 10 2
left_child=1 2 3 -1 5 -5 7 11 -8 -10 -9 12 -2 -13 19 -3 17 -6 -17 -15 29 27 24 -24 26 28 -23 -22 -26 -21
right_child=6 15 -4 4 16 -7 8 10 9 -11 -12 13 -14 14 -16 18 -18 -19 -20 20 21 22 23 -25 25 -27 -28 -29 -30 -31
leaf_value=0.0041617618805052103 -0.016377197518922415 -0.022040525659422362 -0.007396376894704737 -0.027277815267967621 0.0062404065838387096 0.012583420817547443 -0.0060923823255971234 0.0014315230624686315 -0.0031442865489475836 0.00067472188703661124 -0.030029367382897122 0.0059142963006966198 0.0021489056569767408 0.0021812586900520794 -0.011181022807712982 0.0039765579302352807 0.0087121799464878972 0.030785149537748604 -0.004897302767718781 -0.0054365527737040512 -0.0083559144003880984 -0.019103315511330179 0.0050537051412711705 -0.020669114738099736 -0.0026005478999787893 0.0087986352790491839 0.011612308604181543 0.00040407010579985859 -0.03112143054809904 -0.017945312678097382
leaf_weight=3373 1173 507 512 346 265 692 4106 326 3421 175982 715 3963 989 12083 2567 318 1003 891 778 3734 8739 206 1245 910 2863 4333 1368 10018 450 1637
leaf_count=3373 1173 507 512 346 265 692 4106 326 3421 175982 715 3963 989 12083 2567 318 1003 891 778 3734 8739 206 1245 910 2863 4333 1368 10018 450 1637
internal_value=0.000118426 0.00379667 0.00538635 0.00650456 0.0105239 0.00133588 -1.4532e-05 -0.00108235 0.000319041 0.000423325 -0.0125119 -0.000868746 -0.006814 -0.000630011 -0.00100971 -0.00319281 0.0149147 0.0201544 0.00135624 -0.000731154 -0.00141458 -0.000683432 0.00156785 -0.00515012 0.00314193 0.00148903 0.0111111 -0.00204881 -0.00341559 -0.00551013
internal_weight=249513 8685 7082 6570 3197 1038 240828 57319 183509 179403 1041 56278 2162 54116 50153 1603 2159 1156 1096 47586 35503 30132 11375 2155 9220 7646 1574 18757 3313 5371
internal_count=249513 8685 7082 6570 3197 1038 240828 57319 183509 179403 1041 56278 2162 54116 50153 1603 2159 1156 1096 47586 35503 30132 11375 2155 9220 7646 1574 18757 3313 5371
cat_boundaries=0 1 2 3
cat_threshold=32 64 18
is_linear=0
shrinkage=0.05


Tree=94
num_leaves=31
num_cat=5
split_feature=4 8 9 7 6 2 10 7 4 10 10 8 8 9 4 3 11 10 7 8 9 9 9 9 11 11 11 7 7 4
split_gain=48.4975 37.4594 36.8521 51.2752 64.4379 38.0468 36.9365 50.2287 30.9337 28.47 26.09 23.2448 66.5684 101.684 66.7394 49.7834 43.2616 41.0494 50.197 82.0284 55.7094 59.4131 62.2702 45.1813 43.5505 81.6763 53.3305 58.2685 43.2133 79.0784
threshold=0 28.150000000000002 -82.149999999999991 15.500000000000002 4.5000000000000009 1.0000000180025095e-35 105.61500000000001 14.500000000000002 1 25.115000000000006 147.58500000000004 26.350000000000005 26.150000000000002 -81.649999999999991 2 3 110.41500000000001 54.690000000000005 12.500000000000002 26.450000000000003 -81.84999999999998 -84.949999999999989 -82.049999999999983 -85.84999999999998 80.870000000000019 97.185000000000016 72.915000000000006 16.500000000000004 17.500000000000004 4
decision_type=9 2 2 2 2 2 10 2 9 8 10 2 2 2 9 9 8 8 2 2 2 2 2 2 10 10 10 2 2 9
left_child=1 2 6 4 5 -4 -1 -8 -2 -7 11 12 14 -14 -10 -16 -17 18 20 -20 21 23 -23 -13 26 28 -21 -28 29 -26
right_child=8 -3 3 -5 -6 9 7 -9 10 -11 -12 17 13 -15 15 16 -18 -19 19 24 -22 22 -24 -25 25 -27 27 -29 -30 -31
leaf_value=-0.014300938218097593 -0.0034372412595258697 0.015110715134905917 0.012272743532405084 -0.0022198805030723356 0.043646766821100247 -0.014918573368961675 -0.0037222508927901468 0.018418624004534225 0.0056728749679670898 0.011925044675010278 -0.028248161142775799 0.0002539793209754393 0.001713313885775536 -0.014098090515466268 -0.0021426698677299962 -0.0011136681408642878 0.017456807276413234 -0.00026934058543499618 0.011335076770619424 0.00032110206933015921 0.0085390966946175869 -0.015899622120332382 -0.0019573732596336324 0.016052686640945082 -0.018367880433342875 0.0011415594670313391 -0.039168195727622472 -0.0065487550127897092 0.0029791686820129118 0.013271084699931901
leaf_weight=1042 3731 933 1737 1320 254 370 1543 855 10533 631 276 2574 4168 4920 41733 2150 2213 104253 3397 14227 1419 2558 6514 728 463 22881 372 966 3725 7027
leaf_count=1042 3731 933 1737 1320 254 370 1543 855 10533 631 276 2574 4168 4920 41733 2150 2213 104253 3397 14227 1419 2558 6514 728 463 22881 372 966 3725 7027
internal_value=0.000118827 0.00378518 0.00264107 0.00571495 0.00932712 0.00702329 -0.00121739 0.002201 -1.37016e-05 -0.00074184 5.75665e-05 7.57924e-05 -0.000723447 -0.00469334 -8.563e-05 -0.00090641 0.00416381 0.000382786 0.00134982 0.00204832 -0.00133667 -0.00241441 -0.00450341 0.00332126 0.00153309 0.00253328 -0.000658106 -0.0101632 0.00602673 0.00821333
internal_weight=249513 8685 7752 4312 2992 2738 3440 2398 240828 1001 237097 236821 65717 9088 56629 46096 4363 171104 66851 53058 13793 12374 9072 3302 49661 34096 15565 1338 11215 7490
internal_count=249513 8685 7752 4312 2992 2738 3440 2398 240828 1001 237097 236821 65717 9088 56629 46096 4363 171104 66851 53058 13793 12374 9072 3302 49661 34096 15565 1338 11215 7490
cat_boundaries=0 1 2 3 4 5
cat_threshold=32 64 140 12 8
is_linear=0
shrinkage=0.05


Tree=95
num_leaves=31
num_cat=4
split_feature=0 4 4 9 11 0 2 0 1 0 11 8 0 9 7 4 9 4 0 11 9 11 9 7 0 0 9 7 0 11
split_gain=44.2376 36.0859 31.1363 65.8911 36.9341 38.8348 30.0133 48.6843 42.5542 34.815 54.9552 35.9824 54.4543 53.9335 46.9137 45.5229 33.599 32.5662 38.1788 32.1228 60.1733 30.1241 46.5037 29.8942 28.8416 28.0629 29.5585 26.4132 26.356 34.0255
threshold=6.5000000000000009 0 1 -81.749999999999986 118.75000000000001 42.500000000000007 1.0000000180025095e-35 77.500000000000014 1.0000000180025095e-35 52.500000000000007 69.585000000000022 29.650000000000002 24.500000000000004 -82.649999999999991 15.500000000000002 2 -81.949999999999989 3 52.500000000000007 89.720000000000013 -86.249999999999986 96.885000000000005 -83.549999999999983 12.500000000000002 53.500000000000007 45.500000000000007 -82.149999999999991 20.500000000000004 30.500000000000004 118.75000000000001
decision_type=2 9 9 2 8 2 2 2 2 2 10 2 2 2 2 9 2 9 2 8 2 10 2 2 2 2 2 2 2 8
left_child=1 -1 3 4 -2 -6 7 8 17 11 -11 13 15 28 -14 -13 -12 18 25 20 -17 22 -16 -20 -25 26 -4 -24 29 -8
right_child=2 -3 6 -5 5 -7 9 -9 -10 10 16 12 14 -15 21 19 -18 -19 23 -21 -22 -23 27 24 -26 -27 -28 -29 -30 -31
leaf_value=0.0056009632012200775 -0.0035127920871112829 -0.0068372504602694402 -0.014627928988314576 -0.013066717988045085 -0.003509975968411805 0.0074180863966224033 0.00029657971312522239 -0.0067488834051887105 -0.0044438226244495563 -0.0064866537839503025 0.018015819321698778 0.040399383045322784 0.020166383333415451 -0.0021534161396627562 -0.021921218478685403 -0.036101760222198909 0.0022610515216251238 0.00089295677120482253 -0.011972244720660365 -0.0018337246440467859 0.0052146222448982375 0.014031942539552401 0.023900278927258791 -0.015896584137877135 0.0099820371638933651 0.0085758593833949789 0.0092778073710360516 -0.0059787026614285923 -0.019038842417026382 -0.01253398897468876
leaf_weight=1770 3301 9536 582 1320 1366 1470 1438 3178 9289 1935 1458 273 1845 18999 797 653 1309 174058 342 4939 486 807 405 367 750 1760 1760 284 1899 694
leaf_count=1770 3301 9536 582 1320 1366 1470 1438 3178 9289 1935 1458 273 1845 18999 797 653 1309 174058 342 4939 486 807 405 367 750 1760 1760 284 1899 694
internal_value=4.09507e-05 -0.00301343 0.000186311 -0.00298917 -0.000805271 0.00337316 0.000289371 0.000543999 0.000647371 -0.000990034 0.0030348 -0.00155537 0.000871512 -0.00266059 0.00532787 -0.00203584 0.00754411 0.000818075 0.00457803 -0.00295179 -0.0104874 0.00054277 -0.00367647 -0.00234854 0.00164153 0.00705253 0.00344388 0.00579399 -0.00790646 -0.00406162
internal_weight=249070 11306 237764 7457 6137 2836 230307 192086 188908 38221 4702 33519 10489 23030 4138 6351 2767 179619 5561 6078 1139 2293 1486 1459 1117 4102 2342 689 4031 2132
internal_count=249070 11306 237764 7457 6137 2836 230307 192086 188908 38221 4702 33519 10489 23030 4138 6351 2767 179619 5561 6078 1139 2293 1486 1459 1117 4102 2342 689 4031 2132
cat_boundaries=0 1 2 3 4
cat_threshold=172 80 160 32
is_linear=0
shrinkage=0.05


Tree=96
num_leaves=31
num_cat=2
split_feature=0 3 11 2 0 10 11 10 3 7 11 9 11 9 9 7 0 7 9 0 10 9 11 7 0 10 7 7 11 7
split_gain=40.5814 34.4519 86.1848 37.4625 50.2277 40.3094 37.2084 42.9567 35.3572 45.2009 57.5704 52.4726 47.3303 46.0673 33.4785 32.8445 32.6684 32.1848 47.476 30.9522 48.3554 29.4859 32.7175 29.6698 39.6376 27.0845 37.2299 35.9617 39.5286 25.3641
threshold=6.5000000000000009 0 89.720000000000013 1.0000000180025095e-35 69.500000000000014 128.71500000000003 138.07000000000002 21.125000000000004 1 18.500000000000004 92.160000000000011 -80.34999999999998 100.41500000000001 -87.049999999999983 -80.249999999999986 14.500000000000002 53.500000000000007 16.500000000000004 -82.549999999999983 52.500000000000007 100.98500000000001 -86.84999999999998 101.25000000000001 18.500000000000004 32.500000000000007 46.535000000000004 16.500000000000004 16.500000000000004 69.030000000000015 13.500000000000002
decision_type=2 9 8 2 2 10 10 10 9 2 8 2 8 2 2 2 2 2 2 2 10 2 8 2 2 10 2 2 10 2
left_child=17 2 -2 4 5 8 19 -8 -3 10 14 -12 -13 -11 16 -6 25 -1 -19 -5 -21 -4 -23 24 -24 27 -27 -10 -29 -14
right_child=1 3 21 6 15 -7 7 -9 9 13 11 12 29 -15 -16 -17 -18 18 -20 20 -22 22 23 -25 -26 26 -28 28 -30 -31
leaf_value=-0.0012154551558279715 -0.0079835979003774152 0.0012551243534894676 0.024081081989367314 -0.0032127227615919018 0.0014296942644544065 -0.0051972523038539727 0.034368716275996115 -0.015037893342760756 3.491303241975885e-06 0.019082879845814249 -0.0050798047807579134 -0.01548701162652897 0.015509583713031195 -0.0060908658792044436 -0.0084421554735580884 -0.0048057323390802605 -0.0082408301117983026 -0.027207649378307865 -0.0056326964311588235 -0.00067824105430300827 0.018219493286514999 -0.0031739117444488322 -0.0015278053461351693 0.015884238257720319 0.0093896897426660967 0.013073711108115572 -0.0059596613812717969 -0.0016807778665823836 0.022045551721195267 0.0047485864424910325
leaf_weight=6912 2631 127248 926 30472 2836 4537 459 224 6157 748 12886 657 1317 13479 1135 6268 843 795 3599 3750 876 1960 2484 974 4320 3722 774 1336 2190 2555
leaf_count=6912 2631 127248 926 30472 2836 4537 459 224 6157 748 12886 657 1317 13479 1135 6268 843 795 3599 3750 876 1960 2484 974 4320 3722 774 1336 2190 2555
internal_value=4.4564e-05 0.000183788 0.0026549 3.71956e-05 0.000318498 0.000502244 -0.00144589 0.0100289 0.00062294 -0.000536398 0.000464535 -0.00152941 0.0030954 -0.00289738 0.00261335 -0.00330261 0.00323976 -0.00288088 -0.00622162 -0.00167198 0.00213546 0.00465617 0.00383668 0.00529019 0.00410919 0.00380929 0.00701287 0.0023161 0.00633484 0.0052035
internal_weight=249070 237764 13295 224469 188688 179584 35781 683 175047 47799 33572 17415 4529 14227 16157 9104 15022 11306 4394 35098 4626 10664 9738 7778 6804 14179 4496 9683 3526 3872
internal_count=249070 237764 13295 224469 188688 179584 35781 683 175047 47799 33572 17415 4529 14227 16157 9104 15022 11306 4394 35098 4626 10664 9738 7778 6804 14179 4496 9683 3526 3872
cat_boundaries=0 1 2
cat_threshold=16 4
is_linear=0
shrinkage=0.05


Tree=97
num_leaves=31
num_cat=4
split_feature=0 3 10 10 2 0 10 1 7 7 7 7 3 8 7 8 8 7 10 3 10 10 3 6 7 0 0 10 0 8
split_gain=36.3411 29.3968 41.4175 35.0868 33.4654 43.8424 37.1716 32.517 33.2131 29.0354 28.2355 27.6791 24.9616 47.5483 52.6773 75.2128 41.9191 55.6187 52.2069 46.9391 46.3404 36.2835 67.2093 41.5081 33.8175 32.635 26.4738 33.9091 24.7582 33.521
threshold=6.5000000000000009 0 37.695000000000007 103.31500000000001 1.0000000180025095e-35 69.500000000000014 128.71500000000003 1.0000000180025095e-35 13.500000000000002 16.500000000000004 14.500000000000002 12.500000000000002 1 25.850000000000005 14.500000000000002 26.350000000000005 25.750000000000004 17.500000000000004 94.710000000000022 2 15.545000000000002 46.535000000000004 3 2.5000000000000004 11.500000000000002 16.500000000000004 37.500000000000007 12.115 30.500000000000004 25.550000000000004
decision_type=2 9 10 10 2 2 10 2 2 2 2 2 9 2 2 2 2 2 8 9 8 10 9 2 2 2 2 8 2 2
left_child=9 2 11 -4 5 6 7 12 -9 -1 -7 -2 28 16 21 -16 17 18 -14 24 25 22 -15 -23 -18 -19 -24 -28 29 -3
right_child=1 4 3 -5 -6 10 -8 8 -10 -11 -12 -13 13 14 15 -17 19 20 -20 -21 -22 23 26 -25 -26 -27 27 -29 -30 -31
leaf_value=-0.0011546823980365772 -0.0016065213309448989 -0.011143778004238138 -0.0035820242794550872 0.0066258429215183771 -0.0019724562761886943 0.001358209551231715 -0.0049373896886613089 -0.018399480543253244 -0.0022446614460487346 -0.0088788273364407196 -0.0045654457221262048 0.010644888028901178 -0.0026755865764976241 0.011327800889216989 -0.011489851026566146 -0.0015724831328514989 0.03064728662295706 0.0051164617196552522 -0.02310124807782641 0.031620217091477665 0.00034725496465073393 0.014543790281482095 -0.0028258384876666655 -0.013357748850017438 -3.153906459445466e-05 0.030872294313166695 0.0079632019991699114 -0.029466768709463055 0.0016406800467646755 0.00073131652150060233
leaf_weight=6912 1356 1993 4978 2232 35781 2836 4537 1099 7335 4394 6268 4729 2920 1971 5136 19041 310 737 449 1014 2401 2660 3186 523 1559 892 229 870 82509 38213
leaf_count=6912 1356 1993 4978 2232 35781 2836 4537 1099 7335 4394 6268 4729 2920 1971 5136 19041 310 737 449 1014 2401 2660 3186 523 1559 892 229 870 82509 38213
internal_value=3.77389e-05 0.000169489 0.00245212 -0.000110803 3.40774e-05 0.00029995 0.000471619 0.000587523 -0.0024396 -0.00273065 -0.00308317 0.00548811 0.000740894 -0.000282344 -0.00119253 -0.00242899 0.00269141 0.000695101 -0.00403966 0.00779468 0.00465347 0.00197375 -0.000239387 0.00631068 0.002991 0.0111348 -0.00375145 -0.0104148 0.00110686 8.95166e-05
internal_weight=249070 237764 13295 7210 224469 188688 179584 175047 8434 11306 9104 6085 166613 43898 33616 24177 10282 7399 3369 2883 4030 9439 6256 3183 1869 1629 4285 1099 122715 40206
internal_count=249070 237764 13295 7210 224469 188688 179584 175047 8434 11306 9104 6085 166613 43898 33616 24177 10282 7399 3369 2883 4030 9439 6256 3183 1869 1629 4285 1099 122715 40206
cat_boundaries=0 1 2 3 4
cat_threshold=16 4 8 8
is_linear=0
shrinkage=0.05


Tree=98
num_leaves=31
num_cat=5
split_feature=0 4 4 9 3 10 10 10 9 9 10 8 9 0 9 8 8 9 0 9 8 8 9 7 9 4 6 7 9 3
split_gain=32.5637 33.8397 26.4482 57.3749 24.4801 39.5506 30.3059 29.8286 35.3703 28.9943 27.9349 66.1904 43.9571 53.9472 55.3141 64.7954 51.7744 42.9121 71.8532 84.2368 67.7387 59.6418 45.2963 42.7325 57.9631 57.5521 63.3591 53.5768 85.2778 52.3578
threshold=6.5000000000000009 0 1 -81.749999999999986 2 33.425000000000004 128.71500000000003 103.31500000000001 -85.34999999999998 -81.449999999999989 14.360000000000001 24.650000000000002 -80.249999999999986 62.500000000000007 -82.749999999999986 27.950000000000003 25.750000000000004 -82.649999999999991 51.500000000000007 -84.949999999999989 28.150000000000002 28.850000000000005 -85.949999999999989 20.500000000000004 -80.34999999999998 3 1.5000000000000002 18.500000000000004 -82.549999999999983 4
decision_type=2 9 9 2 9 10 10 10 2 2 10 2 2 2 2 2 2 2 2 2 2 2 2 2 2 9 2 2 2 9
left_child=1 -1 3 -2 5 -4 10 8 -7 -10 11 -6 13 17 -15 -16 -14 18 19 22 -20 -19 -12 24 27 26 29 -13 -29 -26
right_child=2 -3 4 -5 6 7 -8 -9 9 -11 12 23 16 14 15 -17 -18 21 20 -21 -22 -23 -24 -25 25 -27 -28 28 -30 -31
leaf_value=0.0058131881964279767 -0.00069778275716618769 -0.005985508301355625 0.0090784507446423305 -0.012301868165495611 -0.026216243897282523 0.010696831676289388 -0.0046905202042282212 0.0065195407179608374 -0.0089617002882379278 0.0050953947165653275 -5.4963199066726536e-06 -0.002828803709815109 0.008519419920377835 0.0026101405936313606 -0.00084362316017170267 -0.0081472198973671969 -0.0073962331863774104 0.0016489240255919135 0.0057035377861182294 -0.0047930012888583564 -0.0017206888994310888 0.0067328394600747465 0.01181248207381529 -0.0062977308240719683 -0.0030642638461532371 0.012332623685975097 0.014742546855503936 0.0083593667848618665 -0.012030282698359951 0.012931156031704206
leaf_weight=1770 6137 9536 5478 1320 774 902 5155 2103 3407 909 12217 34004 1525 4186 10219 4244 7560 66166 4199 14146 1941 14655 3043 7704 9524 4526 1160 6794 2073 1693
leaf_count=1770 6137 9536 5478 1320 774 902 5155 2103 3407 909 12217 34004 1525 4186 10219 4244 7560 66166 4199 14146 1941 14655 3043 7704 9524 4526 1160 6794 2073 1693
internal_value=4.01477e-05 -0.00258042 0.000164862 -0.0027618 0.000259848 0.00238318 0.000134695 -2.04611e-05 -0.00204667 -0.00392973 0.000226734 -0.000606487 0.000621396 0.000847985 -0.001648 -0.00311269 -0.00274327 0.0012481 -0.000199685 -0.00122722 0.00471545 0.0018848 0.00134905 -0.000438596 1.33815e-05 0.00249217 0.000721949 -0.000964297 0.00249521 -0.000431994
internal_weight=249070 11306 237764 7457 230307 12799 217508 7321 5218 4316 212353 68252 144101 135016 18649 14463 9085 116367 35546 29406 6140 80821 15260 67478 59774 16903 12377 42871 8867 11217
internal_count=249070 11306 237764 7457 230307 12799 217508 7321 5218 4316 212353 68252 144101 135016 18649 14463 9085 116367 35546 29406 6140 80821 15260 67478 59774 16903 12377 42871 8867 11217
cat_boundaries=0 1 2 3 4 5
cat_threshold=172 80 16 2 12
is_linear=0
shrinkage=0.05


Tree=99
num_leaves=31
num_cat=4
split_feature=0 4 11 10 7 0 10 0 8 8 8 0 4 10 4 0 10 10 7 10 11 0 0 8 10 10 11 8 7 4
split_gain=29.6567 31.2764 25.9434 76.9834 103.897 62.5973 53.586 66.5699 48.5297 52.8479 61.4533 74.0836 44.4525 42.3589 82.9836 41.2466 30.9158 29.3492 33.1233 42.8069 36.3492 33.2642 27.6833 27.2949 25.7538 73.9222 39.9766 30.9849 28.5893 25.6398
threshold=6.5000000000000009 0 126.38500000000001 42.415000000000006 12.500000000000002 29.500000000000004 15.635000000000003 42.500000000000007 30.050000000000004 29.750000000000004 26.650000000000002 42.500000000000007 1 21.375000000000004 2 41.500000000000007 57.110000000000007 7.0600000000000014 13.500000000000002 42.395000000000003 127.40000000000002 33.500000000000007 53.500000000000007 28.950000000000003 14.360000000000001 16.605000000000004 69.030000000000015 24.650000000000002 25.500000000000004 3
decision_type=2 9 10 10 2 2 10 2 2 2 2 2 9 10 9 2 10 10 2 10 10 2 2 2 8 8 10 2 2 9
left_child=1 -1 12 4 5 -4 -7 -8 9 10 11 17 23 -13 22 -12 -5 -6 20 29 21 -19 -15 -2 27 26 -26 -14 -27 -20
right_child=2 -3 3 16 8 6 7 -9 -10 -11 15 13 24 14 -16 -17 -18 18 19 -21 -22 -23 -24 -25 25 28 -28 -29 -30 -31
leaf_value=0.0066017844597427988 -0.0024673937409787961 -0.0053668362492283357 -0.024626868272105629 -0.0041534042292997956 0.013575264085543904 0.0025354421190539878 0.00077757790130750237 -0.0335801876866638 -0.020023824376753031 0.021542869285801292 0.0027214869481233528 0.0038301581272025768 -0.021436508913768606 0.015831057609458823 -0.009849980815408799 -0.018057061905707439 -0.028759340845091776 0.030499920578934248 0.00031473716206740224 0.023973381317598144 -0.0030359100109824235 0.0034189556822827429 0.0069084728204050986 -0.012600639393578028 -0.0042550696435197819 0.00017531302314948151 0.015223673018825858 -0.0022105133992678105 -0.013652567299198993 -0.011395262979471622
leaf_weight=1424 4633 9882 1549 2540 486 3054 632 467 586 725 538 2325 694 1955 474 427 469 1423 7055 724 987 868 629 819 904 184583 3414 13099 980 725
leaf_count=1424 4633 9882 1549 2540 486 3054 632 467 586 725 538 2325 694 1955 474 427 469 1423 7055 724 987 868 629 819 904 184583 3414 13099 980 725
internal_value=4.41625e-05 -0.0024567 0.00016318 0.00157428 0.00246304 -0.00348389 -0.000276243 -0.00969342 0.00416562 0.00459666 0.00407495 0.00474775 -3.01239e-05 0.00963286 0.0134941 -0.00815385 -0.0059788 0.00259814 0.00209464 0.000446324 0.00635645 0.00980009 0.0169739 -0.00447734 8.93497e-05 0.000240928 0.00670055 -0.00199594 9.0261e-05 -0.000641849
internal_weight=249070 11306 237764 28638 25629 5702 4153 1099 19927 19341 18616 17651 209126 5383 3058 965 3009 12268 11782 8504 3278 2291 2584 5452 203674 189881 4318 13793 185563 7780
internal_count=249070 11306 237764 28638 25629 5702 4153 1099 19927 19341 18616 17651 209126 5383 3058 965 3009 12268 11782 8504 3278 2291 2584 5452 203674 189881 4318 13793 185563 7780
cat_boundaries=0 1 2 3 4
cat_threshold=168 80 102 178
is_linear=0
shrinkage=0.05


Tree=100
num_leaves=31
num_cat=4
split_feature=4 0 3 3 8 2 0 11 4 8 0 7 11 8 10 8 11 8 7 7 11 8 10 7 8 11 0 8 0 10
split_gain=35.616 30.3911 28.6301 28.524 51.9703 42.8268 42.5303 41.6072 37.8485 46.232 35.1992 30.1748 34.3109 30.6785 28.8632 26.6026 51.9406 43.7419 54.6692 46.5318 37.2528 32.5388 54.8774 64.6471 61.6828 53.2408 94.5011 48.4072 61.214 43.3387
threshold=0 7.5000000000000009 1 2 25.650000000000002 1.0000000180025095e-35 57.500000000000007 69.585000000000022 3 26.550000000000004 70.500000000000014 17.500000000000004 63.750000000000007 30.350000000000005 86.885000000000005 26.350000000000005 102.75000000000001 26.450000000000003 15.500000000000002 13.500000000000002 106.99500000000002 27.850000000000005 96.385000000000019 18.500000000000004 26.650000000000002 100.41500000000001 38.500000000000007 27.950000000000003 58.500000000000007 86.885000000000005
decision_type=9 2 9 9 2 2 2 10 9 2 2 2 8 2 10 2 10 2 2 2 8 2 10 2 2 10 2 2 2 8
left_child=2 -2 -1 4 -3 8 -7 -8 9 -5 15 12 -6 -13 -14 16 -10 19 -19 -17 -21 22 23 24 -20 -23 -27 -28 -29 -26
right_child=1 3 -4 5 11 6 7 -9 10 -11 -12 13 14 -15 -16 17 -18 18 21 20 -22 25 -24 -25 29 26 27 28 -30 -31
leaf_value=0.001121181949438732 -0.0034617199955236269 0.0083219223128944367 0.0075731838094473154 0.0021520996398906255 0.0054046153323306983 -0.0027723958228432545 -0.0049627058715220329 0.011786740942339514 -0.0031174568443193885 -0.0040156541908913379 -0.0030133511385814771 -0.0069114584634961673 -0.0016001535492913721 0.003340441402743899 -0.018594017235502979 -0.0068971594265147653 0.0035284364558086701 -5.1642709604493578e-05 0.023728127392798105 -0.0095505652545301526 0.015348024356345481 0.0045455077407808636 0.0064708640980950527 0.012442012236189371 0.00050043706321831747 -0.027108506628593966 0.0038142378551412116 0.00056540633644730498 -0.005781752854123124 -0.016521447396498079
leaf_weight=17237 12443 3328 7021 4514 4770 28981 1259 1973 17778 7730 5781 15319 19980 1723 1084 582 9739 36428 313 279 1417 22489 5924 4319 3008 1027 3545 5004 2265 1729
leaf_count=17237 12443 3328 7021 4514 4770 28981 1259 1973 17778 7730 5781 15319 19980 1723 1084 582 9739 36428 313 279 1417 22489 5924 4319 3008 1027 3545 5004 2265 1729
internal_value=8.77514e-05 -0.000108787 0.00190708 3.20304e-05 -0.00106655 0.00033774 -0.00129876 0.00413325 0.00073162 -0.00191618 0.000998381 -0.0015343 -0.000456586 -0.00316678 -0.00132391 0.00118854 -0.000168925 0.00161141 0.0014298 0.00843531 0.0126026 0.00250942 0.00442724 0.0020418 -0.00179842 0.00165405 -0.00105898 0.000323356 -0.00201264 -0.00323362
internal_weight=248989 224731 24258 212288 46204 166084 32213 3232 133871 12244 121627 42876 25834 17042 21064 115846 27517 88329 86051 2278 1696 49623 15293 9369 5050 34330 11841 10814 7269 4737
internal_count=248989 224731 24258 212288 46204 166084 32213 3232 133871 12244 121627 42876 25834 17042 21064 115846 27517 88329 86051 2278 1696 49623 15293 9369 5050 34330 11841 10814 7269 4737
cat_boundaries=0 1 2 3 4
cat_threshold=160 4 10 84
is_linear=0
shrinkage=0.05


Tree=101
num_leaves=31
num_cat=4
split_feature=10 0 12 9 7 10 10 11 10 9 9 11 10 11 11 3 3 10 3 7 7 9 0 12 11 11 3 11 0 9
split_gain=32.0044 28.954 34.2552 26.4389 34.6555 28.6385 41.5308 35.5901 35.7527 55.3575 40.411 39.7326 39.229 44.0501 32.2004 31.5564 31.4979 39.2819 31.3092 26.5752 25.8894 24.953 23.1827 22.948 26.3787 22.537 21.3441 45.2323 23.5358 26.303
threshold=146.27500000000003 18.500000000000004 -1.4999999999999998 -80.149999999999991 16.500000000000004 70.125000000000014 69.680000000000021 37.915000000000006 21.375000000000004 -86.949999999999989 -82.34999999999998 90.160000000000011 32.690000000000005 50.915000000000006 138.07000000000002 0 1 17.925000000000004 2 17.500000000000004 17.500000000000004 -81.749999999999986 12.500000000000002 1.0000000180025095e-35 56.835000000000008 94.585000000000022 3 89.720000000000013 34.500000000000007 -86.449999999999989
decision_type=10 2 8 2 2 8 10 10 10 2 2 10 10 10 10 9 9 10 9 2 2 2 2 8 10 10 9 8 2 2
left_child=1 3 -3 5 -5 6 7 18 9 15 16 12 -10 21 19 -9 -11 -18 -1 25 -12 -14 -22 24 -7 -13 27 -4 29 -29
right_child=-2 2 26 4 -6 23 -8 8 11 10 20 14 13 -15 -16 -17 17 -19 -20 -21 22 -23 -24 -25 -26 -27 -28 28 -30 -31
leaf_value=0.0068794038180617356 -0.013638196151203054 -0.0073364756506842715 -0.0061080347564164139 0.043705074646873766 0.0028804849033990279 0.0026697984579424627 0.036825252455354639 -0.03103151236287767 0.0029950376290718951 0.022398308189950901 -0.0081702437847120286 0.025475380573291996 0.02356091738877817 -0.015561760145576288 -0.029055295285247241 -0.0015446109111670659 -0.0035201219481391099 0.03671973833302946 -0.023398036180674087 -0.005645335746603264 -0.0044367881096495591 -0.011234446634000772 0.0081195509774024902 -0.003402260398954349 -0.013601720378266081 0.0078891852009405749 0.00039285740970806948 0.027901884977613992 0.0092334211393421128 -0.00066412624538672029
leaf_weight=379 726 2241 2080 263 1106 799 305 888 4617 399 4543 540 341 2054 200 469 983 277 957 808 1809 221 1617 17156 2135 5180 187334 494 5004 3064
leaf_count=379 726 2241 2080 263 1106 799 305 888 4617 399 4543 540 341 2054 200 469 983 277 957 808 1809 221 1617 17156 2135 5180 187334 494 5004 3064
internal_value=8.49401e-05 0.0001158 0.000380318 -0.000986349 0.00583756 -0.0011877 -0.000110915 -0.000327096 0.000100176 -0.00203274 -0.000695165 0.00177868 -0.00079387 -0.00567403 0.00454141 -0.0114484 0.00638107 0.00234375 -0.00824666 0.00515448 -0.00217446 0.00664336 0.00110594 -0.00261194 -0.00669158 0.00635253 0.000450032 0.00262615 0.00423472 0.00112108
internal_weight=248989 248263 200217 48046 1369 46677 26587 26282 24946 10985 9628 13961 7233 2616 6728 1357 1659 1260 1336 6528 7969 562 3426 20090 2934 5720 197976 10642 8562 3558
internal_count=248989 248263 200217 48046 1369 46677 26587 26282 24946 10985 9628 13961 7233 2616 6728 1357 1659 1260 1336 6528 7969 562 3426 20090 2934 5720 197976 10642 8562 3558
cat_boundaries=0 1 2 3 4
cat_threshold=4 24 2 16
is_linear=0
shrinkage=0.05


Tree=102
num_leaves=31
num_cat=4
split_feature=4 11 7 10 11 10 2 10 8 12 2 10 10 7 11 4 8 10 10 8 8 8 11 10 4 8 7 10 4 7
split_gain=31.6082 41.5424 45.6646 48.5052 46.4682 29.7729 29.3491 28.0952 26.2685 25.568 23.8504 20.6835 23.5185 20.4716 49.5693 38.4061 42.9464 34.1303 26.9083 24.5506 23.6773 45.7155 73.0617 66.1195 53.5774 40.8415 52.2003 41.318 40.6668 39.548
threshold=0 132.69000000000003 14.500000000000002 25.785000000000004 118.75000000000001 24.535 1.0000000180025095e-35 147.58500000000004 30.750000000000004 -1.0000000180025095e-35 1.0000000180025095e-35 36.195000000000007 89.490000000000023 11.500000000000002 127.40000000000002 1 26.350000000000005 31.880000000000006 23.875000000000004 27.050000000000004 26.350000000000005 26.550000000000004 121.55000000000003 21.125000000000004 2 26.150000000000002 17.500000000000004 69.680000000000021 3 17.500000000000004
decision_type=9 10 2 8 8 10 2 10 2 8 2 10 10 2 8 9 2 10 10 2 2 2 8 8 9 2 2 8 9 2
left_child=1 2 4 -4 -1 10 11 8 9 -2 -6 -5 -13 14 17 16 -16 -11 -18 -17 25 22 -22 -24 -23 27 -27 29 -29 -15
right_child=7 -3 3 6 5 -7 -8 -9 -10 13 -12 12 -14 20 15 19 18 -19 -20 -21 21 24 23 -25 -26 26 -28 28 -30 -31
leaf_value=-0.0046025090692820569 -0.0045239076458863719 -0.013199523890252607 0.037802062042042464 0.0013955884662967045 0.014100712333907906 0.016438328041018479 -0.00070821566371579445 -0.028100149327467072 0.023269553452048442 0.0017161866150679384 -0.0066692026226583771 0.023493730068896171 0.0079704628116785692 -0.0044545902452377993 0.030738654910274568 -0.025281270611396692 -0.016536999477775538 -0.0062303758892547911 0.010072768137411627 -0.0046306934424038106 -0.0090948366444554736 -0.0033951425923320678 0.0015340092199127133 0.010079802270442119 0.0006270784820904485 -0.00087627584388112474 -0.012249132322091639 0.00021009829862426166 0.0070685773680913225 0.002522212723867412
leaf_weight=2495 5611 515 391 516 976 293 1217 259 272 9706 382 574 1222 15607 239 1521 587 4561 277 805 2216 10753 7060 5625 131232 5323 3755 21674 6442 6883
leaf_count=2495 5611 515 391 516 976 293 1217 259 272 9706 382 574 1222 15607 239 1521 587 4561 277 805 2216 10753 7060 5625 131232 5323 3755 21674 6442 6883
internal_value=8.53417e-05 0.0030636 0.00394998 0.0078117 0.000288739 0.00677303 0.00591975 -2.12122e-05 -3.12293e-06 -2.10516e-05 0.00358187 0.00921619 0.0117386 5.89049e-05 -0.00157574 -0.00696423 0.000756901 -0.000276669 -0.00446224 -0.0105712 0.000192539 0.000514991 0.00314868 0.00461205 0.000238389 -0.000655007 -0.0037412 -0.000100759 0.00117685 -0.00169778
internal_weight=248989 8581 8066 3920 4146 1651 3529 240408 240149 239877 1358 2312 1796 234266 17696 3429 1103 14267 864 2326 216570 156886 14901 12685 141985 59684 9078 50606 28116 22490
internal_count=248989 8581 8066 3920 4146 1651 3529 240408 240149 239877 1358 2312 1796 234266 17696 3429 1103 14267 864 2326 216570 156886 14901 12685 141985 59684 9078 50606 28116 22490
cat_boundaries=0 1 2 3 4
cat_threshold=32 140 84 82
is_linear=0
shrinkage=0.05


Tree=103
num_leaves=31
num_cat=1
split_feature=10 4 0 0 10 0 10 10 2 10 8 10 8 7 10 12 0 10 10 7 9 8 9 9 9 0 10 10 8 10
split_gain=30.3772 34.1739 26.9078 40.3823 31.6644 30.2321 28.1807 42.178 47.8701 31.0496 30.9944 29.3626 25.022 24.2441 38.6019 23.7502 25.6443 31.8859 44.1357 29.1162 41.5842 36.0524 55.0718 51.7498 45.4885 33.3037 32.7466 32.715 32.4396 32.3371
threshold=146.27500000000003 0 41.500000000000007 52.500000000000007 42.415000000000006 26.500000000000004 18.665000000000003 44.545000000000009 1.0000000180025095e-35 69.680000000000021 26.450000000000003 92.305000000000021 30.750000000000004 12.500000000000002 119.56500000000001 -1.0000000180025095e-35 20.500000000000004 70.125000000000014 69.715000000000018 14.500000000000002 -86.949999999999989 30.350000000000005 -82.749999999999986 -81.749999999999986 -81.249999999999986 18.500000000000004 4.04 31.880000000000006 25.650000000000002 40.745000000000012
decision_type=10 9 2 2 8 2 8 8 2 8 2 8 2 2 8 8 2 10 10 2 2 2 2 2 2 2 10 8 2 8
left_child=1 2 4 6 5 -1 -4 10 9 -9 -8 -11 15 -5 -15 -3 17 18 19 20 26 22 25 -24 -25 -21 -17 -23 -26 -22
right_child=-2 12 3 13 -6 -7 7 8 -10 11 -12 -13 -14 14 -16 16 -18 -19 -20 21 29 27 23 24 28 -27 -28 -29 -30 -31
leaf_value=0.016147485705642329 -0.01254874546393614 -0.0043174961538147375 -0.010499355041774639 -0.00964390913098594 -0.0069371373987330287 -0.00033181205916323899 0.035934274605160701 -0.0011361631669059237 -0.0080281334197005901 0.03224146374303416 0.018977181385336373 0.0065504956885086511 0.022106075779446056 -0.0043390460000814817 0.02974221379212132 0.0020929727404623401 0.00043150991536622385 -0.0053105040845236933 0.04424576825305962 -0.016628480370708854 0.00068318354288408054 -0.012314751078926635 0.0061924634294391549 -0.016642005573190132 0.0059727967849887882 0.0020016547352275094 -0.034992069631355704 0.010978570574441982 -0.0020955562406888453 -0.0096362971837117509
leaf_weight=729 726 5577 215 360 1823 1250 405 294 564 235 243 1214 272 877 215 452 178608 10517 224 2197 8602 474 6902 1701 3781 1014 1096 3161 11700 3561
leaf_count=729 726 5577 215 360 1823 1250 405 294 564 235 243 1214 272 877 215 452 178608 10517 224 2197 8602 474 6902 1701 3781 1014 1096 3161 11700 3561
internal_value=8.85546e-05 0.000118619 0.00324491 0.00580743 0.000131165 0.00449975 0.00896226 0.0102361 0.00701338 0.0110953 0.0214286 0.014085 8.54669e-06 -0.00109439 0.00263158 -8.97415e-06 6.79487e-05 -0.000871967 -0.000290808 -0.000404246 -0.00232126 0.000446025 -0.000177623 0.000643314 -0.000825966 -0.00631791 -0.0100128 0.0051166 2.90491e-05 -0.00133492
internal_weight=248989 248263 8424 4622 3802 1979 3170 2955 2307 1743 648 1449 239839 1452 1092 239567 233990 55382 44865 44641 13711 30930 27295 24084 17182 3211 1548 3635 15481 12163
internal_count=248989 248263 8424 4622 3802 1979 3170 2955 2307 1743 648 1449 239839 1452 1092 239567 233990 55382 44865 44641 13711 30930 27295 24084 17182 3211 1548 3635 15481 12163
cat_boundaries=0 1
cat_threshold=32
is_linear=0
shrinkage=0.05


Tree=104
num_leaves=31
num_cat=5
split_feature=4 3 1 3 8 9 11 7 10 11 9 9 4 11 8 9 10 10 11 8 9 8 3 9 8 10 10 11 8 9
split_gain=26.9379 27.2604 23.5167 23.3027 44.1641 30.6444 64.2427 42.0214 38.5914 43.6635 37.5875 31.4216 29.8046 28.2183 25.4233 58.7075 24.5729 51.1534 58.4201 39.3613 50.9662 51.6913 34.4292 39.0953 62.3588 43.8505 42.5549 32.8274 29.0432 27.3147
threshold=0 1 1.0000000180025095e-35 2 25.650000000000002 -81.749999999999986 94.585000000000022 16.500000000000004 27.265000000000004 88.610000000000014 -81.449999999999989 -86.049999999999983 3 136.12000000000003 29.950000000000003 -82.549999999999983 17.925000000000004 19.450000000000006 137.08500000000001 24.650000000000002 -81.84999999999998 26.450000000000003 4 -82.449999999999989 27.050000000000004 9.2300000000000022 4.04 138.07000000000002 26.750000000000004 -85.34999999999998
decision_type=9 9 2 9 2 2 8 2 8 10 2 2 9 10 2 2 8 8 10 2 2 2 9 2 2 10 10 10 2 2
left_child=1 -1 -3 4 -2 6 11 8 -7 10 -10 -6 -12 -8 15 -13 19 27 -19 -5 21 -21 23 26 25 -25 -23 -18 -27 -24
right_child=3 2 -4 16 5 7 13 -9 9 -11 12 14 -14 -15 -16 -17 17 18 -20 20 -22 22 29 24 -26 28 -28 -29 -30 -31
leaf_value=0.00094209227986929989 0.0060416321403370613 0.0082427127340567452 -0.010728718779128866 -0.02292878436468895 -0.0031220306040477212 -0.0061116065745933316 -0.004521600137499515 -0.0072072493477035593 -0.023819722356727004 -0.012398100727826655 0.021960501435339719 -0.015067193055838635 0.0048814542730054372 0.011473145949828645 0.016636444536008457 0.014506552776854954 0.0055105949554174142 0.00041348479167329093 -0.017615843707793299 -0.055134381496741464 0.0026837138392243002 0.0058088968756912166 0.029316677938989868 -0.037815778946540493 0.027579845451120202 -0.0006313951159795828 -0.016110821381134333 0.030273775907761237 -0.014598248338652243 -0.0033772840584923359
leaf_weight=17237 4286 6517 504 740 2048 4305 11753 15449 237 929 547 900 5336 503 2185 2431 4461 146631 1370 211 7670 636 541 243 497 6054 3619 270 498 381
leaf_count=17237 4286 6517 504 740 2048 4305 11753 15449 237 929 547 900 5336 503 2185 2431 4461 146631 1370 211 7670 636 541 243 497 6054 3619 270 498 381
internal_value=7.77112e-05 0.00165994 0.00428206 -9.32143e-05 -0.00103379 -0.00148071 1.00857e-05 -0.0025827 -0.000272791 0.00200453 0.00353997 0.00363084 0.00433565 -0.00222566 0.00559175 0.00282849 0.000182349 0.000403294 0.000239509 -0.00141706 -0.00100196 -0.0029472 -0.00252023 -0.00326359 -0.00104081 -0.00229978 -0.00706917 0.00551571 -0.00150869 0.0066879
internal_weight=248989 24258 7021 224731 50909 46623 19820 26803 11354 7049 6120 7564 5883 12256 5516 3331 173822 152732 148001 21090 20350 12680 12469 11547 7292 6795 4255 4731 6552 922
internal_count=248989 24258 7021 224731 50909 46623 19820 26803 11354 7049 6120 7564 5883 12256 5516 3331 173822 152732 148001 21090 20350 12680 12469 11547 7292 6795 4255 4731 6552 922
cat_boundaries=0 1 2 3 4 5
cat_threshold=160 4 10 12 4
is_linear=0
shrinkage=0.05


Tree=105
num_leaves=31
num_cat=4
split_feature=12 7 9 10 10 10 10 9 7 3 10 7 9 4 0 9 10 0 10 9 0 4 0 7 4 10 9 9 0 9
split_gain=27.0611 27.9917 54.8033 24.468 24.1557 36.4767 42.1377 36.5986 60.8583 50.3927 31.8889 33.7047 46.1741 28.4061 42.0902 51.3329 44.1755 42.1165 28.124 36.7871 23.3637 23.2523 33.9487 22.8357 25.9375 28.2066 21.3565 21.7205 20.8907 20.9083
threshold=2.5000000000000004 23.500000000000004 -81.149999999999991 20.195000000000004 14.360000000000001 19.450000000000006 18.665000000000003 -86.949999999999989 13.500000000000002 0 20.870000000000001 12.500000000000002 -81.249999999999986 1 42.500000000000007 -81.84999999999998 41.495000000000005 52.500000000000007 33.175000000000004 -87.34999999999998 53.500000000000007 2 35.500000000000007 13.500000000000002 3 14.415000000000001 -81.049999999999983 -80.049999999999983 29.500000000000004 -87.34999999999998
decision_type=10 2 2 8 8 8 10 2 2 9 8 2 2 9 2 2 8 2 8 2 2 9 2 2 9 10 2 2 2 2
left_child=1 4 -3 -4 -1 6 23 8 -7 -10 11 -9 -13 14 15 16 -12 -16 19 -11 -19 22 -8 24 -6 -26 -5 -28 29 -20
right_child=-2 2 3 26 5 7 21 10 9 18 13 12 -14 -15 17 -17 -18 20 28 -21 -22 -23 -24 -25 25 -27 27 -29 -30 -31
leaf_value=-0.0018864358452239218 -0.0069317226488374573 -0.018968888555699781 0.010613087381676146 0.013043151943171738 -0.020189670691192908 -0.01338071387761346 0.021880252518998191 -0.02569418187119803 -0.021127655540976599 0.012749391564474612 0.0094192750987939014 0.026833013854627108 -0.013199102812248498 -4.9545873647671718e-05 0.0079009455189486214 0.0064432774684839884 -0.009717550854110836 -0.012458844991310959 -0.011643688975953826 -0.012179129175873805 0.0040417463869197425 0.017936521876714597 -0.0002546227015184588 0.004501683824913805 0.0088448953801364642 -0.002758929341237515 -0.0073930686883561421 0.016761870863002317 0.010807374840091333 0.0092250833700196384
leaf_weight=20313 3459 1501 897 518 272 1077 1752 535 495 974 1410 269 606 176694 3451 3633 4084 507 299 973 1550 766 1522 7729 573 3452 3213 317 2672 3718
leaf_count=20313 3459 1501 897 518 272 1077 1752 535 495 974 1410 269 606 176694 3451 3633 4084 507 299 973 1550 766 1522 7729 573 3452 3213 317 2672 3718
internal_value=0.000104517 0.000166408 -0.0030824 -0.000534813 0.000254036 0.000407035 0.00269968 0.000225417 0.00314151 0.00446888 7.08175e-05 -0.00739437 -0.00129944 0.000126216 0.00224156 0.000158695 -0.00288881 0.00569047 0.00536044 7.66479e-05 2.41896e-05 0.00711111 0.00519126 0.00121303 -0.00170652 -0.00065513 -0.0021932 -0.00358757 0.00690402 0.00460641
internal_weight=249231 245772 6446 4945 239326 219013 16066 202947 10208 9131 192739 1410 875 191329 14635 9127 5494 5508 8636 1947 2057 4040 3274 12026 4297 4025 4048 3530 6689 4017
internal_count=249231 245772 6446 4945 239326 219013 16066 202947 10208 9131 192739 1410 875 191329 14635 9127 5494 5508 8636 1947 2057 4040 3274 12026 4297 4025 4048 3530 6689 4017
cat_boundaries=0 1 2 3 4
cat_threshold=8 40 66 96
is_linear=0
shrinkage=0.05


Tree=106
num_leaves=31
num_cat=4
split_feature=12 9 9 8 10 10 10 3 10 5 8 9 10 10 3 10 10 8 9 12 8 10 9 8 10 4 10 10 10 4
split_gain=24.2007 19.9612 51.4425 47.2559 65.1926 47.0143 42.5347 64.6477 58.6542 34.6839 31.7473 43.3968 42.8243 33.2263 30.0708 27.9364 47.5362 24.7132 24.3528 24.2747 28.0397 80.2711 58.1683 50.1448 34.8388 23.757 23.7502 24.6436 22.6177 22.9316
threshold=2.5000000000000004 -84.949999999999989 -84.149999999999991 30.250000000000004 103.13000000000001 78.835000000000022 15.075000000000001 0 4.04 1.5000000000000002 30.350000000000005 -86.949999999999989 27.065000000000001 33.175000000000004 1 12.125000000000002 17.925000000000004 30.550000000000004 -85.84999999999998 -1.0000000180025095e-35 30.050000000000004 57.775000000000006 -81.749999999999986 30.350000000000005 85.760000000000005 2 18.765000000000004 72.810000000000016 51.650000000000006 3
decision_type=10 2 2 2 8 10 8 9 10 2 2 2 8 8 9 10 10 2 2 8 2 10 2 2 10 9 10 10 8 9
left_child=1 3 9 4 15 6 7 -5 -9 -3 -8 13 -13 -12 -14 -1 -17 -10 -18 -4 25 22 -22 24 -23 -21 -20 -28 29 -15
right_child=-2 2 19 5 -6 -7 10 8 17 -11 11 12 14 28 -16 16 18 -19 26 20 21 23 -24 -25 -26 -27 27 -29 -30 -31
leaf_value=0.017027763242237537 -0.0065851365163956295 -0.0012653281444488407 -0.0049374059186420467 0.037273613595162923 -0.0068640818388220563 -0.020382466150009118 -0.0020877135897793496 0.0040893775100790284 -0.018946293005290694 -0.018516424208813432 -0.0010528133769891034 0.021263753530700227 0.014893206540071757 0.015493505098551408 -0.0051941772419896283 -0.01772958117947563 0.046307274846119566 0.010492450064812964 0.026816465796383904 0.0025845004692286013 0.01442372747364944 0.030114330763375642 -0.014180794957716137 -0.0017858366176088936 0.0018717251393735703 -9.2203719349637228e-05 -0.0116615875925139 0.016009293431643059 0.0052474062053387456 -0.0098334568273006802
leaf_weight=993 3459 1508 5021 403 1525 1314 4750 871 2458 1534 1475 1062 532 2862 4708 506 320 211 370 14736 1073 1689 1730 793 537 188211 407 1562 2375 236
leaf_count=993 3459 1508 5021 403 1525 1314 4750 871 2458 1534 1475 1062 532 2862 4708 506 320 211 370 14736 1073 1689 1730 793 537 188211 407 1562 2375 236
internal_value=9.68942e-05 0.000155422 -9.22331e-06 0.0013886 0.00547163 0.000388963 0.000940646 -0.00375664 -0.00592697 -0.00645478 0.00197113 0.00322775 0.0002218 0.00594999 -0.0016381 0.00870921 0.00637795 -0.0096118 0.00904833 8.27877e-05 0.000165486 0.00358368 -0.00250622 0.00922747 0.013059 6.72556e-05 0.00721584 0.00497726 0.00774211 0.0105534
internal_weight=249231 245772 216832 28940 5683 23257 21943 3943 3540 3042 18000 13250 6302 6948 5240 4158 3165 2669 2659 213790 208769 5822 2803 3019 2226 202947 2339 1969 5473 3098
internal_count=249231 245772 216832 28940 5683 23257 21943 3943 3540 3042 18000 13250 6302 6948 5240 4158 3165 2669 2659 213790 208769 5822 2803 3019 2226 202947 2339 1969 5473 3098
cat_boundaries=0 1 2 3 4
cat_threshold=16 16 40 2
is_linear=0
shrinkage=0.05


Tree=107
num_leaves=31
num_cat=4
split_feature=0 9 7 11 10 3 0 9 10 8 0 11 8 7 11 7 9 4 3 8 7 3 0 8 10 0 10 8 10 9
split_gain=22.5262 27.4535 41.9019 44.395 35.3998 29.7114 39.5922 29.1077 66.0249 46.0197 76.3264 63.2333 49.1051 48.5603 46.3907 43.3667 42.5653 42.054 41.0381 39.9044 46.234 35.4245 35.2499 42.5616 50.8817 56.2944 50.6595 39.6052 45.3139 39.0434
threshold=24.500000000000004 -86.949999999999989 13.500000000000002 89.720000000000013 28.875000000000004 0 34.500000000000007 -82.249999999999986 100.98500000000001 26.350000000000005 55.500000000000007 123.89000000000001 30.050000000000004 11.500000000000002 93.055000000000021 16.500000000000004 -82.649999999999991 1 2 27.850000000000005 18.500000000000004 3 51.500000000000007 27.950000000000003 113.96500000000002 66.500000000000014 101.42000000000002 27.450000000000003 124.43000000000002 -82.749999999999986
decision_type=2 2 2 8 10 9 2 2 10 2 2 8 2 2 8 2 2 9 9 2 2 9 2 2 10 2 10 2 10 2
left_child=-1 2 -2 -4 -5 6 -3 8 15 14 17 12 -12 -13 -9 21 -17 -11 -10 20 -18 -7 29 24 25 -24 -25 -26 -29 -20
right_child=1 5 3 4 -6 7 -8 9 18 10 11 13 -14 -15 -16 16 19 -19 22 -21 -22 -23 23 26 27 -27 -28 28 -30 -31
leaf_value=-0.0010039403134535442 -0.0098052232062070931 0.0027396309883356285 -0.0043329333929199802 0.0036378834858475264 0.016726772070728525 -0.0067489962731646985 -0.0061520844699682444 -0.0049228784133114271 0.0096189857117382708 -0.0061720486998113168 -0.0079127810725843073 -0.0062145185825520427 0.015298604886851308 0.0057352002683317416 0.0012031948769167134 -0.0032796074495222262 0.0043616772006052516 0.0046452896479921794 -0.010572953090522752 0.000337782329731251 0.031897001308750283 0.0012473536236206507 0.0070332968202916129 0.0034687915893088397 0.0062074882877678483 0.0010568711915942331 -0.0050456864244989852 0.00040907047885951897 -0.0084559791428264752 0.00019614376460186378
leaf_weight=77037 947 5688 1551 2438 2252 12520 11046 9766 1900 1011 4492 476 560 2469 32250 8166 1544 31449 2599 5444 715 2971 3566 1317 2709 2869 2216 8197 742 8324
leaf_count=77037 947 5688 1551 2438 2252 12520 11046 9766 1900 1011 4492 476 560 2469 32250 8166 1544 31449 2599 5444 715 2971 3566 1317 2709 2869 2216 8197 742 8324
internal_value=9.08759e-05 0.000408817 0.00343151 0.00491921 0.00734043 0.000276943 -0.00171899 0.000502387 -0.000281876 0.00112811 0.00233153 -0.00204196 -0.00543264 0.00377327 -3.09332e-05 -0.00194135 -0.000103911 0.0034093 0.00122935 0.00256061 0.00813134 -0.00382233 0.0008093 0.0019791 0.00295971 0.00652444 -0.00303415 0.000986447 -0.000620181 -0.00150462
internal_weight=249231 172194 7188 6241 4690 165006 16734 148272 65799 82473 40457 7997 5052 2945 42016 31360 15869 32460 34439 7703 2259 15491 32539 21616 18083 6435 3533 11648 8939 10923
internal_count=249231 172194 7188 6241 4690 165006 16734 148272 65799 82473 40457 7997 5052 2945 42016 31360 15869 32460 34439 7703 2259 15491 32539 21616 18083 6435 3533 11648 8939 10923
cat_boundaries=0 1 2 3 4
cat_threshold=2 64 24 4
is_linear=0
shrinkage=0.05


Tree=108
num_leaves=31
num_cat=2
split_feature=12 0 10 11 8 2 8 8 3 10 11 11 11 11 8 8 0 8 10 8 11 0 8 8 8 10 8 10 3 10
split_gain=20.9292 21.7055 22.0853 38.837 56.2273 27.4502 22.3798 38.6613 31.9898 31.3355 40.8671 37.9973 37.0959 49.3854 41.3826 34.7273 25.4464 24.4858 23.9505 41.043 36.2908 36.2916 41.7568 47.7812 49.0361 40.1369 45.7751 33.3794 38.5982 33.8775
threshold=3.5000000000000004 24.500000000000004 120.88500000000002 63.750000000000007 27.550000000000004 1.0000000180025095e-35 25.250000000000004 25.650000000000002 0 12.415000000000001 138.07000000000002 126.38500000000001 85.680000000000021 94.585000000000022 25.950000000000003 30.350000000000005 5.5000000000000009 30.450000000000003 45.480000000000011 25.850000000000005 118.75000000000001 8.5000000000000018 27.550000000000004 28.950000000000003 28.350000000000005 96.385000000000019 27.950000000000003 17.925000000000004 1 19.450000000000006
decision_type=10 2 10 10 2 2 2 2 9 8 10 10 8 8 2 2 2 2 8 2 10 2 2 2 2 10 2 10 9 10
left_child=1 2 6 -4 5 -5 -1 -8 17 10 11 15 14 16 -11 -10 -14 -9 27 -20 21 -21 -23 24 25 -24 -27 28 -15 -29
right_child=-2 -3 3 4 -6 -7 7 8 9 12 -12 -13 13 18 -16 -17 -18 -19 19 20 -22 22 23 -25 -26 26 -28 29 -30 -31
leaf_value=-0.0071802536482391327 -0.011078157321688931 0.00051012283130629226 0.0032386469129757956 -0.015627613236180161 -0.031035630896644319 0.014067482001870158 0.0064466550193469814 -0.0052291233157829358 -0.0018356023102835018 0.0097389986337853788 0.022575688908346603 -0.029731862725964533 0.02587525122220722 -0.0096634101577875789 -0.005813108646033527 -0.023409960085759352 0.0086339126221006701 0.026484491115969223 0.013817410462137848 -0.0072755562464825729 -0.016369915273226 -0.0074299565555980612 -0.0020072277136232055 -0.0049737474068948023 0.010285521816788724 0.015572372980926197 -0.018658436668162227 0.02513318392066104 0.034168215625423715 0.0034016381035438139
leaf_weight=3332 1545 171278 1051 241 602 205 4519 9353 2893 1302 233 676 757 2401 9391 641 4125 274 1399 3872 1307 4477 4799 4691 2429 1613 294 1326 288 7917
leaf_count=3332 1545 171278 1051 241 602 205 4519 9353 2893 1302 233 676 757 2401 9391 641 4125 274 1399 3872 1307 4477 4799 4691 2429 1613 294 1326 288 7917
internal_value=9.12771e-05 0.000127576 -0.000573163 -0.00561878 -0.0123819 0.00109649 -0.000429904 -0.000241594 -0.000546127 -9.41056e-05 -0.00412082 -0.00526066 0.000248101 0.000921952 -0.00237784 -0.00316027 0.00564186 -0.00320825 0.000294653 -0.000588566 -0.00108548 -0.000606265 0.000324906 0.00168401 0.00378896 0.00157832 0.00769431 0.00213532 -0.00276028 0.00356101
internal_weight=249231 247686 76408 2099 1048 446 74309 70977 66458 56831 4443 4210 52388 41695 10693 3534 4882 9627 36813 24881 23482 22175 18303 13826 9135 6706 1907 11932 2689 9243
internal_count=249231 247686 76408 2099 1048 446 74309 70977 66458 56831 4443 4210 52388 41695 10693 3534 4882 9627 36813 24881 23482 22175 18303 13826 9135 6706 1907 11932 2689 9243
cat_boundaries=0 1 2
cat_threshold=8 6
is_linear=0
shrinkage=0.05


Tree=109
num_leaves=31
num_cat=2
split_feature=7 0 8 10 10 8 10 10 8 10 10 10 7 10 3 8 11 7 10 10 8 0 3 8 10 10 0 0 11 10
split_gain=21.9696 38.2884 37.1678 33.3007 44.0697 43.7373 34.6701 27.368 22.2351 20.8643 20.3161 31.0509 20.6337 19.095 18.1931 17.9498 16.5204 69.6971 42.5813 35.5569 31.1873 26.4805 56.3301 23.806 19.8248 28.3862 28.6465 32.1949 21.628 69.1786
threshold=20.500000000000004 71.500000000000014 26.350000000000005 101.42000000000002 86.515000000000015 27.850000000000005 37.025000000000013 27.760000000000002 29.750000000000004 146.27500000000003 20.195000000000004 15.635000000000003 25.500000000000004 21.125000000000004 0 30.750000000000004 138.07000000000002 14.500000000000002 7.0600000000000014 14.360000000000001 24.650000000000002 21.500000000000004 1 30.050000000000004 15.545000000000002 15.290000000000001 11.500000000000002 32.500000000000007 85.680000000000021 45.480000000000011
decision_type=2 2 2 8 10 2 10 10 2 10 10 10 2 10 9 2 10 2 10 8 2 2 9 2 8 10 2 2 8 8
left_child=9 2 13 4 6 -5 7 10 -6 15 11 12 -4 -2 -7 16 19 -18 -19 20 -1 22 -22 -24 25 -21 -27 -28 -26 -30
right_child=1 -3 3 5 8 14 -8 -9 -10 -11 -12 -13 -14 -15 -16 -17 17 18 -20 24 21 -23 23 -25 28 26 27 -29 29 -31
leaf_value=-0.020946084632375597 -0.0045188858202717345 -0.014929647437938166 -0.0059754941023074 0.0030830118007421528 0.022037044689528697 0.0086300409536798749 -0.0073121576635303059 0.0095054276550420105 0.00097652155847551827 -0.011272032633844555 -0.015603438376241474 0.011885319715969934 0.016224536467717376 -0.018489493705688399 -0.013838221197612599 0.016398928778756351 0.019071496630412989 0.010021595508632509 -0.014877101845128183 0.00024104139908542876 -0.015271532405975209 -0.00021058668748210609 -0.0052566140862005733 0.0088659440333006771 -0.0010328181096780132 -0.0032165131931769508 0.028224359528855915 -0.013940964220901809 0.0033579538644139539 1.9759101526783954e-05
leaf_weight=737 3102 932 2142 2167 1326 379 2944 2721 693 711 860 1504 212 987 3108 275 1011 527 1164 2554 3023 11311 1022 962 43984 509 1285 240 36256 120583
leaf_count=737 3102 932 2142 2167 1326 379 2944 2721 693 711 860 1504 212 987 3108 275 1011 527 1164 2554 3023 11311 1022 962 43984 509 1285 240 36256 120583
internal_value=8.96722e-05 -0.00137956 -0.000959151 1.66058e-05 0.00146632 -0.00316031 0.000149139 0.00196671 0.00820601 0.000239649 -0.000338409 0.0012151 -0.00236887 -0.00525738 -0.00661996 0.000266796 0.000250913 0.00412979 -0.00208701 0.000203617 -0.00198945 -0.00153111 -0.00455451 0.00199601 0.000385793 0.00363201 0.00802348 0.0114332 0.000311453 0.000586233
internal_weight=249231 23077 22145 18056 12402 5654 10383 7439 2019 226154 4718 3858 2354 4089 3487 225443 225168 2702 1691 222466 17055 16318 5007 1984 205411 4588 2034 1525 200823 156839
internal_count=249231 23077 22145 18056 12402 5654 10383 7439 2019 226154 4718 3858 2354 4089 3487 225443 225168 2702 1691 222466 17055 16318 5007 1984 205411 4588 2034 1525 200823 156839
cat_boundaries=0 1 2
cat_threshold=24 4
is_linear=0
shrinkage=0.05


Tree=110
num_leaves=31
num_cat=3
split_feature=4 9 4 7 9 3 7 9 9 11 11 10 11 9 11 10 10 10 11 7 10 7 11 10 9 7 7 12 9 11
split_gain=26.6657 27.5883 52.2995 46.1189 57.3612 48.3532 44.5423 42.2532 52.3932 46.0336 41.9405 38.0122 36.8963 77.7697 74.8751 62.6742 76.3343 51.6215 51.9671 52.4111 41.0074 40.6556 35.9533 35.9101 35.6669 34.088 50.8758 39.1747 33.2136 30.9398
threshold=0 -81.749999999999986 1 11.500000000000002 -82.149999999999991 2 15.500000000000002 -80.249999999999986 -80.449999999999989 100.41500000000001 128.30500000000004 125.25500000000001 104.13000000000001 -82.649999999999991 89.720000000000013 80.725000000000009 18.765000000000004 100.98500000000001 138.07000000000002 14.500000000000002 95.89500000000001 17.500000000000004 68.540000000000006 1.0000000180025095e-35 -81.34999999999998 20.500000000000004 18.500000000000004 1.0000000180025095e-35 -81.949999999999989 118.75000000000001
decision_type=9 2 9 2 2 9 2 2 2 8 8 10 8 2 10 10 10 8 10 2 10 2 8 10 2 2 2 10 2 10
left_child=1 3 -3 10 5 29 7 8 24 -9 -1 -8 13 14 -7 16 23 18 -14 -20 -15 -18 -10 -16 -4 26 27 -19 -12 -5
right_child=-2 2 6 4 -6 12 11 9 22 -11 28 -13 17 20 15 -17 21 25 19 -21 -22 -23 -24 -25 -26 -27 -28 -29 -30 -31
leaf_value=-0.0014917045257286433 0.0022862798241868099 -0.011330269361260649 -0.002181562245653934 0.0060747502727814158 0.0031285827107334187 -0.0074584502727107265 -0.0019713684756282658 -0.0033819968745712361 0.0026095787019284169 0.01201680925320945 -0.0097434545240596034 -0.023774804913625491 -0.0050455952665250164 0.0027979546583170034 0.0054330574110291966 -0.0076029990417878059 0.0098892052410084474 -0.0033467875182427776 0.015276719184481681 -0.01764228580573466 0.0099096405381241762 -0.016812785005964417 -0.012051576960657685 -0.016871817823342239 0.0056957574434735037 -0.019749938045690474 0.0059748493709224082 0.00041651913761127092 -0.032231059396635689 -0.0081161695417053103
leaf_weight=9055 34339 994 4204 9675 28549 8144 56368 1536 1795 3525 1436 417 11011 5499 549 3062 7725 15669 848 327 4524 412 2960 1406 5914 574 6288 21109 479 898
leaf_count=9055 34339 994 4204 9675 28549 8144 56368 1536 1795 3525 1436 417 11011 5499 549 3062 7725 15669 848 327 4524 412 2960 1406 5914 574 6288 21109 479 898
internal_value=0.00011091 -9.58264e-05 -0.000848526 0.000330421 0.000600654 2.45575e-05 -0.000699123 0.00133373 -1.00786e-05 0.00527509 -0.00277778 -0.00141298 -0.000363096 0.00101018 -0.000699268 0.00163324 0.00353395 -0.00113368 -0.00400951 0.00594937 0.00463969 0.00566466 -0.00433368 -0.00531807 0.00202409 -0.000329897 -0.000167146 -0.000878004 -0.00948052 0.00321439
internal_weight=249291 214952 77713 137239 126269 97720 76719 19934 14873 5061 10970 56785 87147 31321 21298 13154 10092 55826 12186 1175 10023 8137 4755 1955 10118 43640 43066 36778 1915 10573
internal_count=249291 214952 77713 137239 126269 97720 76719 19934 14873 5061 10970 56785 87147 31321 21298 13154 10092 55826 12186 1175 10023 8137 4755 1955 10118 43640 43066 36778 1915 10573
cat_boundaries=0 1 2 3
cat_threshold=86 16 24
is_linear=0
shrinkage=0.05


Tree=111
num_leaves=31
num_cat=0
split_feature=0 9 7 10 0 7 2 10 7 10 8 0 8 9 10 8 11 2 11 10 11 9 10 11 10 0 10 9 7 8
split_gain=21.0358 28.0451 29.5741 27.6215 24.1106 30.3031 33.4202 50.5787 23.2574 16.941 21.9686 23.477 47.5328 34.6221 30.1155 20.2086 42.6264 42.2028 42.6234 38.061 37.2867 36.499 34.6082 31.4267 30.6583 36.2844 30.7128 30.1296 33.5837 39.907
threshold=18.500000000000004 -80.149999999999991 18.500000000000004 120.88500000000002 69.500000000000014 19.500000000000004 1.0000000180025095e-35 73.675000000000026 14.500000000000002 128.71500000000003 30.050000000000004 41.500000000000007 27.250000000000004 -82.249999999999986 137.31000000000003 29.650000000000002 52.615000000000002 1.0000000180025095e-35 54.260000000000012 43.945000000000007 105.28000000000002 -82.84999999999998 14.360000000000001 135.28500000000003 15.545000000000002 23.500000000000004 15.290000000000001 -82.449999999999989 20.500000000000004 27.050000000000004
decision_type=2 2 2 10 2 2 2 10 2 10 2 2 2 2 10 2 8 2 8 8 8 2 8 10 8 2 10 2 2 2
left_child=1 3 -3 -1 9 6 8 -8 -6 15 11 13 14 -11 -13 16 -2 18 -18 -19 -17 -20 27 24 25 26 -24 -23 29 -29
right_child=4 2 -4 -5 5 -7 7 -9 -10 10 -12 12 -14 -15 -16 20 17 19 21 -21 -22 22 23 -25 -26 -27 -28 28 -30 -31
leaf_value=-0.0014243477099244563 -0.0059494860956684995 0.032698773455564913 0.0022052184274574671 -0.014128714907473406 0.0017685967635058921 -0.013037816206758635 -0.0056350578962356401 0.021190684778187131 -0.0037728303347451587 0.0098758798806554363 -0.022547884730611756 0.012526508161416584 -0.0097191816600344268 -0.026043750168483416 -0.0050538873731417857 0.0048310434289235097 0.014508883450050681 0.0009999598361572382 -0.012529303505568291 -0.0048948515022700263 -0.0010567344908891663 -0.025152784084514448 0.004238695828312578 -0.0036132409967126302 0.0012081762990984403 0.0034922158925049019 0.037668846572767395 -0.0017940055902792018 -0.018058315468454645 0.018264983858252395
leaf_weight=45784 6993 450 944 1118 2978 1145 860 761 5966 1785 353 581 1743 304 598 18094 856 9703 633 11167 9307 688 240 2774 113273 1731 409 6679 623 751
leaf_count=45784 6993 450 944 1118 2978 1145 860 761 5966 1785 353 581 1743 304 598 18094 856 9703 633 11167 9307 688 240 2774 113273 1731 409 6679 623 751
internal_value=9.84753e-05 -0.000838405 0.00612536 -0.00104664 0.000323624 -0.00187713 -0.00103546 0.00554874 -0.00223364 0.000459864 -0.00230741 -0.00144394 -0.00433151 0.00259647 0.00340622 0.000540692 0.000321344 0.000499876 0.00083821 -0.00158525 0.00179308 0.000763236 0.000823256 0.00104739 0.00117367 0.00677824 0.0167678 -0.00221118 -0.00134565 -0.000403226
internal_weight=249291 48296 1394 46902 200995 11710 10565 1621 8944 189285 5364 5011 2922 2089 1179 183921 156520 149527 128657 20870 27401 127801 127168 118427 115653 2380 649 8741 8053 7430
internal_count=249291 48296 1394 46902 200995 11710 10565 1621 8944 189285 5364 5011 2922 2089 1179 183921 156520 149527 128657 20870 27401 127801 127168 118427 115653 2380 649 8741 8053 7430
is_linear=0
shrinkage=0.05


Tree=112
num_leaves=31
num_cat=3
split_feature=4 7 10 11 0 6 10 0 9 11 0 7 0 4 10 0 10 0 7 2 10 7 9 7 12 9 9 0 7 4
split_gain=25.0952 28.7887 57.4369 41.9421 37.235 34.3141 33.7105 26.6779 24.7265 24.8328 19.0192 18.6222 26.5044 18.1225 20.2213 18.7348 28.5864 19.3806 28.8551 30.9462 47.2044 21.4083 18.912 23.4058 19.4391 27.3222 23.2873 72.8589 40.1209 20.2322
threshold=0 14.500000000000002 25.785000000000004 118.75000000000001 40.500000000000007 4.5000000000000009 23.905000000000005 33.500000000000007 -82.749999999999986 109.36000000000001 49.500000000000007 13.500000000000002 34.500000000000007 1 18.665000000000003 18.500000000000004 120.88500000000002 69.500000000000014 19.500000000000004 1.0000000180025095e-35 73.675000000000026 14.500000000000002 -80.149999999999991 18.500000000000004 1.5000000000000002 -82.749999999999986 -82.649999999999991 9.5000000000000018 18.500000000000004 2
decision_type=9 2 8 8 2 2 8 2 2 10 2 2 2 9 8 2 10 2 2 2 10 2 2 2 8 2 2 2 2 9
left_child=1 3 -3 -1 7 8 11 -4 10 -10 -6 -5 -13 14 -2 16 22 -17 19 21 -21 -19 24 -24 29 -26 27 -27 -29 -15
right_child=13 2 4 6 5 -7 -8 -9 9 -11 -12 12 -14 15 -16 17 -18 18 -20 20 -22 -23 23 -25 25 26 -28 28 -30 -31
leaf_value=-0.0053146165797008042 -0.015793736014901149 0.034063988889602825 0.0033604833314121231 0.011792628836181596 -0.018862620567882262 -0.0038937542416941362 0.011668804274271683 -0.017734494043231221 0.012698084807928823 0.01570265187235682 0.014404425962331491 0.028389545865403411 -0.016979523079098512 0.01253147993654511 -0.0015876576027698875 0.00053313479732288729 -0.013930383329203889 0.0017589516092516801 -0.012460400353611113 -0.005353305001423881 0.020298455538255312 -0.003525762582629266 0.03335317131581688 0.0020616818221175673 -0.011778974652834107 -0.031415132839593699 -0.0042152579595441612 -0.012931876082013717 0.013884447291747027 -0.00063570978840612471
leaf_weight=2503 333 375 1109 598 263 326 605 556 726 717 371 211 277 1450 3411 177946 1087 2914 1142 858 754 5871 391 939 3094 283 7885 414 1005 30877
leaf_count=2503 333 375 1109 598 263 326 605 556 726 717 371 211 277 1450 3411 177946 1087 2914 1142 858 754 5871 391 939 3094 283 7885 414 1005 30877
internal_value=0.000110108 0.002755 0.00555805 -0.000214082 0.00380088 0.00777041 0.0058495 -0.0019403 0.0101342 0.0137302 0.00186335 0.000547445 -0.00662651 1.4958e-05 -0.00342721 6.96408e-05 -0.000819015 0.000292092 -0.00169279 -0.000859998 0.00548705 -0.00202956 -0.000630016 0.00522388 -0.000804123 -0.00246237 -0.00114098 0.0041472 0.00878237 -0.000153075
internal_weight=249291 8637 4443 4194 4068 2403 1691 1665 2077 1443 634 1086 488 240654 3744 236910 47425 189485 11539 10397 1612 8785 46338 1330 45008 12681 9587 1702 1419 32327
internal_count=249291 8637 4443 4194 4068 2403 1691 1665 2077 1443 634 1086 488 240654 3744 236910 47425 189485 11539 10397 1612 8785 46338 1330 45008 12681 9587 1702 1419 32327
cat_boundaries=0 1 2 3
cat_threshold=32 64 128
is_linear=0
shrinkage=0.05


Tree=113
num_leaves=31
num_cat=4
split_feature=4 8 11 9 11 11 7 0 11 5 8 8 0 4 3 2 9 8 8 11 7 7 4 9 11 8 11 9 11 11
split_gain=25.3684 30.8143 30.0572 22.666 34.868 36.342 30.6253 42.2284 24.3298 18.3562 20.2018 17.8006 17.3295 21.1154 19.7587 20.6607 52.8065 36.0769 56.8343 26.8377 29.4147 24.2143 36.4173 34.1612 28.1538 25.4771 33.0071 37.817 24.1449 32.1012
threshold=0 28.850000000000005 89.165000000000006 -82.149999999999991 136.12000000000003 102.08500000000002 14.500000000000002 46.500000000000007 130.19000000000003 3.5000000000000004 27.450000000000003 30.750000000000004 21.500000000000004 1 2 1.0000000180025095e-35 -86.84999999999998 28.250000000000004 25.650000000000002 100.41500000000001 20.500000000000004 14.500000000000002 3 -82.549999999999983 62.915000000000006 30.250000000000004 60.415000000000006 -85.749999999999986 99.585000000000022 66.040000000000006
decision_type=9 2 10 2 10 8 2 2 10 2 2 2 2 9 9 2 2 2 2 10 2 2 9 2 8 2 10 2 10 8
left_child=1 3 -3 6 5 -5 9 -8 -7 10 -1 12 14 -14 -2 17 -17 18 -16 20 21 25 -23 -24 -25 26 -19 -28 29 -22
right_child=11 2 -4 4 -6 8 7 -9 -10 -11 -12 -13 13 -15 15 16 -18 19 -20 -21 28 22 23 24 -26 -27 27 -29 -30 -31
leaf_value=-0.0010686238572084506 0.001429386204132488 0.0032720781040993965 0.027384003083756259 -0.010831336189011866 -0.007199051270820345 0.007548954424032495 -0.0071757691989470466 0.011417534537528074 0.031907473724346234 -0.036051875276607914 -0.022865110165191549 0.017803177742527598 0.0046147001971504229 0.00017415021673192755 0.0057323524930765757 -0.014948842114037532 -0.0018016164107070853 -0.016112203612387611 -0.0045116194678396226 -0.016380814682150024 -0.00084870530061564864 -0.011409010130785102 0.010494678547900982 0.017979094264443506 -0.029433835556073797 -0.0058221978635437655 0.025379013814357077 0.01002735317939072 0.019000195888745755 -0.026304412976745441
leaf_weight=1627 14885 389 359 417 483 3123 692 795 231 230 291 273 6147 172412 4187 2748 8796 363 20876 527 583 486 4090 391 382 2030 292 529 222 435
leaf_count=1627 14885 389 359 417 483 3123 692 795 231 230 291 273 6147 172412 4187 2748 8796 363 20876 527 583 486 4090 391 382 2030 292 529 222 435
internal_value=0.0001073 0.00276655 0.0124011 0.00184201 0.0043152 0.00593758 -0.00105624 0.00444222 0.00766944 -0.00486562 -0.00321577 1.1634e-05 -3.11992e-06 0.000246683 -0.000724544 -0.00122772 -0.00306387 -0.000628478 -0.00165317 0.00185687 0.00245083 0.00349353 0.00555141 0.0068503 -0.00274585 6.20347e-05 0.00586265 0.0113718 -0.00472 -0.00797665
internal_weight=249291 8637 748 7889 4254 3771 3635 1487 3354 2148 1918 240654 240381 178559 61822 46937 11544 35393 25063 10330 9803 8563 5349 4863 773 3214 1184 821 1240 1018
internal_count=249291 8637 748 7889 4254 3771 3635 1487 3354 2148 1918 240654 240381 178559 61822 46937 11544 35393 25063 10330 9803 8563 5349 4863 773 3214 1184 821 1240 1018
cat_boundaries=0 1 2 3 4
cat_threshold=32 8 18 28
is_linear=0
shrinkage=0.05


Tree=114
num_leaves=31
num_cat=1
split_feature=3 11 8 10 2 0 12 11 8 10 0 11 10 8 10 10 7 7 8 11 11 10 8 0 7 10 10 0 7 10
split_gain=22.0205 68.4295 23.848 35.7719 21.4329 38.2964 22.3301 27.6744 33.8241 22.9299 37.5722 44.5426 34.244 23.2947 20.7658 28.984 27.2553 32.9956 25.0958 22.7095 41.8505 32.5312 32.5678 31.3762 24.7198 22.6728 22.0647 20.4555 34.314 17.901
threshold=0 89.720000000000013 30.350000000000005 65.485000000000014 1.0000000180025095e-35 72.500000000000014 2.5000000000000004 52.085000000000008 29.950000000000003 45.250000000000007 73.500000000000014 102.08500000000002 44.865000000000009 24.650000000000002 17.925000000000004 18.155000000000005 10.500000000000002 18.500000000000004 25.450000000000003 85.680000000000021 97.185000000000016 32.690000000000005 29.650000000000002 24.500000000000004 12.500000000000002 9.365000000000002 39.720000000000006 34.500000000000007 18.500000000000004 30.295000000000005
decision_type=9 8 2 8 2 2 10 8 2 8 2 10 10 2 10 10 2 2 2 10 10 10 2 2 2 10 10 2 2 10
left_child=1 -1 27 -4 5 -2 7 8 -6 12 13 -12 14 -11 16 -16 25 -18 -17 21 23 -20 -23 26 -22 -9 -21 28 -3 -30
right_child=4 2 3 -5 6 -7 -8 9 -10 10 11 -13 -14 -15 15 18 17 -19 19 20 24 22 -24 -25 -26 -27 -28 -29 29 -31
leaf_value=-0.0075508120629022013 0.00039065120730032989 -0.0016933073552355183 0.029762213557168061 -0.0031659547379931045 -0.0050546082843323072 -0.0039967611780160617 -0.019608228694390786 0.00078021071304252849 0.016615904383972958 0.0093156423386895788 -0.0074603363459494259 0.022154160597822693 0.044074083014297473 -0.0049954545578553503 0.023507869929160832 -0.0088446200074076223 -0.0097681885244425906 0.0051780791602714432 0.0022292181813741152 0.017066983462346474 -0.016319886231315639 -0.0026790941857910869 -0.04526165238388824 0.034816337612691005 0.0025629159341871155 0.014890476544885844 -0.0088423006471064266 0.0071457618893782555 0.014758488542031767 -0.0056868647913586035
leaf_weight=2758 190879 4093 811 319 936 6098 556 1035 1324 740 505 425 208 16791 235 1044 4167 1020 1028 763 522 311 279 456 5424 240 270 5028 798 228
leaf_count=2758 190879 4093 811 319 936 6098 556 1035 1324 740 505 425 208 16791 235 1044 4167 1020 1028 763 522 311 279 456 5424 240 270 5028 798 228
internal_value=0.000101684 0.00202419 0.0037521 0.010614 -1.3176e-05 0.000197221 -0.00109561 -0.000947447 0.00440529 -0.00128971 -0.00250934 0.00723404 3.52692e-05 -0.00303004 -0.000220186 0.00116999 -0.00244129 -0.00405041 0.000756901 0.00160543 0.00277367 -0.00374693 -0.013 0.0102402 0.000889859 0.0040856 0.00532119 0.00297824 0.000750634 0.00888031
internal_weight=249291 14035 11277 1130 235256 196977 38279 37723 2260 35463 18461 930 17002 17531 16794 10332 6462 5187 10097 9053 7435 1618 590 1489 5946 1275 1033 10147 5119 1026
internal_count=249291 14035 11277 1130 235256 196977 38279 37723 2260 35463 18461 930 17002 17531 16794 10332 6462 5187 10097 9053 7435 1618 590 1489 5946 1275 1033 10147 5119 1026
cat_boundaries=0 1
cat_threshold=16
is_linear=0
shrinkage=0.05


Tree=115
num_leaves=31
num_cat=3
split_feature=4 0 11 2 0 12 4 4 0 9 0 0 11 5 9 0 8 0 11 11 9 11 11 11 11 8 8 0 8 0
split_gain=18.5027 24.4512 18.6917 16.6569 31.3535 27.9701 28.6649 26.2756 32.4779 22.6955 26.9692 21.8297 48.1825 25.2922 24.9552 33.3456 27.5187 32.8356 50.2042 35.1011 26.6938 21.7729 20.1266 35.2748 18.9562 18.0199 28.725 27.7444 26.4666 30.5847
threshold=0 44.500000000000007 121.55000000000003 1.0000000180025095e-35 77.500000000000014 2.5000000000000004 1 2 52.500000000000007 -82.549999999999983 56.500000000000007 52.500000000000007 69.585000000000022 1.5000000000000002 -80.34999999999998 39.500000000000007 29.750000000000004 28.500000000000004 89.720000000000013 52.085000000000008 -82.649999999999991 138.07000000000002 52.085000000000008 85.680000000000021 98.055000000000021 27.650000000000002 27.850000000000005 29.500000000000004 28.550000000000004 34.500000000000007
decision_type=9 2 10 2 2 10 9 9 2 2 2 2 10 2 2 2 2 2 10 10 2 10 8 8 10 2 2 2 2 2
left_child=1 -1 -3 4 7 6 11 8 -2 -10 -11 14 -13 -14 16 -16 20 21 19 -19 25 22 -18 -24 -25 27 -27 -5 -28 -30
right_child=3 2 -4 5 -6 -7 -8 -9 9 10 -12 12 13 -15 15 -17 17 18 -20 -21 -22 -23 23 24 -26 26 28 -29 29 -31
leaf_value=-0.01120338996477317 0.0047376380369243522 -0.001616727849149946 0.0053364029273075715 -0.003295555547491791 -0.0052718539706852145 -0.018171422584113774 0.0029926873519216636 0.00033540310067294856 0.0067653062201952887 -0.010401192303115359 0.009598836307114134 -0.0064186405349426767 0.019527874156778237 0.005183931128120412 0.0088532798661652198 -0.015356709789813829 0.010419442668278302 0.01030952629515749 0.023421052361498253 -0.022344795009139596 -0.0032051764141546538 0.024832438285730164 -0.024528107266909949 0.00066575563781627882 -0.0083805893477754811 0.0026434271631688767 -0.015440813065830073 -0.030944770220107377 -0.011945943246861114 0.014247933098780186
leaf_weight=1525 4193 1715 522 294 3178 604 7043 193584 494 701 217 1740 629 1800 1399 427 613 771 1195 519 15957 265 541 3317 1780 958 1822 326 923 246
leaf_count=1525 4193 1715 522 294 3178 604 7043 193584 494 701 217 1740 629 1800 1399 427 613 771 1195 519 15957 265 541 3317 1780 958 1822 326 923 246
internal_value=3.32922e-05 -0.00343733 -0.000111259 8.67419e-05 0.000276958 -0.000804789 -0.000651791 0.000355674 0.00372444 -0.00281294 -0.00743534 -0.00122953 0.00216559 0.00670357 -0.00168192 0.00397603 -0.00203304 0.00027189 0.0051503 -0.00169231 -0.00304344 -0.00159363 -0.00219613 -0.00313385 -0.00183082 -0.0064097 -0.00514019 -0.0142857 -0.00754748 -0.00165394
internal_weight=249298 3762 2237 245536 202367 43169 42565 199189 5605 1412 918 35522 4169 2429 31353 1826 29527 9001 2485 1290 20526 6516 6251 5638 5097 4569 3949 620 2991 1169
internal_count=249298 3762 2237 245536 202367 43169 42565 199189 5605 1412 918 35522 4169 2429 31353 1826 29527 9001 2485 1290 20526 6516 6251 5638 5097 4569 3949 620 2991 1169
cat_boundaries=0 1 2 3
cat_threshold=64 34 32
is_linear=0
shrinkage=0.05


Tree=116
num_leaves=31
num_cat=3
split_feature=3 11 8 0 10 8 4 9 10 4 8 10 8 10 11 8 12 10 0 9 12 9 8 0 8 11 11 10 9 0
split_gain=22.3278 46.6646 29.544 27.8188 27.4476 26.164 26.2268 23.283 20.5426 25.1406 22.0943 34.3184 24.2779 18.0946 18.0913 16.9959 16.2444 26.8124 13.7446 33.1589 17.6111 15.0953 45.8872 117.575 41.485 53.542 53.7188 52.0934 101.907 50.8804
threshold=0 89.720000000000013 30.350000000000005 48.500000000000007 65.485000000000014 29.150000000000002 1 -80.34999999999998 42.415000000000006 2 27.950000000000003 19.870000000000001 28.750000000000004 146.27500000000003 103.60000000000001 30.750000000000004 -1.0000000180025095e-35 45.480000000000011 77.500000000000014 -81.649999999999991 1.0000000180025095e-35 -82.549999999999983 27.750000000000004 49.500000000000007 27.850000000000005 97.385000000000005 138.07000000000002 42.415000000000006 -82.749999999999986 21.500000000000004
decision_type=9 8 2 2 8 2 9 2 10 9 2 10 2 10 8 2 8 10 2 2 8 2 2 2 2 10 10 10 2 2
left_child=1 -1 3 7 -4 6 -5 8 9 10 11 -3 -12 15 -14 16 17 -2 21 20 -20 22 23 -18 27 -26 -27 28 -24 -30
right_child=13 2 4 5 -6 -7 -8 -9 -10 -11 12 -13 14 -15 -16 -17 18 -19 19 -21 -22 -23 24 -25 25 26 -28 -29 29 -31
leaf_value=-0.0061305232086075641 0.001342007692260916 -0.009328862733655097 0.030067662722658286 -0.00036373443123709497 -0.0026150670262274469 -0.012319769472260456 0.012877471599127067 0.03593397901894653 -0.0038266495648343391 -0.0059952585579412521 0.016961937144326058 0.010874587857492646 0.025373970362221245 -0.010753434449529566 -0.00078038849847761327 0.020582278277353795 -0.013771664846462618 -0.0090649523755391929 -0.0087992812131922459 -0.012281805691662219 0.0027349469206725541 0.00048376714799243105 -0.033841589016692722 0.0010176755664571325 0.00093212036807899246 -0.0027241218025244153 0.0093352632275058422 0.0029097129357023911 -0.043389847278824029 0.0076596443637792612
leaf_weight=2785 2664 982 832 553 307 220 1501 260 3184 826 776 779 291 613 745 273 5437 2788 618 1488 2210 140457 741 6092 34580 20589 1289 13051 232 2135
leaf_count=2785 2664 982 832 553 307 220 1501 260 3184 826 776 779 291 613 745 273 5437 2788 618 1488 2210 140457 741 6092 34580 20589 1289 13051 232 2135
internal_value=3.81055e-05 0.00197354 0.00340849 0.00254271 0.0110096 0.0073993 0.00915698 0.00112696 0.000612406 0.00282377 0.00463401 0.000649351 0.00850714 -7.75681e-05 0.00344168 -5.49746e-05 -6.97582e-05 -0.00276456 -5.46021e-06 -0.00279704 0.000387597 4.83053e-05 -0.000481249 -0.00341017 -1.58343e-05 -0.000655238 -0.00259046 0.00221721 -0.00359205 0.00149348
internal_weight=249298 14041 11256 10117 1139 2274 2054 7843 7583 4399 3573 1761 1812 235257 1036 234644 234371 5452 228919 4316 2828 224603 84146 11529 72617 56458 21878 16159 3108 2367
internal_count=249298 14041 11256 10117 1139 2274 2054 7843 7583 4399 3573 1761 1812 235257 1036 234644 234371 5452 228919 4316 2828 224603 84146 11529 72617 56458 21878 16159 3108 2367
cat_boundaries=0 1 2 3
cat_threshold=16 204 38
is_linear=0
shrinkage=0.05


Tree=117
num_leaves=31
num_cat=5
split_feature=3 0 8 7 2 0 4 8 10 4 4 0 10 3 0 6 10 7 10 10 10 8 8 10 10 10 0 8 10 10
split_gain=20.9715 22.8055 25.1376 30.3698 21.5072 28.2733 20.7844 28.3007 26.0165 27.3045 20.3244 20.2206 41.2142 33.568 22.8855 20.5534 20.0523 19.9721 39.5829 58.9575 23.582 27.9439 22.1385 21.3433 21.102 21.3635 35.5673 20.7139 19.2772 35.9281
threshold=0 48.500000000000007 30.350000000000005 18.500000000000004 1.0000000180025095e-35 72.500000000000014 1 28.950000000000003 128.71500000000003 2 3 52.500000000000007 100.98500000000001 4 40.500000000000007 3.5000000000000004 25.785000000000004 19.500000000000004 84.860000000000014 37.025000000000013 90.02500000000002 29.550000000000004 29.250000000000004 69.120000000000019 9.0800000000000018 9.2850000000000019 11.500000000000002 28.150000000000002 51.680000000000007 42.415000000000006
decision_type=9 2 2 2 2 2 9 2 10 9 9 2 10 9 2 2 10 2 10 10 10 2 2 10 8 8 2 2 8 10
left_child=1 2 3 -1 5 6 7 -2 9 28 -6 13 -13 14 -12 -14 -5 24 19 -19 21 -20 27 -24 -11 26 -26 -21 29 -8
right_child=4 -3 -4 16 10 -7 8 -9 -10 17 11 12 15 -15 -16 -17 -18 18 20 22 -22 -23 23 -25 25 -27 -28 -29 -30 -31
leaf_value=-0.0016053881611282517 -0.0014684215186683504 0.0075217240336840968 0.012765259105313743 0.014577840439328594 0.002745212709515066 -0.0034627081158629114 0.0038448335130722103 -0.017053962943931644 -0.0043412340769900309 -0.0040870000021031583 0.0069626244387305473 -0.0011777932876343212 -0.0015780757542102287 -0.0036404290079389504 -0.011780720922872013 0.020183317236104871 0.00043999564022030314 -0.0011844865201413148 0.025306770190101791 -0.012260167101594943 0.0018514463182706998 0.00075314009371121318 -0.014365389985555456 0.0098714452463074757 0.019529507982849914 0.0007090695042799134 0.0025685710015459053 -0.028810918584295388 0.0063694484345813152 -0.010428897123469883
leaf_weight=8386 4516 2512 1361 993 4711 6096 1828 445 4288 3488 2332 3450 225 26610 326 540 789 19886 815 1570 2459 600 804 574 207 145384 619 683 2455 346
leaf_count=8386 4516 2512 1361 993 4711 6096 1828 445 4288 3488 2332 3450 225 26610 326 540 789 19886 815 1570 2459 600 804 574 207 145384 619 683 2455 346
internal_value=4.09132e-05 0.00191665 0.000974955 0.000117901 -7.11927e-05 0.000139288 0.000246365 -0.00294118 0.000331674 0.00042261 -0.00115695 -0.00158941 0.00164497 -0.00205615 0.00328603 0.0120645 0.00602679 0.000323247 -0.00091785 -0.00168955 0.00375901 0.00887719 -0.00753914 -0.00252161 0.000550405 0.000642183 0.00861244 -0.0105833 0.00420521 0.000778388
internal_weight=249298 14041 11529 10168 235257 197063 190967 4961 186006 181718 38194 33483 4215 29268 2658 765 1782 177089 27391 23517 3874 1415 3631 1378 149698 146210 826 2253 4629 2174
internal_count=249298 14041 11529 10168 235257 197063 190967 4961 186006 181718 38194 33483 4215 29268 2658 765 1782 177089 27391 23517 3874 1415 3631 1378 149698 146210 826 2253 4629 2174
cat_boundaries=0 1 2 3 4 5
cat_threshold=16 80 32 152 10
is_linear=0
shrinkage=0.05


Tree=118
num_leaves=31
num_cat=7
split_feature=3 11 8 0 8 4 2 0 12 4 4 11 12 11 8 8 0 11 3 5 8 8 0 11 3 8 8 11 3 8
split_gain=18.7811 40.7614 22.5423 25.0729 22.901 27.6531 19.88 25.7086 21.8266 19.8367 19.0793 29.9638 18.6481 17.3925 33.0945 26.9192 17.3156 51.7082 31.1094 26.8952 23.098 32.1469 41.5463 20.6669 16.3041 53.9087 47.6257 62.0461 43.5131 53.3411
threshold=0 89.720000000000013 30.350000000000005 48.500000000000007 28.250000000000004 1 1.0000000180025095e-35 72.500000000000014 2.5000000000000004 2 3 85.680000000000021 1.0000000180025095e-35 52.085000000000008 30.050000000000004 30.150000000000002 49.500000000000007 69.585000000000022 4 3.5000000000000004 27.350000000000005 26.950000000000003 40.500000000000007 138.07000000000002 5 25.950000000000003 26.650000000000002 94.585000000000022 6 25.750000000000004
decision_type=9 8 2 2 2 9 2 2 10 9 9 8 8 8 2 2 2 10 9 2 2 2 2 10 9 2 2 8 9 2
left_child=1 -1 3 -3 5 -5 7 10 9 -8 11 -2 -9 14 -11 -16 18 -18 -15 -19 21 -20 -23 -22 -12 28 -27 -28 -26 -30
right_child=6 2 -4 4 -6 -7 8 12 -10 13 24 -13 -14 16 15 -17 17 19 20 -21 23 22 -24 -25 25 26 27 -29 29 -31
leaf_value=-0.0059767022227828377 -0.015371198407817888 0.0015191568794333144 0.018755279951376026 -0.00087517017140639199 -0.0046782527719790856 0.013020117015826838 0.0030802343200672768 -0.0096365101043807133 -0.018399278040050149 -0.0062107334959550457 0.00068058645752442368 -0.0011437880712414029 -0.0018859242486678697 0.0085349832709904483 0.048448419335412975 0.0079589446337189791 -0.0098698468455721954 0.011762403186771042 -0.0027144426684220682 -0.0046080415637745897 -0.0067938152894811317 0.010664819713512852 -0.017823769405130998 0.011527006503597816 0.0013836016436657994 -0.0070371066848383462 0.0034878439589258736 -0.0039620962582368694 -0.00012699294329259205 0.024347792187974272
leaf_weight=2785 606 7843 1139 538 361 1375 4620 1292 523 874 133439 4355 4804 1140 254 879 1421 2072 12314 654 11680 1109 208 446 10620 9482 13616 15891 1267 1691
leaf_count=2785 606 7843 1139 538 361 1375 4620 1292 523 874 133439 4355 4804 1140 254 879 1421 2072 12314 654 11680 1109 208 446 10620 9482 13616 15891 1267 1691
internal_value=3.48966e-05 0.00180997 0.00315107 0.00239459 0.00700525 0.00917837 -7.11927e-05 0.00013117 -0.00111507 -0.000972639 0.000233274 -0.00282072 -0.00306256 -0.00140153 0.00309866 0.00870516 -0.00169382 0.00131104 -0.00215743 0.00533626 -0.00251581 -0.00110329 0.00629239 -0.00410349 0.00031501 -0.000430715 -0.00137568 -0.000384524 0.00228142 0.00762257
internal_weight=249298 14041 11256 10117 2274 1913 235257 197063 38194 37671 190967 4961 6096 33051 2007 1133 31044 4147 26897 2726 25757 13631 1317 12126 186006 52567 38989 29507 13578 2958
internal_count=249298 14041 11256 10117 2274 1913 235257 197063 38194 37671 190967 4961 6096 33051 2007 1133 31044 4147 26897 2726 25757 13631 1317 12126 186006 52567 38989 29507 13578 2958
cat_boundaries=0 1 2 3 4 5 6 7
cat_threshold=16 204 152 80 2 4 8
is_linear=0
shrinkage=0.05


Tree=119
num_leaves=31
num_cat=1
split_feature=10 3 11 2 0 10 10 11 7 11 7 7 10 10 10 11 10 11 10 11 11 11 0 7 11 7 0 10 0 10
split_gain=18.7682 17.9355 39.1043 19.3049 22.3319 18.6549 27.2374 22.2922 35.8989 19.3363 18.4756 17.4132 26.4484 59.6365 31.0376 27.2738 23.7313 22.3867 21.6955 20.0284 27.1384 25.893 23.0331 30.1509 35.0271 19.3455 21.4928 19.3045 34.0291 18.3147
threshold=146.27500000000003 0 89.720000000000013 1.0000000180025095e-35 77.500000000000014 57.775000000000006 103.31500000000001 127.40000000000002 17.500000000000004 116.25000000000001 14.500000000000002 19.500000000000004 84.860000000000014 45.480000000000011 90.02500000000002 52.085000000000008 68.420000000000016 64.705000000000013 9.0800000000000018 77.915000000000006 83.440000000000012 67.030000000000015 19.500000000000004 20.500000000000004 50.355000000000011 23.500000000000004 14.500000000000002 9.2850000000000019 11.500000000000002 1.0000000180025095e-35
decision_type=10 9 8 2 2 10 10 8 2 10 2 2 10 10 10 10 10 10 8 10 10 10 2 2 8 2 2 8 2 10
left_child=1 2 -1 4 11 7 -7 10 -9 -8 -4 18 13 19 15 -14 -15 -18 29 21 -21 22 23 -13 -25 26 -22 28 -20 -3
right_child=-2 3 5 -5 -6 6 9 8 -10 -11 -12 12 14 16 -16 -17 17 -19 27 20 25 -23 -24 24 -26 -27 -28 -29 -30 -31
leaf_value=-0.0054922970220575356 -0.0099573833242906154 0.0036630705707161762 0.016011581587107138 -0.0015105965196568151 -0.0049267831181591063 -0.0045743040446208916 0.002174964855023376 -0.0018313682698249513 0.012308342219200874 0.011518163441343134 0.0049518883723604469 0.0064855725809217285 0.00039919260315990357 -0.01947344411787193 -0.00022938003860391022 0.023975610266653558 0.0047141793619629446 -0.016562831394255628 0.018378640385761182 0.018575386596175747 -0.011399727433885688 -0.03875431341909974 -0.0048000054902744621 0.010832242779776813 -0.011392844787230107 -0.016869913664940839 0.0037176843597305446 0.00055110518118981486 0.0022657502535222917 -0.010736516789220297
leaf_weight=2781 753 822 1963 38059 3048 2423 1102 2474 1109 544 1505 1920 593 1594 3891 885 741 425 207 505 697 206 9791 549 1576 432 5322 159959 629 2793
leaf_count=2781 753 822 1963 38059 3048 2423 1102 2474 1109 544 1505 1920 593 1594 3891 885 741 425 207 505 697 206 9791 549 1576 432 5322 159959 629 2793
internal_value=3.16877e-05 5.57221e-05 0.00179944 -4.77278e-05 0.000151835 0.00312668 0.000429027 0.00468064 0.00190648 0.0053744 0.00753306 0.00021881 -0.00090778 -0.00162403 0.00225878 0.00840054 -0.00851986 -0.00306122 0.000418441 -0.000714014 0.00147861 -0.00180046 -0.00153113 0.00163995 -0.00245902 0.000595883 0.00133521 0.000504648 0.00803783 -0.0034069
internal_weight=249298 248545 13901 234644 196585 11120 4069 7051 3583 1646 3468 193537 29127 23758 5369 1478 2760 1166 164410 20998 6956 14042 13836 4045 2125 6451 6019 160795 836 3615
internal_count=249298 248545 13901 234644 196585 11120 4069 7051 3583 1646 3468 193537 29127 23758 5369 1478 2760 1166 164410 20998 6956 14042 13836 4045 2125 6451 6019 160795 836 3615
cat_boundaries=0 1
cat_threshold=16
is_linear=0
shrinkage=0.05


Tree=120
num_leaves=31
num_cat=4
split_feature=4 4 7 11 5 9 9 5 2 9 12 11 9 7 9 9 3 11 11 3 7 11 11 5 12 9 9 9 11 9
split_gain=21.1549 18.8251 28.8909 55.4257 40.5051 39.1963 20.0762 17.4922 23.2014 15.9694 15.8593 15.9523 13.2241 16.706 14.8859 31.1186 54.6555 39.6743 25.789 20.6464 24.2304 23.0353 17.7344 34.2982 16.5095 15.6876 27.9914 15.5448 14.0062 50.8142
threshold=0 1 14.500000000000002 132.69000000000003 3.5000000000000004 -82.149999999999991 -82.749999999999986 3.5000000000000004 1.0000000180025095e-35 -82.649999999999991 3.5000000000000004 42.085000000000008 -80.049999999999983 19.500000000000004 -81.249999999999986 -80.249999999999986 2 44.615000000000002 90.350000000000009 3 23.500000000000004 61.250000000000007 97.385000000000005 2.5000000000000004 1.0000000180025095e-35 -82.649999999999991 -82.34999999999998 -81.34999999999998 63.750000000000007 -82.549999999999983
decision_type=9 9 2 8 2 2 2 2 2 2 10 10 2 2 2 2 9 10 10 9 2 10 10 2 10 2 2 2 8 2
left_child=-1 2 5 4 6 -2 -4 -7 -9 -8 12 -12 13 28 19 16 17 -16 -19 21 22 -15 23 25 -18 -21 -27 -28 29 -3
right_child=1 10 3 -5 -6 7 9 8 -10 -11 11 -13 -14 14 15 -17 24 18 -20 20 -22 -23 -24 -25 -26 26 27 -29 -30 -31
leaf_value=-0.0025204224647628949 -0.0053099271755251646 -0.0030919793199494896 0.00011923594502816215 -0.0072384375065194023 0.031926765945314274 0.013836038690812558 0.015637897679303504 0.003674084003072542 -0.012105210926907795 0.0069748720651055867 -0.0017072306082078104 -0.021373218855563449 0.011966743604573438 0.0096561645983042517 -0.0069979650998432067 -0.0035676086342581572 -1.4543765675156807e-05 0.01614589152045456 0.0023691316130753041 -0.00019844800658290753 -0.015215404541219791 -0.008537958833754189 0.0022787367052312215 -0.027858337255237633 -0.0099806636468687607 -0.017723578879675905 -0.00062056818158384708 -0.011439623220353169 7.0794915073779663e-05 0.0050132595739656345
leaf_weight=3740 2163 7956 983 966 399 786 367 882 342 1817 1028 522 796 1152 811 8443 3714 2716 1887 3897 1257 445 2495 662 1725 713 2262 888 179265 13891
leaf_count=3740 2163 7956 983 966 399 786 367 882 342 1817 1028 522 796 1152 811 8443 3714 2716 1887 3897 1257 445 2495 662 1725 713 2262 888 179265 13891
internal_value=5.18114e-05 0.000108869 0.00238968 0.00515192 0.00802573 -0.00060961 0.00609065 0.00440594 0.000648298 0.00875114 2.4731e-05 -0.005 5.80888e-05 3.6082e-05 -0.00100523 -0.000108774 0.0016616 0.00520795 0.00701279 -0.00226036 -0.00296047 0.00306122 -0.00220097 -0.00329696 -0.00187763 -0.00235521 -0.00460883 -0.00256329 0.000207337 0.0014023
internal_weight=248970 245230 8705 4532 3566 4173 3167 2010 1224 2184 236525 1550 234975 234179 33067 19296 10853 5414 4603 13771 12174 1597 10917 8422 5439 7760 3863 3150 201112 21847
internal_count=248970 245230 8705 4532 3566 4173 3167 2010 1224 2184 236525 1550 234975 234179 33067 19296 10853 5414 4603 13771 12174 1597 10917 8422 5439 7760 3863 3150 201112 21847
cat_boundaries=0 1 2 3 4
cat_threshold=64 32 4 24
is_linear=0
shrinkage=0.05


Tree=121
num_leaves=31
num_cat=3
split_feature=4 12 9 7 0 10 0 7 9 11 10 10 4 0 3 10 10 7 0 11 12 11 11 9 7 10 11 10 10 10
split_gain=18.4409 25.6406 27.5601 27.8186 39.2273 23.5435 32.4979 22.2948 21.0794 20.7331 19.0172 17.7365 17.2493 14.8434 16.6684 16.4155 20.146 16.5342 15.8912 13.2519 13.2066 15.4158 12.2875 12.1861 14.7717 22.6775 27.065 14.3468 52.5909 26.2483
threshold=0 1.0000000180025095e-35 -82.149999999999991 15.500000000000002 41.500000000000007 35.290000000000013 46.500000000000007 15.500000000000002 -82.649999999999991 105.28000000000002 21.125000000000004 148.19500000000002 1 42.500000000000007 2 90.50500000000001 39.720000000000006 12.500000000000002 35.500000000000007 102.75000000000001 3.5000000000000004 42.085000000000008 113.98 -80.049999999999983 19.500000000000004 20.195000000000004 103.20500000000001 84.860000000000014 45.480000000000011 90.02500000000002
decision_type=9 8 2 2 2 8 2 2 2 8 8 10 9 2 9 8 8 2 2 10 10 10 10 2 2 8 10 10 10 10
left_child=1 7 5 4 -4 -3 -7 -1 -8 -5 -6 12 13 14 -2 16 -15 -17 -16 -12 23 -22 -10 24 -14 -26 27 28 -27 -29
right_child=11 2 3 9 10 6 8 -9 22 -11 19 -13 20 15 18 17 -18 -19 -20 -21 21 -23 -24 -25 25 26 -28 29 -30 -31
leaf_value=0.00066821792112055085 0.0032333240729472304 -0.03041675785948339 0.0029156460735514146 0.010701229911514388 0.003961023181248891 -0.012848557359841674 0.0040094850555910892 0.023033331920610502 0.0095156796150488009 -0.0068395233375849081 0.014774077443018197 -0.02490895054535254 0.00025501029146863808 -0.0010491934919384606 -0.0056743704944172803 0.0068697271541089851 0.011073519237819164 -0.0040904169484102587 -0.021987494703517064 0.026681298331387548 -0.001461978969374922 -0.020613232187308927 -0.0047430196760576138 0.011368406424344802 0.0021190686541855187 -0.001499888863135146 -0.023514354388700157 0.0092214366234183217 -0.013062154270466864 -0.001856765585090514
leaf_weight=399 224 389 1824 530 245 1262 884 565 315 946 261 206 200932 606 630 310 397 1141 432 498 1023 506 587 796 6765 16000 468 1976 3200 4653
leaf_count=399 224 389 1824 530 245 1262 884 565 315 946 261 206 200932 606 630 310 397 1141 432 498 1023 506 587 796 6765 16000 468 1976 3200 4653
internal_value=5.14098e-05 0.00230946 0.00134821 0.0040102 0.00690627 -0.00198724 -0.000490517 0.00995893 0.00384187 -0.00154778 0.0147929 -3.05887e-05 -1.77032e-05 -0.00337766 -0.00771605 -0.00109578 0.00380059 -0.00448323 -0.0102588 0.0186606 3.57537e-05 -0.0045809 -0.00153509 6.60136e-05 4.4871e-05 -0.000934325 -0.00159843 -0.0013797 -0.00207184 0.000625094
internal_weight=248970 8705 7741 4304 2828 3437 3048 964 1786 1476 1004 240265 240059 3740 1286 2454 1003 1451 1062 759 236319 1529 902 234790 233994 33062 26297 25829 19200 6629
internal_count=248970 8705 7741 4304 2828 3437 3048 964 1786 1476 1004 240265 240059 3740 1286 2454 1003 1451 1062 759 236319 1529 902 234790 233994 33062 26297 25829 19200 6629
cat_boundaries=0 1 2 3
cat_threshold=32 64 10
is_linear=0
shrinkage=0.05


Tree=122
num_leaves=31
num_cat=2
split_feature=4 8 11 10 11 11 0 0 9 8 10 0 4 10 9 10 0 0 10 10 10 0 8 10 10 10 9 10 10 11
split_gain=18.9336 31.1381 22.2493 20.9544 19.5982 19.5719 18.8207 31.349 19.2729 22.358 18.2741 31.7524 15.8166 15.6438 13.7538 13.6234 24.8035 13.2485 15.4131 19.1304 13.3878 13.0839 14.6352 13.069 12.7314 11.6524 11.6382 11.6039 28.8779 24.6366
threshold=0 28.850000000000005 115.41500000000001 30.025000000000002 136.12000000000003 89.165000000000006 41.500000000000007 26.500000000000004 -82.749999999999986 27.850000000000005 21.375000000000004 47.500000000000007 1 148.19500000000002 -81.84999999999998 113.96500000000002 43.500000000000007 44.500000000000007 90.50500000000001 41.005000000000003 101.04500000000002 56.500000000000007 27.650000000000002 50.155000000000008 21.740000000000006 18.155000000000005 -82.049999999999983 1.0000000180025095e-35 6.205000000000001 104.58500000000002
decision_type=9 2 8 10 10 10 2 2 2 2 10 2 9 10 2 10 2 2 8 10 10 2 2 10 8 8 2 8 8 10
left_child=1 2 3 -1 6 -3 7 14 9 -8 -10 -12 17 27 24 -5 -17 23 19 -19 -20 22 -22 25 -4 -2 -27 -14 29 -29
right_child=12 5 4 15 -6 -7 8 -9 10 -11 11 -13 13 -15 -16 16 -18 18 20 -21 21 -23 -24 -25 -26 26 -28 28 -30 -31
leaf_value=-0.021198307715721579 -0.016641016608980052 0.009139281915546249 0.026816825821073389 0.0033931304479082772 -0.0049559203222637295 0.020083465566600369 0.019007151812361303 -0.0027842450092620654 0.0071535743264797176 -0.016826156031275331 0.037169970029300628 0.0032795750875131095 0.0045321842056254896 -0.023663503018084911 0.011562215654836684 -0.024224893187211462 0.00015982229912427928 -0.00086819819221428673 -0.012591952896740555 0.012938982572456847 0.006666395818664528 -0.0089827219152199163 -0.0017336699804039403 -0.020857901581683793 -0.013036342192283846 0.01126990865748332 -0.0052082866982140711 -0.004107815326178166 7.4450115344593123e-05 -0.024943078721446011
leaf_weight=387 206 387 223 1428 493 373 266 1365 619 222 266 554 1808 206 370 385 1151 459 209 350 434 215 528 339 216 204 796 1952 231788 771
leaf_count=387 206 387 223 1428 493 373 266 1365 619 222 266 554 1808 206 370 385 1151 459 209 350 434 215 528 339 216 204 796 1952 231788 771
internal_value=5.58278e-05 0.00234384 0.0014142 -0.00168105 0.00367072 0.0119481 0.00480418 0.00160256 0.00838926 -0.000200803 0.0112836 0.0161446 -2.72593e-05 2.38855e-05 0.00934066 -0.000235373 -0.00349288 -0.00324468 -0.000748299 0.00470085 -0.00393983 -0.00181129 0.000720165 -0.00678457 0.0032294 -0.00427632 -0.0019802 3.61784e-05 5.33001e-06 -0.00510428
internal_weight=248970 8705 7945 3351 4594 760 4101 2174 1927 488 1439 820 240265 236525 809 2964 1536 3740 2195 809 1386 1177 962 1545 439 1206 1000 236319 234511 2723
internal_count=248970 8705 7945 3351 4594 760 4101 2174 1927 488 1439 820 240265 236525 809 2964 1536 3740 2195 809 1386 1177 962 1545 439 1206 1000 236319 234511 2723
cat_boundaries=0 1 2
cat_threshold=32 64
is_linear=0
shrinkage=0.05


Tree=123
num_leaves=31
num_cat=2
split_feature=4 8 11 11 0 0 11 9 8 0 7 0 12 11 4 0 0 11 7 8 9 7 8 9 8 7 7 0 11 8
split_gain=17.7611 27.486 21.2246 19.3271 19.0468 29.1617 17.6945 16.3994 18.1465 16.4787 14.5754 23.4417 13.2382 14.2459 12.6891 12.4524 12.1393 12.3036 16.2011 12.9173 11.2639 13.5212 16.9039 38.8024 35.8582 23.4086 18.3739 18.4693 18.3544 36.0425
threshold=0 28.850000000000005 115.41500000000001 136.12000000000003 41.500000000000007 26.500000000000004 89.165000000000006 -82.749999999999986 27.850000000000005 47.500000000000007 14.500000000000002 46.500000000000007 3.5000000000000004 42.085000000000008 1 35.500000000000007 42.500000000000007 121.55000000000003 12.500000000000002 28.250000000000004 -80.049999999999983 19.500000000000004 26.350000000000005 -81.249999999999986 25.850000000000005 20.500000000000004 23.500000000000004 11.500000000000002 96.885000000000005 28.350000000000005
decision_type=9 2 8 10 2 2 10 2 2 2 2 2 10 10 9 2 2 10 2 2 2 2 2 2 2 2 2 2 8 2
left_child=1 2 10 4 5 -4 -3 8 -6 -9 15 -12 14 -14 16 -1 -2 18 -18 -20 21 -16 24 26 25 -23 27 -24 -29 -30
right_child=12 6 3 -5 7 -7 -8 9 -10 -11 11 -13 13 -15 20 -17 17 -19 19 -21 -22 22 23 -25 -26 -27 -28 28 29 -31
leaf_value=-0.020346236682505972 -0.0088062502058841481 0.0086823178197689369 0.0074395678747219314 -0.0047081243061505521 0.018056794221743201 -0.0026450327587989268 0.019079292288270367 0.021723150228954415 -0.015984848229711579 0.003451366920400867 -0.0066411069661797221 0.015764596269964581 -0.0015524926350958257 -0.019586293083710696 0.00022984577580045242 -0.001927964708515484 0.0071849889666452784 0.003327835629458065 -0.0046729211618324216 0.0077432259938031494 0.010796263597360412 0.0055768165101982353 -0.013601089558219304 0.0027149352512026328 -0.0097283436623840213 -0.0049707332604603145 -0.011882270476847001 -0.0043439708131179705 -0.0090721559935632353 0.0043685917109006489
leaf_weight=454 1284 387 809 493 266 1365 373 575 222 864 502 391 1028 524 201112 2004 353 675 1226 200 796 1965 800 11699 3486 2147 1397 5123 2033 4417
leaf_count=454 1284 387 809 493 266 1365 373 575 222 864 502 391 1028 524 201112 2004 353 675 1226 200 796 1965 800 11699 3486 2147 1397 5123 2033 4417
internal_value=5.90409e-05 0.00227507 0.00140163 0.00360556 0.00473121 0.00151099 0.0112987 0.00833764 0.000401606 0.0110076 -0.00162154 0.0038206 -2.14329e-05 -0.00460948 8.58736e-06 -0.00360616 -0.00287387 -0.000811688 -0.0029905 -0.00536212 5.4682e-05 3.43739e-05 -0.00090244 -0.000284548 -0.00297056 0.000194081 -0.00208273 -0.00146572 -0.000953984 0.000820433
internal_weight=248970 8705 7945 4594 4101 2174 760 1927 488 1439 3351 893 240265 1552 238713 2458 3738 2454 1779 1426 234975 234179 33067 25469 7598 4112 13770 12373 11573 6450
internal_count=248970 8705 7945 4594 4101 2174 760 1927 488 1439 3351 893 240265 1552 238713 2458 3738 2454 1779 1426 234975 234179 33067 25469 7598 4112 13770 12373 11573 6450
cat_boundaries=0 1 2
cat_threshold=32 64
is_linear=0
shrinkage=0.05


Tree=124
num_leaves=31
num_cat=3
split_feature=4 8 10 10 8 0 0 0 10 0 9 11 10 10 10 0 10 10 9 9 8 8 11 4 9 4 8 0 11 9
split_gain=17.0464 27.767 20.0667 26.5506 20.1873 33.7588 28.5275 20.6683 19.4319 18.0285 20.7428 17.6945 17.6408 14.4854 14.3173 14.0633 16.1998 15.2787 14.1852 12.9269 13.946 21.0831 11.6807 11.3909 10.993 23.1649 10.976 10.6827 18.7098 24.9927
threshold=0 28.850000000000005 18.665000000000003 44.545000000000009 26.450000000000003 34.500000000000007 26.500000000000004 25.500000000000004 20.955000000000002 42.500000000000007 -80.549999999999983 89.165000000000006 33.175000000000004 148.19500000000002 11.010000000000002 54.500000000000007 52.20000000000001 113.96500000000002 -82.549999999999983 -82.749999999999986 26.450000000000003 26.150000000000002 114.81500000000001 1 -87.449999999999989 2 30.750000000000004 6.5000000000000009 37.915000000000006 -80.149999999999991
decision_type=9 2 8 8 2 2 2 2 10 2 2 10 10 10 10 2 8 10 2 2 2 2 10 9 2 9 2 2 10 2
left_child=1 2 14 4 5 7 -6 -4 -8 10 -5 -3 -10 23 -1 16 -11 19 -17 -18 21 -21 -20 -2 25 -25 27 28 29 -26
right_child=13 11 3 9 6 -7 8 -9 12 15 -12 -13 -14 -15 -16 18 17 -19 22 20 -22 -23 -24 24 26 -27 -28 -29 -30 -31
leaf_value=0.0043540028664419417 -0.0018790078324474992 0.008248201928780485 0.011439156651861815 -0.0096037836533681368 0.0080216638857123716 0.022301503303390646 0.028525409668218593 -0.0073799441648874087 -0.016088538350972171 -0.0069193488013870492 0.014562990555567713 0.018125327673856884 0.004294631321744991 -0.02249182015597069 -0.023454937653407629 0.0038660100333299144 0.0014457933154434777 0.00036148526626238468 -0.0034812115749370599 0.016798742398452183 0.017335697875407074 -0.010443085505587126 -0.010898917491699668 0.012067106030092445 -0.010873468699370871 -0.024186134104730875 0.017684809605387299 0.00013666637232141455 -0.00045408389755472459 0.019908529737292114
leaf_weight=251 3740 387 220 1540 301 630 205 275 354 262 233 373 312 206 454 332 373 924 213 264 371 219 212 224 2508 497 263 224307 8265 255
leaf_count=251 3740 387 220 1540 301 630 205 275 354 262 233 373 312 206 454 332 373 924 213 264 371 219 212 224 2508 497 263 224307 8265 255
internal_value=5.82376e-05 0.00222923 0.00135135 0.00213793 0.00656697 0.0113216 0.00194585 0.00148515 -0.00266742 7.06642e-05 -0.00395401 0.0112987 -0.00680473 -2.06005e-05 -0.00664336 0.00232704 0.00418902 0.0056224 -0.0035854 0.00925627 0.0126157 0.00679513 -0.00954023 -8.95576e-06 3.44844e-05 -0.00608755 5.34787e-05 4.18534e-05 -0.00147672 -0.00503065
internal_weight=248970 8705 7945 7240 2297 1125 1172 495 871 4943 1773 760 666 240265 705 3170 2413 2151 757 1227 854 483 425 240059 236319 721 235598 235335 11028 2763
internal_count=248970 8705 7945 7240 2297 1125 1172 495 871 4943 1773 760 666 240265 705 3170 2413 2151 757 1227 854 483 425 240059 236319 721 235598 235335 11028 2763
cat_boundaries=0 1 2 3
cat_threshold=32 64 136
is_linear=0
shrinkage=0.05


Tree=125
num_leaves=31
num_cat=2
split_feature=12 7 7 10 4 10 10 7 10 10 10 10 7 4 10 7 10 10 11 11 10 9 10 9 10 10 11 11 9 9
split_gain=15.8298 16.7524 13.3344 15.0121 13.158 15.8982 17.4206 15.6267 22.9102 22.8992 21.614 21.9706 20.4616 11.9374 14.9567 15.2226 11.5006 12.1764 11.3779 56.8656 33.0503 27.9727 29.6558 42.8532 28.3251 22.5536 19.2814 21.0004 22.6454 18.672
threshold=2.5000000000000004 14.500000000000002 15.500000000000002 39.330000000000005 0 117.12500000000001 108.59500000000001 18.500000000000004 18.665000000000003 31.400000000000002 21.375000000000004 19.870000000000001 11.500000000000002 1 18.665000000000003 12.500000000000002 64.055000000000021 41.005000000000003 63.750000000000007 66.040000000000006 32.690000000000005 -82.549999999999983 42.415000000000006 -84.449999999999989 42.845000000000006 20.955000000000002 47.250000000000007 49.585000000000008 -80.649999999999991 -86.149999999999991
decision_type=10 2 2 10 9 10 10 2 8 8 10 10 2 9 8 2 10 10 8 8 10 2 10 2 10 10 10 10 2 2
left_child=4 -2 3 -3 5 6 7 8 12 10 11 -10 -1 14 -6 -16 17 -17 21 20 -20 22 23 29 -24 -25 -23 28 -28 -15
right_child=1 2 -4 -5 13 -7 -8 -9 9 -11 -12 -13 -14 18 15 16 -18 -19 19 -21 -22 26 24 25 -26 -27 27 -29 -30 -31
leaf_value=0.0071363237039547833 -0.016207190437425866 -0.013652860269666878 -0.0078199015229508898 0.012720203603694236 -0.012630935854716353 -0.0023545296070659472 0.015270011225105941 0.023605156479092851 0.026987405664949948 0.00087322073899684946 0.011988712240194356 -0.0044997168637387125 -0.017629896932152979 -0.0055123567817988222 0.0072815690269919745 -0.0030372160557322393 -0.0056582747679121866 0.0066682725926233925 -0.0044732504312260174 3.1198389658371184e-05 -0.022034673157172738 -0.0012468943112622811 0.015444358167337314 -0.010408359305064696 -0.0011043065058950142 -0.02789208688492897 0.014662519828607223 0.0030839121021791985 -0.015318314503228425 0.021578666403898963
leaf_weight=231 944 258 1624 634 327 1590 372 357 242 4240 662 472 495 589 426 1182 1364 397 5796 196395 1368 5393 324 528 6579 724 1853 13426 232 249
leaf_count=231 944 258 1624 634 327 1590 372 357 242 4240 662 472 495 589 426 1182 1364 397 5796 196395 1368 5393 324 528 6579 724 1853 13426 232 249
internal_value=-1.82523e-05 -0.00337176 -0.00122724 0.00365854 2.9086e-05 0.00194102 0.00295862 0.0023625 0.00177897 0.00286171 0.00844156 0.00234807 -0.00652174 -4.08986e-05 -0.00285253 -0.00184966 -0.00313241 -0.000220264 3.85479e-06 -0.000129931 -0.00450237 0.000914502 -0.00141619 -0.00661905 0.000166353 -0.0124406 0.00191738 0.00281232 0.00747017 0.00212264
internal_weight=249273 3460 2516 892 245813 8661 7071 6699 6342 5616 1376 714 726 237152 3696 3369 2943 1579 233456 203559 7164 29897 8993 2090 6903 1252 20904 15511 2085 838
internal_count=249273 3460 2516 892 245813 8661 7071 6699 6342 5616 1376 714 726 237152 3696 3369 2943 1579 233456 203559 7164 29897 8993 2090 6903 1252 20904 15511 2085 838
cat_boundaries=0 1 2
cat_threshold=32 64
is_linear=0
shrinkage=0.05


Tree=126
num_leaves=31
num_cat=2
split_feature=3 11 8 10 11 11 10 8 8 11 11 11 10 0 11 0 11 11 0 10 8 8 10 0 10 10 10 8 3 12
split_gain=14.541 42.0964 23.8235 33.5221 17.8857 52.3322 35.9264 28.2573 44.2145 43.1646 59.8533 39.1212 38.617 26.9487 25.7641 22.5092 65.5003 50.0831 23.2211 22.0824 19.6602 42.3639 24.6414 29.4791 18.9427 18.5233 18.1542 59.1888 41.0265 18.142
threshold=0 89.720000000000013 30.350000000000005 65.485000000000014 63.750000000000007 66.040000000000006 32.690000000000005 29.950000000000003 30.150000000000002 49.585000000000008 30.415000000000003 53.165000000000006 36.655000000000008 48.500000000000007 34.345000000000006 40.500000000000007 54.675000000000004 60.415000000000006 16.500000000000004 77.700000000000003 27.250000000000004 27.450000000000003 94.710000000000022 56.500000000000007 16.235000000000003 83.035000000000011 54.690000000000005 27.850000000000005 1 2.5000000000000004
decision_type=9 8 2 8 8 8 10 2 2 10 10 10 10 2 10 2 10 10 2 10 2 2 10 2 10 10 10 2 9 10
left_child=1 -1 -3 -4 7 6 -6 11 -9 10 -10 14 13 -13 -2 17 -17 18 -14 -11 -18 -22 23 -23 -16 -12 28 -28 -19 -7
right_child=4 2 3 -5 5 29 -8 8 9 19 25 12 15 -15 24 16 20 26 -20 -21 21 22 -24 -25 -26 -27 27 -29 -30 -31
leaf_value=-0.006340836524547467 0.0053075352831365667 0.0030439032904291622 0.027941224553920299 -0.0035427830955403472 -0.0044694107949558417 -0.00012603422648957974 -0.021430843795636714 0.025566469347175505 -0.0051998169563143293 -0.030502860297334334 0.019125645854867469 -0.0039865167997614748 -0.0085370693037562628 -0.027541177727196688 0.0039943497954224583 0.015501216304176602 -0.010068617078611642 0.00049907011410259554 0.0069353327057985583 -0.0011129508849975877 0.022914256552632441 0.0042855494082035149 -0.022575978002820386 -0.0064431235478593423 -0.0074894876496880876 0.0040100826454500197 0.04535128712124914 -0.019499087768779424 0.023641666470478565 -0.015317373179029037
leaf_weight=2748 2615 10118 829 322 5770 196297 1379 1131 1747 417 1714 2019 667 267 1090 745 1039 318 3989 517 350 1946 488 1034 7087 626 283 277 839 605
leaf_count=2748 2615 10118 829 322 5770 196297 1379 1131 1747 417 1714 2019 667 267 1090 745 1039 318 3989 517 350 1946 488 1034 7087 626 283 277 839 605
internal_value=-1.38397e-05 0.00154948 0.00290363 0.00968992 -0.000107108 -0.000277613 -0.00447688 0.00100753 0.0040409 0.00201749 0.00423481 0.000261341 0.00197954 -0.00396341 -0.00200889 0.0031164 0.000801853 0.00514648 0.00244321 -0.00762712 -0.00132525 0.000339603 -0.00135135 0.000367893 -0.00338952 0.00944681 0.0124204 0.00491228 0.0159811 -0.000124929
internal_weight=249273 14017 11269 1151 235256 204051 7149 31205 6152 5021 4087 25053 14261 2286 10792 11975 5602 6373 4656 934 4857 3818 3468 2980 8177 2340 1717 560 1157 196902
internal_count=249273 14017 11269 1151 235256 204051 7149 31205 6152 5021 4087 25053 14261 2286 10792 11975 5602 6373 4656 934 4857 3818 3468 2980 8177 2340 1717 560 1157 196902
cat_boundaries=0 1 2
cat_threshold=16 2
is_linear=0
shrinkage=0.05


Tree=127
num_leaves=31
num_cat=3
split_feature=10 12 3 11 9 9 11 11 10 8 9 11 10 9 11 10 10 9 3 10 3 8 11 10 8 9 8 10 9 10
split_gain=14.1122 13.3574 13.3226 36.9799 28.2742 23.6769 20.9299 48.6135 33.312 26.259 44.6923 35.574 35.31 32.776 30.3993 27.2826 22.8637 42.0783 21.2485 20.9163 20.3582 20.9377 27.5121 21.4187 25.6578 19.9743 19.6345 19.2702 19.2527 17.1316
threshold=148.19500000000002 3.5000000000000004 0 89.720000000000013 -86.84999999999998 -86.949999999999989 63.750000000000007 66.040000000000006 32.690000000000005 29.950000000000003 -86.049999999999983 53.165000000000006 36.655000000000008 -82.549999999999983 34.345000000000006 83.035000000000011 57.775000000000006 -81.749999999999986 1 115.06500000000001 2 27.250000000000004 56.835000000000008 46.535000000000004 27.450000000000003 -81.149999999999991 28.850000000000005 19.450000000000006 -81.34999999999998 14.360000000000001
decision_type=10 10 9 8 2 2 8 8 10 2 2 10 8 2 10 10 10 2 9 10 9 2 10 10 2 2 2 10 2 8
left_child=1 2 3 -1 5 -5 9 8 -8 11 -11 14 13 -13 -4 16 17 -12 -18 20 -14 -22 -23 28 -25 -6 -26 -16 -24 -9
right_child=-2 -3 6 4 25 -7 7 29 -10 10 15 12 19 -15 27 -17 18 -19 -20 -21 21 22 23 24 26 -27 -28 -29 -30 -31
leaf_value=-0.0058742366873523189 -0.02021509896141023 -0.0095153948247737041 0.0073625307539777474 0.0088527444481686143 0.0016877579052222648 0.032694319993387476 -0.0041080334119566689 -0.0017990900392433229 -0.020394528317097916 -0.0079330879576653864 0.01539112849673936 -0.020847921997110365 -0.001409262171752257 0.0010212909396893899 0.0039261055465571459 0.00012723014303341884 0.0072480442825968439 -0.022847704420927074 0.024325910728287648 -0.0028100061465737626 0.00067766329291840677 0.015988200700096478 -0.00042809917567314675 0.017643110460124678 -0.010644955686850911 0.013349746137108643 0.0029122095991712007 -0.0070635400084057224 0.015656380157456164 5.1412922253035735e-05
leaf_weight=2687 212 1487 1974 841 9112 339 5766 17092 1376 1160 899 746 1843 1531 1165 1286 781 292 1494 1847 2058 1504 315 419 484 913 2578 6770 863 179439
leaf_count=2687 212 1487 1974 841 9112 339 5766 17092 1376 1160 899 746 1843 1531 1165 1286 781 292 1494 1847 2058 1504 315 419 484 913 2578 6770 863 179439
internal_value=-1.18339e-05 -6.02238e-07 2.78693e-05 0.00153105 0.00279536 0.010084 -6.16169e-05 -0.00024327 -0.00429251 0.00117093 0.004154 0.000437632 0.00204254 -0.00365107 -0.00186007 0.00629987 0.00860184 0.00295587 0.0115317 0.00313313 0.00403018 0.0050904 0.00655273 0.00463697 0.00264967 0.00192825 0.00104167 -0.00324103 0.0104377 -9.59087e-05
internal_weight=249273 249061 247574 13892 11205 1180 233682 203673 7142 30009 5912 24097 14188 2277 9909 4752 3466 1191 2275 11911 10064 8221 6163 4659 3481 10025 3062 7935 1178 196531
internal_count=249273 249061 247574 13892 11205 1180 233682 203673 7142 30009 5912 24097 14188 2277 9909 4752 3466 1191 2275 11911 10064 8221 6163 4659 3481 10025 3062 7935 1178 196531
cat_boundaries=0 1 2 3
cat_threshold=16 2 2
is_linear=0
shrinkage=0.05


Tree=128
num_leaves=31
num_cat=2
split_feature=12 0 4 9 10 9 8 9 10 10 11 0 8 11 8 8 8 11 4 10 7 9 7 10 11 7 9 11 11 10
split_gain=13.6451 12.781 36.9675 22.3452 25.1273 19.5469 26.6051 20.188 17.6639 16.7637 16.2893 13.5507 13.2331 12.7488 16.1829 15.3049 33.3087 19.0261 12.2964 12.6618 14.4111 11.3911 41.6047 14.748 11.2659 12.5593 11.0684 11.0595 47.1717 29.3238
threshold=3.5000000000000004 7.5000000000000009 0 -80.149999999999991 18.155000000000005 -85.549999999999983 30.250000000000004 -82.649999999999991 50.865000000000002 39.720000000000006 90.160000000000011 3.5000000000000004 30.350000000000005 89.165000000000006 26.050000000000004 28.150000000000002 29.250000000000004 121.55000000000003 1 18.665000000000003 12.500000000000002 -87.249999999999986 14.500000000000002 24.535 130.19000000000003 13.500000000000002 -87.449999999999989 63.750000000000007 66.040000000000006 32.690000000000005
decision_type=10 2 9 2 10 2 2 2 10 8 10 2 2 8 2 2 2 10 9 8 2 2 2 10 10 2 2 8 8 10
left_child=1 2 3 4 13 6 -6 11 10 -4 -8 -7 -12 14 -1 17 -17 -15 19 -3 -21 22 23 -20 25 -9 -24 -23 29 -29
right_child=-2 18 9 -5 5 7 8 24 -10 -11 12 -13 -14 15 -16 16 -18 -19 21 20 -22 27 26 -25 -26 -27 -28 28 -30 -31
leaf_value=-0.012121246568134226 -0.0090401872002572776 -0.011903132848693865 0.010605833927136477 0.018454909744718685 0.044277211913440966 -0.027179308902069724 -0.010114938995611757 0.0081968189663106372 -0.008006032641188288 0.0012288980884834989 -0.000237982951894411 -0.0075030052379823076 0.018341159287936917 -0.001944928777969146 0.0074667872375295376 -0.033202585899736591 -0.014240102800743415 -0.024489198169497951 -0.026877260582476081 0.006921221640854203 -0.0024056794613876776 0.001589062644618089 -0.001710288853578712 -0.0028493399601011052 0.016867467880566967 -0.0041453198130212863 0.0075294225828154817 -0.0038094007780410167 0.0001207689616474994 -0.019326538091480841
leaf_weight=373 1508 327 775 243 249 259 387 437 566 1312 276 447 537 1361 496 284 1087 429 414 426 2911 30011 524 422 257 3450 3055 5215 189864 1371
leaf_count=373 1508 327 775 243 249 259 387 437 566 1312 276 447 537 1361 496 284 1087 429 414 426 2911 30011 524 422 257 3450 3055 5215 189864 1371
internal_value=-1.70489e-05 1.1906e-05 -0.00149981 -0.00264384 -0.00298487 -0.00114182 0.00298765 -0.00286008 0.000788288 0.00457997 0.00421488 -0.0106145 0.0082017 -0.00611386 -0.000739477 -0.00758436 -0.0115496 -0.0045 9.72074e-05 -0.00276873 -0.00183747 0.000142921 0.00265537 -0.00732861 -0.00151661 -0.002194 0.00500139 9.3831e-05 -4.27568e-05 -0.00419951
internal_weight=249273 247765 13225 11138 10895 6865 2015 4850 1766 2087 1200 706 813 4030 869 3161 1371 1790 234540 3664 3337 230876 4415 836 4144 3887 3579 226461 196450 6586
internal_count=249273 247765 13225 11138 10895 6865 2015 4850 1766 2087 1200 706 813 4030 869 3161 1371 1790 234540 3664 3337 230876 4415 836 4144 3887 3579 226461 196450 6586
cat_boundaries=0 1 2
cat_threshold=18 64
is_linear=0
shrinkage=0.05


Tree=129
num_leaves=31
num_cat=6
split_feature=10 3 9 9 10 4 4 10 10 10 9 0 4 10 9 9 10 10 10 6 10 6 0 0 0 9 10 3 4 0
split_gain=13.1187 11.7965 21.5647 20.8721 24.439 36.0701 32.3336 21.3608 20.2983 18.425 17.0496 16.3649 16.362 13.967 13.6897 11.4548 11.0495 25.2998 41.298 22.6259 26.1982 34.1403 21.7937 29.423 21.6952 20.469 19.67 23.5 25.1452 19.6534
threshold=148.19500000000002 0 -80.34999999999998 -85.749999999999986 105.16000000000001 1 2 14.005000000000001 31.400000000000002 31.400000000000002 -82.249999999999986 34.500000000000007 3 33.920000000000009 -81.449999999999989 -82.949999999999989 14.360000000000001 19.450000000000006 18.665000000000003 4.5000000000000009 13.355000000000002 3.5000000000000004 41.500000000000007 17.500000000000004 50.500000000000007 -87.249999999999986 16.605000000000004 4 5 63.500000000000007
decision_type=10 9 2 2 8 9 9 8 10 10 2 2 9 10 2 2 8 8 10 2 10 2 2 2 2 2 10 9 9 2
left_child=1 2 3 7 5 11 10 -1 -9 -7 15 -5 -10 -13 -11 -6 19 18 22 20 29 -22 23 -18 -20 -19 27 -25 -29 -3
right_child=-2 16 -4 4 6 9 -8 8 12 14 -12 13 -14 -15 -16 -17 17 25 24 -21 21 -23 -24 26 -26 -27 -28 28 -30 -31
leaf_value=0.032549651550968228 -0.019210382461422083 -0.0012023451900665895 0.029110426000880187 -0.00078752587005110903 0.0018114014004019909 0.0011463432066758372 -0.0079651020814305983 -0.0074295734483174058 -0.01009777911271801 -0.0097187745462898878 -0.0079483323174877728 0.027419893775837603 0.012191901355914948 0.0071422570132864578 0.001271552380845975 0.0092669549552662819 -0.0041307556137280882 0.0049197851854355882 0.011558209190549819 0.0032638681785363667 -0.007545305808634062 -0.052462051900013851 -0.0031005956925602264 0.022617201374291619 -0.0017829424319878663 -0.00026181677639218747 -0.0013194401837674176 0.025052179572044243 0.0039956770153504184 -0.01734068052379625
leaf_weight=403 212 14806 377 310 867 2023 891 436 204 3314 335 280 1051 275 825 2375 2757 3320 3319 2747 1687 236 3221 866 539 196271 1766 213 2926 421
leaf_count=403 212 14806 377 310 867 2023 891 436 204 3314 335 280 1051 275 825 2375 2757 3320 3319 2747 1687 236 3221 866 539 196271 1766 213 2926 421
internal_value=-1.30374e-05 -2.20821e-06 0.00140855 0.00107729 0.000239027 -0.00159869 0.0031264 0.00565589 0.00314521 -0.00294403 0.00524048 0.00785311 0.00636364 0.0130088 -0.00485659 0.00636531 -8.61281e-05 1.8122e-05 0.0019562 -0.00121314 -0.00188811 -0.00737196 0.000480483 0.0018037 0.00643744 -0.000133516 0.00383152 0.00576588 0.00368788 -0.00119118
internal_weight=249273 249061 13966 13589 11495 7027 4468 2094 1691 6162 3577 865 1255 555 4139 3242 235095 215198 15607 19897 17150 1923 11749 8528 3858 199591 5771 4005 3139 15227
internal_count=249273 249061 13966 13589 11495 7027 4468 2094 1691 6162 3577 865 1255 555 4139 3242 235095 215198 15607 19897 17150 1923 11749 8528 3858 199591 5771 4005 3139 15227
cat_boundaries=0 1 2 3 4 5 6
cat_threshold=16 36 50 40 8 36
is_linear=0
shrinkage=0.05


Tree=130
num_leaves=31
num_cat=6
split_feature=12 10 10 7 7 9 11 10 4 4 11 11 10 7 9 9 10 11 9 10 10 11 4 7 3 4 11 10 9 4
split_gain=14.0523 17.1091 17.0762 21.5254 14.1088 52.7566 51.4765 34.0095 21.526 20.7025 21.6237 35.117 26.1164 19.5783 19.1269 18.1365 20.6692 16.7103 16.8611 16.7062 23.8209 35.453 33.3853 19.1448 15.8759 15.677 17.5953 15.1336 14.8625 51.6777
threshold=-1.0000000180025095e-35 146.27500000000003 44.865000000000009 16.500000000000004 11.500000000000002 -81.449999999999989 127.40000000000002 58.940000000000005 0 1 121.55000000000003 104.13000000000001 9.2300000000000022 10.500000000000002 -81.84999999999998 -82.249999999999986 15.635000000000003 89.720000000000013 -82.949999999999989 1.0000000180025095e-35 6.9200000000000008 60.415000000000006 2 23.500000000000004 3 4 99.585000000000022 64.055000000000021 -81.749999999999986 5
decision_type=8 10 10 2 2 2 8 10 9 9 10 10 10 2 2 2 10 10 2 8 8 10 9 2 9 9 10 10 2 9
left_child=2 4 -1 -4 5 6 9 24 -8 10 11 12 13 -2 -12 -10 -17 18 -14 25 21 23 -23 -21 -7 26 -6 -11 -22 -30
right_child=1 -3 3 -5 19 7 8 -9 15 27 14 -13 17 -15 -16 16 -18 -19 -20 20 28 22 -24 -25 -26 -27 -28 -29 29 -31
leaf_value=0.00067421116721479992 -0.0036465553162629231 -0.0086272904763173841 -0.0018336360223312198 -0.015378454125601593 -0.0040767764245793542 0.0050381897880585674 0.0033145986682876051 -0.005515473491918943 -0.010517782116525078 0.0082902446841038643 -0.0014589579832001932 -0.027883009893442792 -0.021293361023302461 0.017958839951722452 0.0065087980969193993 -0.037689607297372613 -0.015261161255666657 -0.00069983697808231329 -0.0056423242935765396 -0.00070994240431652153 0.00072992386845318615 0.017441674141360421 -0.011113919200616707 0.016997181155883025 0.020776527981784688 -0.0073516145561475458 0.011070926764736644 -0.01712757952389472 -0.010963942637690228 -0.00014245707570212929
leaf_weight=2699 208 641 1860 1253 355 2841 401 1170 996 1951 2802 594 667 204 928 557 1176 1571 1239 613 140928 210 2703 290 548 227 939 277 745 77639
leaf_count=2699 208 641 1860 1253 355 2841 401 1170 996 1951 2802 594 667 204 928 557 1176 1571 1239 613 140928 210 2703 290 548 227 939 277 745 77639
internal_value=0.000125982 0.000184036 -0.00230161 -0.00481908 0.000205734 -0.00113561 -0.00269862 0.0035128 -0.0083121 -0.00100947 -0.0021681 -0.00450701 -0.00275712 0.00900474 0.000641711 -0.00987632 -0.0129948 -0.00417264 -0.00730689 0.000314031 0.000278303 -0.00363304 -0.00631201 0.00498357 0.0060459 0.00551927 0.00761035 0.00324733 0.000346522 -0.000205373
internal_weight=249232 243420 5812 3113 242779 18130 13571 4559 3130 10441 8213 4483 3889 412 3730 2729 1733 3477 1906 224649 223128 3816 2913 903 3389 1521 1294 2228 219312 78384
internal_count=249232 243420 5812 3113 242779 18130 13571 4559 3130 10441 8213 4483 3889 412 3730 2729 1733 3477 1906 224649 223128 3816 2913 903 3389 1521 1294 2228 219312 78384
cat_boundaries=0 1 2 3 4 5 6
cat_threshold=4 66 8 6 10 16
is_linear=0
shrinkage=0.05


Tree=131
num_leaves=31
num_cat=5
split_feature=10 12 10 0 10 10 9 4 10 9 9 10 9 10 3 10 9 10 6 6 0 2 9 3 9 3 10 10 4 10
split_gain=13.5259 12.2556 15.3766 11.9757 21.0692 30.2715 24.1931 19.6763 18.3163 30.2927 25.1342 25.96 26.922 23.445 23.3268 24.8676 18.1488 17.6425 16.1848 15.3986 17.23 14.0535 14.1866 13.7558 13.0858 20.8256 17.0794 12.5452 12.4363 13.8762
threshold=148.19500000000002 -1.0000000180025095e-35 44.865000000000009 14.500000000000002 72.065000000000012 69.680000000000021 -80.249999999999986 0 44.545000000000009 -86.749999999999986 -86.949999999999989 32.690000000000005 -85.049999999999983 12.415000000000001 1 28.875000000000004 -86.84999999999998 30.025000000000002 2.5000000000000004 1.5000000000000002 11.500000000000002 1.0000000180025095e-35 -80.549999999999983 2 -87.249999999999986 3 14.415000000000001 19.870000000000001 4 24.535
decision_type=10 8 10 2 8 10 2 9 10 2 2 10 2 10 9 10 2 10 2 2 2 2 2 9 2 9 8 10 9 10
left_child=1 2 -1 4 5 7 -6 16 10 -10 14 12 13 -12 -9 -16 -3 19 -17 20 27 22 -13 -21 25 26 -5 -14 -28 -30
right_child=-2 3 -4 24 6 -7 -8 8 9 -11 11 21 17 -15 15 18 -18 -19 -20 23 -22 -23 -24 -25 -26 -27 28 -29 29 -31
leaf_value=0.00064050060885403328 -0.020428142642536253 -0.014262145392626869 -0.007254078028164912 -0.0084585779810409274 -0.0042872381974705664 0.033115497097550642 0.0086270066766918514 0.0023192049963730809 0.010596540468173467 -0.0023895573254000269 0.018178607440810613 -0.020117826061544976 -0.0056684671367841057 0.0060383090643402861 -0.026827762813012957 -0.024594357317141435 0.017673736408038553 0.017551407779347671 0.0092128827080660176 0.014036890629593214 0.0071877428298352981 0.00023802407843986906 0.00018854202359368523 -0.0093197283710358299 0.00029935507055314228 -0.01781766488639569 0.023763074400019325 0.0021442234969060617 0.0018576751109009139 0.015190554780498022
leaf_weight=2699 210 262 3073 340 13116 296 1202 434 1473 1839 323 709 1688 1452 824 200 1035 352 378 229 1314 472 222 2709 206742 313 394 2030 1791 1111
leaf_count=2699 210 262 3073 340 13116 296 1202 434 1473 1839 323 709 1688 1452 824 200 1035 352 378 229 1314 472 222 2709 206742 313 394 2030 1791 1111
internal_value=0.000119563 0.000130505 -0.00214459 0.000184576 -0.000707728 0.000419155 -0.00214266 0.000153161 -0.000311975 0.00301023 -0.00113892 -0.000269331 0.000618383 0.00619048 -0.00655471 -0.00963432 0.00603645 -0.000576092 -0.00170068 -0.00106516 0.000614835 -0.00661713 -0.0101488 -0.00393487 0.000322495 0.00316999 0.00423961 -0.00112661 0.0053539 0.004141
internal_weight=249232 249022 5772 243250 32559 18241 14318 17945 16648 3312 13336 11500 10097 1775 1836 1402 1297 8322 578 7970 5032 1403 931 2938 210691 3949 3636 3718 3296 2902
internal_count=249232 249022 5772 243250 32559 18241 14318 17945 16648 3312 13336 11500 10097 1775 1836 1402 1297 8322 578 7970 5032 1403 931 2938 210691 3949 3636 3718 3296 2902
cat_boundaries=0 1 2 3 4 5
cat_threshold=132 10 2 6 40
is_linear=0
shrinkage=0.05


Tree=132
num_leaves=31
num_cat=8
split_feature=10 11 6 10 4 11 11 8 7 5 7 4 8 4 10 8 8 8 4 10 4 4 4 11 11 7 10 9 4 10
split_gain=12.5477 11.2562 66.211 44.2686 31.3618 30.1279 29.9679 29.3779 42.7875 32.5677 61.3379 56.2959 70.6329 27.2198 26.3331 24.2802 44.8894 30.6927 15.4621 17.4383 14.4616 13.5945 12.6641 23.9398 13.1543 15.7325 21.3161 12.3518 21.657 11.0399
threshold=148.19500000000002 127.40000000000002 4.5000000000000009 27.375000000000004 0 138.07000000000002 126.38500000000001 26.550000000000004 13.500000000000002 3.5000000000000004 14.500000000000002 1 26.250000000000004 2 57.110000000000007 30.050000000000004 29.750000000000004 26.550000000000004 3 21.375000000000004 4 5 6 77.085000000000022 118.75000000000001 13.500000000000002 105.69500000000001 -81.84999999999998 7 7.0600000000000014
decision_type=10 10 2 10 9 10 10 2 2 2 2 9 2 9 10 2 2 2 9 10 9 9 9 8 10 2 10 2 9 10
left_child=1 6 4 15 -3 14 22 8 27 10 20 12 -12 -11 21 16 17 18 -4 29 -10 -5 23 -1 25 -25 -27 28 -8 -20
right_child=-2 2 3 5 -6 -7 7 -9 9 13 11 -13 -14 -15 -16 -17 -18 -19 19 -21 -22 -23 -24 24 -26 26 -28 -29 -30 -31
leaf_value=-0.0098091586168925111 -0.019406735510409414 0.0044613210792348928 -0.018011831581389793 0.0094667520160826701 -0.022832591897684031 -0.028158456611853122 0.027067585197613611 -0.0013874286915407374 0.011835273987260475 0.015240325184997072 0.014106315840312257 -0.023448366331667716 -0.0059886967483783419 -0.0039028626343282193 -0.024146729164642888 -0.013404889247461993 0.017424742253893167 -0.0072604117565894912 0.008371179308240162 0.0081798132832465956 0.00010731648416326678 -0.0026222743155392084 0.0001406115335824687 0.0027296735545197849 0.0063325853046748651 -0.0012661649866707592 -0.012425786030530484 0.026747551135667891 0.0069494326117664155 6.4953879105011944e-05
leaf_weight=921 210 317 303 382 1561 527 478 3715 1548 347 1431 362 1663 3284 417 616 942 1172 517 2237 272 2187 213467 1491 589 1931 636 356 2327 3026
leaf_count=921 210 317 303 382 1561 527 478 3715 1548 347 1431 362 1663 3284 417 616 942 1172 517 2237 272 2187 213467 1491 589 1931 636 356 2327 3026
internal_value=0.000117556 0.000128096 -0.00123822 9.72763e-05 -0.00995763 -0.00464093 0.000210793 0.00231432 0.00351051 0.00173265 0.00423761 0.000317369 0.00253693 -0.00190882 -0.00267023 0.00198912 0.0027111 0.00136958 0.00279829 0.00337931 0.0116393 -0.000756107 5.91203e-05 -0.00229062 -0.000826712 -0.00184366 -0.00421032 0.0084989 0.0073357 0.00119617
internal_weight=249232 249022 14204 12326 1878 3513 234818 15783 12068 8907 5276 3456 3094 3631 2986 8813 8197 7255 6083 5780 1820 2569 219035 5568 4647 4058 2567 3161 2805 3543
internal_count=249232 249022 14204 12326 1878 3513 234818 15783 12068 8907 5276 3456 3094 3631 2986 8813 8197 7255 6083 5780 1820 2569 219035 5568 4647 4058 2567 3161 2805 3543
cat_boundaries=0 1 2 3 4 5 6 7 8
cat_threshold=4 106 144 12 38 200 80 164
is_linear=0
shrinkage=0.05


Tree=133
num_leaves=31
num_cat=8
split_feature=10 11 6 10 4 11 11 7 7 5 7 4 10 10 4 9 9 9 10 4 4 4 4 10 7 10 10 9 4 10
split_gain=11.7901 10.7748 58.0566 42.1906 28.903 28.3967 26.2187 25.5717 31.9046 29.1306 58.7194 46.7949 62.7035 25.4214 24.1067 22.1016 35.0721 26.3021 15.9328 13.7438 13.7084 12.1572 11.8632 11.6051 11.2571 15.8878 14.9979 10.758 9.5339 9.53193
threshold=146.27500000000003 127.40000000000002 4.5000000000000009 27.375000000000004 0 138.07000000000002 126.38500000000001 12.500000000000002 13.500000000000002 3.5000000000000004 14.500000000000002 1 42.395000000000003 57.110000000000007 2 -85.449999999999989 -85.249999999999986 -82.249999999999986 21.375000000000004 3 4 5 6 119.56500000000001 10.500000000000002 16.605000000000004 15.635000000000003 -81.949999999999989 7 1.0000000180025095e-35
decision_type=10 10 2 10 9 10 10 2 2 2 2 9 10 10 9 2 2 2 10 9 9 9 9 8 2 10 10 2 9 8
left_child=1 6 4 15 -3 13 22 -8 -9 10 19 12 -12 21 -11 -4 -17 -18 -19 -10 -20 -5 23 -1 -6 26 -26 -23 -29 -24
right_child=-2 2 3 5 24 -7 7 8 9 14 11 -13 -14 -15 -16 16 17 18 20 -21 -22 27 29 -25 25 -27 -28 28 -30 -31
leaf_value=-0.0058393019627383863 -0.006496290399915239 0.0042382550252731297 -0.012734644785088857 0.0089934144152785233 -0.013588766330769088 -0.026750533781260445 -0.001318057256963723 0.010371766528793592 0.01124351028789743 0.014478308925747196 -0.00568926191095942 -0.022275948015084347 0.013401000048296653 -0.022939392706410724 -0.003707719502611795 0.014918322075566471 -0.011203170201112035 0.0006037427222258529 0.010411548169687812 0.00010195065995510788 -0.00068128777394282913 -0.014906932888544056 0.0042654583500215896 0.0018041093637830132 -0.036475931714090803 -0.05171132819087694 -0.0056911953442366769 0.0020341601036680148 -0.0063651459895045287 7.8701865946362309e-05
leaf_weight=1653 719 317 620 382 813 527 3714 3162 1548 347 1663 362 1431 415 3284 1094 593 4159 1731 272 616 247 1838 707 220 236 292 1374 566 214330
leaf_count=1653 719 317 620 382 813 527 3714 3162 1548 347 1663 362 1431 415 3284 1094 593 4159 1731 272 616 247 1838 707 220 236 292 1374 566 214330
internal_value=0.000107927 0.000126548 -0.00121024 4.05383e-05 -0.009375 -0.00458677 0.000207621 0.00217501 0.00329084 0.00175507 0.0041241 0.000288517 0.00231214 -0.00267201 -0.0016891 0.00188711 0.00257833 0.0012871 0.00220994 0.0113661 0.00549427 -0.000794882 6.54348e-05 -0.00344538 -0.0121126 -0.0166227 -0.0113027 -0.00224286 -0.000974359 0.000104076
internal_weight=249232 248513 14202 12324 1878 3511 234311 15783 12069 8907 5276 3456 3094 2984 3631 8813 8193 7099 6506 1820 2347 2569 218528 2360 1561 748 512 2187 1940 216168
internal_count=249232 248513 14202 12324 1878 3511 234311 15783 12069 8907 5276 3456 3094 2984 3631 8813 8193 7099 6506 1820 2347 2569 218528 2360 1561 748 512 2187 1940 216168
cat_boundaries=0 1 2 3 4 5 6 7 8
cat_threshold=4 106 144 38 34 200 64 2
is_linear=0
shrinkage=0.05


Tree=134
num_leaves=31
num_cat=3
split_feature=0 4 10 9 9 8 2 10 8 9 9 3 0 2 9 9 10 10 10 7 9 8 10 8 10 9 9 0 9 4
split_gain=10.2795 23.2691 21.7371 19.8908 18.2718 26.2354 14.445 18.4561 23.8689 19.6142 11.0833 12.1148 10.4592 10.111 18.9783 11.206 13.619 12.6211 10.8006 9.30604 47.8917 34.6957 35.2885 35.2958 26.7674 24.3731 56.5526 22.9551 22.8807 20.1651
threshold=7.5000000000000009 0 22.705000000000002 -80.149999999999991 -85.34999999999998 28.250000000000004 1.0000000180025095e-35 9.0800000000000018 30.250000000000004 -86.749999999999986 -82.249999999999986 1 4.5000000000000009 1.0000000180025095e-35 -82.649999999999991 -81.649999999999991 23.905000000000005 23.905000000000005 14.360000000000001 11.500000000000002 -81.449999999999989 24.650000000000002 63.100000000000009 26.950000000000003 14.735000000000001 -82.049999999999983 -84.949999999999989 58.500000000000007 -82.84999999999998 2
decision_type=2 9 8 2 2 2 2 10 2 2 2 9 2 2 2 2 10 10 8 2 2 2 8 2 10 2 2 2 2 9
left_child=1 2 -1 4 6 13 7 -3 -9 -10 11 -7 -4 14 -6 17 -17 -15 -16 20 21 -2 25 -24 -22 26 -23 29 -25 -27
right_child=19 3 12 -5 5 10 -8 8 9 -11 -12 -13 -14 15 18 16 -18 -19 -20 -21 24 22 23 28 -26 27 -28 -29 -30 -31
leaf_value=0.016366364585121397 -0.039209134516736646 -0.013537410727492462 0.0069453834585441855 0.014848819793196811 -0.022826242440730751 -0.031778082951123658 -0.0042100555284281249 0.03174334029571426 0.01232954043285135 -0.01571610515896631 -0.0079925389283608261 -0.018713426887767205 -0.0058332589251407722 -0.010101366253630584 -0.014507899901858768 0.0045449148607655592 -0.014035116830446316 0.013953528214539058 -0.0018504101250631068 0.0003146644283297917 0.010112376814731228 0.00085715989084720343 -0.028406004673441745 -0.010595424338193604 0.00077342238506679102 0.011298875408428355 -0.018151897622094772 -0.0072588668623663651 0.013251327031214989 0.00070694281588030712
leaf_weight=424 233 272 921 285 336 380 1311 311 767 324 617 348 695 294 600 233 266 540 4379 218322 1590 2252 758 1426 2982 697 1214 641 243 5571
leaf_count=424 233 272 921 285 336 380 1311 311 767 324 617 348 695 294 600 233 266 540 4379 218322 1590 2252 758 1426 2982 697 1214 641 243 5571
internal_value=0.000101107 -0.00125066 0.00364078 -0.00214039 -0.00248453 -0.00372985 0.000851419 0.00391924 0.00623229 0.00267938 -0.0100738 -0.0142276 0.00098401 -0.00243316 -0.00340845 0.00145197 -0.00442043 0.0049763 -0.00261575 0.000177376 -0.000928081 -0.00247221 -0.0021152 -0.00752975 0.0034701 -0.000842561 -0.00425777 0.000874404 -0.00342466 0.00179994
internal_weight=249232 13303 2040 11263 10978 7993 2985 1674 1402 1091 1345 728 1616 6648 5315 1333 499 834 4979 235929 17607 13035 12802 2427 4572 10375 3466 6909 1669 6268
internal_count=249232 13303 2040 11263 10978 7993 2985 1674 1402 1091 1345 728 1616 6648 5315 1333 499 834 4979 235929 17607 13035 12802 2427 4572 10375 3466 6909 1669 6268
cat_boundaries=0 1 2 3
cat_threshold=156 4 28
is_linear=0
shrinkage=0.05


Tree=135
num_leaves=31
num_cat=2
split_feature=0 4 12 10 9 11 11 9 8 8 10 10 0 8 9 8 8 10 10 9 4 9 10 11 8 11 0 11 11 11
split_gain=12.7476 20.3767 22.9833 14.129 13.2396 14.8157 18.7741 20.0069 27.4909 22.6931 14.5329 13.791 12.5049 37.5057 28.0157 38.2836 49.7179 32.3925 31.6444 35.9263 30.1782 27.2073 31.27 25.9313 28.5991 30.0039 25.8461 25.5487 24.1316 18.9247
threshold=6.5000000000000009 0 1.0000000180025095e-35 75.295000000000016 -80.149999999999991 37.915000000000006 53.45000000000001 -85.34999999999998 30.250000000000004 28.250000000000004 45.480000000000011 56.465000000000011 61.500000000000007 28.150000000000002 -82.749999999999986 27.450000000000003 27.150000000000002 60.355000000000011 123.30500000000002 -82.549999999999983 1 -82.649999999999991 110.94000000000001 97.385000000000005 25.950000000000003 103.04000000000001 68.500000000000014 108.05500000000002 49.585000000000008 132.69000000000003
decision_type=2 9 10 10 2 10 8 2 2 2 10 8 2 2 2 2 2 8 8 2 9 2 10 8 2 8 2 10 10 8
left_child=1 2 -1 -4 5 11 -7 8 -8 -9 -10 -3 -2 14 20 16 23 -18 19 21 -14 22 -17 -16 25 -25 -21 -23 -15 -26
right_child=12 4 3 -5 -6 6 7 9 10 -11 -12 -13 13 28 15 18 17 -19 -20 26 -22 27 -24 24 29 -27 -28 -29 -30 -31
leaf_value=-0.0049222611070380397 0.00036986306665869333 -0.02467727080988498 0.022941728291904884 -0.0034172442711950081 0.013101417505272384 0.010418831178768517 0.028539549310816259 -0.0040519045672487769 0.0031438868597878592 -0.021641386009017795 -0.010437782771415627 -0.0071781671374108848 0.0034791229767763276 0.0027074906840565127 -0.0093857649601155838 -0.012108644263077029 -0.022031752456722221 0.011990410077821069 -0.012184533115828657 0.0083414325057759708 -0.004219783949166534 0.0014635038882557794 0.001771460872992492 0.01398155182405616 -0.00060173602525521736 -0.009157204505467087 -0.0011735222225580878 -0.0067875645072357216 -0.0070773353036009297 0.0065600304905936825
leaf_weight=843 209680 353 651 222 245 389 351 4152 1249 526 637 1794 3791 1121 1241 424 204 1163 758 952 500 701 2060 440 2276 1660 1233 2852 3771 3200
leaf_count=843 209680 353 651 222 245 389 351 4152 1249 526 637 1794 3791 1121 1241 424 204 1163 758 952 500 701 2060 440 2276 1660 1233 2852 3771 3200
internal_value=9.08001e-05 -0.00154089 0.00345622 0.00911665 -0.00242898 -0.00273227 -0.00165436 -0.00225993 0.00162439 -0.00411689 -0.000791139 -0.00637459 0.000169091 -0.000816377 1.49158e-05 -0.000803171 0.00129488 0.0101307 -0.00318131 -0.00227162 0.00366194 -0.00425831 -0.000240577 -8.49666e-05 0.00101503 -0.00393365 0.00321185 -0.00705866 -0.00479396 0.00291651
internal_weight=249439 11412 1716 873 9696 9451 7304 6915 2237 4678 1886 2147 238027 28347 23455 19164 10184 1367 8980 8222 4291 6037 2484 8817 7576 2100 2185 3553 4892 5476
internal_count=249439 11412 1716 873 9696 9451 7304 6915 2237 4678 1886 2147 238027 28347 23455 19164 10184 1367 8980 8222 4291 6037 2484 8817 7576 2100 2185 3553 4892 5476
cat_boundaries=0 1 2
cat_threshold=140 130
is_linear=0
shrinkage=0.05


Tree=136
num_leaves=31
num_cat=1
split_feature=0 0 4 12 11 11 11 11 10 8 10 8 11 11 10 8 8 10 8 11 0 0 10 8 10 10 11 11 0 10
split_gain=10.9594 11.0928 19.9087 17.8555 12.5493 18.9744 12.4011 10.3431 19.3366 16.731 13.437 12.2289 11.5407 18.2135 12.1228 13.5095 15.9922 23.9279 9.49164 60.141 42.5102 61.2713 51.349 45.812 30.5419 24.5999 23.5906 32.8076 18.5245 20.186
threshold=100.50000000000001 6.5000000000000009 0 1.0000000180025095e-35 37.085000000000008 50.355000000000011 98.055000000000021 103.04000000000001 93.075000000000017 28.150000000000002 14.360000000000001 30.350000000000005 85.680000000000021 70.415000000000006 11.955000000000002 26.950000000000003 30.250000000000004 45.480000000000011 25.550000000000004 115.41500000000001 30.500000000000004 40.500000000000007 69.680000000000021 25.050000000000004 73.475000000000009 66.570000000000007 94.585000000000022 89.720000000000013 54.500000000000007 73.475000000000009
decision_type=2 2 9 10 8 8 10 8 10 2 8 2 10 10 10 2 2 10 2 8 2 2 10 2 10 10 10 10 2 10
left_child=1 2 3 -1 -4 -6 -5 8 12 10 -9 -11 13 -7 -14 -16 -17 -18 19 20 25 22 -22 24 -24 -3 27 -23 -28 -30
right_child=-2 18 4 6 5 7 -8 9 -10 11 -12 -13 14 -15 15 16 17 -19 -20 -21 21 26 23 -25 -26 -27 28 -29 29 -31
leaf_value=-0.0039717901019840967 -0.0073411726742864227 -0.0025249997134802363 -0.015250752401813462 0.024149305987659277 0.011593615844407346 -0.0011483571621747402 1.7536608522927821e-05 -0.019025498285723554 -0.019811295881438665 -0.0172122694499274 -0.0018356013782531379 -0.0038121760401391928 -0.019550589556914758 -0.024031394350269065 -0.010149398041455805 0.025817974343682382 0.01383153876709069 -0.0081926805033318405 0.00031027117218567217 -0.029040289084418625 -0.0028004405606070651 -0.0006450252916684108 0.022637595223347962 -0.0081531393316168106 0.013631405681875554 -0.011837482146317857 0.0012962404697922647 -0.031257740453637606 -0.003200267251620259 -0.015657817060588688
leaf_weight=884 826 3672 520 477 330 1949 487 314 232 831 2623 349 216 209 217 398 828 548 221337 503 1369 381 707 389 1946 1692 3410 327 1246 222
leaf_count=884 826 3672 520 477 330 1949 487 314 232 831 2623 349 216 209 217 398 828 548 221337 503 1369 381 707 389 1946 1692 3410 327 1246 222
internal_value=9.32054e-05 0.000112419 -0.00140956 0.00331906 -0.00232679 -0.00188867 0.00800821 -0.00233838 -0.000705448 -0.00415556 -0.0021208 -0.00915966 5.71429e-05 -0.0025369 0.00259359 0.00382309 0.00526906 0.00266955 0.0001857 -0.000995338 -0.000432633 0.00149395 0.00589233 0.00950197 0.0118475 -0.00401935 -0.00198356 -0.0104457 -0.000736498 -0.00541272
internal_weight=249439 248613 11412 1848 9564 9044 964 8714 4597 4117 2937 1180 4365 2158 2207 1991 1774 1376 237201 15864 15361 9997 4411 3042 2653 5364 5586 708 4878 1468
internal_count=249439 248613 11412 1848 9564 9044 964 8714 4597 4117 2937 1180 4365 2158 2207 1991 1774 1376 237201 15864 15361 9997 4411 3042 2653 5364 5586 708 4878 1468
cat_boundaries=0 1
cat_threshold=172
is_linear=0
shrinkage=0.05


Tree=137
num_leaves=31
num_cat=1
split_feature=7 11 0 10 10 0 10 10 11 8 9 8 0 4 11 8 10 11 8 8 10 10 12 0 8 6 8 12 8 11
split_gain=13.3674 25.2082 18.2368 18.6428 17.4825 20.5797 20.7248 18.9221 25.7363 21.2929 17.411 18.0717 25.8752 16.531 16.219 32.4059 50.2294 28.7684 26.7178 19.0794 18.3343 13.4361 12.736 12.0663 10.3988 13.6119 10.8675 9.77512 9.69076 12.7961
threshold=20.500000000000004 47.250000000000007 91.500000000000014 5.9750000000000005 6.9000000000000012 24.500000000000004 11.955000000000002 37.005000000000003 81.290000000000006 29.650000000000002 -81.149999999999991 26.350000000000005 31.500000000000004 0 93.055000000000021 27.950000000000003 69.120000000000019 97.385000000000005 27.350000000000005 29.650000000000002 90.02500000000002 88.225000000000009 1.5000000000000002 25.500000000000004 29.950000000000003 1.0000000180025095e-35 28.350000000000005 3.5000000000000004 30.550000000000004 90.350000000000009
decision_type=2 10 2 8 10 2 10 10 10 2 2 2 2 9 10 2 10 10 2 2 10 10 10 2 2 2 2 10 2 8
left_child=27 10 3 -3 23 7 -7 9 22 -6 13 12 -12 -2 15 18 -17 -16 -8 -19 21 -18 -9 -5 26 -26 -15 28 -1 -30
right_child=1 2 -4 4 5 6 14 8 -10 -11 11 -13 -14 24 17 16 20 19 -20 -21 -22 -23 -24 -25 25 -27 -28 -29 29 -31
leaf_value=0.00022522246827305636 0.014485931930994057 -0.01265593225620032 -0.011515548832577327 0.018705358185112344 -0.002088604369852387 -0.0073439496915361779 0.0026140330688921853 0.0033700045222771814 -0.021009679211257428 0.019871814685367584 -0.015885976388351163 0.00094955816983191001 -0.0035807360690701452 -0.0070845058304201741 -0.020098257721010395 -0.02196395897536876 0.00531974673580673 -0.002950283359876682 0.022436715836809996 0.0073733072484884589 -0.0017493513886149615 0.01778294688960198 -0.014779565828025421 0.00089319869430477545 -0.014991282400992834 0.0092041861964169414 -0.020728345261318018 -0.0092443312507081831 0.013358338981110763 -0.0032291412647332154
leaf_weight=223414 227 362 419 271 2268 557 582 860 718 344 779 3712 1946 485 432 429 980 1344 1044 1561 1087 659 220 206 643 286 838 1093 1088 585
leaf_count=223414 227 362 419 271 2268 557 582 860 718 344 779 3712 1946 485 432 429 980 1344 1044 1561 1087 659 220 206 643 286 838 1093 1088 585
internal_value=9.03992e-05 -0.00105075 0.000247335 0.000559782 0.000862069 0.000515464 0.00192861 -0.00226244 -0.00619469 0.000457666 -0.0031369 -0.00176051 -0.00484461 -0.00668943 0.00257136 0.0044354 0.00146919 -0.000104571 0.0101467 0.00169811 0.00398392 0.00730746 -0.0012844 0.0101643 -0.00796655 -0.00388711 -0.0108402 0.00020779 0.000230789 0.0040107
internal_weight=249439 23259 14343 13924 13562 13085 8675 4410 1798 2612 8916 6437 2725 2479 8118 4781 3155 3337 1626 2905 2726 1639 1080 477 2252 929 1323 226180 225087 1673
internal_count=249439 23259 14343 13924 13562 13085 8675 4410 1798 2612 8916 6437 2725 2479 8118 4781 3155 3337 1626 2905 2726 1639 1080 477 2252 929 1323 226180 225087 1673
cat_boundaries=0 1
cat_threshold=128
is_linear=0
shrinkage=0.05


Tree=138
num_leaves=31
num_cat=1
split_feature=7 11 10 10 7 10 0 0 10 10 11 8 10 11 8 8 9 8 0 9 10 0 4 0 8 9 0 7 8 12
split_gain=13.2083 23.8726 17.4765 18.0699 19.2373 18.4815 17.2852 23.3418 24.3241 25.1904 18.3042 27.5796 46.3165 26.9055 26.3815 19.696 16.7844 17.1616 25.675 15.5754 12.5072 14.8283 12.1276 11.5331 11.4878 23.3111 10.4043 9.66649 18.8917 17.4344
threshold=20.500000000000004 47.250000000000007 5.9750000000000005 6.9000000000000012 25.500000000000004 11.955000000000002 72.500000000000014 24.500000000000004 37.005000000000003 86.515000000000015 93.055000000000021 27.950000000000003 69.120000000000019 97.385000000000005 27.350000000000005 29.650000000000002 -81.149999999999991 26.350000000000005 26.500000000000004 -81.149999999999991 9.0800000000000018 26.500000000000004 0 25.500000000000004 29.350000000000005 -81.149999999999991 8.5000000000000018 21.500000000000004 29.250000000000004 1.5000000000000002
decision_type=2 10 8 10 2 10 2 2 10 10 10 2 10 10 2 2 2 2 2 2 10 2 9 2 2 2 2 2 2 10
left_child=-1 16 -3 23 5 20 7 8 19 26 11 14 -13 -12 -9 -15 22 18 -18 -7 21 -5 -2 -4 -14 -26 -10 -19 29 -29
right_child=1 2 3 4 -6 6 -8 10 9 -11 13 12 24 15 -16 -17 17 27 -20 -21 -22 -23 -24 -25 25 -27 -28 28 -30 -31
leaf_value=0.00022077241247511206 0.01376163533444439 -0.012023135643390326 0.017770090275856722 0.0075078264772879162 -0.01491457317637428 0.017104006362281422 -0.0071212382218864617 0.0031586028996640537 -0.0014865755984409647 0.0015986424471593709 -0.019093344834959905 -0.020792466881895334 0.0011556689721170077 -0.0027944848333589789 0.024011366411111901 0.0082775969215290075 -0.016610370778393425 0.0083643700980372323 -0.0033071555882778548 -0.0012686223813775045 -0.020747205636134594 -0.0064902089503689813 -0.012385302486203642 0.00084853875958952336 0.0050537593990163561 0.031035811868575625 -0.021463491906155641 -0.0019895257285044376 -0.021353189492424509 0.025705068471012196
leaf_weight=226180 227 362 271 266 233 520 751 564 201 757 428 400 946 1333 990 1407 697 1180 2028 1654 281 395 2252 206 1248 354 776 2011 288 233
leaf_count=226180 227 362 271 266 233 520 751 564 201 757 428 400 946 1333 990 1407 697 1180 2028 1654 281 395 2252 206 1248 354 776 2011 288 233
internal_value=8.35842e-05 -0.00105075 0.000212499 0.000496748 0.000155394 0.000410361 0.000927952 0.00140663 -0.00173558 -0.00613532 0.00300781 0.00505319 0.00219743 9.4399e-05 0.010422 0.00192727 -0.00308089 -0.00172949 -0.00473492 0.00178571 -0.00630252 -0.00245902 -0.0065689 0.00995893 0.00469116 0.00725806 -0.0113982 0.000483611 -0.00125885 0.000310559
internal_weight=249439 23259 14343 13981 13504 13271 12329 11578 3908 1734 7670 4502 2948 3168 1554 2740 8916 6437 2725 2174 942 661 2479 477 2548 1602 977 3712 2532 2244
internal_count=249439 23259 14343 13981 13504 13271 12329 11578 3908 1734 7670 4502 2948 3168 1554 2740 8916 6437 2725 2174 942 661 2479 477 2548 1602 977 3712 2532 2244
cat_boundaries=0 1
cat_threshold=128
is_linear=0
shrinkage=0.05


Tree=139
num_leaves=31
num_cat=2
split_feature=7 11 3 4 10 10 10 7 10 10 10 11 8 8 9 11 9 11 8 9 7 10 11 8 11 7 11 11 8 10
split_gain=12.5341 19.6397 14.7611 14.1533 13.9333 16.3756 15.2475 11.8358 10.7625 21.5673 33.3111 20.316 19.3323 16.1064 20.0746 15.0557 26.674 10.9971 10.1672 9.5046 36.1998 70.656 46.2721 57.2281 85.8284 67.9427 55.5603 46.0276 42.1562 38.8315
threshold=20.500000000000004 47.250000000000007 0 1 5.9750000000000005 6.9000000000000012 11.955000000000002 25.500000000000004 37.005000000000003 86.515000000000015 96.570000000000007 52.085000000000008 29.650000000000002 29.150000000000002 -80.649999999999991 94.585000000000022 -80.449999999999989 79.585000000000022 27.350000000000005 -82.549999999999983 18.500000000000004 78.835000000000022 89.720000000000013 28.050000000000004 56.835000000000008 16.500000000000004 91.745000000000019 71.250000000000014 29.650000000000002 18.765000000000004
decision_type=2 10 9 9 10 10 10 2 10 10 10 10 2 2 2 10 2 10 2 2 2 8 10 2 8 2 10 10 2 10
left_child=19 2 -2 4 -3 -6 -7 8 12 13 11 -11 15 14 -10 16 -8 -12 -18 20 22 28 23 24 -1 27 -24 -25 -22 -27
right_child=1 3 -4 -5 5 6 7 -9 9 10 17 -13 -14 -15 -16 -17 18 -19 -20 -21 21 -23 26 25 -26 29 -28 -29 -30 -31
leaf_value=-0.0011101917570311315 -0.0079844768999224325 -0.011238838896547155 -0.0022197137092125454 -0.010221186753596179 0.011749511157098614 -0.0063635917478324982 -0.011614407189398124 -0.012494044443526154 -0.022909464670550508 -0.0014938767572110657 -0.00053153638027882979 0.021109639578615447 0.017760625243603646 -0.0010208242824919723 -0.0010744540843148798 -0.0014075840577369549 0.0056784871732967097 -0.020706672695304108 0.019075528735340977 0.0005868439632982892 -0.025672658935517047 0.0055830323245801066 0.010518068309951634 -0.0037011571127754995 -0.021612871233450903 0.007475247216787384 -0.00026679225434236289 -0.025485483627249606 0.0050972633641309445 -0.0030634295767116627
leaf_weight=3493 3588 355 5328 671 470 909 492 202 429 380 1300 945 759 2727 487 2381 759 204 873 131525 907 10326 5128 9044 3415 4035 54576 866 502 2363
leaf_count=3493 3588 355 5328 671 470 909 492 202 429 380 1300 945 759 2727 487 2381 759 204 873 131525 907 10326 5128 9044 3415 4035 54576 866 502 2363
internal_value=6.7148e-05 -0.00103786 -0.00287923 0.000107991 0.000460123 0.000724094 0.000385004 0.000862069 0.00107271 -0.000293119 0.0029764 0.00872659 0.00274934 -0.00283329 -0.00853132 0.00149502 0.00454545 -0.00211361 0.00761267 0.000180821 -0.000201236 0.00239676 -0.000569155 -0.00246276 -0.00627349 -0.000845692 0.000167465 -0.0034375 -0.00806906 0.00316792
internal_weight=249439 23259 8916 14343 13672 13317 12847 11938 11736 6472 2829 1325 5264 3643 916 4505 2124 1504 1632 226180 94655 11735 82920 23216 6908 16308 59704 9910 1409 6398
internal_count=249439 23259 8916 14343 13672 13317 12847 11938 11736 6472 2829 1325 5264 3643 916 4505 2124 1504 1632 226180 94655 11735 82920 23216 6908 16308 59704 9910 1409 6398
cat_boundaries=0 1 2
cat_threshold=4 170
is_linear=0
shrinkage=0.05


Tree=140
num_leaves=31
num_cat=1
split_feature=8 12 10 0 9 10 8 9 10 8 10 6 10 10 3 9 9 10 2 10 10 9 6 9 10 9 0 0 8 8
split_gain=11.8645 9.62437 11.7746 11.1457 16.8427 24.8859 15.4875 26.4806 18.5103 17.5835 71.6514 48.7229 41.9433 26.2368 19.5148 16.797 19.7591 27.4561 23.0863 17.9617 15.4813 15.9897 20.4174 15.0561 27.4265 14.7138 41.5929 40.5377 18.4473 16.361
threshold=30.750000000000004 -1.0000000180025095e-35 146.27500000000003 14.500000000000002 -87.149999999999991 48.935000000000009 30.350000000000005 -86.549999999999983 9.365000000000002 29.950000000000003 58.940000000000005 2.5000000000000004 81.960000000000022 1.0000000180025095e-35 0 -85.249999999999986 -82.84999999999998 25.785000000000004 1.0000000180025095e-35 124.43000000000002 6.205000000000001 -82.549999999999983 3.5000000000000004 -87.34999999999998 19.185000000000006 -85.84999999999998 39.500000000000007 26.500000000000004 30.150000000000002 30.250000000000004
decision_type=2 8 10 2 2 10 2 2 8 2 10 2 10 8 9 2 2 8 2 8 8 2 2 2 10 2 2 2 2 2
left_child=1 -1 3 23 5 -5 9 8 -8 15 13 12 14 -11 -12 -6 17 -17 -19 -20 21 -18 -23 24 -3 27 29 -15 -28 -27
right_child=-2 2 -4 4 6 -7 7 -9 -10 10 11 -13 -14 25 -16 16 20 18 19 -21 -22 22 -24 -25 -26 26 28 -29 -30 -31
leaf_value=-0.0030396135267776181 0.014651983222474563 -0.041722874936580112 -0.0069384036379195992 0.0052301493233758659 0.0080834031145082374 -0.019447719712701341 -0.019285967094670921 -0.0092809468947101514 0.001842202237056867 0.011330683062855585 0.032528228513190309 -0.0057964745462762762 0.0029557348563375553 -0.026309470474538799 0.017746184219631412 0.020613732791788443 -0.02697638856950757 -0.0131003417639588 -0.0066163883893548547 0.015641499658948812 0.00025094164924608367 0.00042142592423357608 -0.021029671919071458 -0.00093023439036183937 -0.0002461672231504064 0.00016124826985195462 0.00085519450671927015 -0.0010587629703618262 -0.019967535844398077 0.015716754933436407
leaf_weight=5718 281 238 651 5631 947 276 301 3598 4817 714 1288 943 1082 563 1070 200 283 1522 764 281 177984 1584 396 31830 404 2466 368 1151 782 893
leaf_count=5718 281 238 651 5631 947 276 301 3598 4817 714 1288 943 1082 563 1070 200 283 1522 764 281 177984 1584 396 31830 404 2466 368 1151 782 893
internal_value=4.73827e-05 3.55772e-05 8.33206e-05 0.000101491 0.000234858 0.00286463 0.000158573 -0.00190236 0.000409516 0.000250652 0.0021624 0.00715912 0.00991304 -0.00100043 0.0136402 0.000132901 9.83478e-05 -0.00408714 -0.00549088 0.000236967 0.000162823 -0.00393753 -0.00231156 -0.000760421 -0.00828221 -0.00204556 -0.000542155 -0.00597448 -0.0087069 0.0022707
internal_weight=249026 248745 243027 242376 209904 5907 203997 8716 5118 195281 11320 4383 3440 6937 2358 183961 183014 2767 2567 1045 180247 2263 1980 32472 642 6223 4509 1714 1150 3359
internal_count=249026 248745 243027 242376 209904 5907 203997 8716 5118 195281 11320 4383 3440 6937 2358 183961 183014 2767 2567 1045 180247 2263 1980 32472 642 6223 4509 1714 1150 3359
cat_boundaries=0 1
cat_threshold=12
is_linear=0
shrinkage=0.05


Tree=141
num_leaves=31
num_cat=4
split_feature=8 12 5 0 9 4 0 0 8 11 11 9 0 11 12 8 0 11 9 11 9 9 4 11 9 4 11 3 9 11
split_gain=11.0756 10.135 13.3221 14.7595 25.9169 21.4048 18.824 12.6204 12.4022 10.8071 23.7921 14.7879 16.6275 9.77703 9.146 10.0244 9.76517 19.8267 15.3877 14.7941 14.5905 30.6672 30.768 28.5492 22.4183 24.6245 31.9076 27.7595 18.3809 17.7261
threshold=30.750000000000004 1.5000000000000002 1.5000000000000002 20.500000000000004 -85.949999999999989 0 35.500000000000007 47.500000000000007 29.150000000000002 51.335000000000008 94.030000000000015 -81.84999999999998 61.500000000000007 46.250000000000007 -1.0000000180025095e-35 27.550000000000004 14.500000000000002 141.82000000000002 -87.149999999999991 106.33500000000002 -85.949999999999989 -84.949999999999989 1 89.720000000000013 -86.549999999999983 2 103.04000000000001 3 -84.649999999999991 72.915000000000006
decision_type=2 10 2 2 2 9 2 2 2 10 10 2 2 10 8 2 2 10 2 10 2 2 9 10 2 9 10 9 2 10
left_child=1 14 13 4 -4 7 -7 -5 -6 -8 11 -11 -13 -3 15 -1 17 -16 19 -18 23 22 -22 29 25 -25 27 -27 -23 -20
right_child=-2 2 3 5 8 6 9 -9 -10 10 -12 12 -14 -15 16 -17 18 -19 20 -21 21 28 -24 24 -26 26 -28 -29 -30 -31
leaf_value=0.00025040886345744083 0.013919384061350827 -0.0031571842370071049 -0.021859214017777531 0.0048661080990341611 -0.0041228239270946435 0.0039612677705922915 0.0020439393821405807 0.017343409311305801 0.014493246575403651 -0.027023629555674236 0.00022048518386190709 -0.0027513874756586176 -0.019049529261925092 -0.012899756366546989 -0.00073183796000089176 -0.0055203462935452313 0.0049807611546397014 -0.020178350555213689 -0.0068747997714877053 -0.011008426952991091 0.024096810399120195 -0.013445317393207024 0.0043905786183676913 -0.0198488713912226 -0.011912417510219077 0.036542385242499087 -0.01058501069138953 0.0042754426113569719 0.00028473526686658703 -0.023606227103151769
leaf_weight=2859 281 641 727 475 1279 3086 1288 260 470 333 1402 1044 272 778 30523 2859 5157 433 1521 302 665 686 3536 602 1620 236 804 3823 180422 642
leaf_count=2859 281 641 727 475 1279 3086 1288 260 470 333 1402 1044 272 778 30523 2859 5157 433 1521 302 665 686 3536 602 1620 236 804 3823 180422 642
internal_value=4.49734e-05 3.35672e-05 -0.00138002 -0.000770242 -0.0041432 0.000257038 -0.000557421 0.00827815 -0.000824332 -0.00267878 -0.00429598 -0.0083484 -0.00588235 -0.00591323 0.000105619 -0.00186802 0.000154557 -0.000671704 0.000282463 0.00289815 0.000208925 0.000305689 0.00452387 -0.00172824 -0.000190275 0.00134247 0.00252918 0.00433768 0.000207599 -0.00674183
internal_weight=249026 248745 12055 10636 2476 8160 7425 735 1749 4339 3051 1649 1316 1419 236690 5718 230972 30956 200016 5459 194557 185309 4201 9248 7085 5465 4863 4059 181108 2163
internal_count=249026 248745 12055 10636 2476 8160 7425 735 1749 4339 3051 1649 1316 1419 236690 5718 230972 30956 200016 5459 194557 185309 4201 9248 7085 5465 4863 4059 181108 2163
cat_boundaries=0 1 2 3 4
cat_threshold=44 132 8 16
is_linear=0
shrinkage=0.05


Tree=142
num_leaves=31
num_cat=3
split_feature=8 8 0 8 8 10 10 10 10 8 10 7 0 3 7 7 8 10 0 4 10 10 8 0 0 10 0 9 4 0
split_gain=10.3261 9.0679 9.00323 17.8694 14.2443 11.9634 13.7778 8.23719 38.5909 35.1076 22.6904 15.8296 15.3709 12.6399 12.63 11.3389 42.2969 32.2088 26.6574 24.5051 23.7923 35.4869 26.1075 28.775 42.871 33.629 23.6313 23.0427 26.8563 25.4192
threshold=30.750000000000004 24.550000000000004 2.5000000000000004 30.050000000000004 30.250000000000004 74.875000000000014 53.335000000000008 11.955000000000002 12.115 30.350000000000005 11.010000000000002 25.500000000000004 31.500000000000004 0 13.500000000000002 12.500000000000002 24.650000000000002 95.295000000000016 64.500000000000014 1 20.870000000000001 15.290000000000001 24.650000000000002 43.500000000000007 26.500000000000004 69.715000000000018 20.500000000000004 -80.34999999999998 2 34.500000000000007
decision_type=2 2 2 2 2 10 10 8 8 2 10 2 2 9 2 2 2 10 2 9 8 10 2 2 2 8 2 2 9 2
left_child=1 -1 3 5 -5 6 -3 9 12 10 -4 15 -9 -12 -11 16 -10 26 19 -19 21 -17 23 24 -22 -26 -18 28 29 -23
right_child=-2 2 7 4 -6 -7 -8 8 11 14 13 -13 -14 -15 -16 20 17 18 -20 -21 22 27 -24 -25 25 -27 -28 -29 -30 -31
leaf_value=-0.010044608422808876 0.013223414858283267 -0.0069046115025403147 -5.1415309162639039e-06 0.024973235236206471 -0.00013070278838567262 -0.011991777402974836 0.02796379507910567 0.011759039718210219 -0.028940937026302606 -0.0082560778773378193 -0.035337921216560812 -0.00910394719181702 0.029130990488300725 -0.00082767396791063599 -0.036627459275708943 -0.0011672900912342409 -0.0076671333739575694 0.0065648078060916333 0.015912467337516834 -0.0025865717409709003 -0.0064265296117838495 0.011019500981073805 3.1337676498921499e-05 -0.0018534333336783781 0.017494299575503726 0.0073913774121399101 -0.00043241394937014736 -0.0014888324453734558 0.017418200132875716 -0.00045653434021177832
leaf_weight=314 281 1836 11972 211 1167 384 203 207 370 361 381 1106 220 262 407 6290 5763 2279 380 997 522 4767 180863 1357 922 872 18041 2214 1438 2639
leaf_count=314 281 1836 11972 211 1167 384 203 207 370 361 381 1106 220 262 407 6290 5763 2279 380 997 522 4767 180863 1357 922 872 18041 2214 1438 2639
internal_value=3.69425e-05 2.59291e-05 3.68297e-05 -0.0023747 0.00216138 -0.00495273 -0.0033919 7.4395e-05 0.000144212 -0.00113119 -0.00049505 0.000116103 0.0149886 -0.00957121 -0.0114396 0.000144957 -0.000801006 -0.000571533 0.0037916 0.00231284 0.000275392 0.00204517 0.000108916 0.00427641 0.00765262 0.0113082 -0.00124297 0.00374955 0.00489044 0.00364934
internal_weight=249026 248745 248431 3801 1378 2423 2039 244630 231247 13383 12615 230820 427 643 768 229714 27830 27460 3656 3276 201884 17348 184536 3673 2316 1794 23804 11058 8844 7406
internal_count=249026 248745 248431 3801 1378 2423 2039 244630 231247 13383 12615 230820 427 643 768 229714 27830 27460 3656 3276 201884 17348 184536 3673 2316 1794 23804 11058 8844 7406
cat_boundaries=0 1 2 3
cat_threshold=4 86 66
is_linear=0
shrinkage=0.05


Tree=143
num_leaves=31
num_cat=1
split_feature=8 8 0 9 0 9 10 9 4 9 8 10 10 8 7 8 10 7 0 10 9 7 10 10 10 8 0 6 10 6
split_gain=9.57747 9.07749 7.55479 13.3719 7.46074 16.4788 26.7795 12.5023 16.6413 14.4167 23.5792 35.8395 26.3084 27.1349 15.8982 18.7597 16.1914 14.3446 13.6705 13.6328 19.4023 20.479 17.2593 26.3404 22.0686 17.355 15.9295 15.03 12.9787 12.1434
threshold=30.750000000000004 24.550000000000004 101.50000000000001 -81.549999999999983 14.500000000000002 -87.34999999999998 19.185000000000006 -80.149999999999991 0 -85.749999999999986 30.250000000000004 70.125000000000014 11.955000000000002 30.350000000000005 14.500000000000002 30.450000000000003 39.720000000000006 13.500000000000002 5.5000000000000009 33.175000000000004 -84.249999999999986 20.500000000000004 17.925000000000004 19.185000000000006 21.375000000000004 24.750000000000004 2.5000000000000004 2.5000000000000004 61.445000000000007 1.5000000000000002
decision_type=2 2 2 2 2 2 10 2 9 2 2 8 8 2 2 2 8 2 2 8 2 2 10 10 10 2 2 2 10 2
left_child=1 -1 4 -4 5 6 -3 9 -9 10 11 -7 18 -14 15 16 17 -15 -12 22 28 -22 29 27 -25 -26 -27 -24 -21 -11
right_child=-2 2 3 -5 -6 7 -8 8 -10 19 12 -13 13 14 -16 -17 -18 -19 -20 20 21 -23 23 24 25 26 -28 -29 -30 -31
leaf_value=-0.0095423780016683953 0.012562244115369126 -0.039645131016835936 0.0015405440479007383 -0.014451033065567033 0.00021179954113845768 0.016340840272913316 -0.00070760757461476589 -0.01077576621241776 0.013024893552269212 0.00052035312645113405 9.1060340840343212e-05 -0.0055226085576923992 -0.013748572126969361 0.01306491904174454 0.0091719894861476813 -0.018805781707708569 -0.012960594698946793 -0.0087931123058939253 -0.020486243512933468 -0.025809149159692613 -0.0015977361128602042 -0.010037586600370664 0.0010075152319232396 -0.0098678651557806869 -0.01744752321347116 -0.0086254476298317506 0.0065689840492105141 0.027487467072911012 -0.010281682431804474 -0.009130846620776456
leaf_weight=314 281 241 420 350 214148 369 424 200 755 2005 271 302 649 1288 2305 513 488 307 430 419 12503 1725 246 1158 363 339 3136 405 934 1738
leaf_count=314 281 241 420 350 214148 369 424 200 755 2005 271 302 649 1288 2305 513 488 307 430 419 12503 1725 246 1158 363 339 3136 405 934 1738
internal_value=4.09579e-05 3.03511e-05 4.12573e-05 -0.00487179 5.67285e-05 -0.000636876 -0.00837037 -0.000477814 0.00512953 -0.000647275 0.00137046 0.0102056 0.000407283 0.00156475 0.00284056 0.000153492 0.00226947 0.00470405 -0.00864979 -0.00120692 -0.0021134 -0.00156623 0.000297872 0.00204172 0.000799041 0.00262474 0.00371593 0.0114221 -0.00781365 -0.00233147
internal_weight=249026 248745 248431 770 247661 33513 665 32848 955 31893 6922 671 6251 5550 4901 2596 2083 1595 701 24971 15581 14228 9390 5647 4996 3838 3475 651 1353 3743
internal_count=249026 248745 248431 770 247661 33513 665 32848 955 31893 6922 671 6251 5550 4901 2596 2083 1595 701 24971 15581 14228 9390 5647 4996 3838 3475 651 1353 3743
cat_boundaries=0 1
cat_threshold=164
is_linear=0
shrinkage=0.05


Tree=144
num_leaves=31
num_cat=3
split_feature=0 9 10 4 7 10 11 9 7 0 3 11 11 7 10 7 7 9 11 10 0 11 0 10 7 7 7 0 10 4
split_gain=7.64472 41.9088 64.0742 25.2232 19.9622 49.2026 28.2147 22.7733 24.707 20.1144 15.6914 13.5823 12.6661 36.0509 24.0633 19.5769 43.7958 18.4836 17.886 16.5728 15.739 15.4551 13.3471 12.4445 12.43 12.285 20.1188 20.1911 23.4953 12.0804
threshold=59.500000000000007 -82.749999999999986 119.56500000000001 0 14.500000000000002 122.84500000000001 106.33500000000002 -81.949999999999989 12.500000000000002 68.500000000000014 1 120.57500000000002 115.41500000000001 16.500000000000004 107.91500000000001 16.500000000000004 14.500000000000002 -81.049999999999983 99.585000000000022 117.08500000000002 70.500000000000014 102.75000000000001 61.500000000000007 105.69500000000001 16.500000000000004 17.500000000000004 16.500000000000004 70.500000000000014 105.61500000000001 2
decision_type=2 2 8 9 2 8 10 2 2 2 9 8 10 2 10 2 2 2 10 10 2 10 2 10 2 2 2 2 10 9
left_child=-1 3 10 11 7 9 -7 29 -9 -6 -3 23 14 19 15 16 17 -12 -16 22 -17 -19 -14 25 -13 26 27 28 -2 -4
right_child=1 2 4 -5 5 6 -8 8 -10 -11 12 24 13 -15 18 20 -18 21 -20 -21 -22 -23 -24 -25 -26 -27 -28 -29 -30 -31
leaf_value=0.00017115984976499022 0.0003410989646127849 0.0073637522096626998 0.0073010391175100334 -0.0035542476984349314 0.0096163961966775346 -0.0034793185893569503 -0.012244056799326676 -0.013490248426966823 0.0045252031687356368 0.0014040252927588705 -0.0079328313704656317 -0.011428211563849634 -0.0044582159812467381 -0.0082649284927200032 0.016107427634182336 0.002047953686570203 -0.014416074863524742 -0.00058849760661852104 0.0003337136957438869 -0.0052988209534966307 -0.0070566935903428885 0.017470752654896726 0.00046882600765170147 -0.002517061777835128 0.0047927055301118853 -6.0449283186869709e-05 0.011793511606557949 -0.00086275976396974494 0.0072417486166230565 -0.0045740202088725207
leaf_weight=216623 626 510 2063 599 746 2397 318 455 1718 853 1865 209 577 1128 246 2295 1867 975 2138 2079 1667 266 2310 561 225 694 889 822 1095 210
leaf_count=216623 626 510 2063 599 746 2397 318 455 1718 853 1865 209 577 1128 246 2295 1867 975 2138 2079 1667 266 2310 561 225 694 889 822 1095 210
internal_value=2.97146e-05 -0.000686453 -0.00151912 0.00319372 0.00198404 -0.000439408 -0.00453211 0.00433124 0.000664224 0.00649472 -0.00323147 0.00432795 -0.00348477 -0.00532438 -0.0024936 -0.00368362 -0.00576962 -0.0021181 0.00196324 -0.00347669 -0.0010574 0.00259792 -0.00101829 0.00512029 -0.00405405 0.00606867 0.00729227 0.00499412 0.00805893 0.00781866
internal_weight=249026 32403 26683 5720 8760 4314 2715 4446 2173 1599 17923 5121 17413 6094 11319 8935 4973 3106 2384 4966 3962 1241 2887 4687 434 4126 3432 2543 1721 2273
internal_count=249026 32403 26683 5720 8760 4314 2715 4446 2173 1599 17923 5121 17413 6094 11319 8935 4973 3106 2384 4966 3962 1241 2887 4687 434 4126 3432 2543 1721 2273
cat_boundaries=0 1 2 3
cat_threshold=130 16 170
is_linear=0
shrinkage=0.05


Tree=145
num_leaves=31
num_cat=2
split_feature=3 11 4 9 11 11 10 11 11 9 10 7 9 11 11 11 10 10 12 10 10 11 11 10 7 10 10 9 7 12
split_gain=15.0016 25.9921 24.6344 26.8069 26.9893 22.0077 23.9012 26.221 19.4826 15.4505 22.8696 13.8379 13.8411 12.6255 11.441 39.4917 27.3044 28.4476 28.4121 23.9955 20.8825 41.2678 24.3501 20.4593 36.4044 33.7925 18.8293 31.5811 42.6434 27.0984
threshold=0 96.250000000000014 1 -86.84999999999998 101.25000000000001 127.40000000000002 33.400000000000006 118.75000000000001 118.75000000000001 -82.149999999999991 80.88000000000001 12.500000000000002 -82.249999999999986 100.41500000000001 63.750000000000007 66.040000000000006 36.655000000000008 20.195000000000004 -1.4999999999999998 32.690000000000005 90.02500000000002 62.140000000000008 62.915000000000006 89.490000000000023 19.500000000000004 72.065000000000012 45.480000000000011 -80.149999999999991 16.500000000000004 2.5000000000000004
decision_type=9 8 9 2 8 10 8 10 10 2 10 2 2 8 8 8 10 10 10 10 10 10 10 10 2 10 8 2 2 8
left_child=1 -1 -3 13 -5 6 8 9 -6 -8 -11 -7 -13 -4 16 19 17 -2 -19 -16 22 -22 23 24 -18 -26 -17 -28 29 -29
right_child=14 2 3 4 5 11 7 -9 -10 10 -12 12 -14 -15 15 26 20 18 -20 -21 21 -23 -24 -25 25 -27 27 28 -30 -31
leaf_value=-0.0027662898001150184 0.0014434420761534118 -0.0046673146977865626 0.025647132804931961 -0.0075384010899226086 0.0066460234352605507 -0.021733534732979367 0.0077226867775548325 -0.0075953258359385163 0.016874043462702559 -0.0063507329689278975 0.01749443520751388 -0.0090744570915282981 0.013788586223719347 0.0058179992208040156 -0.0035550149380691566 0.00075528209122075482 0.0051649115537168114 0.01787796755479101 -0.013642396294827198 -0.017962119975875445 -0.0027276739725956567 0.019936572622022999 -0.021197026331985527 0.015623123991426313 -0.01157941379304357 0.0031477621436800441 -0.00070431993126760526 -0.0099698049525772884 -0.0010864878826016612 0.01425765101013461
leaf_weight=3781 3096 1037 637 1009 426 269 3784 476 567 890 221 369 389 276 5734 70902 13504 248 2577 1321 6783 629 250 578 1646 1960 118510 466 3942 2754
leaf_count=3781 3096 1037 637 1009 426 269 3784 476 567 890 221 369 389 276 5734 70902 13504 248 2577 1321 6783 629 250 578 1646 1960 118510 466 3942 2754
internal_value=7.60919e-05 0.00165713 0.00295367 0.00376621 0.00287753 0.00392515 0.0050204 0.00368891 0.0121137 0.00478084 -0.000401427 -0.00284474 0.000651042 0.0118635 -1.91555e-05 -0.000155913 0.000871136 -0.00218344 -0.00580247 -0.00382873 0.00158517 -0.000646726 0.00250724 0.00272912 0.00241238 -0.00204646 -2.39084e-05 -0.000391464 0.00283045 0.00708978
internal_weight=249031 14131 10350 9313 8400 7391 6364 5371 993 4895 1111 1027 758 913 234900 203629 31271 5921 2825 7055 25350 7412 17938 17688 17110 3606 196574 125672 7162 3220
internal_count=249031 14131 10350 9313 8400 7391 6364 5371 993 4895 1111 1027 758 913 234900 203629 31271 5921 2825 7055 25350 7412 17938 17688 17110 3606 196574 125672 7162 3220
cat_boundaries=0 1 2
cat_threshold=16 72
is_linear=0
shrinkage=0.05


Tree=146
num_leaves=31
num_cat=3
split_feature=3 0 4 9 9 10 7 7 9 10 0 4 10 10 9 7 9 10 10 10 10 10 10 9 10 10 12 10 0 9
split_gain=14.6621 16.8056 18.0396 19.7454 16.9467 15.6645 10.7345 16.1112 20.4545 14.0788 13.3426 14.0333 12.4567 10.6952 10.4117 11.4711 29.4492 17.8653 14.7613 15.4988 12.3438 27.733 16.2349 12.2815 11.2906 10.7667 11.9529 10.4104 18.1615 10.9644
threshold=0 50.500000000000007 1 -82.84999999999998 -81.949999999999989 67.305000000000021 18.500000000000004 15.500000000000002 -86.249999999999986 14.360000000000001 34.500000000000007 2 31.400000000000002 62.685000000000009 -80.049999999999983 23.500000000000004 -81.149999999999991 84.225000000000009 20.195000000000004 26.445000000000004 90.02500000000002 89.490000000000023 61.445000000000007 -80.449999999999989 89.490000000000023 19.870000000000001 1.0000000180025095e-35 119.45500000000001 41.500000000000007 -81.449999999999989
decision_type=9 2 9 2 2 10 2 2 2 8 2 9 10 10 2 2 2 10 8 8 8 10 10 2 10 10 10 10 2 2
left_child=1 5 3 -3 -5 6 7 8 9 -1 13 -12 -11 -10 15 -2 17 -17 25 -20 21 22 -21 -22 -19 26 -18 29 -29 -7
right_child=14 2 -4 4 -6 27 -8 -9 10 12 11 -13 -14 -15 -16 16 18 24 19 20 23 -23 -24 -25 -26 -27 -28 28 -30 -31
leaf_value=0.034694013749837271 2.2651172153276278e-05 -0.0040697616303019494 -0.0040414344099394045 0.012373267289185419 0.0031441532502589631 -0.0067499618460845848 0.0087782720203883006 -0.0033103473724652058 -0.0045059643386156532 -0.0040826277512437947 0.023546518222768143 0.0044090692256238745 0.012970712707830146 0.012185625343525254 0.008606290250933268 -0.02613012694199526 0.0085279851474499239 -0.00028678139050168915 -0.016216979342880578 0.0041947497758485055 -0.020169014360244254 0.026197707858971599 -0.020103595365604979 -0.0016589291642186144 -0.024797051268927242 0.017453040050887658 -0.010103260654460877 0.0094468615823993136 -0.013384815929853655 0.0040997468932968848
leaf_weight=362 227908 244 470 1068 458 2370 1166 1853 1940 250 216 1351 740 213 812 521 362 642 308 597 418 301 281 1845 270 433 202 714 209 507
leaf_count=362 227908 244 470 1068 458 2370 1166 1853 1940 250 216 1351 740 213 812 521 362 642 308 597 418 301 281 1845 270 433 202 714 209 507
internal_value=7.28796e-05 0.00163593 0.0056 0.00787709 0.010026 0.00088648 0.00212937 0.00137707 0.00283353 0.00807636 0.000911528 0.0044071 0.0049 -0.00164124 -2.12838e-05 -4.10085e-05 -0.00216478 -0.00841996 -0.000262771 -0.00170213 -0.000724218 0.00340622 -0.00112613 -0.00288165 -0.00412148 0.0051142 0.000522648 -0.00175853 0.0028403 -0.00323866
internal_weight=249031 14131 2240 1770 1526 11891 8091 6925 5072 1352 3720 1567 990 2153 234900 234088 6180 1433 4747 3750 3442 1179 878 2263 912 997 564 3800 923 2877
internal_count=249031 14131 2240 1770 1526 11891 8091 6925 5072 1352 3720 1567 990 2153 234900 234088 6180 1433 4747 3750 3442 1179 878 2263 912 997 564 3800 923 2877
cat_boundaries=0 1 2 3
cat_threshold=16 54 32
is_linear=0
shrinkage=0.05


Tree=147
num_leaves=31
num_cat=3
split_feature=3 11 4 9 11 11 10 11 11 0 9 0 0 0 4 11 7 0 11 0 0 11 0 11 7 11 10 10 10 10
split_gain=13.3951 23.1769 22.2963 20.0298 23.7284 19.8415 20.8409 22.2657 18.5385 17.8602 14.1911 14.1628 14.0465 18.7196 15.219 16.9011 13.1562 12.3882 12.0505 13.6226 11.631 10.6236 38.1985 56.6903 55.3591 36.0344 35.1342 37.1535 22.3918 21.4175
threshold=0 96.250000000000014 1 -86.84999999999998 101.25000000000001 127.40000000000002 31.400000000000002 118.75000000000001 118.75000000000001 50.500000000000007 -82.049999999999983 21.500000000000004 13.500000000000002 42.500000000000007 2 56.250000000000007 18.500000000000004 39.500000000000007 100.41500000000001 8.5000000000000018 16.500000000000004 63.750000000000007 40.500000000000007 60.415000000000006 16.500000000000004 66.040000000000006 36.145000000000003 15.075000000000001 32.690000000000005 69.120000000000019
decision_type=9 8 9 2 8 10 8 10 10 2 2 2 2 2 9 10 2 2 8 2 2 8 2 10 2 8 10 10 10 10
left_child=1 12 20 18 -5 6 8 9 -6 16 -11 -7 -1 14 -14 -16 -8 -10 19 -4 -3 22 23 29 -25 28 27 -24 -23 -2
right_child=21 2 3 4 5 11 7 -9 17 10 -12 -13 13 -15 15 -17 -18 -19 -20 -21 -22 25 26 24 -26 -27 -28 -29 -30 -31
leaf_value=-0.014680679904608774 -0.00040910776153086915 0.013005623743263152 0.0039563378529367645 -0.0068327831073474073 0.0047047123167671678 -0.018700908447413855 0.0023880322432696666 -0.007125414329245983 0.01191487661111288 0.011169880941213651 -0.0012991102813996848 0.0016369831927956825 0.018086192320280813 -0.013362785077926809 -0.015946852886537233 0.002523677386327661 0.010143426749606999 0.017919310404854283 0.0050276669129911689 0.036269628296852478 -0.0069985584555057219 -0.0033783967497734049 0.0015564401635334681 0.019311248086203305 -0.018698092036437242 -2.9385960895034203e-05 -0.00057082940715686987 -0.027235722607980729 -0.017065146535689382 0.0051283530809615565
leaf_weight=521 10192 215 210 1009 318 273 3093 476 212 916 227 754 408 545 605 1702 767 355 276 427 822 5734 488 1549 350 196574 9338 682 1321 8672
leaf_count=521 10192 215 210 1009 318 273 3093 476 212 916 227 754 408 545 605 1702 767 355 276 427 822 5734 488 1549 350 196574 9338 682 1321 8672
internal_value=7.12734e-05 0.00156526 0.00278958 0.00356263 0.00279429 0.00377652 0.00481644 0.00365276 0.0118994 0.00463794 0.0101041 -0.00265188 -0.00178053 -0.000550459 0.00115596 -0.000451225 0.00299742 0.0172444 0.0105634 0.0142968 -0.00411542 -1.87298e-05 0.000839168 0.00208203 0.0102933 -0.000150511 -0.00161628 -0.00974576 -0.00365888 0.0012504
internal_weight=249031 14131 10350 9313 8400 7391 6364 5479 885 5003 1143 1027 3781 3260 2715 2307 3860 567 913 637 1037 234900 31271 20763 1899 203629 10508 1170 7055 18864
internal_count=249031 14131 10350 9313 8400 7391 6364 5479 885 5003 1143 1027 3781 3260 2715 2307 3860 567 913 637 1037 234900 31271 20763 1899 203629 10508 1170 7055 18864
cat_boundaries=0 1 2 3
cat_threshold=16 72 12
is_linear=0
shrinkage=0.05


Tree=148
num_leaves=31
num_cat=2
split_feature=8 9 8 9 4 10 4 9 7 7 11 7 9 11 8 9 8 8 8 9 7 11 11 6 10 7 8 9 6 9
split_gain=12.5638 31.3854 26.7296 76.5913 41.0324 51.2428 23.0694 22.1151 37.0774 27.9371 36.4986 27.9897 43.6815 29.6658 29.5667 24.3894 22.567 42.6832 21.9648 21.8629 21.762 21.5373 19.8638 18.2434 17.7689 43.4308 59.0015 40.156 35.345 31.7839
threshold=26.350000000000005 -80.449999999999989 26.150000000000002 -81.549999999999983 0 42.395000000000003 1 -80.149999999999991 16.500000000000004 17.500000000000004 67.915000000000006 14.500000000000002 -80.249999999999986 115.41500000000001 24.650000000000002 -80.949999999999989 25.750000000000004 26.050000000000004 25.650000000000002 -80.249999999999986 11.500000000000002 90.350000000000009 97.640000000000015 1.0000000180025095e-35 54.690000000000005 12.500000000000002 26.450000000000003 -81.84999999999998 4.5000000000000009 -81.649999999999991
decision_type=2 2 2 2 9 10 9 2 2 2 10 2 2 8 2 2 2 2 2 2 2 10 10 2 8 2 2 2 2 2
left_child=2 24 6 4 -4 -6 -1 9 22 11 -11 12 13 14 -8 -16 -14 -18 -12 -13 -15 -3 -9 -19 25 27 -27 28 -2 -26
right_child=1 21 3 -5 5 -7 7 8 -10 10 18 19 16 20 15 -17 17 23 -20 -21 -22 -23 -24 -25 29 26 -28 -29 -30 -31
leaf_value=0.003689154442199527 -0.0035145464996536816 0.008293659806670739 -0.029562448120387511 -0.010565310165998421 -0.0025575742367311529 0.012289509779843489 -0.014426165795824453 0.013660519324124555 -0.0047424307536877656 -0.0018345183252690411 0.0075955375781456176 -0.0033870217776107662 0.030168926536221899 0.004437674869885111 0.0042668531714387115 -0.003174469747548603 -0.0057567861700796646 0.01402038349756003 -0.00016554278108165123 -0.011615145260756288 -0.021668520352818011 -0.0012416942174353187 -0.014253876636412777 -0.0021394604030087641 5.7374002373489219e-05 0.0075964235471540856 0.0012914912463154683 0.0066814879733581916 0.021006690705781629 -0.0039886648187423823
leaf_weight=8017 12690 5789 351 4963 2830 2051 677 2147 1636 8364 4446 16795 303 251 3250 4147 1237 1283 2285 2212 575 2338 246 312 95805 4073 47462 1431 236 10829
leaf_count=8017 12690 5789 351 4963 2830 2051 677 2147 1636 8364 4446 16795 303 251 3250 4147 1237 1283 2285 2212 575 2338 246 312 95805 4073 47462 1431 236 10829
internal_value=7.12734e-05 0.000289766 -0.000505937 -0.00286624 0.00135444 0.0025607 -9.19355e-05 -0.000490177 0.00305769 -0.000800702 0.000963257 -0.00165851 0.000228311 -0.00156004 -0.000630876 0.000290266 0.00529412 0.00387051 0.00370123 -0.00285271 -0.0105263 0.00332432 0.00701207 0.00925234 0.000146636 0.000792085 0.00146959 -0.00163917 -0.0025201 -0.000252241
internal_weight=249031 180653 68378 10195 5232 4881 58183 50166 4029 46137 15095 31042 12035 8900 8074 7397 3135 2832 6731 19007 826 8127 2393 1595 172526 65892 51535 14357 12926 106634
internal_count=249031 180653 68378 10195 5232 4881 58183 50166 4029 46137 15095 31042 12035 8900 8074 7397 3135 2832 6731 19007 826 8127 2393 1595 172526 65892 51535 14357 12926 106634
cat_boundaries=0 1 2
cat_threshold=128 132
is_linear=0
shrinkage=0.05


Tree=149
num_leaves=31
num_cat=2
split_feature=8 9 8 9 4 10 4 9 11 11 7 11 9 7 8 7 7 9 10 8 12 11 10 11 10 7 10 7 8 9
split_gain=11.692 29.4378 23.5756 67.0743 33.5628 47.2506 20.6605 21.7975 32.5621 25.8869 20.8962 20.3773 18.361 29.1967 31.5889 25.8901 25.4024 28.5033 68.5623 32.2049 19.2583 18.3392 18.1759 16.4626 15.8089 25.4079 15.4968 37.7534 54.1164 35.6427
threshold=26.350000000000005 -80.449999999999989 26.150000000000002 -81.749999999999986 0 42.395000000000003 1 -80.34999999999998 39.395000000000003 56.250000000000007 20.500000000000004 90.350000000000009 -80.149999999999991 17.500000000000004 25.750000000000004 16.500000000000004 16.500000000000004 -80.34999999999998 15.085000000000003 25.850000000000005 -2.4999999999999996 67.915000000000006 42.845000000000006 97.640000000000015 21.375000000000004 14.500000000000002 54.690000000000005 12.500000000000002 26.450000000000003 -81.84999999999998
decision_type=2 2 2 2 9 10 9 2 10 10 2 10 2 2 2 2 2 2 10 2 10 10 8 10 8 2 8 2 2 2
left_child=2 26 6 4 -4 24 7 9 10 -1 -9 -3 13 16 21 23 -8 18 -18 -19 -21 -15 -5 -14 -6 -26 27 29 -29 -2
right_child=1 11 3 22 5 -7 12 8 -10 -11 -12 -13 15 14 -16 -17 17 19 -20 20 -22 -23 -24 -25 25 -27 -28 28 -30 -31
leaf_value=-0.017519585408565998 -0.0027033565448597585 0.0078789768163371587 -0.029527810352313777 -0.0054131568599662394 0.014593092671397479 0.011786147502104161 -0.0015883157683107996 0.011052284372918565 -0.0034852110783699878 0.0014246301747789403 -0.011708004669636729 -0.0011796095065635282 0.012438563780920743 1.4433010024950122e-05 -0.0034973608504389022 -0.0044119649274815933 -0.038711869594056925 0.0044537759327057279 -0.0073264220077922104 -0.030303574046661997 -0.001268573774578874 0.0059803391083393283 -0.012665334193091482 -0.012755092794280644 -0.035074026161354958 -0.0020232074244379561 -0.00023271341636261768 0.0072166023697963766 0.0012269166839997238 0.0063474135746902863
leaf_weight=712 12926 5789 338 1939 463 2038 25907 3939 1744 3691 331 2338 1868 4042 4467 1282 555 1440 1517 321 314 5850 3187 203 264 1966 106634 4073 47462 1431
leaf_count=712 12926 5789 338 1939 463 2038 25907 3939 1744 3691 331 2338 1868 4042 4467 1282 555 1440 1517 321 314 5850 3187 203 264 1966 106634 4073 47462 1431
internal_value=6.40457e-05 0.000274821 -0.000492777 -0.00270946 0.00136838 0.00247316 -0.000103964 0.00191147 0.00386786 -0.000759121 0.00621495 0.00321372 -0.000544092 -0.000813768 0.00104043 0.00301814 -0.00169971 -0.00532836 -0.00946206 -0.00117506 -0.0104651 0.00261563 -0.00673676 0.00646324 -0.00186829 -0.00361607 0.000136203 0.000738976 0.00137065 -0.00152781
internal_weight=249031 180653 68378 10195 5069 4731 58183 10417 6014 4403 4270 8127 47766 44413 14359 3353 30054 4147 2072 2075 635 9892 5126 2071 2693 2230 172526 65892 51535 14357
internal_count=249031 180653 68378 10195 5069 4731 58183 10417 6014 4403 4270 8127 47766 44413 14359 3353 30054 4147 2072 2075 635 9892 5126 2071 2693 2230 172526 65892 51535 14357
cat_boundaries=0 1 2
cat_threshold=128 140
is_linear=0
shrinkage=0.05


Tree=150
num_leaves=31
num_cat=4
split_feature=11 11 4 5 8 8 8 8 11 11 4 5 8 4 8 9 9 8 4 8 8 9 8 11 11 7 6 11 8 8
split_gain=8.83352 41.9162 27.8042 26.1269 24.3816 35.5036 27.5404 17.2081 21.0548 15.9593 23.2032 28.4193 35.5612 25.1427 30.3622 19.4193 19.1664 15.3659 9.62072 9.47862 61.2288 73.9829 45.6475 41.6856 35.4125 32.1201 38.123 31.9304 30.6242 36.9685
threshold=127.40000000000002 130.19000000000003 0 3.5000000000000004 30.050000000000004 29.750000000000004 26.650000000000002 25.950000000000003 138.07000000000002 126.38500000000001 1 3.5000000000000004 26.350000000000005 2 26.250000000000004 -81.84999999999998 -81.949999999999989 26.650000000000002 3 27.750000000000004 27.450000000000003 -82.449999999999989 27.050000000000004 115.41500000000001 102.08500000000002 13.500000000000002 3.5000000000000004 94.585000000000022 25.950000000000003 25.350000000000005
decision_type=10 10 9 2 2 2 2 2 8 10 9 2 2 9 2 2 2 2 9 2 2 2 2 8 8 2 2 8 2 2
left_child=9 2 -2 7 5 6 -5 -3 18 19 -11 12 13 -12 -15 16 17 -13 -9 20 22 23 24 25 28 -22 -27 -23 29 -1
right_child=1 3 -4 4 -6 -7 -8 8 -10 10 11 15 -14 14 -16 -17 -18 -19 -20 -21 21 27 -24 -25 -26 26 -28 -29 -30 -31
leaf_value=-0.0071372077616966845 0.0074550690195274161 -0.023406418582520239 -0.019222381394745549 0.002347590955583101 -0.015284033671215625 0.014710498602078915 -0.012460643636120185 0.001836525954350421 -0.017731788520159109 0.0076548456914195652 -0.038057737988018175 0.0021084507069979888 0.0084278802766005086 0.011210510473744772 -0.0030132609429668559 0.02718566202496682 -0.0036996036744168848 -0.0088112574965069964 -0.0065842179054499189 0.00037837492439463105 -0.007025013756896837 0.016001518276069059 0.0036516661696576417 -0.014886159511233866 0.00080390869998474561 -0.012195343629306478 0.0023446843376315751 -0.0046252559291530384 -0.0055693716969102526 0.0017463953692905322
leaf_weight=4474 292 501 1554 6431 597 949 722 1985 516 1142 210 4735 1629 1358 1662 351 4574 262 550 115256 3516 1371 12138 2178 46619 1966 2492 1004 14348 13773
leaf_count=4474 292 501 1554 6431 597 949 722 1985 516 1142 210 4735 1629 1358 1662 351 4574 262 550 115256 3516 1371 12138 2178 46619 1966 2492 1004 14348 13773
internal_value=2.78932e-05 -0.00118735 -0.00818966 -0.000126417 0.00134918 0.00207101 0.000858579 -0.00373386 -0.00230317 0.000100822 0.0016287 0.00109114 0.00422058 0.00117284 0.00236842 -0.000443012 -0.000871517 0.00126822 -0.000412574 -1.02672e-05 -0.000356631 -0.00363325 9.30365e-05 -0.00549105 -0.000344593 -0.00380762 -0.000984781 0.00429769 -0.00160865 -0.000249219
internal_weight=249155 14097 1846 12251 8699 8102 7153 3552 3051 235058 15923 14781 4859 3230 3020 9922 9571 4997 2535 219135 103879 12527 91352 10152 79214 7974 4458 2375 32595 18247
internal_count=249155 14097 1846 12251 8699 8102 7153 3552 3051 235058 15923 14781 4859 3230 3020 9922 9571 4997 2535 219135 103879 12527 91352 10152 79214 7974 4458 2375 32595 18247
cat_boundaries=0 1 2 3 4
cat_threshold=4 28 128 202
is_linear=0
shrinkage=0.05


Tree=151
num_leaves=31
num_cat=3
split_feature=3 11 4 8 11 10 11 11 10 8 11 11 8 10 10 10 8 10 11 10 11 7 11 3 7 10 11 7 10 8
split_gain=10.7978 26.6319 14.847 14.6026 13.6369 26.2443 12.9591 31.8459 21.5241 21.0174 34.5043 33.069 26.5526 24.0456 24.9502 20.3313 29.7684 25.5493 18.7876 18.0735 16.6184 15.3591 24.6932 24.3526 31.1224 17.202 16.919 14.5376 14.518 39.8215
threshold=0 89.720000000000013 1 24.650000000000002 127.40000000000002 31.880000000000006 63.750000000000007 66.040000000000006 32.690000000000005 29.950000000000003 52.085000000000008 53.45000000000001 30.150000000000002 36.655000000000008 32.690000000000005 64.055000000000021 30.550000000000004 83.035000000000011 34.345000000000006 86.885000000000005 54.260000000000012 15.500000000000002 62.915000000000006 2 21.500000000000004 80.88000000000001 56.835000000000008 19.500000000000004 45.480000000000011 24.650000000000002
decision_type=9 8 9 2 10 8 8 8 10 2 10 10 2 10 10 10 2 10 10 10 10 2 10 9 2 10 10 2 8 2
left_child=1 -1 -3 -4 5 -5 9 8 -8 11 12 18 27 14 -13 16 -14 -17 -2 -10 -15 22 25 -23 26 -22 -25 -11 29 -9
right_child=6 2 3 4 -6 -7 7 28 19 10 -12 13 15 20 -16 17 -18 -19 -20 -21 21 23 -24 24 -26 -27 -28 -29 -30 -31
leaf_value=-0.0052900319704705994 0.0034461496943352099 -0.0034641286340855617 -0.011518012081048301 0.012509641132349182 -0.0038117948254087434 0.0036993367810242983 -0.003211000777131501 -0.016714623553513119 -0.023963008991960022 0.028895395544066463 -0.021198652115001205 -0.0016279962191541486 -0.0057854933233852275 0.010228724517928268 -0.027027343085187817 0.016732568126201299 0.026151183109280798 0.00035948654802764324 -0.0046170941139332287 -0.0039332848737518413 0.0058142663608915512 -0.011454335816864969 0.020613841406427105 -0.018563259957047686 0.018026768662304838 -0.0073205627343089219 0.0016438658560547826 0.0048735102108263817 -0.00047259091511628884 0.00080640079869871435
leaf_weight=2810 2620 1102 289 1633 1025 7306 5688 1010 768 796 336 1853 1910 703 249 1419 262 1158 8604 583 3984 883 580 283 800 653 3896 293 125622 70037
leaf_count=2810 2620 1102 289 1633 1025 7306 5688 1010 768 796 336 1853 1910 703 249 1419 262 1158 8604 583 3984 883 580 283 800 653 3896 293 125622 70037
internal_value=3.15052e-05 0.00137117 0.00245051 0.00304195 0.00336876 0.00399486 -4.93596e-05 -0.000194877 -0.00349695 0.000897993 0.00350906 0.000254797 0.00441176 0.00188571 -0.0030303 0.0027842 -0.000779102 0.00577889 -0.00176251 -0.00914769 0.00276459 0.00228605 0.00425674 0.000527929 0.00189038 0.00302346 0.000155168 0.0114195 -7.65206e-05 0.000494673
internal_weight=249155 14165 11355 10253 9964 8939 234990 203708 7039 31282 6174 25108 5838 13884 2102 4749 2172 2577 11224 1351 11782 11079 5217 5862 4979 4637 4179 1089 196669 71047
internal_count=249155 14165 11355 10253 9964 8939 234990 203708 7039 31282 6174 25108 5838 13884 2102 4749 2172 2577 11224 1351 11782 11079 5217 5862 4979 4637 4179 1089 196669 71047
cat_boundaries=0 1 2 3
cat_threshold=16 72 2
is_linear=0
shrinkage=0.05


Tree=152
num_leaves=31
num_cat=5
split_feature=3 11 4 0 11 0 11 7 11 8 12 11 8 8 11 0 7 4 4 0 0 12 8 0 8 11 11 11 4 0
split_gain=9.5352 23.8137 14.4692 13.1717 12.566 35.4666 49.8743 35.7298 28.06 19.3962 15.7826 15.1314 27.0449 21.6438 18.9873 17.1908 15.6785 14.9981 14.3183 14.1124 19.8695 26.8774 13.0265 13.2089 12.9589 12.6511 12.2816 16.3768 14.8393 12.0555
threshold=0 96.250000000000014 1 13.500000000000002 63.750000000000007 40.500000000000007 60.415000000000006 17.500000000000004 66.040000000000006 29.150000000000002 2.5000000000000004 55.415000000000006 28.950000000000003 28.050000000000004 33.750000000000007 17.500000000000004 21.500000000000004 2 3 35.500000000000007 28.500000000000004 1.0000000180025095e-35 28.050000000000004 23.500000000000004 26.450000000000003 55.415000000000006 127.40000000000002 126.38500000000001 4 42.500000000000007
decision_type=9 8 9 2 8 2 10 2 8 2 10 10 2 2 10 2 2 9 9 2 2 10 2 2 2 10 10 10 9 2
left_child=1 3 -3 -1 5 6 9 19 18 11 25 12 14 15 -2 -13 -16 -7 29 20 21 -8 23 -18 -17 -11 27 -4 -29 -6
right_child=4 2 26 -5 8 17 7 -9 -10 10 -12 13 -14 -15 16 24 22 -19 -20 -21 -22 -23 -24 -25 -26 -27 -28 28 -30 -31
leaf_value=-0.015039690429003817 0.008250016518239223 -0.0041631850817505983 0.0043389249437329807 -0.0013743973670913513 -0.0029174165539523679 0.0054403959031537504 0.056317998721599066 -0.016272706017185581 -8.6626149934332386e-05 0.0099950670003265962 -0.0049730293650940283 -0.012930937764508066 -0.033647190654796509 -0.0017106935371855592 -0.0048557064662224647 0.027793113995598341 -0.015226705587930512 -0.0026473327034844288 -0.018023767375774335 0.0057255261254971941 0.025483692692113771 0.0013188267419681932 0.0097321617975753231 0.0059970763381036463 0.011426668982730703 -0.0047791855909881777 -0.0036212050841383462 0.022433846903879218 0.0034573756113082336 -0.01234556189922098
leaf_weight=524 1796 1044 7659 3291 5591 924 222 226 196669 4855 1021 218 225 1863 5556 285 234 9618 354 500 538 378 663 471 1288 401 1025 293 329 1094
leaf_count=524 1796 1044 7659 3291 5591 924 222 226 196669 4855 1021 218 225 1863 5556 285 234 9618 354 500 538 378 663 471 1288 401 1025 293 329 1094
internal_value=3.4716e-05 0.00129362 0.00253861 -0.00207843 -4.12748e-05 0.000891602 0.00209157 0.00987193 -0.000184569 0.00131844 0.00358677 0.000186375 -0.000921273 0.00289301 -0.000469645 0.00680178 -0.00165849 -0.00146892 -0.00328415 0.0124393 0.0155052 0.00901639 0.00312046 -0.00160839 0.00862287 0.00469047 0.0031632 0.00380533 0.0115506 -0.00273676
internal_weight=249155 14165 10350 3815 234990 31282 20740 1864 203708 18876 6277 12599 8945 3654 8720 1791 6924 10542 7039 1638 1138 600 1368 705 1573 5256 9306 8281 622 6685
internal_count=249155 14165 10350 3815 234990 31282 20740 1864 203708 18876 6277 12599 8945 3654 8720 1791 6924 10542 7039 1638 1138 600 1368 705 1573 5256 9306 8281 622 6685
cat_boundaries=0 1 2 3 4 5
cat_threshold=16 72 44 138 164
is_linear=0
shrinkage=0.05


Tree=153
num_leaves=31
num_cat=5
split_feature=9 4 9 7 3 10 3 11 9 11 4 10 9 10 7 7 11 11 11 10 10 9 10 9 4 9 11 10 10 7
split_gain=8.60895 29.1813 13.2368 26.3926 28.7114 17.7351 8.62843 21.6685 18.4963 19.6311 22.9836 25.6062 19.7909 20.0702 14.5375 14.4794 17.2075 12.5873 23.5022 19.3395 17.8217 15.7708 29.4098 33.6193 23.1999 19.2657 18.5626 18.5227 16.9386 26.875
threshold=-87.449999999999989 0 -87.249999999999986 14.500000000000002 1 19.185000000000006 2 89.165000000000006 -85.749999999999986 110.41500000000001 3 123.30500000000002 -84.34999999999998 101.42000000000002 15.500000000000002 13.500000000000002 127.40000000000002 63.750000000000007 66.040000000000006 32.690000000000005 86.885000000000005 -82.549999999999983 42.415000000000006 -82.84999999999998 4 -86.149999999999991 47.250000000000007 15.085000000000003 107.91500000000001 19.500000000000004
decision_type=2 9 2 2 9 10 9 8 2 8 9 8 2 10 2 2 10 8 8 10 10 2 10 2 9 2 10 10 10 2
left_child=1 -1 3 5 -5 -2 7 -4 14 -10 12 -12 13 -11 -9 16 -14 21 19 -19 -21 22 23 25 -24 -8 -23 -25 -26 -30
right_child=2 -3 6 4 -6 -7 17 8 9 10 11 -13 15 -15 -16 -17 -18 18 -20 20 -22 26 24 27 28 -27 -28 -29 29 -31
leaf_value=0.01478242441109754 -0.024461711467225734 -0.024083692371550215 -0.004865500776482623 -0.00066986156495403299 0.01490915234681669 0.0038124322427553815 -0.0081226512071672207 0.015029454894351391 -0.0027672475715337709 -0.012389793039534691 0.0034965890307980807 -0.018527011677871297 0.0057386956879013525 0.010969245016543684 -0.0057976150808279232 0.0083961971845273996 -0.018292764731758029 -0.0028672272647857879 -0.00011901732550376743 -0.022421930774639432 -0.0031193425351032644 -0.0011197766133117959 0.016099491964543456 -0.0044091174349867755 0.0026784187819492104 0.010552631434922466 0.0035857579907755625 -0.028144799102378305 -0.024652796324619253 -0.00011373095226692166
leaf_weight=232 399 531 2775 1517 1863 425 874 1372 2848 532 923 577 1115 336 252 3018 253 5688 192172 768 583 6322 486 304 3978 374 15761 736 633 1508
leaf_count=232 399 531 2775 1517 1863 425 874 1372 2848 532 923 577 1115 336 252 3018 253 5688 192172 768 583 6322 486 304 3978 374 15761 736 633 1508
internal_value=2.90972e-05 -0.00523933 4.54908e-05 0.00282392 0.00477876 -0.00515588 -2.45702e-06 0.00120177 0.00218049 0.00134207 0.00280899 -0.00263158 0.00436102 -0.00250569 0.00709914 0.00573248 0.00145138 -7.58013e-05 -0.000221613 -0.00305717 -0.00841293 0.000861679 -0.000915422 -0.00578764 0.000778534 -0.000238474 0.00157742 -0.012381 -7.33018e-05 -0.00364947
internal_weight=249155 763 248392 4204 3380 824 244188 14001 11226 9602 6754 1500 5254 868 1624 4386 1368 230187 199211 7039 1351 30976 8893 2288 6605 1248 22083 1040 6119 2141
internal_count=249155 763 248392 4204 3380 824 244188 14001 11226 9602 6754 1500 5254 868 1624 4386 1368 230187 199211 7039 1351 30976 8893 2288 6605 1248 22083 1040 6119 2141
cat_boundaries=0 1 2 3 4 5
cat_threshold=136 10 16 50 20
is_linear=0
shrinkage=0.05


Tree=154
num_leaves=31
num_cat=2
split_feature=4 10 7 7 10 8 4 8 10 10 10 8 7 7 8 7 7 7 8 10 8 12 6 10 10 8 8 10 6 10
split_gain=8.06757 10.2861 8.7407 7.7448 17.753 12.2827 11.4193 8.86605 7.99151 28.2489 21.6354 17.0023 14.8784 13.098 18.8065 13.044 18.2072 12.7534 26.1686 21.6942 37.1009 23.6916 21.7144 31.8171 20.4441 21.1682 20.4252 25.0294 21.499 18.6741
threshold=0 18.665000000000003 12.500000000000002 25.500000000000004 6.9000000000000012 27.450000000000003 1 26.350000000000005 11.955000000000002 12.115 11.010000000000002 30.350000000000005 13.500000000000002 20.500000000000004 27.250000000000004 19.500000000000004 14.500000000000002 12.500000000000002 24.650000000000002 45.990000000000002 25.350000000000005 -1.0000000180025095e-35 1.5000000000000002 16.235000000000003 45.480000000000011 25.950000000000003 26.150000000000002 15.635000000000003 3.5000000000000004 95.295000000000016
decision_type=9 8 2 2 8 2 9 2 8 8 10 2 2 2 2 2 2 2 2 8 2 8 2 10 10 2 2 10 2 10
left_child=1 -1 -3 8 -5 6 7 -6 10 -10 11 13 -13 15 -15 16 -2 18 -11 20 -19 -21 23 -22 25 -25 27 -24 -29 -20
right_child=3 2 -4 4 5 -7 -8 -9 9 17 -12 12 -14 14 -16 -17 -18 19 29 21 22 -23 26 24 -26 -27 -28 28 -30 -31
leaf_value=-0.01093631126074719 0.0013208428093971936 0.0061886302911230654 -0.0014175848563097839 0.010711648025758348 -0.010252967503636757 -0.021995515431483793 -0.023397859182765046 0.012146538395558527 0.018653902537671831 -0.028521507984133266 -0.022737241389021712 -0.0027675415010678609 -0.028730103069337699 -0.019693310815282496 -0.0028466823069628333 0.0073650617012881447 -0.009089241066490894 -0.0092021828149946756 -0.0015370729247720762 -0.00621106231664963 0.0054764251926553882 5.5291623735520547e-06 0.00094467658238861496 0.0010703708345003893 0.011059628840529179 -0.0044611328175017118 0.0032096898101763305 -0.0023869457695333551 -0.043267730906238366 0.0025014541321890962
leaf_weight=339 7164 419 2981 211 212 369 237 301 417 379 658 411 376 233 1511 1211 1762 2316 24157 2504 3636 137309 1652 8166 351 9640 35956 397 418 3462
leaf_count=339 7164 419 2981 211 212 369 237 301 417 379 658 411 376 233 1511 1211 1762 2316 24157 2504 3636 137309 1652 8166 351 9640 35956 397 418 3462
internal_value=2.42811e-05 -0.00227454 -0.00143695 5.9486e-05 -0.00373134 -0.00624446 -0.0025 0.00178236 8.02963e-05 0.000149066 -0.00110978 -0.00064679 -0.00771644 -0.000172399 -0.00416192 0.000517394 -0.000145479 0.000125243 -0.00087475 0.000263646 0.0010377 -8.26044e-05 0.00127686 1.60528e-05 -0.000839434 -0.00107768 0.00199178 -0.0024021 -0.00951515 -0.000693112
internal_weight=249155 3739 3400 245416 1330 1119 750 513 244086 230760 13326 12668 787 11881 1744 10137 8926 230343 27998 202345 62532 139813 60216 21793 18157 17806 38423 2467 815 27619
internal_count=249155 3739 3400 245416 1330 1119 750 513 244086 230760 13326 12668 787 11881 1744 10137 8926 230343 27998 202345 62532 139813 60216 21793 18157 17806 38423 2467 815 27619
cat_boundaries=0 1 2
cat_threshold=64 2
is_linear=0
shrinkage=0.05


Tree=155
num_leaves=31
num_cat=4
split_feature=10 6 10 4 4 9 6 10 10 8 8 7 9 8 10 7 3 8 10 3 9 8 9 8 10 10 10 1 9 7
split_gain=11.863 20.2132 21.7929 15.0085 12.0538 11.9312 11.911 11.5271 52.7177 41.5427 42.2961 68.2406 60.9556 60.9832 53.4758 44.5158 49.5524 36.507 33.7861 32.3974 32.5937 48.7163 38.5999 31.0496 31.9163 28.5349 26.2648 26.5091 25.5166 25.4209
threshold=6.205000000000001 3.5000000000000004 1.0000000180025095e-35 0 1 -82.549999999999983 2.5000000000000004 111.38500000000002 108.59500000000001 25.550000000000004 27.450000000000003 16.500000000000004 -82.449999999999989 28.350000000000005 113.96500000000002 16.500000000000004 2 27.750000000000004 117.08500000000002 3 -82.649999999999991 27.850000000000005 -82.549999999999983 27.850000000000005 146.27500000000003 117.08500000000002 117.38000000000001 1.0000000180025095e-35 -87.34999999999998 20.500000000000004
decision_type=8 2 8 9 9 2 2 8 10 2 2 2 2 2 8 2 9 2 8 9 2 2 2 2 8 10 8 2 2 2
left_child=1 2 3 -1 -4 -6 -5 8 -2 -9 15 14 13 18 -12 26 -17 -16 -13 -20 23 -22 -23 24 -21 -19 -11 -28 -15 -30
right_child=7 -3 4 6 5 -7 -8 9 -10 10 11 12 -14 28 17 16 -18 25 19 20 21 22 -24 -25 -26 -27 27 -29 29 -31
leaf_value=-0.0047004048125767646 0.00026405349900646694 -0.021180479380602836 0.0051823379307039293 -0.0049861751849265452 -0.019327604960023326 -0.0029951008005655311 0.012132829132714474 -0.020913852318539927 0.0080889979972437413 0.0303219976002326 0.0026802683159498743 -0.0048957984823327473 -0.0078100852399000335 -0.002636643037476372 -0.0083270892988846611 -0.0038360190275888331 0.0065551128852653134 -0.0082021227439167173 -0.0094288031778383199 0.0049331329592610107 0.02443222282993314 -0.022144277056599295 0.0038638641487644954 0.0023097580684876108 -0.018431436187532225 -0.00053091890299539202 0.0033696952408332594 -0.017293727906793156 0.0083922076697784849 -0.0059308536378741119
leaf_weight=326 158658 434 352 326 997 1281 919 590 2228 262 2409 1627 5185 519 5154 12115 3822 6335 1455 686 1160 405 3460 4391 1334 6561 19259 352 5906 566
leaf_count=326 158658 434 352 326 997 1281 919 590 2228 262 2409 1627 5185 519 5154 12115 3822 6335 1455 686 1160 405 3460 4391 1334 6561 19259 352 5906 566
internal_value=3.81397e-05 -0.00246502 -0.00138922 0.00325743 -0.00416667 -0.00548303 0.00573123 8.57029e-05 0.000333134 -0.000390723 -0.000295879 -0.0012796 0.00038571 0.00155909 -0.00345156 0.000999442 -0.000968834 -0.00438538 -0.000289097 0.000569723 0.00146648 0.00447865 0.00176774 -0.000895499 -0.00600985 -0.00295986 0.00257758 0.00236226 0.00539209 0.00624807
internal_weight=249074 4635 4201 1571 2630 2278 1245 244439 160886 83553 82963 47153 26694 21509 20459 35810 15937 18050 14518 12891 11436 5025 3865 6411 2020 12896 19873 19611 6991 6472
internal_count=249074 4635 4201 1571 2630 2278 1245 244439 160886 83553 82963 47153 26694 21509 20459 35810 15937 18050 14518 12891 11436 5025 3865 6411 2020 12896 19873 19611 6991 6472
cat_boundaries=0 1 2 3 4
cat_threshold=136 216 12 10
is_linear=0
shrinkage=0.05


Tree=156
num_leaves=31
num_cat=7
split_feature=0 5 7 4 11 11 2 3 0 4 11 4 7 0 3 0 11 0 7 7 11 11 12 3 7 11 11 11 7 4
split_gain=8.94884 11.7613 26.2438 16.4471 15.8227 17.3216 16.3248 22.199 13.9397 13.5001 13.25 11.9491 17.8824 20.5359 26.7134 12.6804 10.3022 10.2899 23.5715 21.9592 23.4818 22.1003 22.0095 15.8747 17.3422 20.267 19.5448 13.7763 9.77413 9.17004
threshold=18.500000000000004 1.5000000000000002 17.500000000000004 0 35.415000000000006 97.185000000000016 1.0000000180025095e-35 1 16.500000000000004 2 112.25000000000001 3 21.500000000000004 7.5000000000000009 4 16.500000000000004 126.38500000000001 61.500000000000007 14.500000000000002 15.500000000000002 115.41500000000001 105.66500000000001 1.0000000180025095e-35 5 11.500000000000002 97.385000000000005 115.41500000000001 104.58500000000002 13.500000000000002 6
decision_type=2 2 2 9 8 8 2 9 2 9 10 9 2 2 9 2 10 2 2 2 10 8 10 9 2 8 8 10 2 9
left_child=1 2 4 16 -1 -6 7 28 10 -9 -8 12 13 14 -4 -15 -3 -2 23 20 21 -20 -21 -19 26 -26 -25 -27 -7 -5
right_child=17 3 11 29 5 6 8 9 -10 -11 -12 -13 -14 15 -16 -17 -18 18 19 22 -22 -23 -24 24 25 27 -28 -29 -30 -31
leaf_value=0.020186591651555431 0.00041963738473373982 -0.0067494862169923849 0.0051076844554757807 0.0099808479428786789 -0.031890405709130668 -0.016613991626605751 -0.0044974395032085111 -0.00033755148602048206 -0.013508258729734202 -0.014655556356954725 0.0096530811636076144 -0.0080801950804031183 -0.0090186115709569147 0.0068279110447909911 -0.015628555214194151 -0.0033690112266279828 -0.0042875160641892233 -0.010633274439037789 -0.012550527118450727 -0.003229723012760255 -0.0069482958314341483 0.00081642478823251707 0.00073126212755241231 0.0045570777227281313 -0.0045995133080581679 0.0072608698632365964 -0.013284385802982791 0.0016226896927236112 0.0065982030708598765 -0.00012042140118877498
leaf_weight=216 172589 217 642 1517 307 478 906 604 398 3048 705 719 880 3571 539 962 259 402 761 5430 1945 2037 9301 359 1305 2822 425 3731 994 31005
leaf_count=216 172589 217 642 1517 307 478 906 604 398 3048 705 719 880 3571 539 962 259 402 761 5430 1945 2037 9301 359 1305 2822 425 3731 994 31005
internal_value=4.97824e-05 -0.000563812 -0.00172575 -3.63548e-05 -0.00376989 -0.00416107 -0.00364693 -0.00514219 0.000173353 -0.00721678 0.0022517 0.000416496 0.0010886 0.00211391 -0.00373636 0.00364297 -0.00907258 0.000196154 -0.000683539 -0.0016629 -0.00461814 -0.00167379 -0.000708907 0.00142478 0.00188178 0.00259278 -0.00516373 0.00372543 6.70241e-05 0.000101407
internal_weight=249074 47967 14969 32998 7656 7440 7133 5124 2009 3652 1611 7313 6594 5714 1181 4533 476 201107 28518 19474 4743 2798 14731 9044 8642 7858 784 6553 1472 32522
internal_count=249074 47967 14969 32998 7656 7440 7133 5124 2009 3652 1611 7313 6594 5714 1181 4533 476 201107 28518 19474 4743 2798 14731 9044 8642 7858 784 6553 1472 32522
cat_boundaries=0 1 2 3 4 5 6 7
cat_threshold=32 18 216 162 10 2 128
is_linear=0
shrinkage=0.05


Tree=157
num_leaves=31
num_cat=2
split_feature=10 11 10 11 10 8 9 10 9 10 8 11 9 9 0 8 0 10 2 10 0 0 3 11 8 9 8 0 3 0
split_gain=8.71275 22.1053 24.5227 11.6612 10.3453 32.2568 23.8929 19.769 20.2538 36.4172 27.3252 29.833 36.2741 21.272 23.7257 19.1299 44.644 36.5612 18.6806 18.6063 18.5775 17.0844 16.5433 25.7639 16.4296 56.2568 28.8138 59.9381 33.7915 21.7365
threshold=6.205000000000001 107.41000000000001 1.0000000180025095e-35 84.305000000000021 45.990000000000002 24.650000000000002 -81.549999999999983 45.235000000000007 -86.84999999999998 12.415000000000001 30.550000000000004 89.165000000000006 -87.049999999999983 -80.249999999999986 36.500000000000007 24.650000000000002 43.500000000000007 69.715000000000018 1.0000000180025095e-35 77.700000000000003 30.500000000000004 28.500000000000004 0 98.055000000000021 25.750000000000004 -80.249999999999986 25.850000000000005 43.500000000000007 1 30.500000000000004
decision_type=8 10 10 10 8 2 2 10 2 10 2 10 2 2 2 2 2 8 2 8 2 2 9 10 2 2 2 2 9 2
left_child=1 2 3 -1 5 6 21 8 9 -7 11 12 18 -10 -15 16 17 20 -11 -19 -6 -2 -13 -24 25 29 27 28 -26 -17
right_child=4 -3 -4 -5 15 7 -8 -9 13 10 -12 22 -14 14 -16 24 -18 19 -20 -21 -22 -23 23 -25 26 -27 -28 -29 -30 -31
leaf_value=-0.0096896349530357206 -0.0036432359928538108 -0.020361894803000349 -0.0081793877590645714 0.0055406269613683008 0.0013209880720848055 -0.019813343349285972 0.009421200118850415 0.0061328960531930043 0.0012863808628281071 0.00063524544995354761 0.025448210849748867 0.020939583856091338 -0.028974569441621426 -8.978195075108886e-05 -0.010649072045697407 -0.0075044111216313603 -0.0036715687410737718 0.0072128183019819943 -0.019144711032028017 -0.017262876671766004 0.016599932909570781 -0.031013601332010678 0.0050641472351856459 -0.0093067927716183885 0.034673166989987084 0.020168078522969691 -0.00028930544963947649 -0.0057021089851307938 0.0094337892802633053 -0.00094977032057133039
leaf_weight=226 373 435 2629 1345 213 913 211 2434 67817 1285 406 458 347 5044 1954 4761 1504 1189 791 214 844 624 2532 1356 722 576 139098 1656 2697 4420
leaf_count=226 373 435 2629 1345 213 913 211 2434 67817 1285 406 458 347 5044 1954 4761 1504 1189 791 214 844 624 2532 1356 722 576 139098 1656 2697 4420
internal_value=4.61692e-05 -0.00209903 -0.000973872 0.00395319 8.69302e-05 0.000526255 -0.00755337 0.000641499 0.000510776 -0.00186466 -0.0006611 -0.00142351 -0.00585697 0.000767792 -0.00185502 -0.000153891 0.00327126 0.00740891 -0.00330777 0.00208776 0.0143861 -0.0107746 0.00105601 -2.55885e-05 -0.000242302 -0.00222689 -0.000107849 0.00358899 0.00736366 -0.00318246
internal_weight=249074 4635 4200 1571 244439 86545 1208 85337 82903 8088 7175 6769 2423 74815 6998 157894 3964 2460 2076 1403 1057 997 4346 3888 153930 9757 144173 5075 3419 9181
internal_count=249074 4635 4200 1571 244439 86545 1208 85337 82903 8088 7175 6769 2423 74815 6998 157894 3964 2460 2076 1403 1057 997 4346 3888 153930 9757 144173 5075 3419 9181
cat_boundaries=0 1 2
cat_threshold=16 2
is_linear=0
shrinkage=0.05


Tree=158
num_leaves=31
num_cat=5
split_feature=10 11 10 4 0 11 4 11 10 10 4 7 11 12 9 0 0 9 10 9 10 7 11 10 10 4 7 9 4 12
split_gain=9.01619 20.0974 16.7533 14.227 17.807 12.8847 11.4937 14.0031 9.36848 20.0767 26.9614 28.9979 30.5497 23.7173 41.3449 28.3825 36.822 21.5544 25.5786 21.3699 28.5676 20.2299 19.9907 18.5683 23.3224 18.406 16.4366 20.6199 29.5291 16.7912
threshold=6.205000000000001 107.41000000000001 1.0000000180025095e-35 0 22.500000000000004 99.585000000000022 1 59.440000000000005 45.990000000000002 40.745000000000012 2 13.500000000000002 132.69000000000003 1.0000000180025095e-35 -82.749999999999986 55.500000000000007 48.500000000000007 -86.84999999999998 12.415000000000001 -87.249999999999986 13.785000000000002 14.500000000000002 104.58500000000002 45.480000000000011 42.415000000000006 3 11.500000000000002 -80.34999999999998 4 -1.4999999999999998
decision_type=8 10 10 9 2 10 9 10 8 10 9 2 10 10 2 2 2 2 10 2 10 2 10 10 10 9 2 2 9 8
left_child=1 2 3 -1 -5 -6 7 -4 9 17 22 -12 13 25 -15 16 23 18 -2 21 -21 -20 -11 24 -16 -13 27 -10 -29 -28
right_child=8 -3 6 4 5 -7 -8 -9 26 10 11 12 -14 14 15 -17 -18 -19 19 20 -22 -23 -24 -25 -26 -27 29 28 -30 -31
leaf_value=-0.0047363948499569378 -0.018822676181821676 -0.019343800062850303 0.00024711251062026207 -0.0021971081442047516 0.0045303933010549359 0.018481406461792638 0.0051834436479178516 -0.014876433972152015 -0.0067374823546214385 -0.00095708864488002203 -0.0074323786336554683 0.0031040181269704984 -0.021816714395533766 0.016216897810022425 0.011206706092743169 -0.0060189012642237749 0.012826268416671028 0.00064407268237665072 -0.012722415164589008 0.014699059225950696 -0.0093176877761189658 0.006004265582383362 -0.042539319409432966 0.017251107751627082 -0.004653465613363039 -0.0097094103487281209 -0.0097284083954564341 -0.0097456174123708109 0.024415333283112517 5.9606632119901807e-06
leaf_weight=326 913 435 757 530 280 435 409 1463 5196 426 709 2761 245 927 1183 472 647 70006 614 487 2706 2569 207 217 1239 217 1337 342 318 150701
leaf_count=326 913 435 757 530 280 435 409 1463 5196 426 709 2761 245 927 1183 472 647 70006 614 487 2706 2569 207 217 1239 217 1337 342 318 150701
internal_value=4.01471e-05 -0.00214209 -0.00106888 0.00300443 0.00541502 0.0105517 -0.00350512 -0.00491071 8.16121e-05 0.000499682 0.00269978 0.0034329 0.00430664 0.00486772 0.007082 0.00472399 0.00637136 0.000236078 -0.00234964 -0.00122142 -0.00410553 0.00167554 -0.00712098 0.00371838 0.00242599 0.00137216 -0.000147558 -0.00274463 0.00552239 -4.73535e-05
internal_weight=249074 4635 4200 1571 1245 715 2629 2220 244439 86545 9250 8617 7908 7663 4685 3758 3286 77295 7289 6376 3193 3183 633 2639 2422 2978 157894 5856 660 152038
internal_count=249074 4635 4200 1571 1245 715 2629 2220 244439 86545 9250 8617 7908 7663 4685 3758 3286 77295 7289 6376 3193 3183 633 2639 2422 2978 157894 5856 660 152038
cat_boundaries=0 1 2 3 4 5
cat_threshold=136 6 144 6 6
is_linear=0
shrinkage=0.05


Tree=159
num_leaves=31
num_cat=5
split_feature=0 12 8 8 8 0 4 3 8 0 4 4 5 12 8 8 7 2 7 7 3 0 8 0 7 8 8 6 5 7
split_gain=7.63755 10.4523 24.7272 25.2574 28.9713 47.6764 26.2948 23.733 20.566 22.7693 19.4003 17.2307 16.9489 14.5756 12.1945 21.4426 16.9047 21.0384 18.7474 22.0219 19.5694 18.2646 15.3424 23.5767 19.498 14.1148 10.8239 17.9798 12.0853 15.0193
threshold=18.500000000000004 1.0000000180025095e-35 30.350000000000005 28.950000000000003 28.150000000000002 8.5000000000000018 0 1 27.550000000000004 9.5000000000000018 2 3 1.5000000000000002 -3.4999999999999996 28.150000000000002 29.150000000000002 10.500000000000002 1.0000000180025095e-35 14.500000000000002 17.500000000000004 4 5.5000000000000009 27.750000000000004 10.500000000000002 17.500000000000004 30.250000000000004 27.450000000000003 3.5000000000000004 3.5000000000000004 12.500000000000002
decision_type=2 10 2 2 2 2 9 9 2 2 9 9 2 10 2 2 2 2 2 2 9 2 2 2 2 2 2 2 2 2
left_child=1 2 3 4 8 7 13 -6 -1 -10 -3 -12 -11 -7 22 -16 -17 18 20 -20 -18 25 26 -24 -25 -22 28 -28 -13 -30
right_child=-2 10 -4 -5 5 6 -8 -9 9 12 11 14 -14 -15 15 16 17 -19 19 -21 21 -23 23 24 -26 -27 27 -29 29 -31
leaf_value=-0.0017939088630673174 0.0002165314681138675 0.014715300399516497 0.0037352226353134736 -0.010938731007900195 0.0083867691825388665 0.011185097196160943 -0.019938960339534264 -0.026439027695109685 0.00020543337326204281 -0.019183774757276329 -0.0056696972705154282 0.003951828641420763 -0.0026419711281028494 -0.00050974902925569052 -0.01096866307238944 -0.018767790509693905 0.0055004153557977279 -0.0037358820113150061 0.018466059394480493 0.0006343050716610233 0.040999682237769175 -0.0069096189238270879 -0.0025225329261090224 0.022208256882477073 0.0046497802596324076 0.0013729574506553544 0.001011661176789902 -0.018711095775601195 -0.01703819803308786 0.00069893806695038314
leaf_weight=10234 201107 1228 3651 2974 200 1812 301 322 755 1084 521 3996 415 430 1281 546 320 3378 736 712 215 1988 703 724 782 392 498 325 969 6475
leaf_count=10234 201107 1228 3651 2974 200 1812 301 322 755 1084 521 3996 415 430 1281 546 320 3378 736 712 215 1988 703 724 782 392 498 325 969 6475
internal_value=5.09868e-05 -0.000515872 -0.00131152 -0.00205265 -0.00124333 0.00310569 0.0059342 -0.0105263 -0.00231237 -0.00662544 0.000168611 -0.000140352 -0.0101723 0.00778073 5.81879e-05 -0.00132596 -0.000391708 0.000212876 0.002504 0.00713306 0.000188034 -0.00128107 0.000973622 0.00479946 0.00831135 0.00623987 0.000281105 -0.00522209 0.000681223 -0.000509793
internal_weight=249074 47967 22178 18527 15553 3065 2543 522 12488 2254 25789 24561 1499 2242 24040 9568 8287 7741 4363 1448 2915 2595 14472 2209 1506 607 12263 823 11440 7444
internal_count=249074 47967 22178 18527 15553 3065 2543 522 12488 2254 25789 24561 1499 2242 24040 9568 8287 7741 4363 1448 2915 2595 14472 2209 1506 607 12263 823 11440 7444
cat_boundaries=0 1 2 3 4 5
cat_threshold=2 10 128 32 24
is_linear=0
shrinkage=0.05


Tree=160
num_leaves=31
num_cat=7
split_feature=0 4 10 8 0 3 10 12 8 8 0 0 8 0 8 3 3 0 8 10 3 8 8 3 0 8 8 0 4 0
split_gain=11.6428 9.42301 14.0301 8.62659 9.45666 8.53978 8.30979 7.12891 20.835 39.3867 35.2686 33.363 45.1607 30.1397 23.5639 23.1966 22.3662 24.8125 20.1491 45.3817 20.1684 19.6014 55.6773 28.0917 19.3871 32.1616 22.0384 29.2338 21.5668 18.4466
threshold=100.50000000000001 0 18.665000000000003 28.850000000000005 105.50000000000001 1 148.19500000000002 1.5000000000000002 27.450000000000003 27.950000000000003 40.500000000000007 49.500000000000007 26.750000000000004 8.5000000000000018 26.950000000000003 2 3 18.500000000000004 25.950000000000003 97.470000000000013 4 25.750000000000004 25.850000000000005 5 19.500000000000004 28.950000000000003 28.150000000000002 18.500000000000004 6 15.500000000000002
decision_type=2 9 8 2 2 9 10 8 2 2 2 2 2 2 2 9 9 2 2 8 9 2 2 9 2 2 2 2 9 2
left_child=1 2 -1 4 -2 -4 7 -3 11 10 16 21 18 15 -14 -11 -10 -18 19 -13 -20 29 23 -23 25 26 27 -15 -28 -9
right_child=3 6 5 -5 -6 -7 -8 8 9 13 -12 12 14 24 -16 -17 17 -19 20 -21 -22 22 -24 -25 -26 -27 28 -29 -30 -31
leaf_value=-0.012201875030817266 -0.012690980709862654 0.00030346400634488906 0.0050320235498146461 -0.012610669997515568 0.0058860341121906856 -0.0014242208645428801 -0.01481459353504846 0.0030025841957940004 -0.013005267865915205 -0.020785977274707036 -0.016329025177574952 0.017940191812738072 0.0157032671958377 -0.012072077090526535 0.0051883126110679363 -0.0015197797194220542 -0.018823121554145495 0.0011327400420498624 -0.013634592487083009 -0.0066628991351070262 0.0048959859013670837 0.028472520954026283 -0.0015783773224929743 0.007715012545353961 -0.0010489167212558216 -0.0027697969341080155 -0.0087436332854321282 0.018176061896885188 0.010042702750531873 -0.0079205656049984984
leaf_weight=319 209 177853 315 412 203 3122 206 1452 1182 822 1977 309 673 314 805 861 683 4086 297 1999 4835 754 17272 2655 16323 2931 352 265 2599 3165
leaf_count=319 209 177853 315 412 203 3122 206 1452 1182 822 1977 309 673 314 805 861 683 4086 297 1999 4835 754 17272 2655 16323 2931 352 265 2599 3165
internal_value=2.24665e-05 4.22644e-05 -0.00243644 -0.0058753 -0.0007109 -0.00149405 8.051e-05 8.9171e-05 -0.000351991 -0.00126061 -0.00432099 0.000508385 0.0031362 -0.000267598 0.0110887 -0.00670408 -0.00239054 -0.000845688 0.00154362 -0.00232959 0.00328666 -0.00041884 0.000239234 0.00606903 0.000210582 0.00252666 0.00573446 -0.00314092 0.00748058 -0.00336071
internal_weight=249250 248426 3756 824 412 3437 244670 244464 66611 32395 7928 34216 8918 24467 1478 1683 5951 4769 7440 2308 5132 25298 20681 3409 22784 6461 3530 579 2951 4617
internal_count=249250 248426 3756 824 412 3437 244670 244464 66611 32395 7928 34216 8918 24467 1478 1683 5951 4769 7440 2308 5132 25298 20681 3409 22784 6461 3530 579 2951 4617
cat_boundaries=0 1 2 3 4 5 6 7
cat_threshold=64 10 20 10 2 2 140
is_linear=0
shrinkage=0.05


Tree=161
num_leaves=31
num_cat=5
split_feature=0 9 9 9 7 7 0 11 11 7 4 3 7 11 3 7 11 11 0 0 0 0 9 6 4 11 11 3 9 9
split_gain=9.81451 17.1199 9.29759 8.31099 20.1851 38.7222 32.422 30.2514 51.482 34.3577 35.5727 40.3334 33.0935 51.507 35.324 31.3849 45.497 45.0249 43.7595 38.7444 38.4869 31.7434 69.6301 32.105 30.4383 28.6318 26.6493 25.6851 25.349 29.0846
threshold=100.50000000000001 -81.749999999999986 -80.049999999999983 -82.549999999999983 18.500000000000004 19.500000000000004 8.5000000000000018 89.720000000000013 91.745000000000019 17.500000000000004 0 1 16.500000000000004 49.585000000000008 2 14.500000000000002 118.75000000000001 138.07000000000002 34.500000000000007 53.500000000000007 56.500000000000007 62.500000000000007 -82.649999999999991 2.5000000000000004 3 108.48500000000001 118.75000000000001 4 -82.649999999999991 -83.049999999999983
decision_type=2 2 2 2 2 2 2 10 10 2 9 9 2 8 9 2 10 10 2 2 2 2 2 2 9 8 10 9 2 2
left_child=2 -2 3 4 7 6 -6 12 -9 10 11 -10 13 -1 -15 17 21 19 -18 27 -20 23 -23 -17 -14 -8 -11 -12 29 -27
right_child=1 -3 -4 -5 5 -7 25 8 9 26 15 -13 24 14 -16 16 18 -19 20 -21 -22 22 -24 -25 -26 28 -28 -29 -30 -31
leaf_value=0.0013805216968800771 0.001470059864845652 -0.015312838916791716 0.0084646033158892742 0.00030962087700796563 -0.026268320152532134 -0.0019456567759546851 -0.0012747944822017578 0.0090636094590673903 -0.022202046797252264 -0.0076977248400675437 0.0023790263763380005 -0.0036500995838356868 -0.016837257782650373 -0.013160386471168017 -0.001401412843506389 -0.017709308745193476 -0.018625360029738091 0.012043143954764092 0.00080212149340361813 0.0020082757454885857 -0.0082494074689321902 0.0018642046432178817 -0.0048152459098942842 0.0029855132256985332 0.0015299899324419108 0.017797653533002757 0.0032790695859726605 -0.0081205455003200196 0.019675189849232756 0.0024219676782639256
leaf_weight=4417 424 400 814 151591 284 6158 1890 5132 219 4004 1636 3999 1026 6593 2707 325 1010 988 3343 3065 832 4767 2747 19759 8425 887 728 7175 1297 2608
leaf_count=4417 424 400 814 151591 284 6158 1890 5132 219 4004 1636 3999 1026 6593 2707 325 1010 988 3343 3065 832 4767 2747 19759 8425 887 728 7175 1297 2608
internal_value=1.9257e-05 -0.00539568 3.74342e-05 1.97882e-05 -0.00034416 0.00147708 0.0040281 -0.000632637 -3.76638e-05 -0.000488033 -0.000101253 -0.00448325 -0.00216585 -0.00373352 -0.00584318 0.000305472 0.00112676 -0.00178655 -0.00316651 -0.00264176 -0.000896057 0.00193422 -0.000837321 0.00297104 0.000110982 0.004737 -0.00455504 -0.00432491 0.00678884 0.00455064
internal_weight=249250 824 248426 247612 96021 13124 6966 82897 59729 54597 49865 4218 23168 13717 9300 45647 32783 12864 5185 11876 4175 27598 7514 20084 9451 6682 4732 8811 4792 3495
internal_count=249250 824 248426 247612 96021 13124 6966 82897 59729 54597 49865 4218 23168 13717 9300 45647 32783 12864 5185 11876 4175 27598 7514 20084 9451 6682 4732 8811 4792 3495
cat_boundaries=0 1 2 3 4 5
cat_threshold=12 8 6 232 24
is_linear=0
shrinkage=0.05


Tree=162
num_leaves=31
num_cat=8
split_feature=0 9 9 4 10 3 8 10 8 0 0 8 8 9 0 1 9 4 3 9 4 3 8 3 10 8 4 9 8 10
split_gain=9.46162 15.4367 8.8039 7.87676 13.7731 8.09871 7.69946 7.42748 29.255 53.5101 49.2134 72.0914 39.5392 38.1093 29.4594 31.0101 28.9966 45.7724 39.7747 29.8644 29.6488 28.2273 28.025 27.0815 24.9911 24.4178 22.86 26.7968 22.6709 21.8582
threshold=100.50000000000001 -81.749999999999986 -80.049999999999983 0 18.665000000000003 1 30.750000000000004 120.88500000000002 27.450000000000003 46.500000000000007 49.500000000000007 25.950000000000003 27.750000000000004 -82.549999999999983 8.5000000000000018 1.0000000180025095e-35 -80.34999999999998 2 3 -80.249999999999986 4 5 27.850000000000005 6 120.86500000000002 28.350000000000005 7 -81.84999999999998 25.950000000000003 135.49000000000004
decision_type=2 2 2 9 8 9 2 8 2 2 2 2 2 2 2 2 2 9 9 2 9 9 2 9 10 2 9 2 2 10
left_child=2 -2 3 4 -1 -6 7 24 10 12 16 -12 -10 14 21 -16 20 18 19 -18 -9 -14 -15 -13 -5 -11 27 29 -20 -25
right_child=1 -3 -4 6 5 -7 -8 8 9 25 11 23 13 22 15 -17 17 -19 28 -21 -22 -23 -24 26 -26 -27 -28 -29 -30 -31
leaf_value=-0.011607262323126833 0.0013965568716034051 -0.014547196970952126 0.0080413731500947883 0.00017985990445135158 0.0047649413284735157 -0.0014529473723456034 0.012722917109135335 -0.020050165227102925 -0.012034268291828187 -0.0089985314579317695 -0.006724751969815923 -0.013937302687544496 -0.023476249973876984 0.0095266209013115787 0.002857186641405374 -0.013346090118361964 -0.012093507752340438 0.008868679577008631 0.019296708083047332 -0.0011199731098725518 -0.0031250578245568318 0.00068918633214831715 -0.0094668870002252888 0.009645957184851995 0.0048550432086092781 -0.002007696829506678 0.0012479073559105382 0.0057848619968626563 0.001353442620628087 -0.0011626325134801441
leaf_weight=319 424 400 814 176043 315 3122 284 1007 1944 3104 2033 379 498 310 16677 1145 2306 4225 775 4532 8930 608 5153 2859 2511 1542 2007 2997 1603 384
leaf_count=319 424 400 814 176043 315 3122 284 1007 1944 3104 2033 379 498 310 16677 1145 2306 4225 775 4532 8930 608 5153 2859 2511 1542 2007 2997 1603 384
internal_value=4.09211e-05 -0.00527578 5.87677e-05 4.15957e-05 -0.00222458 -0.00129098 7.66783e-05 6.69179e-05 -0.000390601 -0.00150205 0.0006212 0.00343519 -0.000628203 -7.99148e-05 0.000982152 0.00147488 -0.000662733 0.000851238 -0.00112603 -0.00306212 -0.00270936 -0.00689964 -0.0037548 0.00543075 0.00023353 -0.0064433 0.00603 0.00752396 0.00442035 0.0106824
internal_weight=249250 824 248426 247612 3756 3437 243856 243572 65018 30981 34037 10659 26335 24391 18928 17822 23378 13441 9216 6838 9937 1106 5463 8626 178554 4646 8247 6240 2378 3243
internal_count=249250 824 248426 247612 3756 3437 243856 243572 65018 30981 34037 10659 26335 24391 18928 17822 23378 13441 9216 6838 9937 1106 5463 8626 178554 4646 8247 6240 2378 3243
cat_boundaries=0 1 2 3 4 5 6 7 8
cat_threshold=64 10 2 12 136 4 2 26
is_linear=0
shrinkage=0.05


Tree=163
num_leaves=31
num_cat=2
split_feature=0 11 4 8 0 7 10 11 8 11 11 11 8 10 0 0 10 11 8 7 8 7 10 3 0 2 2 7 8 7
split_gain=9.48162 9.35537 7.71436 21.5335 12.0818 11.5951 20.4897 11.2123 14.3592 9.48392 9.37781 37.065 34.7526 32.1299 29.6391 38.8746 18.9483 25.4049 18.6435 75.3184 57.1957 33.0337 47.7294 30.1022 26.7733 24.2567 23.6718 29.2685 27.2115 49.5996
threshold=100.50000000000001 109.77500000000002 0 29.050000000000004 61.500000000000007 13.500000000000002 106.34000000000002 80.415000000000006 26.150000000000002 62.140000000000008 127.40000000000002 129.37500000000003 25.550000000000004 58.940000000000005 42.500000000000007 25.500000000000004 12.115 135.28500000000003 27.450000000000003 16.500000000000004 28.450000000000003 16.500000000000004 15.635000000000003 1 37.500000000000007 1.0000000180025095e-35 1.0000000180025095e-35 21.500000000000004 28.050000000000004 18.500000000000004
decision_type=2 8 9 2 2 2 10 8 2 10 8 8 2 10 2 2 8 10 2 2 2 2 10 9 2 2 2 2 2 2
left_child=2 -2 3 4 5 -1 7 -7 -9 -5 -4 14 -13 16 15 -12 17 -14 21 20 -20 -18 23 24 -23 -22 27 28 29 -21
right_child=1 -3 10 9 -6 6 -8 8 -10 -11 11 12 13 -15 -16 -17 18 -19 19 26 25 22 -24 -25 -26 -27 -28 -29 -30 -31
leaf_value=0.0025273909630993078 -0.011970433958971195 0.0016658649915488157 0.00036271099317604084 -0.0014621037590671904 -0.010943222119017904 -0.011544034116462232 -0.012397532580784177 -0.0092608866098870205 0.0014432017903698747 -0.013727876357824976 -0.029639925065346073 -0.021033607462095018 -0.0054641532999025527 -0.022330538691442837 -0.029347556915474995 0.0049086709428254778 0.0027256140636265692 0.011196570422598208 -0.022982164850324605 -0.013592944751853332 -0.0077487438139547393 -0.00039349494901896875 -0.042450272458484054 0.0064202153744074234 -0.0075466921355248576 0.0042039839950141376 -0.0074721271609926813 -0.013312735436400304 0.003892770757263353 0.0040111217621482181
leaf_weight=2289 514 310 172913 300 326 282 624 358 2982 519 562 496 521 392 441 844 19985 1147 2119 2206 3958 9433 430 3828 3765 1641 1376 937 9871 3881
leaf_count=2289 514 310 172913 300 326 282 624 358 2982 519 562 496 521 392 441 844 19985 1147 2119 2206 3958 9433 430 3828 3765 1641 1376 937 9871 3881
internal_value=4.65378e-05 -0.00527578 6.44029e-05 -0.00149351 -0.00057488 -9.93125e-05 -0.00164474 -0.000192731 0.000626866 -0.00910736 0.000114219 -0.000383975 -0.00018789 -8.70229e-05 -0.00735057 -0.00374294 0 0.00524434 -0.000138714 -0.00116735 -0.00530538 0.000575419 -0.0010134 -0.000592862 -0.00172492 -0.00264753 0.000582572 0.00109731 0.00160321 -0.00102509
internal_weight=249250 824 248426 7680 6861 6535 4246 3622 3340 819 240746 67833 65986 65490 1847 1406 65098 1668 63430 25989 7718 37441 17456 17026 13198 5599 18271 16895 15958 6087
internal_count=249250 824 248426 7680 6861 6535 4246 3622 3340 819 240746 67833 65986 65490 1847 1406 65098 1668 63430 25989 7718 37441 17456 17026 13198 5599 18271 16895 15958 6087
cat_boundaries=0 1 2
cat_threshold=80 12
is_linear=0
shrinkage=0.05


Tree=164
num_leaves=31
num_cat=0
split_feature=0 9 11 6 10 0 0 11 10 9 8 9 10 0 10 0 0 9 0 8 8 10 0 7 11 10 11 0 11 10
split_gain=9.88735 13.8596 8.4624 32.8624 29.2461 27.9228 36.3439 24.2366 20.2165 18.1137 30.4219 22.0199 17.9187 15.5374 14.8605 14.6213 11.0571 10.8215 51.7211 86.7028 38.6064 31.63 27.5647 29.3663 26.1538 97.099 47.5023 48.3466 37.6036 44.336
threshold=100.50000000000001 -81.749999999999986 127.40000000000002 4.5000000000000009 27.375000000000004 42.500000000000007 25.500000000000004 138.07000000000002 58.940000000000005 -85.449999999999989 29.750000000000004 -82.149999999999991 23.875000000000004 42.500000000000007 7.0600000000000014 48.500000000000007 9.5000000000000018 -82.649999999999991 52.500000000000007 27.850000000000005 28.150000000000002 42.415000000000006 59.500000000000007 17.500000000000004 103.98000000000002 108.94500000000001 118.75000000000001 39.500000000000007 86.515000000000015 115.06500000000001
decision_type=2 2 10 2 10 2 2 10 10 2 2 2 10 2 10 2 2 2 2 2 2 10 2 2 10 10 10 2 8 10
left_child=2 -2 17 5 9 6 -4 8 16 -5 11 15 -8 14 -13 -11 -6 18 19 21 22 -1 -20 -24 28 26 -26 -28 -21 -30
right_child=1 -3 3 4 7 -7 12 -9 -10 10 -12 13 -14 -15 -16 -17 -18 -19 20 24 -22 -23 23 -25 25 -27 27 -29 29 -31
leaf_value=-0.019232511161428257 0.0015825717419713393 -0.013221315424455949 -0.027218476828051719 -0.012400207983708535 0.018922294874261072 -0.027489383008339498 -0.0079131690393049684 -0.023108198390570503 -0.020339270640017927 -0.0036351266834369956 0.012698180407377357 0.0081367323647251414 0.015466837091185681 0.0065578608124114979 -0.00077446697368905866 -0.015319772305720659 -0.0018502513158553226 0.00044077490659306663 0.0052592664652569183 -0.0039423873513000805 -0.0026718619091588903 -0.0049875972535409659 0.0020966352730339643 -0.0053817422068937583 -0.0092967548125080235 0.013837206616780673 -0.014994248270490075 0.0024705531714205088 0.002127443628797865 -0.027746428495880517
leaf_weight=2325 424 400 568 599 254 442 455 522 406 1084 975 523 392 1648 3651 292 2254 161784 3422 8843 3192 7859 7088 625 5745 955 896 2120 29152 355
leaf_count=2325 424 400 568 599 254 442 455 522 406 1084 975 523 392 1648 3651 292 2254 161784 3422 8843 3192 7859 7088 625 5745 955 896 2120 29152 355
internal_value=3.93164e-05 -0.00539568 5.75601e-05 -0.00113321 -0.000188247 -0.00731119 -0.00382456 -0.0040917 -0.00229138 0.00134366 0.00196138 0.000832408 0.00274212 0.00217764 0.000549713 -0.00483405 -0.000595711 0.000129069 -0.000378167 -0.00104016 0.0023122 -0.00522857 0.00370121 0.00203936 -0.000151843 -0.00246761 -0.00412154 0.000958361 0.000435349 0.00129248
internal_weight=249250 824 248426 14065 12208 1857 1415 3436 2914 8772 8173 7198 847 5822 4174 1376 2508 234361 72577 58250 14327 10184 11135 7713 48066 9716 8761 3016 38350 29507
internal_count=249250 824 248426 14065 12208 1857 1415 3436 2914 8772 8173 7198 847 5822 4174 1376 2508 234361 72577 58250 14327 10184 11135 7713 48066 9716 8761 3016 38350 29507
is_linear=0
shrinkage=0.05


Tree=165
num_leaves=31
num_cat=5
split_feature=11 11 0 0 5 8 4 8 8 8 0 4 0 0 0 7 4 7 8 0 4 11 0 5 0 9 7 4 11 8
split_gain=9.69162 20.7271 31.618 29.9573 19.5057 19.4443 15.8223 14.7113 16.5623 22.6965 25.457 35.0032 14.433 13.6113 20.3598 27.6854 17.0807 17.4313 13.3304 12.6927 11.0205 10.9721 11.2269 10.5529 10.0034 23.8884 38.6778 25.016 17.9403 21.6248
threshold=127.40000000000002 130.19000000000003 42.500000000000007 25.500000000000004 3.5000000000000004 25.950000000000003 0 30.050000000000004 29.750000000000004 26.550000000000004 43.500000000000007 1 42.500000000000007 16.500000000000004 35.500000000000007 14.500000000000002 2 14.500000000000002 26.850000000000005 38.500000000000007 3 138.07000000000002 9.5000000000000018 2.5000000000000004 61.500000000000007 -82.749999999999986 14.500000000000002 4 97.385000000000005 26.050000000000004
decision_type=10 10 2 2 2 2 9 2 2 2 2 9 2 2 2 2 9 2 2 2 9 10 2 2 2 2 2 9 8 2
left_child=24 2 3 -2 5 -3 -7 8 9 10 13 -12 -11 -6 15 -15 -16 -18 -14 -9 -5 22 -8 -24 -1 27 28 -26 -27 -30
right_child=1 4 -4 20 7 6 21 19 -10 12 11 -13 18 14 16 -17 17 -19 -20 -21 -22 -23 23 -25 25 26 -28 -29 29 -31
leaf_value=0.00020078333851385468 -0.023452857586311104 -0.021841406686409572 -0.024240439028357041 0.015727033339740126 -0.012456353240528807 0.010959672510408769 0.014608957719913685 -0.0040157697682235314 0.011142344302720453 -0.0025798023489940649 0.012723643536202546 -0.0027700474869980954 -0.0030727615238763661 -0.012304446009620574 0.0098901920729201898 0.0077082644594676621 0.0056837144178010675 -0.011945532739502785 -0.015871285725050699 -0.025132493202992823 -0.0011214356358338229 -0.016855807313296899 0.0060822997748091641 -0.0052231829584482806 0.0026139621929858418 -0.0051826896993568908 -0.0029440759668962983 -0.0047093963011119126 -0.0033490205646282689 0.0035505750693931581
leaf_weight=207113 547 481 435 224 736 331 246 383 955 646 911 455 202 464 258 2058 289 867 288 203 633 428 410 1642 4487 1500 14162 549 1763 5299
leaf_count=207113 547 481 435 224 736 331 246 383 955 646 911 455 202 464 258 2058 289 867 288 203 633 428 410 1642 4487 1500 14162 549 1763 5299
internal_value=-3.87589e-05 -0.00131187 -0.00624662 -0.00254597 -0.000566745 -0.00369222 -0.00220085 0.000704871 0.00125937 0.000431514 0.00165344 0.00763081 -0.00602094 -0.000106792 0.00106437 0.00375197 -0.00372191 -0.00629252 -0.0124 -0.00687919 0.0032872 -0.00345958 -0.00207972 -0.00329777 3.76783e-05 -0.000853439 -0.00154394 0.00225922 0.00110826 0.00216346
internal_weight=248965 14092 1839 1404 12253 3538 3057 8715 8129 7174 6038 1366 1136 4672 3936 2522 1414 1156 490 586 857 2726 2298 2052 234873 27760 22724 5036 8562 7062
internal_count=248965 14092 1839 1404 12253 3538 3057 8715 8129 7174 6038 1366 1136 4672 3936 2522 1414 1156 490 586 857 2726 2298 2052 234873 27760 22724 5036 8562 7062
cat_boundaries=0 1 2 3 4 5
cat_threshold=136 38 240 12 130
is_linear=0
shrinkage=0.05


Tree=166
num_leaves=31
num_cat=3
split_feature=0 9 10 8 8 10 2 11 4 0 9 9 9 8 7 0 4 9 8 11 10 11 8 8 9 0 10 11 4 8
split_gain=9.31459 19.7941 33.3075 64.5018 23.5225 35.3445 23.4093 20.8421 25.086 18.1443 17.8565 16.9689 16.2208 15.3359 18.2085 13.6061 13.2923 12.2444 31.5489 11.7066 16.8902 11.5955 15.6678 11.4823 48.1202 44.0197 40.1388 39.1898 30.2323 29.7768
threshold=61.500000000000007 -82.749999999999986 117.38000000000001 25.950000000000003 27.450000000000003 122.84500000000001 1.0000000180025095e-35 54.260000000000012 0 91.500000000000014 -80.249999999999986 -82.549999999999983 -80.149999999999991 27.150000000000002 12.500000000000002 64.500000000000014 1 -81.049999999999983 29.150000000000002 117.08500000000002 97.65000000000002 113.98 26.650000000000002 27.750000000000004 -82.149999999999991 53.500000000000007 27.065000000000001 63.750000000000007 2 27.350000000000005
decision_type=2 2 8 2 2 8 2 8 9 2 2 2 2 2 2 2 9 2 2 8 8 10 2 2 2 2 8 8 9 2
left_child=23 7 6 -4 13 15 10 -2 19 -8 16 -7 -12 14 -5 -6 17 -3 -19 -9 -21 22 -18 24 25 27 -27 -1 29 -26
right_child=1 2 3 4 5 11 9 8 -10 -11 12 -13 -14 -15 -16 -17 21 18 -20 20 -22 -23 -24 -25 28 26 -28 -29 -30 -31
leaf_value=0.0027292566731162982 0.01242870915496308 -0.0038807389850410881 -0.014139872175167767 -0.0066853193118579851 0.0082231424847740275 0.0032273253032185424 0.0070958965662698773 -0.0029410709954791336 -0.0056370135901767432 -0.006884275226940551 0.012101853014206743 -0.010542195865632565 -0.0086025196604413001 0.0083859552260036729 0.0052727743922362791 0.0015043684514380652 -0.024720687722697001 -0.0028790702216838328 -0.031254849977952852 -0.0062728991553010266 0.0034677524131912388 0.0043178043817640342 0.00069418297543419891 0.00059930677607118461 -0.00040456946293412346 -0.022910791606435235 0.0035582744604919282 -0.0067531548965735766 0.0030562436990065225 0.0093657568347698117
leaf_weight=2876 295 9359 841 467 417 331 1644 1063 507 586 567 837 298 966 2794 1730 224 555 299 254 3026 722 642 102173 81437 293 3118 14134 14469 2041
leaf_count=2876 295 9359 841 467 417 331 1644 1063 507 586 567 837 298 966 2794 1730 224 555 299 254 3026 722 642 102173 81437 293 3118 14134 14469 2041
internal_value=-4.15704e-05 -0.000893297 -0.00151359 0.00100679 0.00247617 -0.000676692 -0.00293171 0.00191077 0.00111111 0.00178571 -0.00376302 -0.00764007 0.00314286 0.00494454 0.00328646 0.00312935 -0.00427144 -0.00493013 -0.0106481 0.0023493 0.00382979 0 -0.00388128 6.82382e-05 -0.000266941 -0.00247418 0.00270389 -0.00351351 0.000193452 -0.000172459
internal_weight=248965 28424 23279 8383 7542 3315 14896 5145 4850 2230 12666 1168 865 4227 3261 2147 11801 10213 854 4343 3280 1588 866 220541 118368 20421 3411 17010 97947 83478
internal_count=248965 28424 23279 8383 7542 3315 14896 5145 4850 2230 12666 1168 865 4227 3261 2147 11801 10213 854 4343 3280 1588 866 220541 118368 20421 3411 17010 97947 83478
cat_boundaries=0 1 2 3
cat_threshold=130 18 194
is_linear=0
shrinkage=0.05


Tree=167
num_leaves=31
num_cat=1
split_feature=11 10 6 0 0 10 10 9 9 9 0 0 0 3 0 0 0 10 10 0 0 10 10 11 10 9 9 9 7 0
split_gain=8.92326 21.3441 19.7736 28.8856 26.4622 16.34 14.0846 10.7806 22.0507 36.5621 20.185 15.5699 12.9056 11.6781 11.4756 10.7874 9.3337 9.26695 32.0977 21.4797 22.877 21.1474 21.1316 43.5141 31.5778 31.4943 19.9301 19.5658 36.4921 26.3968
threshold=127.40000000000002 57.110000000000007 4.5000000000000009 42.500000000000007 25.500000000000004 23.875000000000004 16.605000000000004 -85.449999999999989 -84.949999999999989 -82.249999999999986 42.500000000000007 46.500000000000007 41.500000000000007 0 51.500000000000007 12.500000000000002 22.500000000000004 14.360000000000001 19.450000000000006 40.500000000000007 19.500000000000004 24.535 32.690000000000005 126.38500000000001 36.195000000000007 -87.249999999999986 -85.949999999999989 -80.249999999999986 13.500000000000002 41.500000000000007
decision_type=10 10 2 2 2 10 10 2 2 2 2 2 2 9 2 2 2 10 10 2 2 10 10 10 10 2 2 2 2 2
left_child=17 2 3 4 -2 6 -6 13 15 11 12 16 -11 -4 -12 -9 -10 27 19 20 -19 -20 23 -23 25 -24 -27 -1 -29 -30
right_child=1 -3 7 -5 5 -7 -8 8 9 10 14 -13 -14 -15 -16 -17 -18 18 21 -21 -22 22 24 -25 -26 26 -28 28 29 -31
leaf_value=-0.0012928601954217635 -0.022259986233848929 -0.0191778789020427 7.6023702635108503e-05 -0.023097413862784057 0.0093001933292511836 0.015025326648585314 -0.015247124575683913 0.022082507307193657 -0.026458089479376935 -0.00086459580784206127 0.0057123851552582042 -0.014187716398295171 -0.015500819141229272 -0.0295325761799635 8.4641541440655391e-05 0.0058062268524575527 -0.0018828981132581913 0.0012724432303675038 -0.0025607646261075704 -0.00052483419259732325 0.01195502885265114 0.0015100210102715118 0.011520328778885959 0.0083292053292792542 0.00020591067935100683 -0.022736712199456569 -0.0048859975257572689 0.0087764586859775846 0.0028898713509040164 -0.0044411864457660323
leaf_weight=57504 547 419 321 431 230 381 242 224 249 5367 1884 374 340 280 1300 977 526 3649 13538 3868 5149 12503 590 2186 114907 722 4606 2404 8623 4624
leaf_count=57504 547 419 321 431 230 381 242 224 249 5367 1884 374 340 280 1300 977 526 3649 13538 3868 5149 12503 590 2186 114907 722 4606 2404 8623 4624
internal_value=-3.35375e-05 -0.00125514 -0.000909888 -0.00573058 -0.00219858 0.00330243 -0.00290456 -0.00016031 0.000191094 -0.000577114 0.000511179 -0.00893011 -0.00126815 -0.00662848 0.00369443 0.00656482 -0.00477707 3.98071e-05 0.000251039 0.00266646 0.00403043 4.56186e-05 0.000233907 0.00202395 1.61377e-05 -0.00354251 -0.00475834 -0.000427117 0.00113977 0.000109376
internal_weight=248965 14092 13673 1831 1400 853 472 11842 11241 10040 8891 1149 5707 601 3184 1201 775 234873 161718 12666 8798 149052 135514 14689 120825 5918 5328 73155 15651 13247
internal_count=248965 14092 13673 1831 1400 853 472 11842 11241 10040 8891 1149 5707 601 3184 1201 775 234873 161718 12666 8798 149052 135514 14689 120825 5918 5328 73155 15651 13247
cat_boundaries=0 1
cat_threshold=10
is_linear=0
shrinkage=0.05


Tree=168
num_leaves=31
num_cat=3
split_feature=7 9 8 9 8 0 4 8 0 1 8 4 0 9 7 9 0 4 0 8 0 9 0 7 12 0 6 0 12 9
split_gain=8.17506 28.0131 20.1125 14.7258 20.3002 15.2726 12.6383 12.2073 11.9646 11.6406 10.8178 28.7126 24.1909 34.9105 33.3897 28.459 29.4685 24.075 24.0159 22.4186 27.5364 27.5671 32.9481 30.4913 23.7083 42.1093 52.2425 40.2515 28.9655 20.5803
threshold=23.500000000000004 -81.149999999999991 29.450000000000003 -80.749999999999986 27.650000000000002 32.500000000000007 0 26.250000000000004 43.500000000000007 1.0000000180025095e-35 28.850000000000005 1 52.500000000000007 -85.949999999999989 16.500000000000004 -85.749999999999986 16.500000000000004 2 43.500000000000007 28.150000000000002 51.500000000000007 -82.149999999999991 8.5000000000000018 15.500000000000002 2.5000000000000004 39.500000000000007 2.5000000000000004 23.500000000000004 6.5000000000000009 -86.549999999999983
decision_type=2 2 2 2 2 2 9 2 2 2 2 9 2 2 2 2 2 9 2 2 2 2 2 2 8 2 2 2 8 2
left_child=10 -2 3 5 6 -3 7 9 -9 -5 19 -12 13 29 -14 -15 -17 -18 -19 -1 21 22 -21 -23 25 26 -24 -26 -29 -13
right_child=1 2 -4 4 -6 -7 -8 8 -10 -11 11 12 14 15 -16 16 17 18 -20 20 -22 23 24 -25 27 -27 -28 28 -30 -31
leaf_value=4.738874173604302e-06 -0.010842640601232923 -0.002705702105640917 0.014136594487026245 -0.018897148585260305 0.010572482489788549 -0.040289952320643078 -0.011042117222351844 0.0088826916769393811 -0.007796843427489453 -0.0032629875953181786 0.013240452115316527 0.00012588945335867407 -0.0071371391210791396 0.0097899297961945297 0.00069624222584856459 -0.004134513982299204 0.0042568262515692906 -0.012301259409145794 0.0054766801393698831 -0.01838054432482612 -0.0040711735421811394 0.0051927574483102926 -0.0008764569331509265 -0.013332319902149071 0.0072988641515923554 0.0018087018571258718 -0.020380033224141461 0.018472673208018885 -0.0074968252027265876 -0.0068780441091062187
leaf_weight=169020 1550 317 397 201 767 206 952 1307 243 762 720 18479 2554 1758 3443 4843 18794 953 518 446 3197 835 2102 2245 2868 2941 996 329 1456 3766
leaf_count=169020 1550 317 397 201 767 206 952 1307 243 762 720 18479 2554 1758 3443 4843 18794 953 518 446 3197 835 2102 2245 2868 2941 996 329 1456 3766
internal_value=-3.67507e-05 -0.00175805 1.93723e-05 -0.00089192 9.42951e-05 -0.0087242 -0.00153957 0.00033557 0.00307692 -0.00405961 1.09381e-05 0.000621441 0.000489769 0.000856049 -0.00250541 0.00206876 0.00163628 0.00247349 -0.00365526 -0.000171901 -0.00187948 -0.000934776 0.000224255 -0.00511327 0.0007849 -0.0012812 -0.00534106 0.00346344 -0.0024234 -0.000608852
internal_weight=248965 6702 5152 4755 4232 523 3465 2513 1550 963 242263 55828 55108 49111 5997 26866 25108 20265 1471 186435 17415 14218 11138 3080 10692 6039 3098 4653 1785 22245
internal_count=248965 6702 5152 4755 4232 523 3465 2513 1550 963 242263 55828 55108 49111 5997 26866 25108 20265 1471 186435 17415 14218 11138 3080 10692 6039 3098 4653 1785 22245
cat_boundaries=0 1 2 3
cat_threshold=2 32 134
is_linear=0
shrinkage=0.05


Tree=169
num_leaves=31
num_cat=4
split_feature=11 10 6 10 10 10 11 4 8 8 8 3 2 4 8 10 10 8 10 11 8 4 8 11 8 8 8 8 10 10
split_gain=8.2072 18.0505 18.6336 17.5425 15.5888 10.2707 16.1434 12.6883 11.6558 15.7605 22.1603 12.0343 9.58012 9.11602 12.0164 10.4713 29.847 23.6625 23.2722 21.5119 49.4473 32.5176 29.9236 26.6886 22.3701 35.0392 36.8178 29.5781 44.2976 26.7486
threshold=127.40000000000002 57.110000000000007 4.5000000000000009 23.875000000000004 16.605000000000004 27.375000000000004 138.07000000000002 0 30.050000000000004 29.650000000000002 26.650000000000002 1 1.0000000180025095e-35 2 29.050000000000004 14.360000000000001 19.450000000000006 24.650000000000002 24.535 126.38500000000001 26.350000000000005 3 26.250000000000004 120.57500000000002 24.650000000000002 27.050000000000004 27.450000000000003 27.750000000000004 113.96500000000002 111.38500000000002
decision_type=10 10 2 10 10 10 10 9 2 2 2 9 2 9 2 10 10 2 10 10 2 9 2 10 2 2 2 2 10 10
left_child=13 2 3 4 -2 8 7 -7 9 10 -4 -10 -11 14 -1 17 -17 -15 -18 23 21 -21 -23 24 -20 -26 -27 28 29 -28
right_child=1 -3 5 -5 -6 6 -8 -9 11 12 -12 -13 -14 15 -16 16 18 -19 19 20 -22 22 -24 -25 25 26 27 -29 -30 -31
leaf_value=-0.00077465810084218498 -0.008447018249683946 -0.018219221900649264 0.0013715007589429895 0.00030820216742739605 -0.026073338068373711 0.00090283534844335387 -0.019263973861617156 -0.0076847822514826804 0.00030102583285724905 0.0014862261910120189 -0.010541352823948014 -0.028707924783329467 0.015542333710351653 -0.014181429302512472 -0.0075269438580544802 0.0038207566058154011 -0.002708088316805224 -0.0004513582910193659 0.0046671127033911745 -0.042282879281045641 0.0094490002177518573 0.0095252795065998274 -0.004542817099329177 -0.01730958063610517 -0.0021315404964818985 0.0041389584352677037 -0.0037190126925784831 0.00066553601704719698 -0.0060788363723706775 0.0035705084430460946
leaf_weight=6066 585 419 6437 769 477 1985 527 563 319 563 582 267 599 886 810 12165 13026 71300 3842 226 1996 1284 1627 200 27550 6357 2672 78962 3917 1987
leaf_count=6066 585 419 6437 769 477 1985 527 563 319 563 582 267 599 886 810 12165 13026 71300 3842 226 1996 1284 1627 200 27550 6357 2672 78962 3917 1987
internal_value=-3.39392e-05 -0.0012055 -0.000887963 -0.00556763 -0.00970149 -0.00016031 -0.00264182 -0.000977326 0.000712088 0.00120254 0.000305876 -0.00604027 0.00656997 3.64011e-05 -0.00175464 9.05634e-05 0.000321202 -0.000407225 0.00011973 0.000320753 0.00349018 -0.00042898 0.0010406 0.000190841 0.000220676 0.000101684 0.000561738 0.000294695 -0.00249243 0.00080317
internal_weight=248965 14092 13673 1831 1062 11842 3075 2548 8767 8181 7019 586 1162 234873 6876 227997 155811 72186 143646 130620 5133 3137 2911 125487 125287 121445 93895 87538 8576 4659
internal_count=248965 14092 13673 1831 1062 11842 3075 2548 8767 8181 7019 586 1162 234873 6876 227997 155811 72186 143646 130620 5133 3137 2911 125487 125287 121445 93895 87538 8576 4659
cat_boundaries=0 1 2 3 4
cat_threshold=202 10 80 128
is_linear=0
shrinkage=0.05


Tree=170
num_leaves=31
num_cat=0
split_feature=11 11 0 0 7 10 7 0 9 12 10 7 9 0 0 9 9 9 2 0 0 0 2 0 7 9 10 10 9 7
split_gain=9.38705 26.4802 21.0794 24.056 24.2088 17.5933 14.6052 12.1124 18.7858 9.15119 19.6697 16.5356 13.1765 13.2467 19.8539 11.6036 12.0351 16.6322 11.7028 8.64968 8.6411 8.49397 8.09872 7.86591 7.26358 11.0187 7.21573 6.71884 5.44503 22.9291
threshold=127.40000000000002 130.19000000000003 42.500000000000007 20.500000000000004 10.500000000000002 57.110000000000007 12.500000000000002 52.500000000000007 -82.249999999999986 1.0000000180025095e-35 15.635000000000003 16.500000000000004 -80.34999999999998 36.500000000000007 26.500000000000004 -85.449999999999989 -84.949999999999989 -82.34999999999998 1.0000000180025095e-35 43.500000000000007 16.500000000000004 64.500000000000014 1.0000000180025095e-35 9.5000000000000018 25.500000000000004 -80.749999999999986 15.545000000000002 148.19500000000002 -81.749999999999986 16.500000000000004
decision_type=10 10 2 2 2 10 2 2 2 10 10 2 2 2 2 2 2 2 2 2 2 2 2 2 2 2 8 10 2 2
left_child=24 2 3 -2 22 6 -3 9 -9 10 12 -12 -8 14 20 -11 18 -18 -17 23 -14 -10 -5 -19 27 -26 -27 28 29 -1
right_child=1 5 -4 4 -6 -7 7 8 21 15 11 -13 13 -15 -16 16 17 19 -20 -21 -22 -23 -24 -25 25 26 -28 -29 -30 -31
leaf_value=-7.8846145120925473e-05 -0.038336026393910851 0.014335179186768432 -0.025143280148983663 0.0024549231252083193 -0.012886968649226206 -0.01819255616163673 -0.015428055011128629 -0.015017486851616635 -0.003131928245150828 -0.013413850256500215 -0.00077847366098477983 -0.037167366793141941 -0.010494848452232121 -0.0072846108025441227 0.016505357057463678 0.00044885229911955098 -0.0098046038782272152 0.013143364412165416 0.015865217143814638 0.0040404295025805231 0.0046585263472194603 0.0051450346056648227 0.022808843004623294 -0.00034651511123136026 -0.023779264522157284 0.0095315981794106275 -0.0054556787954703314 -0.015095016233049919 -0.00020959140259932952 0.0014014183219004828
leaf_weight=99162 297 249 432 308 526 427 240 314 811 517 329 420 381 354 297 367 602 439 483 1637 957 301 279 3060 227 220 904 214 84389 49642
leaf_count=99162 297 249 432 308 526 427 240 314 811 517 329 420 381 354 297 367 602 439 483 1637 957 301 279 3060 227 220 904 214 84389 49642
internal_value=7.6971e-05 -0.00117903 -0.00674946 -0.00373239 -0.000311665 -0.000332103 3.39905e-05 -0.000230055 -0.00452646 0.000381452 -0.0019411 -0.00889328 0.000424297 0.00177589 0.00367781 0.00135629 0.00192483 0.00109603 0.00744186 0.00202099 0.00103858 -0.00142602 0.00661642 0.00061271 0.000152065 -0.00349008 -0.00141093 0.000173295 0.000181601 0.000363541
internal_weight=248785 14027 1842 1410 1113 12185 11758 11509 1426 10083 2978 749 2229 1989 1635 7105 6588 5738 850 5136 1338 1112 587 3499 234758 1351 1124 233407 233193 148804
internal_count=248785 14027 1842 1410 1113 12185 11758 11509 1426 10083 2978 749 2229 1989 1635 7105 6588 5738 850 5136 1338 1112 587 3499 234758 1351 1124 233407 233193 148804
is_linear=0
shrinkage=0.05


Tree=171
num_leaves=31
num_cat=3
split_feature=4 8 4 10 7 9 7 3 8 8 11 9 7 7 8 9 7 9 8 8 12 9 7 8 10 9 11 1 8 9
split_gain=13.6314 11.8078 24.5664 26.8593 35.8611 28.406 20.2323 19.234 30.88 51.8335 24.5623 42.0572 74.8593 36.1602 31.8684 22.0752 19.7206 28.4084 19.5782 18.9084 21.5119 18.3325 17.6787 33.9309 17.206 16.2032 15.8561 18.3134 16.5581 15.3345
threshold=0 26.350000000000005 1 6.3350000000000009 13.500000000000002 -80.34999999999998 19.500000000000004 2 25.950000000000003 25.750000000000004 127.40000000000002 -80.249999999999986 15.500000000000002 15.500000000000002 25.950000000000003 -80.34999999999998 19.500000000000004 -80.34999999999998 25.950000000000003 25.950000000000003 -1.4999999999999998 -80.449999999999989 17.500000000000004 25.750000000000004 21.740000000000006 -81.649999999999991 91.115000000000023 1.0000000180025095e-35 26.750000000000004 -81.749999999999986
decision_type=9 2 9 10 2 2 2 9 2 2 8 2 2 2 2 2 2 2 2 2 10 2 2 2 10 2 10 2 2 2
left_child=-1 2 7 4 -4 -6 -7 10 9 15 29 13 14 -12 -13 -9 17 19 -19 22 -21 -3 23 -15 -11 -25 27 28 -23 -2
right_child=1 21 3 -5 5 6 -8 8 -10 24 11 12 -14 16 -16 -17 -18 18 -20 20 -22 26 -24 25 -26 -27 -28 -29 -30 -31
leaf_value=-0.0023765190918194181 0.0028331123662667769 0.00027703798796694382 0.016224782312062036 -0.00062966238743573661 -0.014044338182002215 0.0087803165153344416 -0.0061362885010022745 -0.004643378650718644 -0.0055203124474520584 0.029872332552020132 -0.024332946553173463 -0.0098559664898920651 -0.004648225066509859 -0.037557309052083813 0.011116199842356478 0.017352685092247855 0.00072223698049267426 -0.011738260793699773 -0.030385936606148835 0.028068835749894563 -0.0018027615689228506 0.0022012551779499569 -0.003510499039680193 -0.020128796395765036 -0.0028983079890020137 0.0049359111165193431 -0.0012203713887600999 -0.004437660822073042 0.011986833071916038 -0.0013186396835992654
leaf_weight=3731 5314 169290 1133 8039 739 3315 710 1696 2002 1110 796 427 6031 334 2258 598 1787 1452 416 201 1383 1625 1338 267 209 382 2235 747 3438 25782
leaf_count=3731 5314 169290 1133 8039 739 3315 710 1696 2002 1110 796 427 6031 334 2258 598 1787 1452 416 201 1383 1625 1338 267 209 382 2235 747 3438 25782
internal_value=7.21478e-05 0.000117924 -0.00044368 0.00142591 0.0039868 0.00207373 0.00372986 -0.000928387 0.00183673 0.00459564 -0.00125135 -0.00277485 -0.0003438 -0.0053072 0.00658627 4.34028e-05 -0.00422721 -0.00564586 -0.0107029 -0.00320562 0.00100376 0.000332403 -0.00607036 -0.0111279 0.012453 -0.00432473 0.00266294 0.0040378 0.00511532 -0.000414711
internal_weight=248785 245054 67719 13936 5897 4764 4025 53783 5615 3613 48168 17072 8716 8356 2685 2294 7560 5773 1868 3905 1584 177335 2321 983 1319 649 8045 5810 5063 31096
internal_count=248785 245054 67719 13936 5897 4764 4025 53783 5615 3613 48168 17072 8716 8356 2685 2294 7560 5773 1868 3905 1584 177335 2321 983 1319 649 8045 5810 5063 31096
cat_boundaries=0 1 2 3
cat_threshold=64 18 12
is_linear=0
shrinkage=0.05


Tree=172
num_leaves=31
num_cat=5
split_feature=4 0 9 4 7 11 7 7 11 11 0 3 0 7 9 11 7 3 9 7 9 9 7 4 9 11 7 7 7 9
split_gain=11.6991 16.2576 8.15038 29.3795 24.2859 27.9083 29.9982 22.5975 22.2885 30.3877 30.4271 32.2977 24.9922 27.5738 23.5381 27.2567 29.0239 36.899 53.9997 53.7912 39.682 35.7324 30.171 22.1199 21.8561 21.855 21.8134 21.7139 21.6622 30.5029
threshold=0 44.500000000000007 -81.749999999999986 1 23.500000000000004 62.915000000000006 13.500000000000002 16.500000000000004 89.165000000000006 94.585000000000022 23.500000000000004 2 53.500000000000007 16.500000000000004 -80.149999999999991 123.89000000000001 13.500000000000002 3 -80.449999999999989 17.500000000000004 -80.249999999999986 -80.249999999999986 18.500000000000004 4 -80.34999999999998 97.385000000000005 23.500000000000004 12.500000000000002 19.500000000000004 -82.649999999999991
decision_type=9 2 2 9 2 10 2 2 8 8 2 9 2 2 2 8 2 9 2 2 2 2 2 9 2 10 2 2 2 2
left_child=1 -1 7 8 5 6 -5 -2 12 10 24 -12 23 -14 15 26 21 19 -19 -18 22 -17 -20 -4 -10 -16 -11 -23 29 -9
right_child=2 -3 3 4 -6 -7 -8 28 9 14 11 -13 13 -15 25 16 17 18 20 -21 -22 27 -24 -25 -26 -27 -28 -29 -30 -31
leaf_value=-0.0087793981666566268 -9.2800069467369187e-05 3.1515998300468698e-05 0.0015176647325689354 0.015667923053575627 -0.008081691650732737 -5.4603811788922486e-05 0.0054081607419743886 0.00021217459636808657 -0.031032670113429452 0.00055419417562792013 -0.017941947474435251 -0.00011934521161163226 -0.0070497344875886554 0.001149790557678676 0.0053774596608211047 -0.012811994115599924 -0.01566131856770454 -0.01166821492688035 0.030487846982143553 -0.0034299112683356726 -0.0037454772895226807 -0.015475881630212919 -0.00025437767649618694 -0.0081099451301575257 -0.0022023323937820473 -0.014878211074832316 -0.015254994797380484 0.0094899558976341506 -0.0019509986425258587 0.0032882383231576107
leaf_weight=1531 106809 2200 27889 1088 1516 6683 6587 19703 687 13697 511 2000 2023 1874 4272 613 3336 1565 961 8727 972 216 399 524 246 383 465 1618 6796 22894
leaf_count=1531 106809 2200 27889 1088 1516 6683 6587 19703 687 13697 511 2000 2023 1874 4272 613 3336 1565 961 8727 972 216 399 524 246 383 465 1618 6796 22894
internal_value=6.53148e-05 -0.00270595 0.000107723 -0.000274583 0.00167359 0.00231069 0.00436565 0.000325199 -0.000698649 -0.00147746 -0.0059641 -0.00307418 0.000281559 -0.00346813 -0.00106086 -0.00153627 -0.00280447 -0.00358172 0.000651008 -0.00494496 0.00546541 0.00225885 0.0109489 0.00079689 -0.0136267 0.00226152 0.000112899 0.00574837 0.00120944 0.00162767
internal_weight=248785 3731 245054 88852 15874 14358 7675 156202 72978 40668 3444 2511 32310 3897 37224 32569 18407 15960 3897 12063 2332 2447 1360 28413 933 4655 14162 1834 49393 42597
internal_count=248785 3731 245054 88852 15874 14358 7675 156202 72978 40668 3444 2511 32310 3897 37224 32569 18407 15960 3897 12063 2332 2447 1360 28413 933 4655 14162 1834 49393 42597
cat_boundaries=0 1 2 3 4 5
cat_threshold=64 18 10 12 2
is_linear=0
shrinkage=0.05


Tree=173
num_leaves=31
num_cat=4
split_feature=4 0 8 4 10 0 3 0 8 9 11 9 8 8 9 0 8 10 8 8 0 9 12 3 9 0 10 9 11 1
split_gain=10.6751 14.7204 10.1372 20.8826 24.4623 27.0585 17.7125 48.229 23.0085 21.5779 19.6018 36.3346 29.5668 31.9605 28.4904 23.7881 20.039 16.9957 23.6284 31.0166 16.6602 16.4481 28.0222 21.3587 15.9722 15.8899 20.8269 16.0066 14.3536 17.1264
threshold=0 44.500000000000007 26.350000000000005 1 52.20000000000001 59.500000000000007 2 42.500000000000007 25.950000000000003 -80.749999999999986 127.40000000000002 -80.249999999999986 26.150000000000002 26.050000000000004 -80.149999999999991 41.500000000000007 25.950000000000003 24.435000000000006 25.950000000000003 25.750000000000004 44.500000000000007 -80.34999999999998 1.5000000000000002 3 -80.449999999999989 8.5000000000000018 14.005000000000001 -80.34999999999998 91.115000000000023 1.0000000180025095e-35
decision_type=9 2 2 9 8 2 9 2 2 2 8 2 2 2 2 2 2 10 2 2 2 2 8 9 2 2 8 2 10 2
left_child=1 -1 3 6 20 21 10 17 9 -9 -2 25 13 14 15 -13 -16 18 19 -8 -5 22 -6 -23 -4 -12 -27 -28 29 -26
right_child=2 -3 24 4 5 -7 7 8 -10 -11 11 12 -14 -15 16 -17 -18 -19 -20 -21 -22 23 -24 -25 28 26 27 -29 -30 -31
leaf_value=-0.0083404282583238402 -0.00056980628826748265 2.9940198385469688e-05 0.00025764065519071625 0.00030405930958874453 0.0050639704960926402 -0.0070096395054539684 0.0050638335541762338 -0.020635484382670821 -0.022399609528023137 0.0047969439278160667 0.00091175687849571758 -0.00011306592137994009 -0.01083506585233911 0.0081183809838733193 -0.010398626807924317 -0.012262743242111629 0.0089052049244064957 9.0940311933884749e-05 -0.00035038165779850418 0.02905233473891853 -0.0090901543867768272 0.018149519385892755 -0.013960722957161886 0.0070656213470335688 0.0081397265690887014 0.0025036813784013569 -0.0068230017739892013 -0.01362419106267021 -0.0011148384573416159 -0.0039049264663805873
leaf_weight=1531 31096 2200 169290 3720 2005 906 952 217 525 514 1138 2206 989 1803 387 1645 1686 1555 903 949 1365 1092 838 4010 5063 777 4133 2308 2235 747
leaf_count=1531 31096 2200 169290 3720 2005 906 952 217 525 514 1138 2206 989 1803 387 1645 1686 1555 903 949 1365 1092 838 4010 5063 777 4133 2308 2235 747
internal_value=7.45594e-05 -0.00257265 0.000115067 -0.000405292 0.00131843 0.00290599 -0.000852183 0.00180124 -0.00679305 -0.00101215 -0.00116212 -0.00252312 -0.00026358 0.000781957 -0.00099427 -0.00353535 0.0037206 0.0042916 0.00660981 0.00975929 -0.00144259 0.00384035 0.000788644 0.00553599 0.000313795 -0.00487688 -0.00574156 -0.00667338 0.00248914 0.00379725
internal_weight=248785 3731 245054 67719 13936 8851 53783 5615 1256 731 48168 17072 8716 7727 5924 3851 2073 4359 2804 1901 5085 7945 2843 5102 177335 8356 7218 6441 8045 5810
internal_count=248785 3731 245054 67719 13936 8851 53783 5615 1256 731 48168 17072 8716 7727 5924 3851 2073 4359 2804 1901 5085 7945 2843 5102 177335 8356 7218 6441 8045 5810
cat_boundaries=0 1 2 3 4
cat_threshold=64 18 12 8
is_linear=0
shrinkage=0.05


Tree=174
num_leaves=31
num_cat=2
split_feature=8 9 7 8 10 9 6 3 8 3 9 8 7 9 7 8 8 10 7 9 7 8 8 7 10 7 12 8 7 10
split_gain=8.58841 16.3281 15.22 16.9822 19.3023 14.2273 17.5525 15.7266 16.4127 13.5766 26.4647 29.5661 33.8696 21.4368 62.8115 45.5466 42.9003 26.8597 31.6615 22.859 33.472 30.1292 26.4633 18.2088 15.7593 14.35 13.278 12.7621 12.3238 15.7709
threshold=26.350000000000005 -80.449999999999989 18.500000000000004 26.050000000000004 20.955000000000002 -80.34999999999998 1.0000000180025095e-35 0 25.650000000000002 1 -80.249999999999986 25.750000000000004 15.500000000000002 -80.249999999999986 13.500000000000002 26.050000000000004 25.750000000000004 78.52500000000002 17.500000000000004 -80.149999999999991 16.500000000000004 26.150000000000002 26.050000000000004 15.500000000000002 6.0950000000000006 16.500000000000004 -5.4999999999999991 25.850000000000005 20.500000000000004 14.360000000000001
decision_type=2 2 2 2 8 2 2 9 2 9 2 2 2 2 2 2 2 8 2 2 2 2 2 2 10 2 8 2 2 8
left_child=2 26 9 5 -5 6 7 -4 -9 13 11 -11 24 17 15 16 -15 18 25 22 21 23 -16 -21 -13 -1 -2 -25 -3 -30
right_child=1 28 3 4 -6 -7 -8 8 -10 10 -12 12 -14 14 19 -17 -18 -19 -20 20 -22 -23 -24 27 -26 -27 -28 -29 29 -31
leaf_value=-0.00077580964722838712 -0.018150351080242235 0.011404757597098227 -0.020463967775520776 0.00061059410959711795 -0.010608618678376303 0.00063308920217486353 -0.027489899911320316 0.0082993942625521743 -0.013516611806745528 8.639329633721716e-05 -0.0063759475802962484 -0.016631400301276144 0.025273039809206033 0.028267427373372647 -0.001131903786288424 0.013212492452257774 -0.0085595833840081958 -0.0043658518284273922 0.0048339134030141563 0.004805487433295186 -0.0093443167258410401 -0.016545850239908066 -0.013675575741078118 0.00097673570236005429 0.0073348364127713951 -0.008602352436731131 0.00018623696656909773 0.023046882589945163 -0.0044660019384489937 0.0044463855330289627
leaf_weight=21028 308 1577 255 1198 2756 6163 215 672 280 2531 1261 294 1039 292 3068 1761 959 10847 5384 1766 1242 253 1111 238 1017 1829 172081 868 1114 5378
leaf_count=21028 308 1577 255 1198 2756 6163 215 672 280 2531 1261 294 1039 292 3068 1761 959 10847 5384 1766 1242 253 1111 238 1017 1829 172081 868 1114 5378
internal_value=6.69226e-05 0.000247689 -0.000410466 -0.00206511 -0.00471746 -0.000678078 -0.0051676 -0.00275267 0.000308642 -7.39463e-05 0.00214216 0.00381313 0.00783898 -0.000343426 0.00154737 0.00774322 0.000436162 -0.000902859 -9.02623e-05 -0.000642824 0.00188485 0.00464115 -0.00328241 0.00610687 0.00246026 -0.000903048 0.000144722 0.0111111 0.00244461 0.00147647
internal_weight=248785 180458 68327 11539 3954 7585 1422 1207 952 56788 6142 4881 2350 50646 11558 3012 1251 39088 28241 8546 4367 3125 4179 2872 1311 22857 172389 1106 8069 6492
internal_count=248785 180458 68327 11539 3954 7585 1422 1207 952 56788 6142 4881 2350 50646 11558 3012 1251 39088 28241 8546 4367 3125 4179 2872 1311 22857 172389 1106 8069 6492
cat_boundaries=0 1 2
cat_threshold=6 12
is_linear=0
shrinkage=0.05


Tree=175
num_leaves=31
num_cat=5
split_feature=8 10 7 10 0 4 6 8 3 9 4 10 10 10 8 0 4 7 7 9 10 10 4 0 0 0 0 9 7 9
split_gain=7.65477 7.23829 18.7391 16.3072 13.0367 8.7302 6.8756 8.76885 6.28893 13.0003 11.0105 13.457 11.0239 22.4722 9.08479 11.0178 13.2585 17.7217 13.989 11.5223 10.2542 11.5963 8.03926 8.30877 8.03252 7.97153 8.81407 7.93226 10.8866 11.7266
threshold=24.550000000000004 1.0000000180025095e-35 13.500000000000002 6.205000000000001 52.500000000000007 0 2.5000000000000004 28.250000000000004 1 -80.34999999999998 2 23.905000000000005 68.420000000000016 100.98500000000001 30.350000000000005 7.5000000000000009 3 14.500000000000002 13.500000000000002 -81.449999999999989 14.005000000000001 31.385000000000002 4 55.500000000000007 30.500000000000004 52.500000000000007 43.500000000000007 -81.449999999999989 16.500000000000004 -85.34999999999998
decision_type=2 8 2 8 2 9 2 2 9 2 9 10 10 10 2 2 9 2 2 2 8 8 9 2 2 2 2 2 2 2
left_child=-1 2 -2 4 5 -3 7 -7 9 10 11 -5 14 27 15 -12 18 24 19 -17 -16 -22 23 -15 -18 26 -20 28 29 -14
right_child=1 3 -4 8 -6 6 -8 -9 -10 -11 12 -13 13 22 20 16 17 -19 25 -21 21 -23 -24 -25 -26 -27 -28 -29 -30 -31
leaf_value=-0.010162404486408328 -0.0087328094351471815 0.0075108802820143877 0.0062002714774000546 -0.014335326583110231 -0.028017671467101525 0.00082190134933011203 -0.016787774780188069 -0.014394376395781984 -5.0700958933624922e-05 0.020895866192073821 -0.013749658447172087 0.011135976653365631 -0.00027925231892762526 0.0023782323190784552 0.027798869584490762 -0.0038169471792802059 -0.0081115682308709591 -0.014190340560033522 0.0066079991432811628 0.014904105275410551 -0.008849357957940774 0.0098717575463165737 -0.0044503947493682808 0.0071690598136038737 0.0095092897737973914 0.010163379806143525 -0.0037247124748836405 0.0016016960530815805 -0.0020798082271952902 -0.018938661127538749
leaf_weight=329 396 331 1439 200 254 1001 791 440 230525 358 364 554 247 1452 222 1667 284 558 2839 217 202 699 358 461 373 335 436 440 793 742
leaf_count=329 396 331 1439 200 254 1001 791 440 230525 358 364 554 247 1452 222 1667 284 558 2839 217 202 699 358 461 373 335 436 440 793 742
internal_value=-1.38378e-05 -3.61463e-06 0.00311653 -2.69064e-05 -0.00380262 -0.00270113 -0.00381883 -0.00175741 1.67802e-05 0.00105275 0.000799078 0.00658915 0.000444567 -0.00154342 0.00153546 0.000868276 0.00133204 -0.00336032 0.00237577 -0.00110876 0.00569285 0.0032382 0.0019509 0.00323332 0.00217391 0.0041989 0.00342466 -0.00510753 -0.00658482 -0.0100601
internal_weight=249307 248978 1835 247143 2817 2563 2232 1441 244326 13801 13443 754 12689 4493 8196 7073 6709 1215 5494 1884 1123 901 2271 1913 657 3610 3275 2222 1782 989
internal_count=249307 248978 1835 247143 2817 2563 2232 1441 244326 13801 13443 754 12689 4493 8196 7073 6709 1215 5494 1884 1123 901 2271 1913 657 3610 3275 2222 1782 989
cat_boundaries=0 1 2 3 4 5
cat_threshold=152 16 32 70 146
is_linear=0
shrinkage=0.05


Tree=176
num_leaves=31
num_cat=1
split_feature=12 10 8 0 10 8 10 11 7 4 8 0 0 0 11 0 8 11 11 11 10 8 8 0 11 10 7 11 8 0
split_gain=7.51011 15.2386 15.2312 8.31881 6.50589 20.3751 15.045 13.4977 9.30841 7.36251 9.8521 6.56716 9.46532 6.48778 7.62294 7.07769 6.51394 6.17133 9.03072 6.05185 31.6714 35.1769 47.479 28.5014 27.0345 22.9675 18.425 17.1939 24.9481 16.3292
threshold=-1.0000000180025095e-35 44.865000000000009 27.550000000000004 11.500000000000002 1.0000000180025095e-35 26.550000000000004 6.205000000000001 104.58500000000002 15.500000000000002 0 28.250000000000004 34.500000000000007 23.500000000000004 100.50000000000001 69.585000000000022 106.50000000000001 24.550000000000004 59.440000000000005 87.500000000000014 63.750000000000007 36.195000000000007 27.250000000000004 27.450000000000003 48.500000000000007 62.915000000000006 20.195000000000004 16.500000000000004 66.040000000000006 25.950000000000003 36.500000000000007
decision_type=8 10 2 2 8 2 8 10 2 9 2 2 2 2 8 2 2 10 10 8 10 2 2 2 10 10 2 8 2 2
left_child=1 3 -3 -1 5 -2 7 9 -9 10 17 12 -7 16 -15 -16 -8 -6 -19 20 23 -22 26 25 -24 -18 -23 28 29 -21
right_child=4 2 -4 -5 6 11 13 8 -10 -11 -12 -13 -14 14 15 -17 19 18 -20 27 21 22 24 -25 -26 -27 -28 -29 -30 -31
leaf_value=0.010061586988784389 -0.0095978389433360803 -0.00010470002325986273 -0.008447245663092762 -0.00024259737862930564 0.0061070299691290408 0.0020104974482179293 -0.0096542842620879199 -0.024277402404420202 -0.0083821797279745713 0.008507557248085806 -0.015591417907471029 -0.0013691320509882311 0.0235237666991325 -0.01231119803273888 -0.0084506991145592465 0.0046284651115239056 0.0035203069792023815 -0.014767378134546139 0.005412385134610842 0.008164661983916811 -0.0037828560747932283 0.023895818090160861 0.002589768367114509 -0.024374834513168599 -0.024836788721361105 -0.0088538469135536427 -0.00088383339604716229 7.675804622184757e-05 -0.0064143907535299423 -0.0077725427380695329
leaf_weight=436 474 1323 1777 2329 412 695 307 376 417 279 600 227 397 245 299 266 1772 260 292 1234 5002 1141 18477 369 271 2405 280 201271 5146 528
leaf_count=436 474 1323 1777 2329 412 695 307 376 417 279 600 227 397 245 299 266 1772 260 292 1234 5002 1141 18477 369 271 2405 280 201271 5146 528
internal_value=-1.22334e-05 -0.00177872 -0.00418006 0.000918919 3.03961e-05 0.00302274 8.06922e-06 -0.0037415 -0.00915318 -0.00137615 -0.00271465 0.00620767 0.00780399 4.95768e-05 -0.00439024 -0.00113043 6.48579e-05 0.000410678 -0.00302491 7.43991e-05 0.00074175 0.00143561 0.00236632 -0.00309482 0.00169528 -0.00189873 0.0111461 -2.08945e-05 -0.00247181 0.00265237
internal_weight=249307 5865 3100 2765 243442 1793 241649 2636 793 1843 1564 1319 1092 239013 810 565 238203 964 552 237896 29717 25171 20169 4546 18748 4177 1421 208179 6908 1762
internal_count=249307 5865 3100 2765 243442 1793 241649 2636 793 1843 1564 1319 1092 239013 810 565 238203 964 552 237896 29717 25171 20169 4546 18748 4177 1421 208179 6908 1762
cat_boundaries=0 1
cat_threshold=38
is_linear=0
shrinkage=0.05


Tree=177
num_leaves=31
num_cat=5
split_feature=10 7 10 11 7 12 10 7 3 0 3 3 11 0 9 10 11 10 0 9 0 11 7 11 10 0 3 3 10 0
split_gain=7.26521 15.9327 15.201 12.9919 9.56164 6.68202 13.3948 10.3666 7.67693 7.01932 7.89541 6.64591 14.563 13.0735 10.8269 12.2657 9.96721 26.5517 29.7167 20.6199 15.3902 42.7783 31.7553 14.9197 17.44 14.2999 14.0691 13.0037 12.717 15.5855
threshold=1.0000000180025095e-35 13.500000000000002 6.205000000000001 104.58500000000002 15.500000000000002 -1.0000000180025095e-35 44.865000000000009 12.500000000000002 0 11.500000000000002 1 2 89.720000000000013 13.500000000000002 -81.149999999999991 67.305000000000021 63.750000000000007 36.655000000000008 48.500000000000007 -82.549999999999983 39.500000000000007 60.415000000000006 16.500000000000004 66.040000000000006 32.690000000000005 35.500000000000007 3 4 50.865000000000002 30.500000000000004
decision_type=8 2 8 10 2 8 10 2 9 2 9 9 8 2 2 8 8 10 2 2 2 10 2 8 10 2 9 9 10 2
left_child=1 -1 3 -2 -5 6 9 -8 -9 -4 -11 12 13 -7 -14 -16 17 18 19 26 21 28 25 24 27 -23 -13 -18 29 -19
right_child=2 -3 5 4 -6 11 7 8 -10 10 -12 16 14 -15 15 -17 23 20 -20 -21 -22 22 -24 -25 -26 -27 -28 -29 -30 -31
leaf_value=-0.0081064854260119116 -0.0022950097807214577 0.0057897330311191377 0.011047440174413482 -0.023612069555673368 -0.0078605789709208732 -0.023824750968885502 0.0046656802135194297 -0.016413508266151001 -0.0047194433058095342 0.0082713816119367681 -0.0024548492614327347 0.0041936695839031035 0.0017743820317163818 -0.0012387169363883288 0.019934191961710826 0.0022447189380766729 -0.0058176087823281989 -0.0114399728671426 -0.023156092787510209 0.0021027627579328634 -5.7198580515072099e-05 0.022687780234328426 -0.010477025070913372 -6.1183734162462147e-05 -0.012640421827915072 0.0055761017414521332 -0.01419877177160931 0.0012662432232812826 0.0038841695855967198 0.0040120028599738072
leaf_weight=396 2011 1439 395 383 424 320 409 590 2101 409 1737 452 10094 2329 425 462 2478 979 363 2218 9338 943 267 190501 1304 360 1308 3084 10986 802
leaf_count=396 2011 1439 395 383 424 320 409 590 2101 409 1737 452 10094 2329 425 462 2478 979 363 2218 9338 943 267 190501 1304 360 1308 3084 10986 802
internal_value=-9.42575e-06 0.00311653 -3.27297e-05 -0.00367751 -0.00899633 9.40065e-06 -0.00168997 -0.00389068 -0.00501666 0.000999608 -0.000139147 4.95768e-05 0.00112088 -0.00220008 0.0019243 0.00719064 -1.53059e-05 0.000867052 -0.00272351 -0.00145436 0.00152628 0.00255454 0.0103165 -0.000140594 -0.00242874 0.0135187 -0.00548023 -0.00120244 0.00159271 -0.00231714
internal_weight=249307 1835 247472 2818 807 244654 5641 3100 2691 2541 2146 239013 13630 2649 10981 887 225383 28016 4341 3978 23675 14337 1570 197367 6866 1303 1760 5562 12767 1781
internal_count=249307 1835 247472 2818 807 244654 5641 3100 2691 2541 2146 239013 13630 2649 10981 887 225383 28016 4341 3978 23675 14337 1570 197367 6866 1303 1760 5562 12767 1781
cat_boundaries=0 1 2 3 4 5
cat_threshold=18 8 16 2 10
is_linear=0
shrinkage=0.05


Tree=178
num_leaves=31
num_cat=5
split_feature=8 10 10 0 0 0 4 3 9 10 0 8 10 0 4 10 10 10 4 8 7 8 4 10 0 0 0 0 0 10
split_gain=7.07926 6.47353 15.1753 14.5897 12.4602 9.47341 6.85604 5.95057 12.3086 10.676 12.6108 10.1111 21.4563 12.2257 12.8889 9.79017 9.44045 10.5873 10.2011 9.35935 13.4781 8.63168 8.60417 8.47313 9.8708 8.02946 20.1078 10.0989 13.5176 7.61755
threshold=24.550000000000004 1.0000000180025095e-35 6.205000000000001 33.500000000000007 52.500000000000007 23.500000000000004 0 1 -80.34999999999998 42.845000000000006 48.500000000000007 27.850000000000005 19.870000000000001 22.500000000000004 2 103.31500000000001 14.005000000000001 11.955000000000002 3 28.750000000000004 14.500000000000002 26.450000000000003 4 68.420000000000016 31.500000000000004 51.500000000000007 42.500000000000007 25.500000000000004 18.500000000000004 62.085000000000008
decision_type=2 8 8 2 2 2 9 9 2 10 2 2 10 2 9 10 10 10 9 2 2 2 9 10 2 2 2 2 2 10
left_child=-1 3 4 5 6 -2 -3 8 9 10 11 12 -4 -14 -15 23 17 19 -18 -13 -21 -12 25 29 -25 26 27 28 -17 -11
right_child=1 2 7 -5 -6 -7 -8 -9 -10 15 21 16 13 14 -16 22 18 -19 -20 20 -22 -23 -24 24 -26 -27 -28 -29 -30 -31
leaf_value=-0.0091685108622754363 0.00096322726662663178 -0.0064426610236099973 -0.0096330421070884853 -0.0052388294870905133 -0.024825853167562431 0.016306652300706447 0.0067844139053097946 -3.8194061994811791e-05 0.019292762207664363 -0.0024015255486199653 0.0015232858526796457 0.0084852801001189526 -0.010870363961612296 0.025255142216452156 0.0040162000388902722 0.0069311536252468116 0.021954282761709722 0.025178189555049892 -0.0030180965312748055 0.0095960086999228988 -0.012399479325202245 0.01400032236865778 -0.0050076637407305393 -0.010561213749374333 -0.00085215762804380368 0.0074600175552590464 -0.010619719578184883 0.014047889438513029 -0.012557873957617982 0.0074160475041795682
leaf_weight=329 826 2219 1226 535 254 474 344 230525 358 1550 397 929 225 205 743 351 215 211 1034 519 338 549 343 1147 1284 614 292 496 231 544
leaf_count=329 826 2219 1226 535 254 474 344 230525 358 1550 397 929 225 205 743 351 215 211 1034 519 338 549 343 1147 1284 614 292 496 231 544
internal_value=-6.61808e-06 3.21301e-06 -1.88143e-05 0.00295393 -0.00366112 0.00580153 -0.00258453 2.33285e-05 0.00103104 0.000784212 0.00221936 0.00131742 -0.00114155 0.00367709 0.00615866 -0.000597493 0.00313268 0.0052566 -0.000277998 0.00395323 0.00017301 0.00753138 0.00203252 -0.00195149 -0.0039533 0.00329341 0.00115942 0.00431985 -0.000168919 0.000380228
internal_weight=249307 248978 247143 1835 2817 1300 2563 244326 13801 13443 6591 5645 2399 1173 948 6852 3246 1997 1249 1786 857 946 2327 4525 2431 1984 1370 1078 582 2094
internal_count=249307 248978 247143 1835 2817 1300 2563 244326 13801 13443 6591 5645 2399 1173 948 6852 3246 1997 1249 1786 857 946 2327 4525 2431 1984 1370 1078 582 2094
cat_boundaries=0 1 2 3 4 5
cat_threshold=38 16 36 164 178
is_linear=0
shrinkage=0.05


Tree=179
num_leaves=31
num_cat=3
split_feature=8 12 7 10 8 11 8 8 9 10 0 8 7 10 4 11 8 11 10 10 4 7 9 12 0 10 10 0 10 4
split_gain=6.49154 5.85727 16.0889 9.91341 7.26599 5.88498 24.2754 49.9554 31.6128 32.1028 31.7249 26.9285 24.5732 20.5241 19.0568 15.4214 19.9636 15.3138 15.1611 15.0999 14.767 13.6698 15.1343 13.9953 12.5654 11.8916 20.2855 13.0738 11.7664 11.6929
threshold=24.550000000000004 -1.0000000180025095e-35 9.5000000000000018 86.490000000000023 27.550000000000004 63.750000000000007 27.250000000000004 27.450000000000003 -82.449999999999989 42.415000000000006 51.500000000000007 29.050000000000004 16.500000000000004 43.525000000000013 0 66.040000000000006 25.950000000000003 62.915000000000006 106.34000000000002 19.870000000000001 1 17.500000000000004 -81.649999999999991 1.5000000000000002 36.500000000000007 76.840000000000018 18.335000000000004 25.500000000000004 55.605000000000011 2
decision_type=2 8 2 10 2 8 2 2 2 10 2 2 2 10 9 8 2 10 10 10 9 2 2 10 2 10 10 2 10 9
left_child=-1 2 -2 -4 -5 6 29 18 9 11 17 -9 -12 -11 -15 16 24 21 -8 -13 -18 28 -23 25 -7 26 -24 -27 -10 -3
right_child=1 5 3 4 -6 15 7 8 10 13 12 19 -14 14 -16 -17 20 -19 -20 -21 -22 22 23 -25 -26 27 -28 -29 -30 -31
leaf_value=-0.0087100853191616427 0.013219071465384681 -0.0021667964868144819 -0.00091953580884505124 -0.0018978155226660133 -0.0083805522085859795 0.007945632817236082 0.012603006268760453 -0.019155327968075397 0.0086599297838370511 0.012314061105198082 -0.0065924522951520629 0.01107885544318421 0.0021204122160110475 0.011872505070387352 -0.001800386701989032 2.2979492639230162e-05 -0.0047199000673243674 -0.020852133132440366 0.023818791218972415 -0.0067350174631854998 -0.016514185706087314 0.013672801067979901 0.0073408776108804478 -0.0044283986672620573 -0.0073468906883641166 -0.0031434347871106996 -0.0095978460525031131 0.010279782903628921 0.0022110992989997414 -0.017192812951194816
leaf_weight=329 205 5130 4118 550 973 1238 1200 1238 2994 312 1160 391 1808 489 6442 205291 4629 201 538 1216 631 1294 658 1294 529 551 745 1586 1002 565
leaf_count=329 205 5130 4118 550 973 1238 1200 1238 2994 312 1160 391 1808 489 6442 205291 4629 201 538 1216 631 1294 658 1294 529 551 745 1586 1002 565
internal_value=-1.78488e-05 -8.43414e-06 -0.00157104 -0.00207928 -0.00551207 2.9201e-05 0.000674799 0.00134307 0.000733188 -0.00137651 0.00233406 -0.0058669 -0.00221625 0.000392941 -0.000180089 -6.45228e-05 -0.00236607 0.00364296 0.00949657 -0.00157699 -0.00390892 0.00391751 0.0024275 0.00113543 0.00222285 0.00276056 -0.000813871 0.00510014 0.00619071 -0.00226994
internal_weight=249307 248978 5846 5641 1523 243132 30814 25119 23381 10088 13293 2845 2968 7243 6931 212318 7027 10325 1738 1607 5260 10124 6128 4834 1767 3540 1403 2137 3996 5695
internal_count=249307 248978 5846 5641 1523 243132 30814 25119 23381 10088 13293 2845 2968 7243 6931 212318 7027 10325 1738 1607 5260 10124 6128 4834 1767 3540 1403 2137 3996 5695
cat_boundaries=0 1 2 3
cat_threshold=20 2 30
is_linear=0
shrinkage=0.05


Tree=180
num_leaves=31
num_cat=3
split_feature=4 9 11 3 8 10 8 11 10 10 0 9 0 9 9 0 10 11 8 11 8 10 10 10 4 0 10 0 0 10
split_gain=8.98863 31.4243 17.1178 13.4023 14.0831 17.1867 14.009 12.8014 13.9957 14.3529 12.6674 12.4911 9.67149 12.414 9.09075 8.99198 8.83294 9.34741 17.8606 11.311 9.9382 16.6609 8.41009 16.6344 9.5953 17.815 14.7192 10.9572 13.3042 17.6605
threshold=0 -87.149999999999991 93.610000000000014 1 27.550000000000004 9.365000000000002 27.450000000000003 52.615000000000002 11.010000000000002 14.360000000000001 8.5000000000000018 -82.449999999999989 50.500000000000007 -80.34999999999998 -80.049999999999983 42.500000000000007 27.375000000000004 109.36000000000001 27.850000000000005 49.585000000000008 28.250000000000004 89.040000000000006 136.87500000000003 133.49500000000003 2 16.500000000000004 18.665000000000003 42.500000000000007 50.500000000000007 99.295000000000016
decision_type=9 2 10 9 2 10 2 8 8 8 2 2 2 2 2 2 10 10 2 10 2 10 10 10 9 2 8 2 2 8
left_child=1 2 -1 12 6 11 7 -5 -9 -10 -7 -6 13 -3 -2 -16 -12 18 -18 -20 -19 -22 23 24 25 -11 -27 -28 -29 -30
right_child=14 3 -4 4 5 10 -8 8 9 22 16 -13 -14 -15 15 -17 17 20 19 -21 21 -23 -24 -25 -26 26 27 28 29 -31
leaf_value=0.01992387014193895 -4.1612097055665487e-05 0.00076346421245849789 0.0014646287745337717 -0.020383441880483934 -0.0080785687435750205 0.028117104334217925 -0.013771662133818731 0.0099972871317718596 -0.020484281084919065 -0.0042772493447587046 0.023204869133091499 0.0091478360038061979 -0.0075516974180535714 0.020361836532587854 0.013384792402497948 -0.0053730367771057889 -0.022301696620613678 0.0067827730294723228 0.020111751172020756 0.00052615378896696545 0.0056511503966475201 -0.011882243288977579 0.015156243909227429 -0.0086471038900327816 -0.0019009937703141412 -0.015430693525587503 0.0011713453918975603 0.0056892084512758963 -0.0058280719665140708 0.015049191266269758
leaf_weight=427 224274 500 254 373 1128 251 547 669 405 273 455 373 220 817 467 216 347 1990 385 2330 283 374 382 455 6445 202 2266 1217 571 322
leaf_count=427 224274 500 254 373 1128 251 547 669 405 273 455 373 220 817 467 216 347 1990 385 2330 283 374 382 455 6445 202 2266 1217 571 322
internal_value=8.0649e-05 0.000994605 0.0115051 0.000686732 0.000369397 0.00205652 -0.000576501 -0.000257542 3.78301e-06 -0.000374562 0.00318288 -0.00274653 0.0051702 0.00681989 -1.80018e-05 0.00569986 0.00272109 0.00217695 0.000292969 0.00166972 0.00434701 -0.000974513 -6.1764e-05 -0.000301845 7.96038e-05 0.00175529 0.00250654 0.00312358 0.00570755 0.00105205
internal_weight=249218 24261 681 23580 22043 7916 14127 13580 13207 12538 6415 1501 1537 1317 224957 683 6164 5709 3062 2715 2647 657 12133 11751 11296 4851 4578 4376 2110 893
internal_count=249218 24261 681 23580 22043 7916 14127 13580 13207 12538 6415 1501 1537 1317 224957 683 6164 5709 3062 2715 2647 657 12133 11751 11296 4851 4578 4376 2110 893
cat_boundaries=0 1 2 3
cat_threshold=160 8 32
is_linear=0
shrinkage=0.05


Tree=181
num_leaves=31
num_cat=1
split_feature=3 10 10 11 0 9 11 8 9 11 0 11 9 11 0 9 10 9 10 10 0 10 11 8 0 7 8 7 0 8
split_gain=7.69733 11.9066 14.3253 12.077 11.3896 11.5951 8.08654 18.9175 26.8767 26.2575 22.7949 44.7241 33.8789 39.435 31.2371 21.5525 21.3518 19.9299 20.9123 17.637 31.4052 15.7806 13.7371 23.7776 14.9644 13.6166 16.5659 15.6758 15.0194 14.9817
threshold=0 15.085000000000003 11.955000000000002 101.25000000000001 32.500000000000007 -80.749999999999986 63.750000000000007 29.950000000000003 -86.049999999999983 53.165000000000006 38.500000000000007 54.675000000000004 -82.549999999999983 56.835000000000008 22.500000000000004 -81.549999999999983 30.795000000000005 -82.549999999999983 50.155000000000008 85.760000000000005 50.500000000000007 60.355000000000011 49.585000000000008 29.650000000000002 36.500000000000007 16.500000000000004 25.950000000000003 18.500000000000004 18.500000000000004 29.750000000000004
decision_type=9 8 10 10 2 2 8 2 2 10 2 10 2 10 2 2 10 2 10 10 2 10 10 2 2 2 2 2 2 2
left_child=1 2 3 -1 -3 -6 7 9 -9 22 12 -12 13 16 -14 -10 -11 18 -13 20 21 -19 25 24 -24 26 -2 -27 -28 -29
right_child=6 4 -4 -5 5 -7 -8 8 15 10 11 17 14 -15 -16 -17 -18 19 -20 -21 -22 -23 23 -25 -26 27 28 29 -30 -31
leaf_value=0.012905465850630194 0.016774067260779235 -0.00071763047248056826 0.020744415728808186 -0.011295214860417247 0.001939720447057436 0.015016868796616479 -9.652626229459394e-05 -0.007129036935336952 0.01040929906582555 -0.0081414856879137975 0.0099356680703303283 -0.030671592414525772 6.9740658980332887e-05 0.0030975939489229724 0.013731435326595598 -0.0035722322585936442 -0.042540480926257285 0.003363576505646382 -0.0084450165136003893 0.0041659433470405466 -0.0091428693441755193 -0.01406680618729288 -0.0084798209612416461 0.0009783466968254829 -0.031523713223337781 -0.012464892194733812 0.013591416879268703 -0.00016000115132426275 -0.0024702194886792928 -0.017557460787618818
leaf_weight=377 292 6733 532 319 5783 395 203820 1259 4163 375 802 277 1585 1964 3339 773 223 1608 622 1571 1505 397 860 955 367 1122 798 3236 2910 256
leaf_count=377 292 6733 532 319 5783 395 203820 1259 4163 375 802 277 1585 1964 3339 773 223 1608 622 1571 1505 397 860 955 367 1122 798 3236 2910 256
internal_value=7.90441e-05 0.00121124 0.00589661 0.00113314 0.000762325 0.00231092 1.08465e-05 0.000759538 0.00323127 0.000147563 0.00155484 -0.000544759 0.00345518 -0.00120529 0.00587758 0.00489284 -0.0123355 -0.00203673 -0.00885589 -0.000815164 -0.00278409 0.00131514 -0.00171201 -0.00524635 -0.00982215 -0.000811688 0.0013217 -0.00266003 0.000403443 -0.000999429
internal_weight=249218 14139 1228 696 12911 6178 235079 31259 6195 25064 14268 6782 7486 2562 4924 4936 598 5980 899 5081 3510 2005 10796 2182 1227 8614 4000 4614 3708 3492
internal_count=249218 14139 1228 696 12911 6178 235079 31259 6195 25064 14268 6782 7486 2562 4924 4936 598 5980 899 5081 3510 2005 10796 2182 1227 8614 4000 4614 3708 3492
cat_boundaries=0 1
cat_threshold=16
is_linear=0
shrinkage=0.05


Tree=182
num_leaves=31
num_cat=1
split_feature=4 9 7 7 0 7 9 0 0 11 9 0 9 0 11 0 0 10 7 9 7 9 5 0 7 10 7 9 0 7
split_gain=8.44378 30.0502 27.1016 24.577 11.5249 10.7443 21.3149 15.3321 24.5043 12.4795 28.42 34.7646 19.5017 12.8432 14.579 12.0424 11.267 11.6135 9.88486 18.5294 15.7906 12.1676 22.6235 34.1392 8.99083 8.98727 8.73049 8.64321 8.68748 8.14592
threshold=0 -85.049999999999983 18.500000000000004 13.500000000000002 34.500000000000007 12.500000000000002 -81.84999999999998 54.500000000000007 24.500000000000004 109.36000000000001 -81.84999999999998 54.500000000000007 -81.84999999999998 54.500000000000007 99.585000000000022 31.500000000000004 20.500000000000004 89.490000000000023 14.500000000000002 -82.649999999999991 13.500000000000002 -81.949999999999989 3.5000000000000004 34.500000000000007 15.500000000000002 6.9000000000000012 10.500000000000002 -80.049999999999983 42.500000000000007 23.500000000000004
decision_type=9 2 2 2 2 2 2 2 2 10 2 2 2 2 10 2 2 8 2 2 2 2 2 2 2 10 2 2 2 2
left_child=1 2 3 -1 -5 6 7 8 -3 10 11 15 18 -12 24 16 17 -7 19 -11 -21 -22 -23 -24 -15 -8 -27 29 -29 -2
right_child=27 5 -4 4 -6 9 25 -9 -10 12 13 -13 -14 14 -16 -17 -18 -19 -20 20 21 22 23 -25 -26 26 -28 28 -30 -31
leaf_value=0.026808331433017862 1.4370194712221008e-05 -0.023673161816409129 0.01881299316390872 0.0059077827587147528 -0.0098408700749011771 0.010662553461217207 0.018880172222917047 -0.012847873372195728 2.6730911611494435e-05 -0.012069448275505447 0.0042277050016928724 0.01033139322432044 -0.0022630683820247912 -0.014590359525387165 -0.013117237407039274 -0.0063169830948794472 -0.019148780401550925 -0.014596897808231103 0.0063000350244662336 0.011851740792707144 -0.0097374095546940431 0.018776401831705682 0.029932833835782713 -0.014604924467801395 0.0044915700212659008 0.0083964461698013537 -0.014164468268598719 0.012720379095487823 -0.0050995586251357146 -0.0028849661036405294
leaf_weight=708 218581 443 260 735 394 230 388 398 1430 436 6535 453 1817 271 207 2022 682 405 3023 965 254 260 286 320 637 292 410 467 216 5693
leaf_count=708 218581 443 260 735 394 230 388 398 1430 436 6535 453 1817 271 207 2022 682 405 3023 965 254 260 286 320 637 292 410 467 216 5693
internal_value=7.58342e-05 0.000961657 0.00666825 0.0044667 -0.000131694 0.00041941 -0.00218036 -0.00493205 -0.00300053 0.000885026 -0.000148446 -0.00368227 0.00248949 0.00160574 -0.00333333 -0.00544939 -0.00915599 -0.00426357 0.00396111 0.00163967 0.00360382 -0.000442478 0.00239726 -0.00292208 -0.000544662 0.00354545 0.000140449 -1.97798e-05 0.00555556 -3.70067e-05
internal_weight=249218 24261 2097 1837 1129 22164 3361 2271 1873 18803 11442 3792 7361 7650 1115 3339 1317 635 5544 2521 2085 1120 866 606 908 1090 702 224957 683 224274
internal_count=249218 24261 2097 1837 1129 22164 3361 2271 1873 18803 11442 3792 7361 7650 1115 3339 1317 635 5544 2521 2085 1120 866 606 908 1090 702 224957 683 224274
cat_boundaries=0 1
cat_threshold=160
is_linear=0
shrinkage=0.05


Tree=183
num_leaves=31
num_cat=1
split_feature=0 8 8 2 9 7 8 8 11 8 7 9 12 8 0 5 8 8 11 11 5 7 9 9 0 0 8 8 9 3
split_gain=6.76765 22.2821 24.2564 21.1377 14.6181 30.0571 15.8757 25.8018 19.6147 15.2731 23.6744 18.358 22.5126 13.8178 11.8231 45.1407 79.5825 26.6487 21.9338 17.5569 17.1788 35.0723 78.0328 41.4222 39.228 33.1246 32.4759 57.5555 48.3202 34.3885
threshold=61.500000000000007 28.150000000000002 29.350000000000005 1.0000000180025095e-35 -82.749999999999986 14.500000000000002 25.950000000000003 26.150000000000002 115.41500000000001 27.950000000000003 15.500000000000002 -82.449999999999989 -1.0000000180025095e-35 27.950000000000003 49.500000000000007 1.5000000000000002 27.850000000000005 27.750000000000004 117.08500000000002 67.915000000000006 1.5000000000000002 16.500000000000004 -80.149999999999991 -82.549999999999983 38.500000000000007 8.5000000000000018 27.450000000000003 28.250000000000004 -82.449999999999989 0
decision_type=2 2 2 2 2 2 2 2 8 2 2 2 10 2 2 2 2 2 10 10 2 2 2 2 2 2 2 2 2 9
left_child=14 4 3 -3 -2 -6 -7 -8 13 10 -10 12 -12 -9 20 16 17 18 -16 -19 21 22 26 25 -25 -23 29 28 -28 -1
right_child=1 2 -4 -5 5 6 7 8 9 -11 11 -13 -14 -15 15 -17 -18 19 -20 -21 -22 23 -24 24 -26 -27 27 -29 -30 -31
leaf_value=0.0083992613107888303 0.0019108637864785562 -0.0086182935738687416 -0.00021723388908343467 0.0047162466442743252 0.0016472949007781956 -0.012119112495573604 0.0074222114999138002 -0.00062677116512244169 -0.0055989221210584368 -0.007369048232201348 -0.019359126968767893 -0.0083817983221856195 0.0024533653128082202 0.0085629788471403238 0.003327491204202726 -0.0008549152244559544 -0.0017278704163773641 -0.015909227590198239 -0.008719825985331742 0.0060833344401649116 0.00047825590728427518 -0.01471529682653463 0.021656575539595126 -0.00036830391025062249 -0.0091845280873352319 0.0031244784861459429 -0.015361851608479428 -0.0018710736878745139 0.0056362191183519711 -0.0040809523073636724
leaf_weight=2798 4318 2013 2511 352 8503 806 1161 2787 2101 704 234 464 2133 356 8967 17426 5558 203 221 3780 122126 650 1029 17640 3689 16895 5591 6623 711 6868
leaf_count=2798 4318 2013 2511 352 8503 806 1161 2787 2101 704 234 464 2133 356 8967 17426 5558 203 221 3780 122126 650 1029 17640 3689 16895 5591 6623 711 6868
internal_value=7.3828e-05 -0.000651952 -0.00372493 -0.00734737 -1.4845e-05 -0.000604912 -0.00236147 -0.00180905 -0.00273638 -0.00449876 -0.00350061 -0.000510384 0.00128313 0.000428164 0.000167357 0.000994055 0.00269758 0.00481375 0.00332681 0.0082269 5.41624e-06 -0.000668757 -0.0021879 0.000254603 -0.00122546 0.00205355 -0.00280297 -0.00444144 -0.00785805 -0.000609756
internal_weight=249218 28443 4876 2365 23567 19249 10746 9940 8779 5636 4932 2831 2367 3143 220775 36155 18729 13171 9188 3983 184620 62494 23620 38874 21329 17545 22591 12925 6302 9666
internal_count=249218 28443 4876 2365 23567 19249 10746 9940 8779 5636 4932 2831 2367 3143 220775 36155 18729 13171 9188 3983 184620 62494 23620 38874 21329 17545 22591 12925 6302 9666
cat_boundaries=0 1
cat_threshold=10
is_linear=0
shrinkage=0.05


Tree=184
num_leaves=31
num_cat=3
split_feature=4 9 7 3 11 9 0 3 11 11 9 7 10 10 0 9 0 0 10 0 9 0 0 9 0 9 0 0 10 10
split_gain=6.72405 29.667 20.835 11.5446 9.53657 28.0157 19.2991 22.03 15.3507 13.4579 20.3749 14.2522 16.5214 16.4308 16.5312 14.5265 24.32 15.8002 16.7177 17.041 17.9804 15.7239 12.7908 11.7818 14.4146 10.9674 14.8106 9.88034 11.9639 31.7838
threshold=0 -87.149999999999991 18.500000000000004 1 85.680000000000021 -81.84999999999998 40.500000000000007 2 34.345000000000006 90.160000000000011 -85.749999999999986 14.500000000000002 105.61500000000001 36.145000000000003 50.500000000000007 -82.049999999999983 18.500000000000004 57.500000000000007 135.49000000000004 18.500000000000004 -82.549999999999983 44.500000000000007 54.500000000000007 -82.149999999999991 31.500000000000004 -82.649999999999991 40.500000000000007 26.500000000000004 20.955000000000002 27.065000000000001
decision_type=9 2 2 9 10 2 2 9 10 10 2 2 10 10 2 2 2 2 10 2 2 2 2 2 2 2 2 2 10 10
left_child=1 2 -1 -3 5 6 7 -5 -8 10 -6 15 13 -13 -15 17 -17 18 19 -11 21 -21 -22 24 -9 26 -14 -18 -29 -30
right_child=-2 3 -4 4 9 -7 8 23 -10 11 -12 12 25 14 -16 16 27 -19 -20 20 22 -23 -24 -25 -26 -27 -28 28 29 -31
leaf_value=0.0093513284602463557 -1.8275940197032269e-05 0.0093831650164188044 0.017967940494397094 0.0063081250213946841 0.041451364767670196 0.0020807564469555117 0.0096270406261528066 -0.017738915927579681 -0.013099049500157101 0.0067128328919211283 -0.0017384739238089253 0.010070486488338927 -0.0013146659043666632 0.0014988187802611463 -0.0057757163344970058 -0.0042398564933547435 0.021944262334085175 0.0074066426529872942 0.014532695119046136 -0.013759217420255966 -0.012209292523291372 0.00097359190710673011 -0.013371829468263919 -0.026357406959383402 -0.00060707165562434717 0.00096607348158368473 0.018122846603482668 0.00694332159403932 -0.015058986618001979 0.0076092842865709727
leaf_weight=456 224957 1537 225 417 326 4760 537 951 318 238 350 1013 279 3270 1257 423 394 473 315 560 864 659 203 393 486 473 763 1014 524 783
leaf_count=456 224957 1537 225 417 326 4760 537 951 318 238 350 1013 279 3270 1257 423 394 473 315 560 864 659 203 393 486 473 763 1014 524 783
internal_value=6.82106e-05 0.000858696 0.0110709 0.000559559 0.00026515 -0.00113059 -0.00482005 -0.00724413 0.00156069 0.00103939 0.00787172 0.000691824 0.00224345 0.000972973 -0.000319594 -0.00100619 0.00142948 -0.00331126 -0.00472095 -0.00607735 -0.00740418 -0.003214 -0.012117 -0.00956757 -0.00742916 0.00685246 0.00969582 0.00317431 0.00190905 -0.00125285
internal_weight=249218 24261 681 23580 22043 7862 3102 2247 855 14181 676 13505 7055 5540 4527 6450 3138 3312 2839 2524 2286 1219 1067 1830 1437 1515 1042 2715 2321 1307
internal_count=249218 24261 681 23580 22043 7862 3102 2247 855 14181 676 13505 7055 5540 4527 6450 3138 3312 2839 2524 2286 1219 1067 1830 1437 1515 1042 2715 2321 1307
cat_boundaries=0 1 2 3
cat_threshold=160 8 2
is_linear=0
shrinkage=0.05


Tree=185
num_leaves=31
num_cat=4
split_feature=3 0 8 4 7 9 9 6 9 9 4 0 8 5 9 0 9 8 7 5 8 8 6 9 4 0 2 7 0 8
split_gain=10.8484 46.607 34.3545 30.5699 29.7297 25.3324 27.9821 18.4635 17.3872 16.9183 16.8245 15.7245 18.4071 23.8218 20.2362 15.8105 36.6081 34.4313 28.0682 22.6707 29.7936 25.677 37.1931 32.9107 37.3116 39.1534 30.6533 22.3905 26.0609 20.4848
threshold=0 29.500000000000004 26.350000000000005 1 17.500000000000004 -81.049999999999983 -85.34999999999998 1.5000000000000002 -80.749999999999986 -80.34999999999998 2 28.500000000000004 29.450000000000003 1.5000000000000002 -81.149999999999991 35.500000000000007 -82.649999999999991 28.850000000000005 17.500000000000004 1.5000000000000002 25.750000000000004 27.450000000000003 1.0000000180025095e-35 -82.649999999999991 3 62.500000000000007 1.0000000180025095e-35 13.500000000000002 49.500000000000007 27.950000000000003
decision_type=9 2 2 9 2 2 2 2 2 2 9 2 2 2 2 2 2 2 2 2 2 2 2 2 9 2 2 2 2 2
left_child=1 2 4 5 10 6 -3 -7 -5 -6 -1 -2 15 -14 -15 16 -13 -18 19 20 -17 26 -23 27 25 -25 -22 28 -24 -27
right_child=11 3 -4 8 9 7 -8 -9 -10 -11 -12 12 13 14 -16 18 17 -19 -20 -21 21 22 23 24 -26 29 -28 -29 -30 -31
leaf_value=0.024348428920112842 -0.0005101212283025625 -0.0017128072910255199 0.00025770346456330809 0.01013362642500102 -0.020901739175203906 0.00059744249718622915 -0.012823122669391607 -0.012908657484480335 -0.0052100280647374934 0.0053223096381813662 -0.00086208996080383571 -0.0033712801698680297 -0.0035419148603708095 0.0042843873836711848 0.017515854342171268 -0.021277670162371809 0.0028920662535755429 0.015558051436761124 -0.002571290024862716 -0.00039803079468523353 0.0042120532316559881 -0.01658005558931137 -0.026650224648015721 0.0015619883105679301 -0.010546047239691481 -0.0021266510243645787 -0.0052156146096645987 0.0020043010762655911 8.7128823142279554e-05 -0.0086752429864330512
leaf_weight=1239 79059 2752 13880 1401 220 4101 5670 720 839 541 259 5130 2738 10608 379 339 20710 985 14124 42021 12982 1433 324 6183 632 4164 1604 12062 1509 450
leaf_count=1239 79059 2752 13880 1401 220 4101 5670 720 839 541 259 5130 2738 10608 379 339 20710 985 14124 42021 12982 1433 324 6183 632 4164 1604 12062 1509 450
internal_value=9.07383e-05 -0.000774287 0.00110533 -0.00273349 0.00680917 -0.00364548 -0.00530123 -0.000755537 0.00265487 -0.00123217 0.0108753 0.000216596 0.000537984 0.00227521 0.00331454 0.000346537 0.00142165 0.00231974 5.16165e-05 0.00039958 0.00122565 0.00134815 0.000427766 0.000872345 -0.00111461 -0.000411389 0.00303508 0.00250629 -0.00263158 -0.00389273
internal_weight=249058 31622 16139 15483 2259 13243 8422 4821 2240 761 1498 217436 138377 13725 10987 124652 26825 21695 97827 83703 41682 41343 26757 25324 11429 10797 14586 13895 1833 4614
internal_count=249058 31622 16139 15483 2259 13243 8422 4821 2240 761 1498 217436 138377 13725 10987 124652 26825 21695 97827 83703 41682 41343 26757 25324 11429 10797 14586 13895 1833 4614
cat_boundaries=0 1 2 3 4
cat_threshold=2 54 14 170
is_linear=0
shrinkage=0.05


Tree=186
num_leaves=31
num_cat=5
split_feature=3 8 11 9 11 4 8 7 9 10 9 10 4 7 10 4 1 10 4 10 11 10 8 7 11 10 7 9 11 9
split_gain=9.79325 30.6992 28.1788 23.9102 23.7787 24.0741 24.4655 22.123 21.3701 20.7852 25.9062 20.4867 17.3685 16.5162 17.3329 15.6495 14.7655 13.9281 13.2005 17.6503 26.0101 12.568 12.1944 16.6731 13.2069 11.6527 10.7291 12.8665 9.90772 9.87901
threshold=0 25.850000000000005 94.585000000000022 -86.84999999999998 67.445000000000007 1 25.750000000000004 15.500000000000002 -80.149999999999991 48.085000000000008 -85.949999999999989 33.175000000000004 2 10.500000000000002 41.495000000000005 3 1.0000000180025095e-35 80.88000000000001 4 33.175000000000004 91.745000000000019 12.115 30.250000000000004 11.500000000000002 100.41500000000001 54.690000000000005 13.500000000000002 -81.749999999999986 62.915000000000006 -85.249999999999986
decision_type=9 2 8 2 10 9 2 2 2 10 2 8 9 2 10 9 2 10 9 10 8 8 2 2 8 10 2 2 10 2
left_child=1 4 7 11 5 6 -1 9 15 13 -11 -4 -12 -3 -15 29 18 -14 25 20 -20 -17 23 -23 -24 -9 -26 -28 -19 -5
right_child=-2 2 3 8 -6 -7 -8 16 -10 10 12 -13 17 14 -16 21 -18 28 19 -21 -22 22 24 -25 26 -27 27 -29 -30 -31
leaf_value=0.0023176136350370859 0.00024063737473087877 -0.029345530179987291 -0.016869793086204156 -0.019228362472699968 -0.0065495743662267181 -0.0033518417025367509 0.030971020241162075 -0.0013101514924759529 0.0033465249203450398 -0.013928764006467455 -0.011062805863677295 0.0033728521470120401 0.018056666791661069 0.0051283881287512937 -0.017794027362583353 0.0031524039095216063 -0.018915805077163131 -0.0039477816396856552 0.00034702030664952589 -0.005230846324921057 0.032371588456498658 -0.037756673028432802 -0.015047653599095058 -0.010626442027839911 -0.01383078381197791 0.02283371364296758 0.013541391154326466 -0.0061801167911636591 0.019750002205192185 0.004933205924811457
leaf_weight=524 217436 204 409 259 588 390 815 201 1469 369 223 2450 1442 2000 337 598 244 329 2882 4499 242 252 677 7253 361 210 718 456 400 821
leaf_count=524 217436 204 409 259 588 390 815 201 1469 369 223 2450 1442 2000 337 598 244 329 2882 4499 242 252 677 7253 361 210 718 456 400 821
internal_value=8.55188e-05 -0.000736363 -0.00117517 -0.00261552 0.00479158 0.00773433 0.0108536 0.000492937 -0.00353426 0.00301091 0.00600433 0.00151621 0.00790349 -0.000254802 0.000958671 -0.00426567 -0.0011221 0.00924236 -0.000745898 -0.00122334 0.00165922 -0.00486212 -0.00529968 -0.00626081 -0.0020252 0.00777262 0.000550162 0.00287162 0.00358593 0.00145455
internal_weight=249058 31622 29305 15723 2317 1729 1339 13582 12864 5304 2763 2859 2394 2541 2337 11395 8278 2171 8034 7623 3124 10315 9717 7505 2212 411 1535 1174 729 1080
internal_count=249058 31622 29305 15723 2317 1729 1339 13582 12864 5304 2763 2859 2394 2541 2337 11395 8278 2171 8034 7623 3124 10315 9717 7505 2212 411 1535 1174 729 1080
cat_boundaries=0 1 2 3 4 5
cat_threshold=2 6 24 192 8
is_linear=0
shrinkage=0.05


Tree=187
num_leaves=31
num_cat=4
split_feature=7 10 11 11 8 9 0 7 4 9 4 9 4 8 10 4 11 7 10 9 8 7 10 10 9 0 0 2 11 11
split_gain=8.40186 16.3452 8.75306 8.46819 29.019 35.3616 38.3796 30.5526 45.2899 29.093 36.5022 36.4745 32.732 29.5989 28.0531 27.8302 44.6718 32.0121 29.6901 40.7917 27.6835 39.7939 54.3841 72.6058 50.6581 37.4882 47.0684 43.0034 34.8178 32.7957
threshold=25.500000000000004 6.9000000000000012 44.615000000000002 103.04000000000001 27.050000000000004 -82.649999999999991 70.500000000000014 17.500000000000004 0 -81.749999999999986 1 -82.449999999999989 2 27.550000000000004 78.835000000000022 3 89.720000000000013 15.500000000000002 80.725000000000009 -86.449999999999989 27.450000000000003 16.500000000000004 103.31500000000001 113.96500000000002 -82.449999999999989 50.500000000000007 66.500000000000014 1.0000000180025095e-35 108.48500000000001 138.07000000000002
decision_type=2 8 10 8 2 2 2 2 9 2 9 2 9 2 10 9 10 2 10 2 2 2 10 10 2 2 2 2 8 10
left_child=3 -2 -3 4 -1 7 9 15 -9 11 -11 12 -7 -13 -10 17 -17 -6 -18 -20 -5 22 29 25 28 27 -27 -24 -23 -22
right_child=1 2 -4 20 5 6 -8 8 14 10 -12 13 -14 -15 -16 16 18 -19 19 -21 21 24 23 -25 -26 26 -28 -29 -30 -31
leaf_value=-0.0012280767970537455 0.011387123152452806 -0.0071844908870253524 -0.022524409212226582 0.00058768088461382819 -0.0013109681969085685 -0.016750265536886834 -0.0059039976903808803 0.011747854164324513 -0.015972190312220923 -0.0094804953028240213 0.0023609119147061544 0.038679974327007205 0.0048392115469290788 0.011127773655531038 -0.0029420895897168901 -0.003080328153578549 0.0058312596226373975 -0.026472378569087109 -0.035285241060357513 0.00021113057109456435 -0.0057786128195774118 -0.011783813071904526 -0.013248522388382523 -0.0023075740572865654 -0.0080716518208201471 0.0064205502695875438 0.0002272441699910033 0.0054480511417374982 0.0014389960241078638 0.00498703214871421
leaf_weight=32975 202 880 260 81090 2016 731 2032 990 2681 735 20109 468 8963 3411 3573 7959 12785 474 312 1966 15669 526 969 9443 4346 3023 2436 1035 25578 1421
leaf_count=32975 202 880 260 81090 2016 731 2032 990 2681 735 20109 468 8963 3411 3573 7959 12785 474 312 1966 15669 526 969 9443 4346 3023 2436 1035 25578 1421
internal_value=8.47158e-05 -0.00384615 -0.00617391 0.000106166 0.000455035 0.00103663 0.00210785 -0.000155649 -0.00301902 0.0025024 0.00132828 0.00430317 0.0026587 0.00839547 -0.00459037 0.000658256 0.00120215 -0.00434263 0.00280303 -0.00244755 -0.000138788 -0.00091225 -0.00208787 -7.68503e-05 0.000400525 0.00360632 0.00575059 -0.00223436 0.00123306 -0.00407602
internal_weight=249058 1342 1140 247716 102180 69205 36449 32756 7244 34417 20844 13573 9694 3879 6254 25512 23022 2490 15063 2278 145536 64446 33996 16906 30450 7463 5459 2004 26104 17090
internal_count=249058 1342 1140 247716 102180 69205 36449 32756 7244 34417 20844 13573 9694 3879 6254 25512 23022 2490 15063 2278 145536 64446 33996 16906 30450 7463 5459 2004 26104 17090
cat_boundaries=0 1 2 3 4
cat_threshold=44 80 136 8
is_linear=0
shrinkage=0.05


Tree=188
num_leaves=31
num_cat=8
split_feature=3 0 4 11 0 7 7 4 7 11 11 2 12 0 0 0 11 11 11 11 11 11 3 4 4 7 4 7 1 3
split_gain=8.1933 41.419 26.1035 17.133 14.4675 16.5537 13.6392 18.464 16.3452 39.0883 29.9694 20.0583 17.5905 13.8284 13.1758 16.2133 52.7745 53.5574 29.2408 25.0637 24.1175 49.2228 30.0468 22.949 22.1358 21.4166 34.4232 31.2068 33.5588 31.9748
threshold=0 29.500000000000004 1 50.915000000000006 48.500000000000007 11.500000000000002 18.500000000000004 2 15.500000000000002 94.585000000000022 78.665000000000006 1.0000000180025095e-35 1.0000000180025095e-35 24.500000000000004 28.500000000000004 40.500000000000007 108.05500000000002 107.64000000000001 109.08500000000002 69.585000000000022 54.675000000000004 53.165000000000006 3 4 5 18.500000000000004 6 13.500000000000002 1.0000000180025095e-35 7
decision_type=9 2 9 8 2 2 2 9 2 8 8 2 10 2 2 2 8 10 8 8 10 10 9 9 9 2 9 2 2 9
left_child=1 3 4 -1 5 -3 7 8 9 13 -10 -11 -12 -5 -2 16 17 23 -18 20 21 -17 -22 -16 -21 26 27 28 -20 -29
right_child=14 2 -4 6 -6 -7 -8 -9 10 11 12 -13 -14 -15 15 19 18 -19 25 24 22 -23 -24 -25 -26 -27 -28 29 -30 -31
leaf_value=0.0077104110147502517 -0.00050864900021849733 -0.029719776217368477 0.0036152192398934526 0.0048748816402696352 -0.0087473064906202769 -0.0027213097671382695 -0.0032437455549387375 -0.0085182939156927436 -0.0062315785680330475 -0.010172316136929283 0.008615822773096405 0.015173268690011366 0.021064728958451573 0.028574676640881647 0.0041405702762025596 -0.0023886878690856598 -0.024270673657446198 0.016325605763654539 0.0028027124775070081 -0.0022973625482570095 -0.0058929098325498424 0.011325868826505837 0.0028112879209528431 -0.0026537896160428787 0.00059968288266984979 0.0036358268079611736 0.0074956995549382739 -0.0076049128721313863 -0.01855716431145096 0.0055334019821541075
leaf_weight=2232 79059 289 2240 1958 3784 9170 4161 1090 722 2403 2441 308 440 384 21274 3244 340 1170 5461 8640 6652 772 1345 2736 70180 5301 1926 7893 443 1000
leaf_count=2232 79059 289 2240 1958 3784 9170 4161 1090 722 2403 2441 308 440 384 21274 3244 340 1170 5461 8640 6652 772 1345 2736 70180 5301 1926 7893 443 1000
internal_value=9.75637e-05 -0.000654194 -0.00250113 0.00111772 -0.00334389 -0.00229697 0.000463462 0.00148626 0.00225911 0.000424649 0.00482978 -0.00365674 0.00710827 0.00514456 0.000206938 0.000501131 0.00124911 0.00281858 -0.000518459 0.00010953 -0.00201697 0.00114257 -0.0036031 0.00230641 0.000433845 -0.00029046 -0.00116835 -0.00198758 0.000828542 -0.00385825
internal_weight=249058 31622 15483 16139 13243 9459 13907 9746 8656 5053 3603 2711 2881 2342 217436 138377 47544 25180 22364 90833 12013 4016 7997 24010 78820 22024 16723 14797 5904 8893
internal_count=249058 31622 15483 16139 13243 9459 13907 9746 8656 5053 3603 2711 2881 2342 217436 138377 47544 25180 22364 90833 12013 4016 7997 24010 78820 22024 16723 14797 5904 8893
cat_boundaries=0 1 2 3 4 5 6 7 8
cat_threshold=2 54 134 20 38 132 102 12
is_linear=0
shrinkage=0.05


Tree=189
num_leaves=31
num_cat=0
split_feature=0 2 9 8 0 9 7 11 11 7 11 5 8 8 11 8 8 5 9 8 11 7 8 11 0 0 11 8 11 9
split_gain=7.28385 17.547 25.9957 18.34 16.0404 15.652 27.814 21.0233 18.9396 14.6631 15.84 12.4713 16.8243 36.1357 18.8458 15.8502 21.9009 17.3479 12.0474 11.7357 11.9355 15.9728 28.9676 11.6138 10.3517 10.2572 10.1872 34.1644 23.538 14.7991
threshold=61.500000000000007 1.0000000180025095e-35 -81.34999999999998 28.150000000000002 74.500000000000014 -82.749999999999986 14.500000000000002 56.250000000000007 136.12000000000003 17.500000000000004 49.585000000000008 3.5000000000000004 27.450000000000003 27.150000000000002 98.055000000000021 26.050000000000004 26.950000000000003 1.5000000000000002 -81.449999999999989 24.850000000000005 115.41500000000001 15.500000000000002 27.950000000000003 117.08500000000002 68.500000000000014 73.500000000000014 127.40000000000002 25.550000000000004 129.37500000000003 -80.149999999999991
decision_type=2 2 2 2 2 2 2 8 10 2 8 2 2 2 8 2 2 2 2 2 10 2 2 10 2 2 8 2 8 2
left_child=26 3 4 5 -3 7 11 -2 19 10 -5 12 13 14 18 17 -17 -16 -7 -8 -21 -22 24 -9 -23 -26 -1 -28 -29 -30
right_child=1 2 -4 9 -6 6 8 23 -10 -11 -12 -13 -14 -15 15 16 -18 -19 -20 20 21 22 -24 -25 25 -27 27 28 29 -31
leaf_value=0.00048750963964154796 0.011089898084012173 0.0019975764486286798 -0.0032918406484832019 0.0063443017705288266 0.015512765883803948 -0.021068419657752371 -0.026101863776892033 -0.004344140713094369 0.016045890748260041 -5.6297896177337492e-05 -0.0076299365383336593 -0.0051588235776953264 -0.0028041859596853683 0.0091885596587556687 -0.0074356362378023462 0.0058276721431930857 -0.0066462910330777449 0.0065972988808482569 0.00026776159472392537 -0.0011518685427889253 -0.0056893820315920612 0.0022325996106318693 -0.0071878530104252381 0.0017846013978553899 -0.0052563227564517596 0.0031914439280126051 -0.024227217315212848 -0.0094863661280015343 -0.00048914513825564225 0.004095361333827441
leaf_weight=156915 239 1038 1355 274 961 421 257 897 213 1195 1946 1216 1116 1094 643 1764 401 506 467 4707 1797 1266 650 3042 592 350 508 1768 55996 5464
leaf_count=156915 239 1038 1355 274 961 421 257 897 213 1195 1946 1216 1116 1094 643 1764 401 506 467 4707 1797 1266 650 3042 592 350 508 1768 55996 5464
internal_value=9.71622e-05 -0.000656297 0.00273484 -0.0011112 0.00634644 -0.000572801 -0.00123068 0.00217287 -0.0029872 -0.00451095 -0.00690583 0.0010343 0.00191529 0.00309084 0.000973409 0.00270758 0.00521839 -0.00202761 -0.00545657 -0.0033181 -0.00301963 -0.00481243 -0.00247559 0.0012788 0.000270514 -0.00367647 0.000194189 -0.000338845 -0.000234036 -6.99528e-05
internal_weight=249058 28407 3354 25053 1999 21638 17460 4178 9832 3415 2220 7628 6412 5296 4202 3314 2165 1149 888 9619 9362 4655 2858 3939 2208 942 220651 63736 63228 61460
internal_count=249058 28407 3354 25053 1999 21638 17460 4178 9832 3415 2220 7628 6412 5296 4202 3314 2165 1149 888 9619 9362 4655 2858 3939 2208 942 220651 63736 63228 61460
is_linear=0
shrinkage=0.05


Tree=190
num_leaves=31
num_cat=1
split_feature=9 11 0 2 11 10 9 9 0 11 10 9 10 12 7 9 9 0 10 10 10 9 10 10 3 9 10 0 11 0
split_gain=10.0982 11.4615 7.12497 18.5572 34.2805 24.039 27.8565 19.1006 16.2122 13.5373 13.3545 10.5276 10.0751 9.51127 16.1125 9.37935 8.43569 28.4258 29.6567 27.9183 25.4573 23.1458 34.9861 69.7803 34.1658 31.0255 57.1618 28.6481 27.182 26.3454
threshold=-87.449999999999989 103.60000000000001 61.500000000000007 1.0000000180025095e-35 69.585000000000022 117.12500000000001 -82.749999999999986 -80.449999999999989 69.500000000000014 80.415000000000006 100.98500000000001 -80.149999999999991 101.04500000000002 1.0000000180025095e-35 14.500000000000002 -82.449999999999989 -82.649999999999991 52.500000000000007 119.67000000000002 105.61500000000001 106.34000000000002 -84.949999999999989 108.94500000000001 109.14500000000001 0 -85.949999999999989 113.86000000000001 24.500000000000004 34.345000000000006 33.500000000000007
decision_type=2 10 2 2 10 8 2 2 2 10 10 2 10 10 2 2 2 2 8 10 10 2 8 8 9 2 8 2 10 2
left_child=1 -1 16 5 -5 6 8 13 9 -4 -6 -9 -11 14 15 -8 17 21 19 -19 -21 25 28 -24 27 -2 -27 -25 -23 -30
right_child=2 -3 3 4 10 -7 7 11 -10 12 -12 -13 -14 -15 -16 -17 -18 18 -20 20 -22 22 23 24 -26 26 -28 -29 29 -31
leaf_value=-0.024479004675941864 -0.00079270989552728823 0.00094829101550368837 0.012151047211683431 -0.0033772749077771282 0.0050516588164152059 0.0010132631722882036 0.012710403545328175 0.010638088117136091 -0.0018604457548634379 -0.0035831152017905769 0.014737127589613763 -0.0081558805050843119 0.0025084717677398951 -0.002897411318027654 -0.0070630851592271343 -0.0037996528332536975 0.00049038523499511655 0.00038737412027409771 -0.013170535076801659 0.0088501380848039265 0.0023747348923262913 0.014179260855034093 0.014221835872960088 0.001336371526858793 0.0049506878742331846 0.0091776727835369172 -0.010103257210177397 -0.0052410244309826666 -0.0096052002743777908 -0.0017407524947689269
leaf_weight=336 21635 400 206 1442 1321 8502 206 740 1930 455 555 300 1857 8198 2178 470 154716 3076 511 882 1764 652 510 5338 3296 4795 1413 6726 6333 8509
leaf_count=336 21635 400 206 1442 1321 8502 206 740 1930 455 555 300 1857 8198 2178 470 154716 3076 511 882 1764 652 510 5338 3296 4795 1413 6726 6333 8509
internal_value=4.45315e-05 -0.00576408 6.19653e-05 -0.000683821 0.00282452 -0.00114961 -0.00225982 -0.00350355 0.00112158 0.00375791 0.00726405 0.00295238 0.00262705 -0.00411318 -0.00659916 0.000145773 0.000158063 -0.0003178 0.00289124 0.00392533 0.00768072 -0.000656062 -0.0015873 6.29723e-05 -0.000546519 0.000393135 0.00350595 -0.00177921 -0.00327657 -0.00371667
internal_weight=249252 736 248516 28360 3318 25042 16540 12092 4448 2518 1876 1040 2312 11052 2854 676 220156 65440 6233 5722 2646 59207 31364 15870 15360 27843 6208 12064 15494 14842
internal_count=249252 736 248516 28360 3318 25042 16540 12092 4448 2518 1876 1040 2312 11052 2854 676 220156 65440 6233 5722 2646 59207 31364 15870 15360 27843 6208 12064 15494 14842
cat_boundaries=0 1
cat_threshold=6
is_linear=0
shrinkage=0.05


Tree=191
num_leaves=31
num_cat=2
split_feature=9 4 0 0 2 11 10 9 8 4 9 0 8 8 10 9 8 11 9 10 9 11 10 0 0 0 8 11 0 0
split_gain=9.63068 21.3933 8.5667 6.68186 16.4873 31.3949 20.984 25.9021 23.6775 20.516 21.104 15.2543 14.8472 14.6817 28.0425 12.8281 18.2598 11.6878 11.6594 11.1281 13.791 10.9916 10.0751 9.96322 10.9735 10.366 9.82076 9.28564 20.3809 14.5191
threshold=-87.449999999999989 0 21.500000000000004 61.500000000000007 1.0000000180025095e-35 69.585000000000022 117.12500000000001 -82.749999999999986 25.950000000000003 1 -80.649999999999991 69.500000000000014 29.050000000000004 27.450000000000003 123.30500000000002 -81.049999999999983 29.150000000000002 80.415000000000006 -80.149999999999991 135.49000000000004 -82.249999999999986 113.98 101.04500000000002 68.500000000000014 73.500000000000014 71.500000000000014 26.450000000000003 93.055000000000021 79.500000000000014 71.500000000000014
decision_type=2 9 2 2 2 10 8 2 2 9 2 2 2 2 10 2 2 10 2 10 2 10 10 2 2 2 2 10 2 2
left_child=1 -1 -3 -2 6 -6 7 11 -8 10 15 17 26 19 23 27 -17 -5 -12 20 -10 -11 -19 -15 25 -25 -7 28 -9 -29
right_child=3 2 -4 4 5 12 8 9 13 21 18 -13 -14 14 -16 16 -18 22 -20 -21 -22 -23 -24 24 -26 -27 -28 29 -30 -31
leaf_value=0.012889896984241879 0.00018855410639431194 -0.030046252741045623 -0.0026418624383176773 0.01154349485109929 -0.0032084111623882808 0.0049522853061400255 -0.0099484665925804183 0.00034513386263737014 0.0070207618529698479 -0.001900527836900423 0.010150838785096462 -0.0017674234671202884 -2.3513239421113499e-05 0.003258143093152999 -0.0089449553835544201 -0.0027907708111550634 -0.026850259424626891 -0.0034039594417010657 -0.011558113030838247 -0.0064415997162628807 0.0028550576074126257 0.0056840567721118344 0.0023830481793528872 -0.0011544742433561518 0.0023172084542032677 -0.0096610746115650681 0.013063403064185054 -0.0046756358233530195 -0.024581328043924836 -0.0009740181759791078
leaf_weight=222 220156 311 203 206 1442 424 714 1676 1057 999 684 1930 521 1650 496 351 293 455 229 238 2677 617 1857 545 805 320 931 5567 208 1468
leaf_count=222 220156 311 203 206 1442 424 714 1676 1057 999 684 1930 521 1650 496 351 293 455 229 238 2677 617 1857 545 805 320 931 5567 208 1468
internal_value=4.25255e-05 -0.00563003 -0.0110487 5.95511e-05 -0.000662672 0.00264423 -0.00110171 -0.00213897 0.000916353 -0.00333829 -0.00414444 0.00112158 0.0068929 0.00171839 -0.000496602 -0.00484174 -0.0116208 0.0036788 0.00308776 0.00384229 0.00451389 0.00189487 0.00262705 0.00117117 -0.00154762 -0.00542857 0.0096337 -0.00433979 -0.00121436 -0.00517388
internal_weight=249252 736 514 248516 28360 3318 25042 16540 8502 12092 10476 4448 1876 7788 3816 9563 644 2518 913 3972 3734 1616 2312 3320 1670 865 1355 8919 1884 7035
internal_count=249252 736 514 248516 28360 3318 25042 16540 8502 12092 10476 4448 1876 7788 3816 9563 644 2518 913 3972 3734 1616 2312 3320 1670 865 1355 8919 1884 7035
cat_boundaries=0 1 2
cat_threshold=136 2
is_linear=0
shrinkage=0.05


Tree=192
num_leaves=31
num_cat=6
split_feature=11 0 11 4 11 11 11 10 11 4 3 10 0 0 10 10 10 10 10 10 3 10 10 11 10 10 12 10 4 3
split_gain=6.13798 21.4423 32.3189 19.28 16.5072 15.1034 25.1849 17.218 14.4538 15.3908 14.1956 29.8075 14.1766 23.375 14.1168 14.4433 13.7934 13.1156 12.7653 12.0472 11.9682 11.1803 15.4678 13.4559 10.5068 10.2679 13.4033 12.6515 12.2843 9.84318
threshold=63.750000000000007 40.500000000000007 60.415000000000006 0 32.560000000000009 54.675000000000004 53.165000000000006 58.940000000000005 66.040000000000006 1 2 54.690000000000005 36.500000000000007 28.500000000000004 32.690000000000005 85.760000000000005 15.290000000000001 62.685000000000009 75.575000000000017 113.26500000000001 3 99.295000000000016 136.87500000000003 56.250000000000007 109.14500000000001 20.195000000000004 -1.4999999999999998 27.760000000000002 4 5
decision_type=8 2 10 9 10 10 10 10 8 9 9 10 2 2 10 10 10 10 10 10 9 10 10 10 10 10 10 10 9 9
left_child=1 2 17 -3 -5 6 7 16 9 14 11 12 13 -4 -2 -16 -6 25 -9 -20 -7 29 -23 -24 -22 -1 -27 -28 -29 -19
right_child=8 3 10 4 5 20 -8 18 -10 -11 -12 -13 -14 -15 15 -17 -18 21 19 -21 24 22 23 -25 -26 26 27 28 -30 -31
leaf_value=0.0037648420356405591 -0.00069333025704469979 0.0062422963020384086 0.015866814524914296 -0.020476632968968733 -0.00013678206422684802 0.0029291967273331388 0.0097981743578630549 0.012158223259005752 2.3084350259860999e-05 -0.018913871254641324 0.0030492829349088703 -0.00038793011994524567 0.0033545983796284154 0.022045431288926401 -0.016897273653004332 0.00066155430359362557 -0.029126927751256384 0.017638721573702786 -0.0035865118679936359 0.011513547396054591 -0.0040203673196588241 -0.0016291653690614361 -0.0033431910796309252 0.016019186224543437 -0.022060236333796102 0.0099699325290522733 -0.013009268752550441 0.010282278905485409 -0.0024591016353580301 0.0045860684207319922
leaf_weight=2437 5530 1062 292 409 262 671 754 733 208756 362 567 438 204 424 762 509 335 645 1799 232 4167 3370 338 632 363 395 945 363 5562 5934
leaf_count=2437 5530 1062 292 409 262 671 754 733 208756 362 567 438 204 424 762 509 335 645 1799 232 4167 3370 338 632 363 395 945 363 5562 5934
internal_value=3.89149e-05 0.000670306 0.00154726 -0.00116236 -0.00186249 -0.00142612 0.000836364 -0.00102344 -5.85841e-05 -0.00226544 0.0077261 0.0104499 0.0155914 0.0188705 -0.00170796 -0.00644028 -0.00864909 0.000966991 0.000648882 -0.00139637 -0.00321435 0.00215482 0.000183908 0.00571429 -0.00413187 -0.000370675 -0.00131271 -0.0018314 -0.000968829 0.00345272
internal_weight=249252 33333 22546 10787 9725 9316 4115 3361 215919 7163 1925 1358 920 716 6801 1271 597 20621 2764 2031 5201 10919 4340 970 4530 9702 7265 6870 5925 6579
internal_count=249252 33333 22546 10787 9725 9316 4115 3361 215919 7163 1925 1358 920 716 6801 1271 597 20621 2764 2031 5201 10919 4340 970 4530 9702 7265 6870 5925 6579
cat_boundaries=0 1 2 3 4 5 6
cat_threshold=108 138 12 8 20 8
is_linear=0
shrinkage=0.05


Tree=193
num_leaves=31
num_cat=3
split_feature=9 4 2 8 10 10 10 7 2 11 11 9 8 7 11 10 8 10 12 4 11 9 8 9 7 10 10 7 4 12
split_gain=8.74835 20.5348 7.15332 6.62338 5.25617 10.1474 10.7387 8.77208 8.63585 8.10662 16.7596 17.4251 14.4003 8.02524 14.7005 6.59866 24.7381 13.8554 11.8245 17.3669 14.5667 10.1441 19.4938 10.9001 8.58455 6.74013 7.16067 6.45594 15.1524 7.34292
threshold=-87.449999999999989 0 1.0000000180025095e-35 30.750000000000004 1.0000000180025095e-35 6.205000000000001 6.3350000000000009 13.500000000000002 1.0000000180025095e-35 60.415000000000006 87.500000000000014 -81.84999999999998 29.850000000000005 8.5000000000000018 83.165000000000006 9.0800000000000018 30.250000000000004 9.2850000000000019 1.0000000180025095e-35 1 67.915000000000006 -85.649999999999991 30.350000000000005 -81.84999999999998 25.500000000000004 146.27500000000003 145.25000000000003 9.5000000000000018 2 -1.0000000180025095e-35
decision_type=2 9 2 2 8 8 8 2 2 10 10 2 2 2 10 8 2 8 10 9 10 2 2 2 2 10 10 2 9 8
left_child=1 -1 -3 4 7 9 8 -2 -7 -6 -11 12 -12 14 -8 16 18 21 -15 -20 -21 22 -17 -23 25 26 27 28 -19 -29
right_child=3 2 -4 -5 5 6 13 -9 -10 10 11 -13 -14 15 -16 17 -18 24 19 20 -22 23 -24 -25 -26 -27 -28 29 -30 -31
leaf_value=0.012244247917516793 -0.0058534207535420714 -0.0051946348860373529 -0.023564679088092257 0.0089026944363285853 0.0022010635630068001 0.013717696788733314 0.0033924079574494392 0.005207110861427733 0.0029800092445643415 -0.020320825847657355 -0.020055584736099433 0.0073619062696205001 -0.0035020592336371783 0.0029176343446840392 -0.02566907761946018 0.01224040545792029 -0.034227279434401937 -0.015887980293907412 0.012281730097131538 0.011097614407902157 -0.0097618170879625772 -0.01226090671541873 0.0029444885813635136 0.0085256335466267433 -0.0080409857596502217 -0.0059604604303610921 0.0082502309916018483 -0.0026177078044182789 0.0058231082986833996 0.00012116417918623946
leaf_weight=222 385 207 307 278 796 283 244 1449 712 403 411 438 680 1469 217 203 221 230 214 204 1050 238 230 598 1146 723 768 5008 1246 228672
leaf_count=222 385 207 307 278 796 283 244 1449 712 403 411 438 680 1469 217 203 221 230 214 204 1050 238 230 598 1146 723 768 5008 1246 228672
internal_value=4.45315e-05 -0.00536193 -0.0106742 6.07582e-05 5.19642e-05 3.20599e-05 6.60686e-05 0.0027115 0.00522388 -0.00299489 -0.00473738 -0.00230669 -0.00567666 4.47071e-05 -0.00647558 5.73835e-05 -0.0022096 8.74214e-05 -0.000967085 -0.0041272 -0.00635793 0.00527756 0.0113995 0.00200946 5.9503e-05 8.04962e-05 9.53657e-05 7.95183e-05 0.00336474 5.86247e-05
internal_weight=249252 736 514 248516 248238 246404 243676 1834 995 2728 1932 1529 1091 242681 461 242220 3158 239062 2937 1468 1254 1269 433 836 237793 236647 235924 235156 1476 233680
internal_count=249252 736 514 248516 248238 246404 243676 1834 995 2728 1932 1529 1091 242681 461 242220 3158 239062 2937 1468 1254 1269 433 836 237793 236647 235924 235156 1476 233680
cat_boundaries=0 1 2 3
cat_threshold=136 152 136
is_linear=0
shrinkage=0.05


Tree=194
num_leaves=31
num_cat=8
split_feature=9 4 0 11 0 11 9 4 11 4 5 10 10 10 4 3 11 9 4 3 10 9 11 11 3 10 10 0 10 9
split_gain=8.71592 20.5348 8.81639 6.54405 21.5858 29.298 25.052 16.591 15.8084 14.8716 14.4546 23.562 13.7051 17.6245 13.5027 22.1746 12.6189 18.5413 13.457 11.185 9.85865 10.0181 22.6358 21.5618 13.2343 18.9993 12.4228 10.3035 9.83609 20.5288
threshold=-87.449999999999989 0 21.500000000000004 63.750000000000007 40.500000000000007 60.415000000000006 -82.949999999999989 1 32.560000000000009 2 2.5000000000000004 37.695000000000007 36.195000000000007 24.535 3 4 66.040000000000006 -82.549999999999983 5 6 62.685000000000009 -82.449999999999989 44.615000000000002 49.585000000000008 7 30.295000000000005 20.195000000000004 4.5000000000000009 75.575000000000017 -82.449999999999989
decision_type=2 9 2 8 2 10 2 9 10 9 2 10 10 10 9 9 8 2 9 9 10 2 10 10 9 10 10 2 10 2
left_child=1 -1 -3 4 5 14 -6 -8 -9 -7 -11 -12 13 -10 20 -16 17 -5 -19 -13 21 23 27 26 25 -25 -2 -23 29 -14
right_child=3 2 -4 16 6 9 7 8 12 10 11 19 28 -15 15 -17 -18 18 -20 -21 -22 22 -24 24 -26 -27 -28 -29 -30 -31
leaf_value=0.01163203552164096 0.01575032021794889 -0.0273668603671017 -0.0018963793508135929 -0.029401001414794872 -0.023949629257331309 0.034174499842286869 0.0066447660612461773 -0.019553860461880835 -0.0032981636873267387 0.0025692692096859204 -0.0078225007661377084 0.010645632784391257 0.0078130121407097523 -0.023870291016486522 0.0086374982858339784 -0.016409508650482386 2.3878887771999757e-05 -0.0013637989734618828 -0.018167570289643466 0.020674570565224395 0.0041523676745008229 -0.019482019078460502 0.0067730314058584542 -0.0075869400337945873 0.0018979128121510592 -0.038426062464641225 -0.0011244021943783266 -0.0025721126064397917 -0.003252564452404716 -0.00048482310860817893
leaf_weight=222 310 311 203 261 333 218 941 322 672 912 201 214 983 343 439 986 208091 6565 337 380 10088 202 3201 609 291 308 2565 1551 3922 3271
leaf_count=222 310 311 203 261 333 218 941 322 672 912 201 214 983 343 439 986 208091 6565 337 380 10088 202 3201 609 291 308 2565 1551 3922 3271
internal_value=3.45018e-05 -0.00536193 -0.0106742 5.06989e-05 0.000703294 0.0015855 -0.00113457 -0.00069763 -0.00132697 0.0074677 0.00570353 0.0106211 -0.000940115 -0.00639024 0.00103113 -0.00363322 -5.0171e-05 -0.00211209 -0.0016059 0.0155629 0.00138156 0.000182381 0.00169218 -0.00164916 -0.00722496 -0.0100854 0.000710572 -0.00286444 -0.000256536 0.00140713
internal_weight=249252 736 514 248516 33262 22475 10787 10454 9513 1925 1707 795 9191 1015 20550 1425 215254 7163 6902 594 19125 9037 4954 4083 1208 917 2875 1753 8176 4254
internal_count=249252 736 514 248516 33262 22475 10787 10454 9513 1925 1707 795 9191 1015 20550 1425 215254 7163 6902 594 19125 9037 4954 4083 1208 917 2875 1753 8176 4254
cat_boundaries=0 1 2 3 4 5 6 7 8
cat_threshold=136 44 168 30 10 138 10 6
is_linear=0
shrinkage=0.05


Tree=195
num_leaves=31
num_cat=0
split_feature=10 11 0 0 9 8 0 10 0 9 10 0 9 8 10 7 7 11 7 9 11 8 7 0 2 6 10 9 0 11
split_gain=7.05248 23.5789 37.4426 52.293 17.9552 25.7268 17.1113 35.4131 24.0987 21.4353 14.6198 11.6142 26.3669 18.2796 18.9863 30.3932 13.0326 22.5954 13.2871 15.8478 14.8706 23.0432 12.8533 11.4796 11.3512 11.2177 12.3186 15.4087 11.6223 11.1593
threshold=120.88500000000002 117.08500000000002 27.500000000000004 52.500000000000007 -82.449999999999989 27.250000000000004 41.500000000000007 128.71500000000003 54.500000000000007 -84.949999999999989 120.86500000000002 59.500000000000007 -82.749999999999986 27.850000000000005 93.345000000000013 16.500000000000004 11.500000000000002 127.40000000000002 14.500000000000002 -82.649999999999991 123.89000000000001 26.050000000000004 10.500000000000002 66.500000000000014 1.0000000180025095e-35 3.5000000000000004 16.605000000000004 -82.449999999999989 84.500000000000014 77.085000000000022
decision_type=10 10 2 2 2 2 2 10 2 2 10 2 2 2 10 2 2 8 2 2 8 2 2 2 2 2 10 2 2 8
left_child=10 4 -3 -4 5 -2 9 8 -8 -7 11 -1 23 16 15 29 17 22 20 -20 25 -22 -14 -13 -12 26 -18 -28 -29 -15
right_child=1 2 3 -5 -6 6 7 -9 -10 -11 24 12 13 14 -16 -17 18 -19 19 -21 21 -23 -24 -25 -26 -27 27 28 -30 -31
leaf_value=5.3638300935432427e-05 0.0089652747555100561 -0.025952200706607934 0.0033854193160505644 -0.0097171858259279993 -0.0061972057461686884 -0.01945539481836649 -0.0043147290349778268 -0.0086088500108870043 0.0051802727777598536 0.006004580673142002 0.00265533651274108 0.0035863672011272386 0.0014943722742396305 -0.0097718521362707214 -0.004950271847138055 0.00081131162511995927 -0.018637214639030831 -0.025003611243533275 0.0018572451474544672 -0.0029609097141071851 -0.0052851768566352765 0.0043037529858217741 -0.0090316989293890877 0.00021170851160148276 0.020782353798899058 -0.0042112041940162827 0.014300492429785195 -0.0020410354286105382 0.023798817322917821 0.0026621958701456452
leaf_weight=206125 850 202 684 414 1861 296 844 1629 1233 3018 2285 2099 491 1176 2316 3122 300 223 1889 5939 708 2785 355 3545 232 1111 393 1743 201 287
leaf_count=206125 850 202 684 414 1861 296 844 1629 1233 3018 2285 2099 491 1176 2316 3122 300 223 1889 5939 708 2785 355 3545 232 1111 393 1743 201 287
internal_value=-0.000100658 -0.00133593 -0.00763359 -0.00388087 -0.00048763 0.000558376 -0.000440967 -0.0027718 0.00155726 0.00216606 -4.31879e-05 -8.38948e-05 -0.00102638 -0.00177665 -0.00392852 -0.00205658 -0.000854595 -0.00616311 -0.000474169 -0.001901 0.00106882 0.00341136 -0.00233645 0.00203396 0.00373961 -0.00111762 0.000661126 0.00189604 5.11771e-05 -0.00797692
internal_weight=248356 11031 1300 1098 9731 7870 7020 3706 2077 3314 237325 234808 28683 23039 6901 4585 16138 1069 15069 7828 7241 3493 846 5644 2517 3748 2637 2337 1944 1463
internal_count=248356 11031 1300 1098 9731 7870 7020 3706 2077 3314 237325 234808 28683 23039 6901 4585 16138 1069 15069 7828 7241 3493 846 5644 2517 3748 2637 2337 1944 1463
is_linear=0
shrinkage=0.05


Tree=196
num_leaves=31
num_cat=4
split_feature=4 9 10 0 4 3 10 10 0 8 10 11 6 0 10 0 0 0 0 9 9 3 10 8 8 10 9 8 9 0
split_gain=6.87373 18.1979 10.0657 19.5829 12.4798 16.1065 11.8927 21.3571 11.171 10.8838 8.60155 8.3155 8.91569 13.2344 8.39447 9.67356 8.094 9.88574 6.85982 20.2276 13.6227 14.2263 11.7669 20.7895 29.4782 14.7232 24.2331 15.7807 49.0176 23.8233
threshold=0 -81.749999999999986 107.49500000000002 42.500000000000007 1 2 44.865000000000009 90.50500000000001 37.500000000000007 27.750000000000004 33.175000000000004 115.41500000000001 4.5000000000000009 54.500000000000007 42.845000000000006 50.500000000000007 56.500000000000007 53.500000000000007 18.500000000000004 -80.249999999999986 -87.249999999999986 3 124.43000000000002 27.450000000000003 28.250000000000004 21.375000000000004 -87.34999999999998 28.150000000000002 -82.549999999999983 9.5000000000000018
decision_type=9 2 10 2 9 9 8 8 2 2 10 8 2 2 10 2 2 2 2 2 2 9 10 2 2 10 2 2 2 2
left_child=1 2 3 4 5 6 -1 -8 10 16 -6 14 13 -13 -5 -16 17 -4 19 22 21 -20 25 -24 -25 26 -2 28 29 -28
right_child=18 -3 9 11 8 -7 7 -9 -10 -11 -12 12 -14 -15 15 -17 -18 -19 20 -21 -22 -23 23 24 -26 -27 27 -29 -30 -31
leaf_value=0.0096068170540043255 -0.029193715321273128 -0.0069455894163998888 -0.0027448661725901326 -0.011409292682964624 0.00022459804553083275 -0.010119472153684318 -0.016815325800965564 0.017123044390996878 -0.017340246273058659 -0.012448863180632498 -0.025057484318742641 0.0065049329933240425 -0.00067610571952108072 -0.002169981897094342 0.017530870659320286 -0.0089333828774297974 -0.0068286235674120737 0.01012963441132282 0.010216044459630647 0.0054840784700330939 2.5134005326110653e-05 -0.00074654972224146303 0.0066862864958094018 -0.022394577434243557 -0.0056796129562701305 0.00015622863386308695 -0.0012575388774872744 0.00033443468396585633 -0.0027101733283918074 -0.028542278192444794
leaf_weight=521 349 1358 419 270 505 255 205 224 307 439 218 1214 456 266 200 214 262 279 2062 3393 189550 1482 295 224 405 23381 280 7736 10857 730
leaf_count=521 349 1358 419 270 505 255 205 224 307 439 218 1214 456 266 200 214 262 279 2062 3393 189550 1482 295 224 405 23381 280 7736 10857 730
internal_value=-9.50211e-05 -0.00157233 -0.000431034 0.000647482 -0.00278396 0.000693878 0.00371134 -0.0023918 -0.0067619 -0.00415188 -0.00334243 0.00357414 0.00524152 0.00711409 -0.00115274 0.00330189 -0.00113402 0.00169492 -4.818e-05 -0.000585397 8.44105e-05 0.00315138 -0.000870852 -0.00642398 -0.0115023 -0.000750986 -0.00174832 -0.00151175 -0.00265639 -0.0131373
internal_weight=248356 7612 6254 4855 2235 1205 950 429 1030 1399 723 2620 1936 1480 684 414 960 698 240744 47650 193094 3544 44257 924 629 43333 19952 19603 11867 1010
internal_count=248356 7612 6254 4855 2235 1205 950 429 1030 1399 723 2620 1936 1480 684 414 960 698 240744 47650 193094 3544 44257 924 629 43333 19952 19603 11867 1010
cat_boundaries=0 1 2 3 4
cat_threshold=80 16 4 20
is_linear=0
shrinkage=0.05


Tree=197
num_leaves=31
num_cat=1
split_feature=4 0 0 10 10 0 7 12 11 10 0 9 7 10 8 8 10 9 7 10 9 9 0 9 9 8 8 7 10 0
split_gain=6.38151 9.4408 9.85628 8.42513 15.903 6.77143 6.76153 6.13881 9.20529 7.46486 6.79787 16.6945 22.1419 12.6103 21.3327 22.5155 12.8944 22.5571 21.7109 21.6647 17.7731 17.4483 19.812 23.6805 21.2515 23.871 18.3169 17.2726 21.2365 35.7824
threshold=0 42.500000000000007 37.500000000000007 86.490000000000023 41.005000000000003 33.500000000000007 13.500000000000002 3.5000000000000004 31.250000000000004 30.295000000000005 18.500000000000004 -80.249999999999986 16.500000000000004 124.43000000000002 27.450000000000003 28.250000000000004 21.375000000000004 -87.34999999999998 17.500000000000004 15.635000000000003 -87.149999999999991 -82.749999999999986 8.5000000000000018 -82.549999999999983 -82.549999999999983 28.350000000000005 28.250000000000004 13.500000000000002 18.155000000000005 15.500000000000002
decision_type=9 2 2 8 10 2 2 10 10 10 2 2 2 10 2 2 10 2 2 10 2 2 2 2 2 2 2 2 10 2
left_child=1 2 5 4 6 -1 -3 10 9 -9 11 13 -13 16 -15 -16 17 -2 27 20 -20 -22 23 -23 25 -24 -26 28 -19 -30
right_child=7 3 -4 -5 -6 -7 -8 8 -10 -11 -12 12 -14 14 15 -17 -18 18 19 -21 21 22 24 -25 26 -27 -28 -29 29 -31
leaf_value=-0.0077539692002421834 -0.027734029555209452 0.0064461377737394798 -0.016008468894879259 -0.0016858682294218054 0.013294294938366404 0.0054922404592435917 -0.0031138928143867872 -0.0074919275268416465 -0.012770252460639231 0.0097881548628821601 0.00011044258143773079 0.016984881433798504 0.0021053969629911242 0.0067505404574523808 -0.021119203829639322 -0.0072339237391855883 0.00012238428436681659 -0.0039675135411676001 0.021259058946928547 -0.01962896919120638 -0.019605746516629632 -0.024273917585197948 -0.0055152651645174805 -0.0014703447494250456 0.003439047097432724 0.010288725129468369 -0.017170150012063078 -0.005805373153352722 0.040437386210688375 -0.013565440799051399
leaf_weight=676 349 216 382 1482 352 210 388 403 701 431 195374 604 2766 294 223 380 23443 3878 232 312 381 227 424 1627 3015 1258 499 7058 496 275
leaf_count=676 349 216 382 1482 352 210 388 403 701 431 195374 604 2766 294 223 380 23443 3878 232 312 381 227 424 1627 3015 1258 499 7058 496 275
internal_value=-9.34105e-05 -0.00214707 -0.0056338 -0.000326797 0.00331263 -0.00267857 -0.00162866 -6.21245e-05 -0.00320388 0.00035545 -4.21594e-05 -0.000576951 0.00281065 -0.000834817 -0.00667034 -0.0119902 -0.000712906 -0.00164413 -0.00141682 0.000594865 0.00112733 0.000692111 0.00126062 -0.00316524 0.00284287 0.00744681 0.000624291 -0.00278655 -0.000418545 0.00710627
internal_weight=248356 3706 1268 2438 956 886 604 244650 1535 834 243115 47741 3370 44371 897 603 43474 20031 19682 7975 7663 7431 7050 1854 5196 1682 3514 11707 4649 771
internal_count=248356 3706 1268 2438 956 886 604 244650 1535 834 243115 47741 3370 44371 897 603 43474 20031 19682 7975 7663 7431 7050 1854 5196 1682 3514 11707 4649 771
cat_boundaries=0 1
cat_threshold=64
is_linear=0
shrinkage=0.05


Tree=198
num_leaves=31
num_cat=3
split_feature=12 11 10 10 10 8 11 10 11 8 0 8 8 9 3 9 8 8 3 8 3 9 8 0 0 0 2 9 0 10
split_gain=5.92662 9.0215 7.46486 6.10895 38.9326 23.6578 21.745 20.3728 22.5028 19.4096 24.7571 37.9526 22.98 27.162 22.1384 20.5004 37.6556 33.8284 32.1832 25.9003 24.6542 26.3687 29.1125 21.9105 23.6301 21.8948 25.0664 23.8825 19.9517 19.0122
threshold=3.5000000000000004 31.250000000000004 30.295000000000005 111.38500000000002 108.94500000000001 25.550000000000004 62.915000000000006 105.69500000000001 117.08500000000002 27.450000000000003 49.500000000000007 25.950000000000003 27.650000000000002 -81.749999999999986 0 -80.149999999999991 25.950000000000003 27.050000000000004 1 25.750000000000004 2 -81.949999999999989 26.350000000000005 40.500000000000007 17.500000000000004 41.500000000000007 1.0000000180025095e-35 -82.449999999999989 49.500000000000007 113.86000000000001
decision_type=10 10 10 8 10 2 10 10 10 2 2 2 2 2 9 2 2 2 9 2 9 2 2 2 2 2 2 2 2 8
left_child=3 2 -2 4 7 -5 -6 -1 -9 10 15 -12 28 14 -14 16 19 20 -19 -7 21 -18 -23 24 -21 26 27 -20 -11 -16
right_child=1 -3 -4 5 6 9 -8 8 -10 12 11 -13 13 -15 29 -17 17 18 25 23 -22 22 -24 -25 -26 -27 -28 -29 -30 -31
leaf_value=0.00011552881512999491 -0.0071173311504995956 -0.01213844404348019 0.009298747119738061 -0.016459119634891727 -0.015896982887089361 -0.0026547962710515628 0.0072349947583528092 -0.0032645909618894912 -0.0090131088447532367 -0.013095318071662199 -0.0056548651229035409 0.0036120142687964042 0.0047597695204490533 -0.0086746012187178152 -0.0042095256400275895 0.0049658273333408783 -0.011139983123212094 0.0378169852427023 -0.0081583801023769279 -0.0033278244259817846 -0.013366559946506618 -0.0040717082037622808 0.016435102245708322 -0.0049154347750065778 0.011854473822090839 -0.013407554151335654 0.016273675347233941 0.016166987848768511 -0.0010839103098902569 -0.00039739499269177971
leaf_weight=159343 403 702 431 612 213 3214 1613 2446 343 1977 1898 9803 2646 3692 1777 4398 1837 225 1445 930 2866 2094 760 1071 3466 534 525 685 2223 34184
leaf_count=159343 403 702 431 612 213 3214 1613 2446 343 1977 1898 9803 2646 3692 1777 4398 1837 225 1445 930 2866 2094 760 1071 3466 534 525 685 2223 34184
internal_value=-8.33447e-05 -0.00316947 0.00035545 -6.40117e-05 0.000112827 -0.000413891 0.00735294 3.08372e-05 -0.00419793 -0.000340384 0.0005355 0.0024208 -0.00101378 -0.00066298 -0.000270606 -0.000382377 -0.00107314 -0.00301885 0.00110981 0.00138649 -0.00488304 -0.00262152 0.000384078 0.00347818 0.00503858 -0.000233718 0.00163227 -0.000794393 -0.00453682 -0.000596148
internal_weight=248356 1536 834 246820 163958 82862 1826 162132 2789 82250 35751 11701 46499 42299 38607 24050 19652 10971 3414 8681 7557 4691 2854 5467 4396 3189 2655 2130 4200 35961
internal_count=248356 1536 834 246820 163958 82862 1826 162132 2789 82250 35751 11701 46499 42299 38607 24050 19652 10971 3414 8681 7557 4691 2854 5467 4396 3189 2655 2130 4200 35961
cat_boundaries=0 1 2 3
cat_threshold=16 8 4
is_linear=0
shrinkage=0.05


Tree=199
num_leaves=31
num_cat=6
split_feature=4 0 3 0 7 11 11 7 0 0 9 8 9 9 3 7 4 11 9 2 9 4 11 0 5 4 9 9 8 11
split_gain=6.80189 8.33387 11.5196 8.62446 6.27839 23.3513 23.9254 27.0637 24.8292 24.6534 18.4526 18.5091 17.8408 21.9365 21.4677 30.8383 20.1349 20.0951 16.1571 17.7734 15.2597 13.0147 13.9669 13.3512 14.0372 12.679 10.7184 42.0593 34.9389 62.5865
threshold=0 42.500000000000007 1 35.500000000000007 12.500000000000002 132.69000000000003 127.40000000000002 11.500000000000002 42.500000000000007 20.500000000000004 -87.049999999999983 24.650000000000002 -81.84999999999998 -80.949999999999989 2 10.500000000000002 3 62.915000000000006 -86.549999999999983 1.0000000180025095e-35 -86.049999999999983 4 112.25000000000001 17.500000000000004 2.5000000000000004 5 -81.749999999999986 -82.34999999999998 27.750000000000004 115.41500000000001
decision_type=9 2 9 2 2 10 10 2 2 2 2 2 2 2 9 2 9 10 2 2 2 9 10 2 2 9 2 2 2 8
left_child=1 2 3 -1 5 6 10 8 9 -8 -2 -12 14 -14 15 -13 -15 -17 -16 20 -20 -21 23 24 -23 -11 27 28 29 -6
right_child=4 -3 -4 -5 26 -7 7 -9 -10 25 11 12 13 16 18 17 -18 -19 19 21 -22 22 -24 -25 -26 -27 -28 -29 -30 -31
leaf_value=-0.0055916527288355951 -0.02034432390662997 -0.00015055448355152381 0.0033271592522867268 -0.015678586955418263 -0.00069517993903200903 0.014764053661152233 -0.02914783503139784 -0.046092062233731301 -0.019057557145362659 0.014166172299657465 -0.015525234906510522 -0.0079263594844354301 0.0045385929341891012 0.012451368443510802 0.012661669715238945 0.0081062909337960686 -0.0038251570324042473 0.021078627166266184 -0.01669323707715167 -0.011632821518217229 -0.0023089261260039076 -0.019279362376870158 0.013769285699371548 0.0064087281412935409 0.0035650248924521399 -0.00022554848569118492 -0.0005486217225757706 0.0025049571666444061 0.00022146253980874777 -0.010515662759143974
leaf_weight=609 416 2438 286 373 12920 201 263 213 427 247 546 420 5145 589 989 367 2890 260 922 346 14174 483 577 1219 449 731 81545 33121 81296 3894
leaf_count=609 416 2438 286 373 12920 201 263 213 427 247 546 420 5145 589 989 367 2890 260 922 346 14174 483 577 1219 449 731 81545 33121 81296 3894
internal_value=-8.05263e-05 -0.00220075 -0.00547731 -0.00798403 -4.82282e-05 -0.000702547 -0.000812739 -0.00626653 -0.00405244 -0.000439648 -0.000466412 -0.000316477 -0.000142164 0.00176048 -0.000954689 0.00595127 -0.0013041 0.0129513 -0.0013374 -0.00167767 -0.00238316 0.0017834 0.0029476 0.00108746 -0.00339703 0.00323887 4.98153e-05 0.000329546 -0.000190583 -0.00226462
internal_weight=248356 3706 1268 982 244650 31874 31673 1881 1668 1241 29792 29376 28830 8624 20206 1047 3479 627 19159 18170 15096 3074 2728 2151 932 978 212776 131231 98110 16814
internal_count=248356 3706 1268 982 244650 31874 31673 1881 1668 1241 29792 29376 28830 8624 20206 1047 3479 627 19159 18170 15096 3074 2728 2151 932 978 212776 131231 98110 16814
cat_boundaries=0 1 2 3 4 5 6
cat_threshold=64 4 8 136 160 12
is_linear=0
shrinkage=0.05


Tree=200
num_leaves=31
num_cat=3
split_feature=0 9 9 8 8 9 11 8 4 11 7 4 11 9 7 7 9 9 8 9 9 6 11 7 0 7 11 11 11 4
split_gain=9.02456 31.1994 25.8801 48.4202 27.1099 52.5044 43.3069 43.0848 47.0116 55.5666 36.5158 43.6756 34.9324 49.2676 59.86 39.7381 34.2523 32.9875 29.1209 33.5602 32.7637 32.3811 29.4072 28.9654 27.9654 36.4874 26.7228 25.0776 24.8608 35.1046
threshold=41.500000000000007 -86.949999999999989 -82.649999999999991 27.950000000000003 27.050000000000004 -81.84999999999998 126.38500000000001 26.350000000000005 0 120.57500000000002 19.500000000000004 1 100.41500000000001 -81.749999999999986 17.500000000000004 13.500000000000002 -82.549999999999983 -82.549999999999983 25.950000000000003 -81.749999999999986 -80.34999999999998 2.5000000000000004 121.55000000000003 13.500000000000002 19.500000000000004 12.500000000000002 75.640000000000015 103.98000000000002 89.720000000000013 2
decision_type=2 2 2 2 2 2 10 2 9 10 2 9 8 2 2 2 2 2 2 2 2 2 10 2 2 2 10 10 8 9
left_child=2 -2 3 -1 5 6 -4 18 9 -9 11 12 -6 14 15 -14 -12 -16 19 21 22 -7 -21 -20 25 -8 -13 28 29 -5
right_child=1 -3 4 27 10 7 24 8 -10 -11 16 26 13 -15 17 -17 -18 -19 23 20 -22 -23 -24 -25 -26 -27 -28 -29 -30 -31
leaf_value=-0.0066392781137535111 0.009870308669742478 -0.00045634305482398222 -0.0084465873303492429 0.013482617969173917 0.0099594196552033054 -0.0047227344511618701 -0.035249551524990611 0.0069059261852657539 -0.0034547017172862574 0.031034506250822425 -0.015170204878196271 -0.010575903804390175 0.0096173696828289589 -0.022643246452582578 0.013702314526432469 -0.0067224975899097044 0.00092032191623667723 0.0025419581830488092 0.0075105696043062057 -7.5688099751669575e-06 0.0049225442212949668 0.014881650511222056 -0.020855641485950739 -0.0035149249567322017 0.0015520454083461034 -0.0028449139743048414 0.0066324784227766113 -0.0043482024004953155 0.0019057822993178597 -0.0043123494520898474
leaf_weight=9954 1674 93487 6273 473 10411 497 555 2998 950 1021 841 1744 1337 662 2038 3541 12782 1070 1523 19720 10555 1049 445 12929 7800 2217 695 6822 25888 7196
leaf_count=9954 1674 93487 6273 473 10411 497 555 2998 950 1021 841 1744 1337 662 2038 3541 12782 1070 1523 19720 10555 1049 445 12929 7800 2217 695 6822 25888 7196
internal_value=-8.6291e-06 -0.000391401 0.000227928 -0.000702183 0.000679606 0.000100668 -0.00232275 0.000890767 0.00531231 0.00766279 0.00180894 0.00309187 0.00389695 0.0015477 0.00263882 -0.000818331 -0.000216387 0.00805003 0.000419449 0.0012548 0.000891637 0.00841902 -0.000289963 -0.00144517 -0.00036855 -0.0046729 -0.00319235 6.80878e-05 0.000630083 -0.00186873
internal_weight=249147 95161 153986 50333 103653 68532 16845 51687 4969 4019 35121 21498 19059 8648 7986 4878 13623 3108 46718 32266 30720 1546 20165 14452 10572 2772 2439 40379 33557 7669
internal_count=249147 95161 153986 50333 103653 68532 16845 51687 4969 4019 35121 21498 19059 8648 7986 4878 13623 3108 46718 32266 30720 1546 20165 14452 10572 2772 2439 40379 33557 7669
cat_boundaries=0 1 2 3
cat_threshold=10 102 56
is_linear=0
shrinkage=0.05


Tree=201
num_leaves=31
num_cat=2
split_feature=4 11 0 10 10 0 8 7 7 10 11 8 0 10 11 10 10 4 2 0 11 10 10 8 0 11 11 11 10 8
split_gain=8.16723 16.775 11.9192 10.2111 9.69351 8.45116 20.612 25.141 23.1485 52.3378 25.1346 20.5605 40.1268 39.6038 23.5 47.3556 34.353 33.9761 34.9813 58.8434 65.0212 36.3941 33.9912 26.9555 25.1036 20.4396 23.1674 21.7361 17.5658 34.6295
threshold=0 111.83500000000002 56.500000000000007 119.67000000000002 50.155000000000008 40.500000000000007 26.050000000000004 10.500000000000002 11.500000000000002 12.125000000000002 38.665000000000006 24.650000000000002 30.500000000000004 69.680000000000021 103.98000000000002 48.085000000000008 128.71500000000003 1 1.0000000180025095e-35 30.500000000000004 108.05500000000002 117.38000000000001 80.88000000000001 28.450000000000003 16.500000000000004 46.250000000000007 94.585000000000022 89.720000000000013 128.71500000000003 27.250000000000004
decision_type=9 8 2 8 10 2 2 2 2 8 8 2 2 10 10 10 10 9 2 2 10 10 10 2 2 8 8 10 10 2
left_child=1 4 -3 -4 -1 11 7 -7 9 -8 -10 12 -2 -14 -13 -16 17 -17 19 21 -21 -19 -20 -22 -24 -9 27 -27 -12 -30
right_child=5 2 3 -5 -6 6 8 25 10 -11 28 14 13 -15 15 16 -18 18 22 20 23 -23 24 -25 -26 26 -28 -29 29 -31
leaf_value=-0.0018635524002205807 -0.0033666029174715729 0.00074897728616019066 -0.0012076410103286862 -0.010413307553418783 -0.010904037025663005 0.0035710950038552181 0.0015741192446561136 0.013153237470474855 -0.014480458188290246 -0.010083804452326995 0.00040621661589197445 0.00083253939811349657 -0.014205579452286267 0.016164327247338229 0.00060220315910850539 0.010433867781689976 0.014129998205839645 -0.028120192300813196 -0.010101661205456658 0.016405696146911009 -0.028671735454741755 -0.0015340376442551042 0.0087117283483172606 -0.0043408194392743574 -0.0023811030688404957 -0.008851789943384248 -0.0029859354175293621 -0.028024432197155537 0.0029088906590414966 -0.0076706455008248575
leaf_weight=1209 1242 4678 312 212 1175 1486 1658 228 897 2027 71666 111459 253 1430 21995 630 589 1810 1727 840 693 500 828 934 2954 1632 10886 326 1128 1743
leaf_count=1209 1242 4678 312 212 1175 1486 1658 228 897 2027 71666 111459 253 1430 21995 630 589 1810 1727 840 693 500 828 934 2954 1632 10886 326 1128 1743
internal_value=-1.70575e-05 -0.00163029 -3.8373e-05 -0.0071161 -0.00509607 3.37361e-05 -0.000337827 -0.00206617 -1.95883e-05 -0.00388363 0.000169662 0.000269112 0.00441227 0.00942115 0.000185212 -0.000975828 -0.0035736 -0.00421014 -0.00490006 -0.00803217 -0.00264433 -0.01375 -0.00218337 -0.0084606 0.000474684 -0.00276716 -0.00303407 -0.00802846 0.000270299 -0.00355779
internal_weight=249147 7586 5202 524 2384 241561 93677 14558 79119 3685 75434 147884 2925 1683 144959 33500 11505 10916 10286 4777 2467 2310 5509 1627 3782 13072 12844 1958 74537 2871
internal_count=249147 7586 5202 524 2384 241561 93677 14558 79119 3685 75434 147884 2925 1683 144959 33500 11505 10916 10286 4777 2467 2310 5509 1627 3782 13072 12844 1958 74537 2871
cat_boundaries=0 1 2
cat_threshold=80 128
is_linear=0
shrinkage=0.05


Tree=202
num_leaves=31
num_cat=3
split_feature=0 8 7 11 4 3 8 4 8 0 6 11 11 11 11 11 8 11 7 11 7 8 8 8 7 0 0 7 11 7
split_gain=7.19628 20.2544 22.9563 22.3468 19.5626 19.3035 44.1499 25.1492 19.2121 34.1333 33.3691 22.5669 18.9457 24.1538 18.8972 18.5732 26.7395 17.9459 48.416 33.5652 24.3724 22.3598 55.6205 34.596 37.9619 20.891 20.2569 17.8567 24.7058 16.6187
threshold=41.500000000000007 26.050000000000004 10.500000000000002 31.835000000000004 0 1 27.250000000000004 2 24.650000000000002 30.500000000000004 2.5000000000000004 93.610000000000014 46.250000000000007 91.745000000000019 86.515000000000015 69.585000000000022 30.050000000000004 88.610000000000014 14.500000000000002 70.415000000000006 11.500000000000002 26.850000000000005 26.250000000000004 28.350000000000005 16.500000000000004 49.500000000000007 61.500000000000007 14.500000000000002 98.750000000000014 16.500000000000004
decision_type=2 2 2 8 9 9 2 9 2 2 2 8 8 8 10 8 2 10 2 10 2 2 2 2 2 2 2 2 8 2
left_child=8 2 -2 -3 -5 6 -6 -8 9 -1 -11 -10 -4 14 -14 16 -7 18 20 21 -17 22 -20 24 -23 -22 -27 28 -9 -13
right_child=1 3 12 4 5 15 7 27 11 10 -12 29 13 -15 -16 17 -18 -19 19 -21 25 23 -24 -25 -26 26 -28 -29 -30 -31
leaf_value=-0.003091706914643666 0.0034039884276351631 -0.020995313490284852 0.012123843078759577 -0.0029479458982344386 -0.018559592598471265 -0.0031484413527455681 0.015995903534985256 0.012420613618907873 0.0015613788154634101 -0.0073953323012490918 0.015005096419479447 -0.0014566747910679024 -0.0089432877590937213 -0.0030360330337585676 -0.026623210587297799 -0.012395051103421251 0.0084515345040247162 0.00027826824531471675 -0.010946343587717778 0.011069833218019909 0.0012943512101233345 -0.02560729468336205 0.012794868785798297 0.0020752139995881438 -0.0063453275219962357 0.013772349748945346 0.0051694134020863654 -0.0062744086817471791 -0.0094908922129318899 0.00055978471284907634
leaf_weight=1247 1539 409 225 3602 1050 8195 533 581 53565 362 1403 54124 1501 10644 324 374 1026 51516 921 1058 747 606 953 1247 1072 1392 1560 3771 315 43285
leaf_count=1247 1539 409 225 3602 1050 8195 533 581 53565 362 1403 54124 1501 10644 324 374 1026 51516 921 1058 747 606 953 1247 1072 1392 1560 3771 315 43285
internal_value=-2.22751e-05 -0.000364081 -0.00210279 -5.80691e-05 1.86268e-06 0.000170919 -0.00248804 -0.00059501 0.000188966 0.00413633 0.00859155 0.000109945 -0.00280227 -0.00306515 -0.00836512 0.000406723 -0.00168454 0.000720841 0.002666 -0.000247145 0.00684546 -0.00202745 0.0022293 -0.00475298 -0.00941943 0.00807495 0.00995949 -0.00178152 0.00452539 -0.000343362
internal_weight=249147 95161 14233 80928 80519 76917 6250 5200 153986 3012 1765 150974 12694 12469 1825 70667 9221 61446 9930 5857 4073 4799 1874 2925 1678 3699 2952 4667 896 97409
internal_count=249147 95161 14233 80928 80519 76917 6250 5200 153986 3012 1765 150974 12694 12469 1825 70667 9221 61446 9930 5857 4073 4799 1874 2925 1678 3699 2952 4667 896 97409
cat_boundaries=0 1 2 3
cat_threshold=4 2 136
is_linear=0
shrinkage=0.05


Tree=203
num_leaves=31
num_cat=4
split_feature=4 11 10 9 0 2 9 10 10 10 3 10 10 11 3 10 0 10 0 0 11 4 0 0 0 0 10 10 0 9
split_gain=7.16739 15.397 10.3582 10.3852 10.2213 9.90589 8.84681 8.74659 27.4977 15.9133 9.63983 8.33804 7.68528 26.2059 21.6451 21.3377 27.3191 18.7992 25.1177 20.1719 17.5949 16.018 15.2206 22.7772 14.8232 14.3103 16.7556 14.4922 14.181 13.6314
threshold=0 111.83500000000002 63.100000000000009 -81.34999999999998 56.500000000000007 1.0000000180025095e-35 -82.34999999999998 11.955000000000002 12.115 11.010000000000002 1 119.67000000000002 19.450000000000006 138.07000000000002 2 18.665000000000003 33.500000000000007 15.635000000000003 21.500000000000004 12.500000000000002 69.030000000000015 3 23.500000000000004 10.500000000000002 17.500000000000004 42.500000000000007 13.355000000000002 14.360000000000001 23.500000000000004 -84.949999999999989
decision_type=9 8 10 2 2 2 2 8 8 10 9 8 8 10 9 10 2 10 2 2 10 9 2 2 2 2 10 10 2 2
left_child=1 2 3 5 -3 -1 -4 9 -9 -2 -11 -6 14 -14 17 24 22 19 -19 -10 -21 -18 23 -17 -16 -26 -27 -28 -22 -15
right_child=7 4 6 -5 11 -7 -8 8 12 10 -12 -13 13 29 15 16 21 18 -20 20 28 -23 -24 -25 25 26 27 -29 -30 -31
leaf_value=-0.0065426970873073038 -0.00091238919788665389 0.00075589669538707056 -0.00059576972451718118 -0.0097125304370491161 -0.0011611723720780455 0.0069530149445262701 -0.012731043305423651 0.017584984378234036 3.1072048130997841e-05 0.00083989917394529108 -0.024647889353032415 -0.0099065555880136109 3.2248615615593225e-05 0.0010819408929466424 -0.0067803256975294884 0.045784889372442544 -0.0024011809575377185 -0.012823996216282829 0.0067556357447207567 0.00010616173427822063 0.025686661305885972 0.011623425305330937 0.027294261875908443 0.00042050889631291001 0.0021117673635280276 0.0014589868420642471 -0.024427632643661348 -0.0027846979189056322 0.012138531856234725 -0.023487734468739287
leaf_weight=602 12577 4678 222 418 312 479 663 408 897 201 460 212 204715 250 2617 326 1513 456 755 418 910 365 554 777 7515 1482 412 2666 617 670
leaf_count=602 12577 4678 222 418 312 479 663 408 897 201 460 212 204715 250 2617 326 1513 456 755 418 910 365 554 777 7515 1482 412 2666 617 670
internal_value=-1.38467e-05 -0.00152511 -0.00484545 -0.00228628 0 0.000320807 -0.00910615 3.37361e-05 0.000106205 -0.00121528 -0.00871833 -0.00655431 8.27026e-05 -1.28863e-05 0.000964558 0.000227435 0.00370945 0.00425976 -0.000941851 0.00648668 0.00933504 -0.000423729 0.00836833 0.00489668 -0.000612162 0.000128258 -0.00207877 -0.00417746 0.0118087 -0.0083871
internal_weight=249147 7586 2384 1499 5202 1081 885 241561 228323 13238 661 524 227915 205635 22280 18227 3535 4053 1211 2842 1945 1878 1657 1103 14692 12075 4560 3078 1527 920
internal_count=249147 7586 2384 1499 5202 1081 885 241561 228323 13238 661 524 227915 205635 22280 18227 3535 4053 1211 2842 1945 1878 1657 1103 14692 12075 4560 3078 1527 920
cat_boundaries=0 1 2 3 4
cat_threshold=80 10 24 2
is_linear=0
shrinkage=0.05


Tree=204
num_leaves=31
num_cat=6
split_feature=4 11 10 10 8 10 4 10 10 10 10 10 3 8 7 8 10 8 11 8 10 10 7 7 8 10 8 4 3 4
split_gain=6.07227 13.2135 7.98946 7.14279 19.4242 9.74711 17.0498 6.98862 9.20566 6.39218 24.5158 14.837 8.75358 8.22003 13.6675 8.14692 7.07603 20.7668 20.5706 18.8335 19.349 15.0375 17.449 14.6844 13.3944 26.9288 13.1099 13.3694 11.101 10.6613
threshold=0 111.83500000000002 63.100000000000009 106.34000000000002 27.550000000000004 99.655000000000015 1 77.910000000000011 89.040000000000006 11.955000000000002 12.115 11.010000000000002 2 30.350000000000005 13.500000000000002 24.550000000000004 19.450000000000006 24.650000000000002 138.07000000000002 25.650000000000002 17.925000000000004 16.605000000000004 12.500000000000002 14.500000000000002 24.650000000000002 24.205000000000002 27.450000000000003 3 4 5
decision_type=9 8 10 10 2 10 9 10 10 8 8 10 9 2 2 2 8 2 10 2 10 10 2 2 2 10 2 9 9 9
left_child=1 2 -1 5 -5 -3 -7 -4 -9 11 -11 13 -13 -2 -15 -12 17 -17 24 -19 21 28 -23 26 25 -18 27 -22 -21 -20
right_child=9 3 7 4 -6 6 -8 8 -10 10 15 12 -14 14 -16 16 18 19 29 20 23 22 -24 -25 -26 -27 -28 -29 -30 -31
leaf_value=-0.0021960944682090757 -0.00044336875213266683 -7.5695298919864487e-05 -0.017174465282994069 0.0022705777971160136 -0.011565535748552193 0.011100357750632207 -0.00012671413291407419 0.0041044294871181112 -0.011566895760404884 0.016705735159322367 -0.0102985663794402 0.00079790421524803543 -0.023415494885380819 0.0012391688965045944 -0.027111506090294314 -0.020071772602158956 -0.014602798922074901 0.007620769053555243 -0.018415941087228483 0.013160602634839071 0.0031240664753433567 -0.043041320525575126 -0.0048562676214706892 -0.0020194932935244658 -2.275513107816707e-05 0.0044276692907451402 0.01648843593507934 0.016253600095466236 -0.0001681903248706984 0.00055613838904609023
leaf_weight=1499 11782 3131 301 746 592 288 445 209 375 408 291 201 460 411 384 437 349 2787 681 571 3038 208 1140 1178 200479 3610 545 388 11974 239
leaf_count=1499 11782 3131 301 746 592 288 445 209 375 408 291 201 460 411 384 437 349 2787 681 571 3038 208 1140 1178 200479 3610 545 388 11974 239
internal_value=-2.6088e-06 -0.00139364 -0.00446951 1.91865e-05 -0.00311573 0.00110996 0.00625841 -0.00821229 -0.00488215 4.1187e-05 0.000103139 -0.00102657 -0.00827124 -0.000639549 -0.00552795 8.09477e-05 9.18141e-05 0.000938229 0 0.00115619 0.000593114 -0.000377616 -0.00537555 0.00320799 3.37494e-05 0.00291005 0.00465963 0.00349243 0.000163282 -0.00741935
internal_weight=249147 7586 2384 5202 1338 3864 733 885 584 241561 228323 13238 661 12577 795 227915 227624 22266 205358 21829 19042 13893 1348 5149 204438 3959 3971 3426 12545 920
internal_count=249147 7586 2384 5202 1338 3864 733 885 584 241561 228323 13238 661 12577 795 227915 227624 22266 205358 21829 19042 13893 1348 5149 204438 3959 3971 3426 12545 920
cat_boundaries=0 1 2 3 4 5 6
cat_threshold=80 16 10 34 16 2
is_linear=0
shrinkage=0.05


Tree=205
num_leaves=31
num_cat=3
split_feature=7 11 0 11 3 8 4 11 11 8 11 8 8 12 0 11 7 11 11 11 0 11 12 3 8 0 0 8 8 11
split_gain=6.17058 22.166 16.3855 14.4733 42.7184 13.4723 13.9198 10.8957 10.272 9.83399 8.09976 22.4989 29.1187 17.9402 19.507 16.7251 15.0918 14.5539 10.7088 12.6175 25.4322 13.2454 13.1672 19.294 10.3711 13.7775 12.5899 12.9037 10.8406 9.56745
threshold=23.500000000000004 84.720000000000013 40.500000000000007 52.085000000000008 0 29.250000000000004 1 24.585000000000004 47.680000000000007 26.250000000000004 50.915000000000006 29.950000000000003 30.150000000000002 1.5000000000000002 20.500000000000004 34.345000000000006 19.500000000000004 49.585000000000008 53.165000000000006 54.260000000000012 41.500000000000007 55.415000000000006 1.0000000180025095e-35 2 25.950000000000003 20.500000000000004 11.500000000000002 26.950000000000003 25.750000000000004 63.750000000000007
decision_type=2 10 2 10 9 2 9 8 10 2 8 2 2 10 2 10 2 10 8 8 2 8 10 9 2 2 2 2 2 8
left_child=7 2 3 5 -5 6 9 -1 -4 -2 11 15 16 17 -15 -9 -13 -14 -12 20 -20 22 -21 -24 25 -17 -26 -28 -27 -23
right_child=1 -3 8 4 -6 -7 -8 10 -10 -11 18 12 13 14 -16 24 -18 -19 19 21 -22 29 23 -25 26 28 27 -29 -30 -31
leaf_value=-0.01538740942943715 -0.0019747135281276587 -0.015833895945500043 -0.024531780284788775 0.023570640533709143 -0.010532848631867387 -0.013922130701982872 -0.0068462876403079694 0.0053875725407081633 -0.0041802516486638018 0.0083262308949098255 -0.0075082427234092648 0.027578710604290624 0.011041314370894284 -0.0131364070262328 0.0032630003445785153 -0.0074851958106760819 0.0035801414506130948 -0.005856030913752708 -0.014325133448039297 0.00089498758500474731 0.01019105514727805 0.0020006426639914477 0.0054948481931649251 -0.014754436894104118 0.0046860895826483341 0.00082858626969719575 -0.014835864544375667 -0.0037807882935085857 0.015258081872781704 -1.7310683008320283e-05
leaf_weight=398 965 677 230 597 388 758 836 2098 955 1286 915 765 2296 707 1165 292 281 471 359 1206 761 10792 402 1375 566 281 956 3913 284 211942
leaf_count=398 965 677 230 597 388 758 836 2098 955 1286 915 765 2296 707 1165 292 281 471 359 1206 761 10792 402 1375 566 281 956 3913 284 211942
internal_value=3.43474e-05 -0.00146225 -0.000489627 0.000805785 0.0061809 -0.000583658 0.000887956 7.57529e-05 -0.00573222 0.00292823 8.95231e-05 0.00125311 0.00367867 0.00196817 -0.00180659 -0.000392857 0.0111742 0.00451927 1.75622e-05 3.94539e-05 0.00530973 1.30689e-05 -0.00329101 -0.00601567 -0.00168201 0.00340254 -0.00248852 -0.0033101 0.00791304 5.74651e-05
internal_weight=248917 6692 6015 4830 985 3845 3087 242225 1185 2251 241827 14075 5685 4639 1872 8390 1046 2767 227752 226837 1120 225717 2983 1777 6292 857 5435 4869 565 222734
internal_count=248917 6692 6015 4830 985 3845 3087 242225 1185 2251 241827 14075 5685 4639 1872 8390 1046 2767 227752 226837 1120 225717 2983 1777 6292 857 5435 4869 565 222734
cat_boundaries=0 1 2 3
cat_threshold=4 2 8
is_linear=0
shrinkage=0.05


Tree=206
num_leaves=31
num_cat=1
split_feature=11 11 10 8 9 8 8 11 10 4 8 9 7 11 10 10 12 9 7 7 9 8 9 9 11 11 7 10 10 10
split_gain=5.47352 6.47099 14.504 22.9656 23.6203 13.6581 28.9748 19.7393 19.5052 16.2184 15.7431 13.7605 11.8296 14.8017 11.4864 14.757 12.9649 15.2671 12.8083 10.683 10.2575 11.3608 16.4184 25.6767 20.0947 17.8769 14.9159 23.7919 19.3817 13.2891
threshold=24.585000000000004 63.750000000000007 36.195000000000007 30.550000000000004 -82.549999999999983 27.250000000000004 27.450000000000003 62.915000000000006 99.655000000000015 0 27.350000000000005 -82.049999999999983 18.500000000000004 47.250000000000007 32.690000000000005 27.760000000000002 1.0000000180025095e-35 -81.84999999999998 19.500000000000004 16.500000000000004 -85.949999999999989 29.350000000000005 -81.84999999999998 -83.249999999999986 54.675000000000004 46.250000000000007 17.500000000000004 84.225000000000009 42.845000000000006 69.120000000000019
decision_type=8 8 10 2 2 2 2 10 10 9 2 2 2 10 10 10 10 2 2 2 2 2 2 2 10 10 2 10 10 10
left_child=-1 2 3 4 -2 11 10 8 9 -8 19 -4 13 -10 15 16 -6 -18 -17 -7 -11 26 23 25 29 -23 28 -28 -22 -24
right_child=1 -3 5 -5 14 6 7 -9 12 20 -12 -13 -14 -15 -16 18 17 -19 -20 -21 21 22 24 -25 -26 -27 27 -29 -30 -31
leaf_value=-0.007254077929155534 -0.010305886422199607 -5.9188682558719563e-05 -0.011279889472704108 0.025470973348180961 0.003575232228633807 0.015062628036711479 0.015616047682758705 -0.021086847337967951 -0.0019792960175806676 -0.018506965969860189 0.028486279137682757 -6.0162502593774647e-05 -0.00032601469440436405 -0.031088739564895596 -0.013565509622373906 0.00060584225606503679 0.0020778455736078171 -0.014626814721217275 0.032537445721430025 -0.0028850722361649875 0.0062447571446773154 0.020818835018630244 -0.0055731887621738533 0.026198528005093015 0.018154263437909979 -0.014623873305972347 -0.016177139760370097 0.0053239914545715195 0.00069115988128434227 0.0042298957169984329
leaf_weight=660 2141 215698 694 247 1294 764 719 302 504 247 446 4980 3486 286 320 220 753 518 228 298 1403 272 971 636 512 298 719 763 5328 3210
leaf_count=660 2141 215698 694 247 1294 764 719 302 504 247 446 4980 3486 286 320 220 753 518 228 298 1403 272 971 636 512 298 719 763 5328 3210
internal_value=3.55526e-05 4.77309e-05 0.000704658 -0.00157913 -0.00226112 0.0011919 0.00177576 0.00126106 0.00146147 0.00230647 0.00843215 -0.000985222 -0.00151657 -0.007 0.000373916 0.00133973 -0.000135922 -0.00370804 0.00960699 0.00503731 0.0019299 0.00211018 0.00378237 0.00896382 0.00243462 0.0012069 0.000905995 -0.0036193 0.00190625 0.00127654
internal_weight=248917 248257 32559 5721 5474 26838 21164 19656 19354 15078 1508 5674 4276 790 3333 3013 2565 1271 448 1062 14359 14112 5899 1206 4693 570 8213 1482 6731 4181
internal_count=248917 248257 32559 5721 5474 26838 21164 19656 19354 15078 1508 5674 4276 790 3333 3013 2565 1271 448 1062 14359 14112 5899 1206 4693 570 8213 1482 6731 4181
cat_boundaries=0 1
cat_threshold=40
is_linear=0
shrinkage=0.05


Tree=207
num_leaves=31
num_cat=6
split_feature=9 10 10 10 8 8 10 8 8 9 6 4 3 10 10 10 3 4 12 12 4 8 10 8 10 9 10 4 10 1
split_gain=5.12889 16.2823 34.4264 26.6314 18.2072 21.521 22.0904 40.5371 28.3596 28.7429 26.161 25.0425 23.2973 21.7557 29.3165 21.3105 15.7091 15.0202 15.1296 14.909 21.6823 14.8248 35.5447 20.5612 29.8668 40.8353 26.4035 37.852 23.8651 22.1051
threshold=-82.549999999999983 122.43500000000002 125.34000000000002 88.225000000000009 30.350000000000005 29.650000000000002 58.940000000000005 24.650000000000002 24.650000000000002 -81.549999999999983 1.0000000180025095e-35 0 1 81.960000000000022 58.940000000000005 55.605000000000011 2 3 1.5000000000000002 1.0000000180025095e-35 4 27.750000000000004 107.49500000000002 27.850000000000005 96.385000000000019 -82.649999999999991 86.830000000000013 5 98.550000000000026 1.0000000180025095e-35
decision_type=2 10 8 10 2 2 10 2 2 2 2 9 9 8 10 10 9 9 10 10 9 2 10 2 10 2 10 9 10 2
left_child=21 3 -3 4 5 6 8 -8 9 11 12 -2 -9 14 15 -7 -16 -5 -19 -12 -21 22 -1 24 25 29 27 -25 -26 -23
right_child=1 2 -4 17 -6 13 7 10 -10 -11 19 -13 -14 -15 16 -17 -18 18 -20 20 -22 23 -24 26 28 -27 -28 -29 -30 -31
leaf_value=-0.0095044830424460443 0.0080056690553316663 -0.014838892477762844 -0.001213389164712364 -0.010538501376499632 -0.011173176605350933 0.0041467361117915047 0.0031133287634693475 -0.0061345168683500269 0.00043293303994040855 0.012723358822428211 -0.0028853485110809096 -0.023295540263528293 0.018488587896914013 -0.0014906287637389327 0.0050093126767722044 -0.016415186073240485 0.022164220044395489 0.0043310116374705391 -0.0029501791820998771 0.0052551991306578399 -0.011381805113775201 -0.009804660545237277 8.4120099450402111e-05 0.014772359115593048 0.013563632066653675 0.0065675590830416297 -0.001655904896730931 0.00012574397731492936 0.0016525736318657282 0.0025008757002074945
leaf_weight=4500 207 552 4560 335 821 3110 3755 482 109730 215 4524 944 550 2558 608 250 1153 11624 1481 494 5108 2975 8777 383 1125 2155 19799 44768 10291 1083
leaf_count=4500 207 552 4560 335 821 3110 3755 482 109730 215 4524 944 550 2558 608 250 1153 11624 1481 494 5108 2975 8777 383 1125 2155 19799 44768 10291 1083
internal_value=3.43474e-05 0.000213953 -0.00255759 0.000309883 9.77557e-05 0.000143607 -1.30933e-05 -0.00181934 0.000229511 -0.00690407 -0.00333095 -0.0100345 0.00422265 0.00271167 0.00458975 0.00183976 0.00979673 0.00243123 0.00270095 -0.00410418 -0.0058268 -0.000252436 -0.00180251 -3.02704e-06 0.00151086 -0.00127752 -0.000414101 0.000253537 0.00302818 -0.00422812
internal_weight=248917 153061 5112 147949 134509 133688 126009 14913 111096 1366 11158 1151 1032 7679 5121 3360 1761 13440 13105 10126 5602 95856 13277 82579 17629 6213 64950 45151 11416 4058
internal_count=248917 153061 5112 147949 134509 133688 126009 14913 111096 1366 11158 1151 1032 7679 5121 3360 1761 13440 13105 10126 5602 95856 13277 82579 17629 6213 64950 45151 11416 4058
cat_boundaries=0 1 2 3 4 5 6
cat_threshold=128 4 2 80 40 32
is_linear=0
shrinkage=0.05


Tree=208
num_leaves=31
num_cat=4
split_feature=7 11 0 4 3 11 11 0 11 5 11 11 11 5 12 5 11 11 0 11 9 12 0 3 11 0 0 7 4 11
split_gain=5.53569 19.6732 16.0713 14.2241 16.7792 28.912 9.54386 9.27245 9.05594 13.8838 9.0415 8.71545 7.04988 12.3512 9.1109 8.11613 8.02048 11.1818 23.5331 10.5331 29.6031 14.1612 8.77154 16.1525 8.46117 29.532 27.6889 17.2996 19.892 14.2588
threshold=23.500000000000004 84.720000000000013 40.500000000000007 0 1 50.770000000000003 47.680000000000007 27.500000000000004 48.590000000000011 3.5000000000000004 24.585000000000004 48.590000000000011 50.915000000000006 2.5000000000000004 2.5000000000000004 1.5000000000000002 53.165000000000006 54.260000000000012 41.500000000000007 55.415000000000006 -82.549999999999983 1.0000000180025095e-35 48.500000000000007 2 63.750000000000007 38.500000000000007 14.500000000000002 17.500000000000004 3 60.415000000000006
decision_type=2 10 2 9 9 10 10 2 8 2 8 8 8 2 10 2 8 8 2 8 2 10 2 9 8 2 2 2 9 10
left_child=10 2 3 -2 8 7 -4 -6 9 -5 -1 -9 13 15 16 -12 -14 18 -18 20 21 -19 -22 -24 25 26 -21 28 29 -28
right_child=1 -3 6 4 5 -7 -8 11 -10 -11 12 -13 14 -15 -16 -17 17 19 -20 24 22 -23 23 -25 -26 -27 27 -29 -30 -31
leaf_value=-0.014276981713504534 -0.0097080072600464369 -0.015060888366094094 -0.023480468518253562 -0.0090063656939711311 -0.0070600439579850301 0.021415371939228402 -0.0040722604093815567 -0.0045867663980015743 -0.0049893736812966164 0.018818621836173222 -0.00086858138054237701 0.0070620344119575853 -0.0069050039326810086 -0.0021404533856629994 -0.0084415035950384798 0.0051567003501569626 -0.01337725064874782 -0.0011316081676045365 0.0094882660213662547 -0.012295353913166452 0.0031405324011112516 -0.027024102459675972 0.0055505765338879076 -0.015589437764689774 1.6466911482826418e-05 -0.0015365875819355779 0.0082801054284650458 0.0030559210307317566 -0.0072471559429326598 0.013842394313839358
leaf_weight=398 658 677 230 234 592 594 955 284 1199 286 2017 983 892 4510 873 7548 350 309 757 571 1386 584 324 317 211283 4661 1534 2388 304 1219
leaf_count=398 658 677 230 234 592 594 955 284 1199 286 2017 983 892 4510 873 7548 350 309 757 571 1386 584 324 317 211283 4661 1534 2388 304 1219
internal_value=4.47922e-05 -0.00137272 -0.000456432 0.000826446 0.0019084 0.00454913 -0.00564854 0.00147138 -0.00186889 0.00358491 8.40093e-05 0.00387627 9.65526e-05 0.00118211 2.94167e-05 0.00219843 4.9143e-05 6.79213e-05 0.00505819 4.31322e-05 -0.00293515 -0.0104651 0.00041728 -0.00437788 8.24436e-05 0.00145504 0.00376701 0.00486709 0.00735246 0.00867292
internal_weight=248917 6692 6015 4830 4172 2453 1185 1859 1719 520 242225 1267 241827 14075 227752 9565 226879 225987 1107 224880 2920 893 2027 641 221960 10677 6016 5445 3057 2753
internal_count=248917 6692 6015 4830 4172 2453 1185 1859 1719 520 242225 1267 241827 14075 227752 9565 226879 225987 1107 224880 2920 893 2027 641 221960 10677 6016 5445 3057 2753
cat_boundaries=0 1 2 3 4
cat_threshold=12 2 8 46
is_linear=0
shrinkage=0.05


Tree=209
num_leaves=31
num_cat=1
split_feature=9 7 11 11 0 11 4 11 11 8 8 12 0 7 11 11 9 7 11 8 0 9 0 11 11 0 11 9 12 0
split_gain=5.40942 7.13385 17.4756 12.8642 14.2472 13.2063 11.8659 8.42714 6.67689 16.5749 24.078 14.2794 16.1174 13.8329 13.4783 11.8303 10.1964 10.0555 10.4011 24.24 17.9295 15.6455 9.0212 8.28161 8.77873 27.3191 9.68341 28.3702 12.6991 8.54109
threshold=-80.049999999999983 23.500000000000004 84.720000000000013 81.290000000000006 40.500000000000007 56.250000000000007 0 24.585000000000004 50.915000000000006 29.950000000000003 30.150000000000002 1.5000000000000002 20.500000000000004 19.500000000000004 34.345000000000006 49.585000000000008 -81.649999999999991 21.500000000000004 45.395000000000003 29.150000000000002 25.500000000000004 -80.249999999999986 47.500000000000007 53.165000000000006 54.260000000000012 41.500000000000007 55.415000000000006 -82.549999999999983 1.0000000180025095e-35 48.500000000000007
decision_type=2 2 10 10 2 8 9 8 8 2 2 10 2 2 10 10 2 2 10 2 2 2 2 8 8 2 8 2 10 2
left_child=1 7 3 4 6 -6 -3 -1 9 14 13 15 -13 -11 22 -12 -14 18 21 20 -20 -16 -9 -10 25 -25 27 28 -26 -29
right_child=-2 2 -4 -5 5 -7 -8 8 23 10 11 12 16 -15 17 -17 -18 -19 19 -21 -22 -23 -24 24 26 -27 -28 29 -30 -31
leaf_value=-0.013563132627829334 0.0051518626550222995 -0.010396346590549489 -0.014137428690582344 0.0085608861495098942 -0.0048177732790607667 -0.027956198457893145 0.00085481315121764827 0.006986897020558081 -0.0066403048399210187 0.024663556148045541 0.0097641884098545358 -0.011875319742858626 0.0054677694747719665 0.0025124325779936289 -0.003197087553645961 -0.0050700418532981578 -0.011297750332804491 0.0066587872137155559 -0.0072017624871637768 0.0025961634878524545 -0.026302250274121343 0.011947036005697421 -0.012262842805829078 -0.015002421504813413 -0.0010750277592243231 0.0090067838869387629 5.4582798799263091e-05 0.0037389970001295405 -0.025817935763690028 -0.0078553609316476709
leaf_weight=398 830 538 669 464 737 225 3740 1882 915 765 2296 707 938 281 4097 471 227 683 328 570 331 275 200 338 309 755 222279 1409 610 650
leaf_count=398 830 538 669 464 737 225 3740 1882 915 765 2296 707 938 281 4097 471 227 683 328 570 331 275 200 338 309 755 222279 1409 610 650
internal_value=4.19802e-05 2.84163e-05 -0.00162149 -0.000717536 -0.00142857 -0.006893 -0.000186567 7.19829e-05 8.41186e-05 0.00114146 0.00322212 0.00166703 -0.00170032 0.0100379 -0.000274594 0.0039431 0.00191489 -0.00142993 -0.00212975 -0.00617433 -0.0126308 -0.000981287 0.00320268 1.86998e-05 3.79926e-05 0.00448776 1.6203e-05 -0.00281124 -0.0100646 0.000459159
internal_weight=248917 248087 6373 5704 5240 962 4278 241714 241316 14051 5685 4639 1872 1046 8366 2767 1165 6284 5601 1229 659 4372 2082 227265 226350 1093 225257 2978 919 2059
internal_count=248917 248087 6373 5704 5240 962 4278 241714 241316 14051 5685 4639 1872 1046 8366 2767 1165 6284 5601 1229 659 4372 2082 227265 226350 1093 225257 2978 919 2059
cat_boundaries=0 1
cat_threshold=12
is_linear=0
shrinkage=0.05


Tree=210
num_leaves=31
num_cat=4
split_feature=9 8 7 10 4 9 8 8 9 10 10 9 9 7 10 9 3 7 7 9 10 4 7 8 6 3 10 10 8 10
split_gain=7.83251 8.16523 6.90859 15.9843 9.33199 11.3033 12.3423 8.43308 29.7884 29.4183 37.3873 28.5999 28.5492 22.7777 20.9124 15.6603 15.02 18.8892 17.086 14.7455 13.7682 20.7441 30.0565 18.6037 26.6411 28.7012 20.3069 16.9031 13.6083 20.4214
threshold=-80.049999999999983 26.650000000000002 23.500000000000004 110.94000000000001 0 -81.149999999999991 29.450000000000003 29.650000000000002 -85.949999999999989 51.680000000000007 50.155000000000008 -82.84999999999998 -85.749999999999986 11.500000000000002 81.960000000000022 -87.149999999999991 1 12.500000000000002 13.500000000000002 -84.949999999999989 4.04 2 18.500000000000004 30.350000000000005 2.5000000000000004 3 36.145000000000003 9.0800000000000018 30.350000000000005 58.940000000000005
decision_type=2 2 2 10 9 2 2 2 2 10 10 2 2 2 8 2 9 2 2 2 8 9 2 2 2 9 10 8 2 10
left_child=2 -2 7 4 -4 -6 -7 11 9 10 20 -1 16 19 28 -11 17 -10 -19 -14 -9 22 -22 24 26 -26 -23 -25 29 -15
right_child=1 -3 3 -5 5 6 -8 8 12 15 -12 -13 13 14 -16 -17 -18 18 -20 -21 21 23 -24 27 25 -27 -28 -29 -30 -31
leaf_value=-0.0089595441884774193 0.017299667603142634 0.0041099618598056335 -0.0088447276508956119 -0.024722804944053767 -0.005205280902308651 0.00057468299842016184 0.011765132160183534 0.0054426669461932423 -9.8247602734335976e-05 -0.024245047864043912 0.020346906119036404 -3.3670653519557451e-06 0.0020436735419155027 0.003581744971822687 -0.00020431277944554793 -0.0059789250904882969 0.012976634369238038 0.035957786708325924 0.005523960598166378 -0.012012613326326617 0.0051513611890688267 -0.024414813905360599 0.016103268742436682 -0.019936006060158995 -0.020871146644939477 0.0017689536167972975 0.00040237653577106518 0.00097922727746482265 -0.0045885528063110753 0.014919126522130899
leaf_weight=1378 210 601 1306 275 1117 3323 351 929 706 373 392 198125 1119 5938 6113 3731 310 366 452 1093 984 1030 252 313 352 2895 420 11423 625 2818
leaf_count=1378 210 601 1306 275 1117 3323 351 929 706 373 392 198125 1119 5938 6113 3731 310 366 452 1093 984 1030 252 313 352 2895 420 11423 625 2818
internal_value=5.73537e-05 0.00493301 4.12443e-05 -0.00158258 -0.00103979 -1.03928e-05 0.00133008 8.40399e-05 0.000722259 -0.000493421 0.000336842 -5.23775e-05 0.00215857 0.00154098 0.00221878 -0.00432669 0.00808026 0.00582902 0.0109903 -0.00319532 1.07481e-05 -0.000302619 0.00589172 -0.000774935 -0.00343106 -0.000905741 -0.0090411 0.00028946 0.00370035 0.00420945
internal_weight=249320 811 248509 6372 6097 4791 3674 242137 42634 23094 18990 199503 19540 17706 15494 4104 1834 1524 818 2212 18598 17669 1236 16433 4697 3247 1450 11736 9381 8756
internal_count=249320 811 248509 6372 6097 4791 3674 242137 42634 23094 18990 199503 19540 17706 15494 4104 1834 1524 818 2212 18598 17669 1236 16433 4697 3247 1450 11736 9381 8756
cat_boundaries=0 1 2 3 4
cat_threshold=140 6 176 8
is_linear=0
shrinkage=0.05


Tree=211
num_leaves=31
num_cat=1
split_feature=9 8 8 8 10 8 10 9 2 0 4 8 0 9 10 10 9 0 10 8 6 10 5 9 9 1 9 0 9 10
split_gain=6.71441 7.99398 6.34256 19.3146 28.3399 23.248 18.8578 33.0781 22.6463 18.7355 20.7573 20.0934 36.8952 75.699 39.6818 32.1944 35.7184 29.1714 26.94 36.0575 31.4582 49.0832 20.6953 26.3575 21.273 20.0527 16.6828 18.8185 16.5497 26.2288
threshold=-80.049999999999983 26.650000000000002 27.750000000000004 27.450000000000003 113.96500000000002 27.050000000000004 109.14500000000001 -82.549999999999983 1.0000000180025095e-35 63.500000000000007 0 27.850000000000005 50.500000000000007 -82.649999999999991 119.45500000000001 42.845000000000006 -82.749999999999986 39.500000000000007 54.690000000000005 28.150000000000002 1.5000000000000002 15.085000000000003 2.5000000000000004 -86.549999999999983 -82.449999999999989 1.0000000180025095e-35 -82.449999999999989 47.500000000000007 -82.34999999999998 27.375000000000004
decision_type=2 2 2 2 8 2 10 2 2 2 9 2 2 2 8 10 2 2 8 2 2 10 2 2 2 2 2 2 2 10
left_child=2 -2 3 5 6 28 7 -5 -8 11 -11 12 13 15 -14 16 -4 -15 19 20 21 -13 23 -21 -25 -18 27 -19 29 -1
right_child=1 -3 9 4 -6 -7 8 -9 -10 10 -12 18 14 17 -16 -17 25 26 -20 22 -22 -23 -24 24 -26 -27 -28 -29 -30 -31
leaf_value=-0.022396698938672622 0.016434684222985531 0.0039044637668153473 -0.029843468742837054 -0.0087889883040466188 -0.0047211688902558894 0.0024595292317000084 0.0015493913210894662 0.0044105399105346171 0.014611425039189463 0.0091317025141058224 -0.0015834426385062273 0.014895207758958407 0.0047739519584900419 0.013080152201168449 -0.010578824276313804 -0.0020482576757946624 -0.017368204880343099 -0.023667623506355807 -0.00045604178891234248 0.023336096492361149 0.01190713499157754 -0.011841944729379517 0.00053568269972972262 -0.01004099566349872 0.0053656707737824057 0.018049731642823464 0.0038815026400905953 0.002181712250534673 -0.00020326960175931497 -0.0020429082035145819
leaf_weight=458 210 601 672 2195 5994 12316 1913 2195 266 700 12609 827 4375 3192 284 3844 346 356 57166 331 2109 953 25820 508 2325 219 404 329 104448 1355
leaf_count=458 210 601 672 2195 5994 12316 1913 2195 266 700 12609 827 4375 3192 284 3844 346 356 57166 331 2109 953 25820 508 2325 219 404 329 104448 1355
internal_value=5.3343e-05 0.0045676 3.84276e-05 -0.000200534 -0.00206395 -2.95142e-06 0.000205198 -0.00168182 0.00399726 0.000305421 -0.00146032 0.000531373 0.00229135 0.000480154 0.00592204 -0.00364368 -0.0106255 0.00537171 0.000257082 0.00139738 0.00591177 0.00100559 0.000789819 0.00459987 0.00300739 -0.00130435 -0.00168335 -0.00640288 -0.000241364 -0.00496434
internal_weight=249320 811 248509 131140 12563 118577 6569 4390 2179 117369 13309 104060 14021 9362 4659 5081 1237 4281 90039 32873 3889 1780 28984 3164 2833 565 1089 685 106261 1813
internal_count=249320 811 248509 131140 12563 118577 6569 4390 2179 117369 13309 104060 14021 9362 4659 5081 1237 4281 90039 32873 3889 1780 28984 3164 2833 565 1089 685 106261 1813
cat_boundaries=0 1
cat_threshold=128
is_linear=0
shrinkage=0.05


Tree=212
num_leaves=31
num_cat=7
split_feature=3 11 9 8 9 9 11 4 4 8 2 2 9 9 11 3 9 11 3 11 12 8 4 2 6 4 11 8 8 11
split_gain=6.19069 16.6784 12.2526 12.1208 9.89451 18.4549 8.31444 11.4496 9.78013 8.88616 7.40367 6.92822 6.82377 39.4002 24.4736 25.9344 16.9653 23.5923 25.6436 25.8963 33.5204 25.4348 24.8713 19.9339 16.0241 16.021 24.211 17.5194 13.6152 12.9063
threshold=0 95.190000000000012 -81.149999999999991 25.950000000000003 -86.84999999999998 -86.949999999999989 104.13000000000001 1 2 28.950000000000003 1.0000000180025095e-35 1.0000000180025095e-35 -85.949999999999989 -85.749999999999986 90.160000000000011 3 -86.549999999999983 85.680000000000021 4 98.055000000000021 1.0000000180025095e-35 30.450000000000003 5 1.0000000180025095e-35 2.5000000000000004 6 90.160000000000011 30.350000000000005 30.450000000000003 100.41500000000001
decision_type=9 8 2 2 2 2 8 9 9 2 2 2 2 2 8 9 2 8 9 10 10 2 9 2 2 9 10 2 2 8
left_child=1 -1 3 -3 5 -5 8 9 -6 -8 -11 -9 16 14 15 -14 17 21 19 20 25 23 29 -2 -22 26 -19 -27 -18 -20
right_child=12 2 -4 4 6 -7 7 11 -10 10 -12 -13 13 -15 -16 -17 28 18 22 -21 24 -23 -24 -25 -26 27 -28 -29 -30 -31
leaf_value=-0.0025401553640431729 -0.0068329476702911236 -0.0097908424859627814 0.012020512394312455 0.0040177738308125209 -0.010636706473118852 0.022457330382366882 0.0053385737970511387 -0.0035513112172665729 0.0053017299014190833 -0.0047272339764068867 0.0031227485390163071 0.0036271171437947561 0.0054399783360462809 1.3459757729705757e-05 -0.00072883836507675603 0.0194641846256574 -0.0053352025515046369 0.015021315448282469 0.0062438727165555546 -0.0040530887128390706 0.0080748153127274246 0.0063121180090167433 -0.017731535314058976 -0.024234530611485464 0.015808528659749976 -0.0052441297092210354 -0.0070367062708279532 0.0018097530858550927 -0.024646911214684143 -0.016542890560718958
leaf_weight=3760 1354 454 700 794 700 325 3714 1085 444 651 1017 415 633 212433 616 543 2837 364 382 3824 1020 808 310 765 1124 1750 290 5413 529 266
leaf_count=3760 1354 454 700 794 700 325 3714 1085 444 651 1017 415 633 212433 616 543 2837 364 382 3824 1020 808 310 765 1124 1750 290 5413 529 266
internal_value=5.05354e-05 0.00106897 0.00210981 0.00163909 0.00203714 0.00642161 0.00141862 0.00207487 -0.002513 0.00314698 0.00011919 -0.00177632 -1.04131e-05 7.39842e-05 0.00743618 0.0116358 -0.000869524 -0.000248869 0.000565987 0.00111916 0.00246214 -0.00434116 -0.00725971 -0.00720996 0.00798514 0.000939057 0.00830861 0.000243631 -0.0041173 -0.00149701
internal_weight=249320 14059 10299 9599 9145 1119 8026 6882 1144 5382 1668 1500 235261 214225 1792 1176 21036 17670 14743 13785 9961 2927 958 2119 2144 7817 654 7163 3366 648
internal_count=249320 14059 10299 9599 9145 1119 8026 6882 1144 5382 1668 1500 235261 214225 1792 1176 21036 17670 14743 13785 9961 2927 958 2119 2144 7817 654 7163 3366 648
cat_boundaries=0 1 2 3 4 5 6 7
cat_threshold=16 50 2 2 6 2 160
is_linear=0
shrinkage=0.05


Tree=213
num_leaves=31
num_cat=4
split_feature=8 0 9 12 9 7 8 7 7 8 4 2 4 0 8 0 8 7 9 7 9 8 4 0 0 4 0 0 9 9
split_gain=5.63498 18.8623 19.6708 19.1193 39.1544 32.6904 33.3346 29.0891 28.7109 30.9156 27.2691 26.7561 26.7458 32.5636 28.7481 23.4232 24.2254 48.9459 34.3795 22.9266 29.5999 33.8651 33.7767 33.1075 56.6321 25.489 24.9589 24.786 31.4535 24.1203
threshold=27.750000000000004 63.500000000000007 -82.749999999999986 -1.0000000180025095e-35 -82.549999999999983 16.500000000000004 28.150000000000002 10.500000000000002 20.500000000000004 27.950000000000003 0 1.0000000180025095e-35 1 28.500000000000004 30.150000000000002 8.5000000000000018 28.050000000000004 18.500000000000004 -82.649999999999991 17.500000000000004 -82.549999999999983 27.850000000000005 2 49.500000000000007 35.500000000000007 3 52.500000000000007 49.500000000000007 -82.749999999999986 -82.649999999999991
decision_type=2 2 2 10 2 2 2 2 2 2 9 2 9 2 2 2 2 2 2 2 2 2 9 2 2 9 2 2 2 2
left_child=-1 3 -3 4 5 6 -2 -5 11 -10 -6 12 13 15 -14 -7 17 -17 -19 20 21 23 -22 24 29 -21 -24 -23 -29 -9
right_child=1 2 -4 7 10 8 -8 19 9 -11 -12 -13 14 -15 -16 16 -18 18 -20 25 22 27 26 -25 -26 -27 -28 28 -30 -31
leaf_value=-0.00021049554292966734 -0.032577283934802817 0.0010352879907709056 -0.002392672518876893 -0.012172674708568998 0.012032057804108032 -0.011509084803253878 -0.0025956638353345609 -0.0029713245897315501 0.0033026151965820818 -0.027773887168670443 -0.0092234391508361213 -0.0085613005292811024 -0.0096756544199680054 0.00056445279065329144 0.01392764109872573 -0.028588201791325575 0.0089535103842141705 -0.0027897972487951339 0.026391498987668172 0.0077702439538224867 -0.0074947163735301636 0.0012163411882615272 0.0064958247329914183 0.00474896776118321 -0.02193142603454943 -0.0011983084510045928 -0.00054222098007379322 0.0020174528152181459 -0.0031009654522397238 0.01181190581084648
leaf_weight=131951 401 4418 8891 1183 430 274 4982 1150 282 303 6237 830 1291 3739 337 373 4289 574 500 2123 673 30401 7910 4636 821 20357 1745 2125 4455 1639
leaf_count=131951 401 4418 8891 1183 430 274 4982 1150 282 303 6237 830 1291 3739 337 373 4289 574 500 2123 673 30401 7910 4636 821 20357 1745 2125 4455 1639
internal_value=5.93591e-05 0.000311384 -0.00146032 0.000538099 -0.000671978 0.000530657 -0.00273503 0.000917605 0.00190595 -0.00882353 -0.00394638 0.00242695 0.00306051 0.00404852 -0.00285194 0.0063289 0.00701357 0.001407 0.00682657 0.00103594 0.00158103 0.00102902 0.00399497 0.00392442 0.000331492 -0.000311249 0.00474935 0.000382525 -0.00239757 0.00373348
internal_weight=249320 117369 13309 104060 24842 18175 5383 79218 12792 585 6667 12207 11377 9749 1628 6010 5736 1447 1074 78035 55555 45227 10328 8246 3610 22480 9655 36981 6580 2789
internal_count=249320 117369 13309 104060 24842 18175 5383 79218 12792 585 6667 12207 11377 9749 1628 6010 5736 1447 1074 78035 55555 45227 10328 8246 3610 22480 9655 36981 6580 2789
cat_boundaries=0 1 2 3 4
cat_threshold=192 2 16 44
is_linear=0
shrinkage=0.05


Tree=214
num_leaves=31
num_cat=1
split_feature=3 11 9 0 9 9 0 0 0 7 11 10 0 10 11 11 11 9 0 7 2 11 10 0 0 10 10 11 10 0
split_gain=5.79672 15.37 11.4188 12.591 13.3698 18.1014 14.5536 10.7197 14.8185 9.60255 8.01402 7.98708 7.79435 6.14216 9.15308 6.52868 14.066 6.05341 5.56181 8.2758 9.16572 5.50294 38.9154 19.1292 20.6727 6.77744 25.4241 22.743 13.7747 20.3312
threshold=0 95.605000000000004 -81.149999999999991 64.500000000000014 -86.84999999999998 -86.949999999999989 10.500000000000002 42.500000000000007 17.500000000000004 18.500000000000004 117.08500000000002 90.50500000000001 49.500000000000007 103.31500000000001 104.13000000000001 106.99500000000002 126.38500000000001 -82.649999999999991 32.500000000000007 14.500000000000002 1.0000000180025095e-35 141.82000000000002 15.635000000000003 35.500000000000007 16.500000000000004 14.360000000000001 13.355000000000002 106.33500000000002 19.450000000000006 33.500000000000007
decision_type=9 8 2 2 2 2 2 2 2 2 10 8 2 10 8 8 8 2 2 2 2 10 10 2 2 8 10 10 8 2
left_child=1 7 3 4 5 6 -3 8 -1 13 -5 -4 -9 14 -6 -16 -17 -11 -18 -20 -21 25 23 24 -23 26 -2 -28 29 -27
right_child=21 2 11 10 9 -7 -8 12 -10 17 -12 -13 -14 -15 15 16 18 -19 19 20 -22 22 -24 -25 -26 28 27 -29 -30 -31
leaf_value=-0.010185737776764549 -0.00028558635968440883 -0.012655850245710011 0.01700180070712758 0.0030298117821165428 -0.011231678051035844 0.021273646803835523 0.011516100350680958 -0.020007938681232407 0.0018751279425530676 0.0062146010385291999 0.0089154354807498681 0.001336303439738451 -0.0021187886479147712 0.0033631183276233048 0.0064806970623818572 -0.0073730894677933373 -0.0025975100365328353 -0.0038928413128421547 0.005558763678927825 -0.010379519207608202 0.0072251298176664314 -0.012118559350834435 -0.037545096222600362 -0.0084993122392484476 0.0073312920025274233 0.0065648791018142923 -0.0054392163407116726 -0.023781464484524496 -1.4696986822215764e-06 -0.00049717994207139078
leaf_weight=859 16912 242 481 263 544 325 547 294 2360 1020 324 219 252 1417 709 908 1571 208 833 436 247 389 384 426 1269 8070 1360 562 199336 6553
leaf_count=859 16912 242 481 263 544 325 547 294 2360 1020 324 219 252 1417 709 908 1571 208 833 436 247 389 384 426 1269 8070 1360 562 199336 6553
internal_value=6.21666e-05 0.00104766 0.00204775 0.00159309 0.00112565 0.00622776 0.00206508 -0.00168212 -0.000572933 0.000398583 0.00862647 0.00816901 -0.00809353 -0.00035206 -0.00114112 -0.000424268 -0.00121099 0.00444265 0.000403616 0.0025557 -0.00151515 3.18768e-06 -0.0023406 0.000382044 0.00281775 2.81354e-05 -0.000880917 -0.0063147 0.000108193 0.00158887
internal_weight=249320 14059 10294 9594 9007 1114 789 3765 3219 7893 587 700 546 6665 5248 4704 3995 1228 3087 1516 683 235261 2468 2084 1658 232793 18834 1922 213959 14623
internal_count=249320 14059 10294 9594 9007 1114 789 3765 3219 7893 587 700 546 6665 5248 4704 3995 1228 3087 1516 683 235261 2468 2084 1658 232793 18834 1922 213959 14623
cat_boundaries=0 1
cat_threshold=16
is_linear=0
shrinkage=0.05


Tree=215
num_leaves=31
num_cat=3
split_feature=4 0 11 10 10 10 0 10 8 10 0 0 11 0 8 8 1 4 3 9 8 8 9 9 0 0 0 9 10 0
split_gain=6.55587 7.19482 8.13522 5.52972 6.93911 6.7831 6.03289 5.43843 20.8788 18.3027 14.8915 13.7338 12.0625 12.9384 10.9084 29.3138 16.91 15.9989 34.568 29.4948 28.7843 21.6907 23.9327 24.7846 17.9968 16.3171 15.6641 13.6525 14.1006 12.9984
threshold=0 42.500000000000007 123.89000000000001 90.50500000000001 41.005000000000003 117.12500000000001 53.500000000000007 14.360000000000001 24.650000000000002 14.415000000000001 39.500000000000007 92.500000000000014 138.07000000000002 26.500000000000004 26.150000000000002 26.250000000000004 1.0000000180025095e-35 1 2 -80.34999999999998 25.950000000000003 26.050000000000004 -80.149999999999991 -81.149999999999991 43.500000000000007 59.500000000000007 69.500000000000014 -80.249999999999986 9.2850000000000019 43.500000000000007
decision_type=9 2 8 8 10 10 2 10 2 10 2 2 10 2 2 2 2 9 9 2 2 2 2 2 2 2 2 2 10 2
left_child=1 2 -1 4 -3 -5 -7 8 -2 10 -9 12 14 -14 17 -16 -17 18 21 -19 -20 22 23 29 -25 -21 -24 28 -23 -10
right_child=7 3 -4 5 -6 6 -8 9 11 -11 -12 -13 13 -15 15 16 -18 19 20 25 -22 27 26 24 -26 -27 -28 -29 -30 -31
leaf_value=-0.014662111163616222 -0.015227239507548696 -0.00056763984815342281 -0.0016964349115490942 -0.0028652981395994818 0.009762434074224835 -0.003008427732872665 0.0039907448912176241 0.026695732311258793 0.00013194442537534101 0.00019280947627082768 0.0010912516457297627 0.01422109228242654 0.0020476911509966556 0.011774918221281317 -0.010937039971623564 -0.00033412915613739713 -0.0081265263022549661 -0.0074891222673025394 0.016048198113147904 0.009354650780537278 -0.0070277333115660312 -0.01693897881385582 0.0069742701911456708 -0.0038295976753808247 -0.012043204906843031 -0.0036942548481201602 -0.0085510167650072692 0.0061516879087806231 0.010643135943183691 0.014671599975023054
leaf_weight=475 857 619 802 855 375 226 370 288 1083 168692 380 302 1148 518 2084 46469 2737 902 1534 4043 423 342 1753 6281 2015 456 273 1767 223 374
leaf_count=475 857 619 802 855 375 226 370 288 1083 168692 380 302 1148 518 2084 46469 2737 902 1534 4043 423 342 1753 6281 2015 456 273 1767 223 374
internal_value=1.93022e-05 -0.00205772 -0.00508936 -0.000468432 0.00239044 -0.00242984 0.00165017 5.10279e-05 -0.000301611 0.000208419 0.00840708 -0.000212077 -0.000255928 0.00393795 -0.000352485 -0.000748538 -0.000501869 0.000593603 -0.000198906 0.00294226 0.00599393 -0.00106503 -0.00193825 -0.00296528 -0.00402119 0.00460191 0.00299607 0.00333049 -0.0033913 0.0030334
internal_weight=248666 3722 1277 2445 994 1451 596 244944 75584 169360 668 74727 74425 1666 72759 51290 49206 21469 16068 5401 1957 14111 11779 9753 8296 4499 2026 2332 565 1457
internal_count=248666 3722 1277 2445 994 1451 596 244944 75584 169360 668 74727 74425 1666 72759 51290 49206 21469 16068 5401 1957 14111 11779 9753 8296 4499 2026 2332 565 1457
cat_boundaries=0 1 2 3
cat_threshold=64 18 12
is_linear=0
shrinkage=0.05


Tree=216
num_leaves=31
num_cat=8
split_feature=4 0 7 0 7 8 4 8 3 8 8 9 8 9 6 4 8 3 3 0 4 0 12 9 7 8 4 9 7 7
split_gain=5.91771 7.33611 8.04046 7.19974 5.11802 8.12724 8.19151 4.39433 3.95151 19.5291 41.3594 34.3397 29.2474 28.0461 24.9583 22.172 17.6279 36.0619 22.554 16.8959 15.5325 14.944 16.4564 30.8411 20.3677 18.9755 16.1183 15.1494 26.2998 21.2017
threshold=0 42.500000000000007 12.500000000000002 36.500000000000007 25.500000000000004 29.150000000000002 1 26.550000000000004 2 25.950000000000003 26.750000000000004 -81.84999999999998 27.450000000000003 -80.34999999999998 1.5000000000000002 3 25.650000000000002 4 5 3.5000000000000004 6 64.500000000000014 -1.0000000180025095e-35 -82.649999999999991 16.500000000000004 30.250000000000004 7 -85.84999999999998 17.500000000000004 10.500000000000002
decision_type=9 2 2 2 2 2 9 2 9 2 2 2 2 2 2 9 2 9 9 2 9 2 10 2 2 2 9 2 2 2
left_child=1 3 -3 7 8 6 -6 -1 -2 13 11 -11 14 16 20 -14 18 -18 -10 -17 -12 22 23 24 -21 -25 27 -24 29 -29
right_child=4 2 -4 -5 5 -7 -8 -9 9 10 12 -13 15 -15 -16 19 17 -19 -20 21 -22 -23 26 25 -26 -27 -28 28 -30 -31
leaf_value=0.00060692857349415881 0.0001944334848999141 0.0053123694669423571 -0.001133901335610199 -0.010857257849660185 0.0019322845812101974 -0.020248661443794537 -0.015839428941497702 -0.011642888810204611 -0.013813172543488683 -0.028791837571450297 0.016502428809364301 -0.0044409769022740525 0.0079532274745629291 0.0076436896458630171 -0.0035810115076534647 0.0060912433830559113 -0.005104623848244217 0.019012963289246801 0.0056946662026388321 -0.0069679233360871789 -0.0061869191876228417 -0.010293106312913958 -0.003403370769661285 -0.01283824023923872 0.002553008186512962 0.0031125261786476345 -0.010227794985002349 -0.016048371502793569 -0.0022962341162217738 0.0057634150035569933
leaf_weight=534 187327 433 2012 464 822 226 310 279 389 598 2012 9623 2084 4167 1130 856 4937 641 3882 2213 285 1018 4468 3349 2851 675 411 334 4720 5616
leaf_count=534 187327 433 2012 464 822 226 310 279 389 598 2012 9623 2084 4167 1130 856 4937 641 3882 2213 285 1018 4468 3349 2851 675 411 334 4720 5616
internal_value=2.25193e-05 -0.00195083 -0.000346232 -0.00501166 5.26608e-05 -0.00299708 -0.00122592 -0.00212637 6.97877e-05 -0.000297624 -0.00083426 -0.0036018 4.995e-05 0.00131898 0.00440791 -0.000473693 -0.000136931 -0.0019864 0.00227751 -0.000865026 0.00739055 -0.00109682 -0.000850002 -0.00253902 5.9125e-05 -0.00580069 0.000138184 0.000409025 0.00143258 0.00364094
internal_weight=248666 3722 2445 1277 244944 1358 1132 813 243586 56259 42243 10221 32022 14016 3427 28595 9849 5578 4271 26511 2297 25655 24637 9088 5064 4024 15549 15138 10670 5950
internal_count=248666 3722 2445 1277 244944 1358 1132 813 243586 56259 42243 10221 32022 14016 3427 28595 9849 5578 4271 26511 2297 25655 24637 9088 5064 4024 15549 15138 10670 5950
cat_boundaries=0 1 2 3 4 5 6 7 8
cat_threshold=64 2 20 128 8 2 6 14
is_linear=0
shrinkage=0.05


Tree=217
num_leaves=31
num_cat=5
split_feature=7 8 11 3 3 10 10 8 11 8 10 3 9 10 10 7 11 8 10 7 8 7 11 3 3 7 10 8 11 10
split_gain=5.00359 8.12724 5.04053 5.75678 5.26543 4.59211 9.83379 18.9181 9.99662 11.2341 9.75293 12.3565 12.0207 8.87125 17.3008 17.1931 8.50349 7.72579 7.70027 7.33077 6.75423 6.55731 11.8278 11.1481 6.46465 9.72708 6.32312 30.3818 21.2689 20.2121
threshold=25.500000000000004 29.150000000000002 48.590000000000011 0 1 1.0000000180025095e-35 9.0800000000000018 25.650000000000002 67.915000000000006 30.350000000000005 9.2850000000000019 2 -85.649999999999991 11.955000000000002 12.115 14.500000000000002 120.57500000000002 28.250000000000004 11.010000000000002 13.500000000000002 26.650000000000002 11.500000000000002 87.500000000000014 3 4 13.500000000000002 32.690000000000005 24.650000000000002 67.915000000000006 36.195000000000007
decision_type=2 2 8 9 9 8 8 2 10 2 8 9 2 8 8 2 10 2 10 2 2 2 10 9 9 2 8 2 10 8
left_child=5 2 4 -4 -2 19 7 -7 17 16 11 -8 -13 15 -15 18 21 -9 -12 -1 -14 -10 23 -23 25 -24 27 -16 -29 -28
right_child=1 -3 3 -5 -6 6 10 8 9 -11 13 12 20 14 26 -17 -18 -19 -20 -21 -22 22 24 -25 -26 -27 29 28 -30 -31
leaf_value=-0.0037386178267829087 -0.0046909491125080921 -0.019236228371604814 -0.012557306261270541 0.0018356703521496876 0.011038141320673378 0.0034190735304341136 -0.0064336537892904395 0.0048413133491640899 0.0089762631266371972 -0.02470876649427374 0.0011369049984428781 0.013654355276444763 0.012964007253662225 0.014638823379563527 -0.017857183084468532 -0.014088875852694117 -0.017651517179221709 -0.0086618817300202263 -0.012270605143405966 0.0042935941932767284 -0.0036033362669321001 -0.0060824445869271495 -0.015819019515597523 -0.023269319969364412 0.0052686865236904364 -0.001632320355706396 -0.0037670705381245284 -0.0015625728743373203 0.0016042774452406762 1.9178334762282034e-05
leaf_weight=388 210 226 370 298 254 1604 246 794 207 292 2196 298 356 421 685 1005 242 457 389 1447 321 444 443 352 476 1382 5996 13893 40816 172158
leaf_count=388 210 226 370 298 254 1604 246 794 207 292 2196 298 356 421 685 1005 242 457 389 1447 321 444 443 352 476 1382 5996 13893 40816 172158
internal_value=1.8498e-05 -0.00299708 -0.00122592 -0.0039823 0.00274262 3.51774e-05 1.64981e-05 -0.0018723 -0.0033634 -0.00462578 6.95171e-05 0.00450853 0.00698492 4.65128e-05 8.44093e-05 -0.00241667 -0.00382452 0.000515464 -0.000250482 0.00252033 0.00327511 -0.0031382 -0.00371741 -0.008933 -0.0018823 -0.00322493 6.59365e-05 0.000532453 0.000664303 -7.91406e-05
internal_weight=248666 1358 1132 668 464 247308 245473 6693 5089 3838 238780 1221 975 237559 233969 3590 3546 1251 2585 1835 677 3304 3097 796 2301 1825 233548 55394 54709 178154
internal_count=248666 1358 1132 668 464 247308 245473 6693 5089 3838 238780 1221 975 237559 233969 3590 3546 1251 2585 1835 677 3304 3097 796 2301 1825 233548 55394 54709 178154
cat_boundaries=0 1 2 3 4 5
cat_threshold=2 4 2 24 4
is_linear=0
shrinkage=0.05


Tree=218
num_leaves=31
num_cat=1
split_feature=7 8 4 10 8 10 11 9 0 7 7 0 0 9 8 7 10 0 9 7 7 7 8 8 8 9 7 0 9 9
split_gain=5.48653 7.06345 7.56648 4.55054 17.347 14.753 29.6368 11.9275 11.5846 11.1881 14.8381 25.4403 23.8604 21.1149 79.338 31.9418 28.6604 26.6262 39.1464 28.1329 29.5284 27.4633 23.9551 23.2952 21.548 50.4318 26.6278 20.7989 19.1288 18.6457
threshold=25.500000000000004 29.150000000000002 0 14.360000000000001 24.650000000000002 15.545000000000002 141.82000000000002 -87.449999999999989 92.500000000000014 21.500000000000004 18.500000000000004 1.5000000000000002 43.500000000000007 -82.34999999999998 28.050000000000004 16.500000000000004 13.355000000000002 32.500000000000007 -80.34999999999998 10.500000000000002 15.500000000000002 16.500000000000004 27.050000000000004 28.150000000000002 25.850000000000005 -80.249999999999986 14.500000000000002 19.500000000000004 -80.249999999999986 -83.049999999999983
decision_type=2 2 9 10 2 10 10 2 2 2 2 2 2 2 2 2 10 2 2 2 2 2 2 2 2 2 2 2 2 2
left_child=3 2 -2 4 -1 -5 -7 -6 9 10 11 -9 -12 14 -13 -16 17 18 19 -15 22 -19 -21 27 -20 -26 -27 -17 -23 -14
right_child=1 -3 -4 5 7 6 -8 8 -10 -11 12 13 29 16 15 23 -18 21 24 20 -22 28 -24 -25 25 26 -28 -29 -30 -31
leaf_value=-0.014020351849939151 0.0017569029075558797 -0.018274416953024543 -0.014856256688339897 0.0032124357254077474 -0.020748547032019272 0.00012219307373158018 -0.030062462757139752 0.020261994167261134 0.013443810902884046 -0.0035227391275445721 0.0028282210861490854 -0.012169035469249235 0.019821457664887011 0.0052445514341160852 -0.0019011016997644071 0.00020931586009385051 -0.016307854016009583 0.0028830235709956576 0.01210690011231721 -0.013845176680311067 -0.0022163604493388167 0.00035921315371703069 0.008935277596077729 0.0021452549570572187 -0.012759006667409168 0.048985198054454761 0.0040018040296839535 0.034891087577861413 -0.014213385259292367 -0.006761412926404687
leaf_weight=857 822 226 310 5911 235 165763 420 429 303 5115 15447 6247 231 912 8777 234 502 15369 1608 3606 3402 2116 362 3317 862 201 1346 436 1162 2138
leaf_count=857 822 226 310 5911 235 165763 420 429 303 5115 15447 6247 231 912 8777 234 502 15369 1608 3606 3402 2116 362 3317 862 201 1346 436 1162 2138
internal_value=1.44767e-05 -0.00314327 -0.00148862 3.19427e-05 -0.00029246 0.000173732 8.63454e-05 -0.000210443 -0.000174014 -0.000214685 -4.65698e-05 -0.000481355 0.00119488 -0.000585508 -0.00190053 0.000360106 0.000209804 0.000403799 -0.00140141 -0.00336469 -0.00439024 0.00159458 -0.00731523 0.00406555 0.00264465 -0.000351385 0.00504175 0.0125 -0.00255474 -0.00346784
internal_weight=248666 1358 1132 247308 75214 172094 166183 74357 74122 73819 68704 50888 17816 50459 19011 12764 31448 30946 12299 8282 7370 18647 3968 3987 4017 2409 1547 670 3278 2369
internal_count=248666 1358 1132 247308 75214 172094 166183 74357 74122 73819 68704 50888 17816 50459 19011 12764 31448 30946 12299 8282 7370 18647 3968 3987 4017 2409 1547 670 3278 2369
cat_boundaries=0 1
cat_threshold=2
is_linear=0
shrinkage=0.05


Tree=219
num_leaves=31
num_cat=4
split_feature=4 10 7 10 10 3 8 8 8 10 4 10 10 10 8 1 7 7 8 7 2 7 12 7 4 6 8 10 7 8
split_gain=4.5335 6.93125 12.9929 5.7815 5.30571 4.61403 18.1646 36.1718 25.9372 44.3609 20.1891 19.8333 16.293 14.2943 18.591 18.8572 17.7982 17.6528 14.5959 19.624 19.0657 17.8217 13.602 13.3774 12.7714 12.6548 11.6128 10.8611 14.6961 10.5002
threshold=0 18.665000000000003 12.500000000000002 125.25500000000001 63.100000000000009 1 25.950000000000003 26.750000000000004 27.450000000000003 40.745000000000012 2 93.345000000000013 15.635000000000003 91.455000000000013 28.250000000000004 1.0000000180025095e-35 22.500000000000004 17.500000000000004 30.250000000000004 10.500000000000002 1.0000000180025095e-35 11.500000000000002 1.5000000000000002 16.500000000000004 3 2.5000000000000004 29.650000000000002 18.765000000000004 20.500000000000004 29.150000000000002
decision_type=9 8 2 10 8 9 2 2 2 8 9 10 10 8 2 2 2 2 2 2 2 2 10 2 9 2 2 10 2 2
left_child=1 -1 3 -3 -4 -2 12 -8 9 27 25 -11 -7 17 15 -15 23 18 19 -12 -20 -21 -19 -16 -23 29 -18 28 -9 -10
right_child=5 2 4 -5 -6 6 7 8 10 11 13 -13 -14 14 16 -17 26 22 20 21 -22 24 -24 -25 -26 -27 -28 -29 -30 -31
leaf_value=-0.006816012621835555 0.00017486894253382346 0.013409609333308392 -3.2418112152043932e-05 0.0009944469043093652 -0.0031690365161179735 0.0043910500554644738 -0.0053399935251865933 0.0090075915331595986 0.0008358071719122951 0.011322209452700528 -0.02588767175975706 0.038560853714465632 -0.0011744672184545559 -0.012250638814042781 -0.0061985601003023754 0.0025475651982837634 -0.020563310944622826 -0.0021930264576193181 -0.0037809077697557036 0.011546138228943948 0.0071569839108321714 0.004305298316804507 -0.012840236510035697 0.0013171609081285675 -0.0086064921363527176 -0.010455021713836211 -0.0028819285277722709 -0.012785584927617721 -0.011114586340667466 0.019610774017546587
leaf_weight=341 187914 201 1436 216 1528 7960 10594 529 598 1874 219 320 6056 2301 2616 671 330 4310 3993 282 943 5351 900 4355 253 381 321 502 253 1118
leaf_count=341 187914 201 1436 216 1528 7960 10594 529 598 1874 219 320 6056 2301 2616 671 330 4310 3993 282 943 5351 900 4355 253 381 321 502 253 1118
internal_value=1.68894e-05 -0.00171032 -0.0010174 0.00714286 -0.00218561 4.32717e-05 -0.00035057 -0.000859985 -3.08356e-05 0.00404243 -0.000521553 0.00834846 0.00121203 -0.000891495 -0.00231988 -0.00566734 -0.00100891 3.99729e-05 0.00117184 0.00280458 -0.000849171 0.00335821 -0.00235632 -0.000265005 0.00272533 0.00418044 -0.00885023 -0.00332303 0.000378788 0.00602549
internal_weight=248666 3722 3381 417 2964 244944 57030 43014 32420 3478 28942 2194 14016 26845 10594 2972 7622 16251 11041 6105 4936 5886 5210 6971 5604 2097 651 1284 782 1716
internal_count=248666 3722 3381 417 2964 244944 57030 43014 32420 3478 28942 2194 14016 26845 10594 2972 7622 16251 11041 6105 4936 5886 5210 6971 5604 2097 651 1284 782 1716
cat_boundaries=0 1 2 3 4
cat_threshold=64 20 128 14
is_linear=0
shrinkage=0.05


Tree=220
num_leaves=31
num_cat=0
split_feature=8 11 0 0 0 0 7 10 9 7 10 10 0 0 10 11 0 0 0 10 11 11 8 10 9 0 8 11 10 9
split_gain=5.24948 28.8939 27.4466 28.8376 27.3096 37.5237 33.5252 31.4383 22.9375 20.1316 13.6146 12.561 12.5116 12.3627 12.2555 12.1121 11.9381 11.8002 11.3458 10.3933 8.78097 39.0208 44.7136 40.4226 26.2542 24.7574 33.0711 22.2441 24.889 24.7061
threshold=25.350000000000005 94.585000000000022 41.500000000000007 23.500000000000004 30.500000000000004 40.500000000000007 13.500000000000002 72.810000000000016 -81.449999999999989 12.500000000000002 80.725000000000009 73.475000000000009 35.500000000000007 15.500000000000002 74.220000000000013 106.33500000000002 34.500000000000007 18.500000000000004 54.500000000000007 28.855000000000004 92.160000000000011 85.680000000000021 26.650000000000002 12.125000000000002 -86.34999999999998 42.500000000000007 27.150000000000002 77.085000000000022 36.195000000000007 -80.84999999999998
decision_type=2 10 2 2 2 2 2 10 2 2 8 10 2 2 10 10 2 2 2 8 8 10 2 10 2 2 2 10 10 2
left_child=1 2 3 19 7 6 -6 13 9 -7 -5 16 -13 -3 -10 -16 -8 -9 -11 -1 21 24 23 -23 -2 -26 -27 28 -28 -30
right_child=20 4 -4 10 5 8 11 17 14 18 -12 12 -14 -15 15 -17 -18 -19 -20 -21 -22 22 -24 -25 25 26 27 -29 29 -31
leaf_value=-0.028955650693152448 -0.0071635826129329509 0.010067707501245637 -0.023826739289829924 0.0016459451500459466 -0.0014168891466303625 -0.018619528540734454 0.021685768912697512 -0.0059256783057245249 0.0042505526577244273 0.0015274512797589957 -0.011918743938653709 0.0066358690268129017 0.017997149547777713 -0.0015147222133498951 0.0012491998355167234 -0.014407014065165048 0.0071857708200461449 -0.013141874798640263 -0.0077078620559554167 -0.0097125881908525016 -0.00022334859535693143 0.010340682558028114 0.0070205187844432533 -0.021610922198297189 0.0014352069908845967 -0.0097584600835393335 -0.012167619226713411 0.0099940883386992144 -0.00060313865970318403 0.023297092161503486
leaf_weight=445 3400 456 579 2355 1048 473 421 683 2030 974 374 1127 347 926 431 229 299 729 688 353 164679 369 8826 500 41252 2964 1136 532 10245 353
leaf_count=445 3400 456 579 2355 1048 473 421 683 2030 974 374 1127 347 926 431 229 299 729 688 353 164679 369 8826 500 41252 2964 1136 532 10245 353
internal_value=-4.39348e-05 -0.000951459 -0.00451895 -0.00284139 0.000400147 0.0018757 0.00602706 -0.00385164 -0.000920372 -0.00477855 -0.000383352 0.00952813 0.00680593 0.00150862 0.00214815 -0.00373134 0.0149315 -0.00907173 -0.00215311 -0.0111386 1.40866e-05 0.000485004 0.00342607 -0.00733788 8.34836e-06 0.000265524 -0.00145669 -0.000309547 -0.000766349 -9.42685e-06
internal_weight=249223 14967 4106 3527 10861 8067 3242 2794 4825 2135 2729 2194 1474 1382 2690 660 720 1412 1662 798 234256 69577 9695 869 59882 56482 15230 12266 11734 10598
internal_count=249223 14967 4106 3527 10861 8067 3242 2794 4825 2135 2729 2194 1474 1382 2690 660 720 1412 1662 798 234256 69577 9695 869 59882 56482 15230 12266 11734 10598
is_linear=0
shrinkage=0.05


Tree=221
num_leaves=31
num_cat=2
split_feature=4 10 7 8 11 0 0 7 10 0 0 0 10 10 0 10 0 0 0 4 0 10 10 10 8 11 11 11 11 10
split_gain=5.52081 8.97632 8.0707 5.96661 26.1705 25.0857 34.3041 29.643 27.1784 22.9883 27.1424 14.5119 14.3407 12.573 12.4633 11.8263 11.7632 10.7172 10.5955 10.4153 10.2805 9.60622 8.35071 8.11785 10.6576 7.60419 7.58557 51.038 22.6901 37.1104
threshold=0 18.665000000000003 12.500000000000002 25.350000000000005 94.585000000000022 30.500000000000004 40.500000000000007 13.500000000000002 72.810000000000016 41.500000000000007 23.500000000000004 54.500000000000007 69.120000000000019 73.475000000000009 35.500000000000007 80.725000000000009 18.500000000000004 15.500000000000002 52.500000000000007 1 34.500000000000007 28.855000000000004 31.385000000000002 13.175000000000002 24.750000000000004 89.720000000000013 90.350000000000009 85.680000000000021 91.745000000000019 59.585000000000001
decision_type=9 8 2 2 10 2 2 2 10 2 2 2 10 10 2 8 2 2 2 9 2 8 10 10 2 10 8 10 8 8
left_child=1 -1 -3 4 9 8 7 -7 17 10 21 18 22 20 -15 19 -10 -6 -8 23 -9 -2 -13 -12 -25 -11 27 -5 29 -28
right_child=3 2 -4 26 5 6 11 13 16 25 15 12 -14 14 -16 -17 -18 -19 -20 -21 -22 -23 -24 24 -26 -27 28 -29 -30 -31
leaf_value=-0.008002313390468618 -0.027507868158494819 0.0040730917772674683 -0.0014050078069226758 2.637346134193308e-05 0.0094682922269266005 -0.0013006355325180241 0.00013247104710689683 0.020601480467062672 -0.0056293943904383251 -0.015926740626263491 -0.012052971363677046 -0.0077049595669719476 -0.013091352777722066 0.0063040755754722793 0.017097292070388816 -0.011322806741720993 -0.012474453696574628 -0.0015062333490760693 0.0081214082374041052 -0.016216073461458702 0.0068264822790438558 -0.0092269587813098575 0.0027288612516427335 0.0079457684444210318 -0.006308552301389359 -0.026125276648260434 -0.0015723016374189491 0.007996488983516948 -0.00011673177015616432 -0.029620854018765644
leaf_weight=330 445 390 2965 59646 455 1044 3037 421 683 280 294 350 640 1127 347 374 728 925 249 355 299 353 522 1442 264 297 565 7023 163154 219
leaf_count=330 445 390 2965 59646 455 1044 3037 421 683 280 294 350 640 1127 347 374 728 925 249 355 299 353 522 1442 264 297 565 7023 163154 219
internal_value=-4.11262e-05 -0.00195682 -0.00117385 -1.22171e-05 -0.000980523 0.000309126 0.00172757 0.00569581 -0.00376651 -0.0043753 -0.00284139 -0.000956739 -0.00499343 0.00898367 0.00626685 -0.000456371 -0.00862069 0.00122302 0.000910194 0.000866808 0.0143836 -0.0108911 -0.000793651 0.00227723 0.00361305 -0.0135434 5.05167e-05 0.000500157 -0.000132359 -0.00856423
internal_weight=249223 3685 3355 245538 14931 10827 8036 3238 2791 4104 3527 4798 1512 2194 1474 2729 1411 1380 3286 2355 720 798 872 2000 1706 577 230607 66669 163938 784
internal_count=249223 3685 3355 245538 14931 10827 8036 3238 2791 4104 3527 4798 1512 2194 1474 2729 1411 1380 3286 2355 720 798 872 2000 1706 577 230607 66669 163938 784
cat_boundaries=0 1 2
cat_threshold=64 6
is_linear=0
shrinkage=0.05


Tree=222
num_leaves=31
num_cat=0
split_feature=8 11 0 0 0 11 11 0 9 0 0 5 2 9 9 7 0 0 9 9 0 0 0 0 9 11 11 5 0 8
split_gain=5.90036 24.6551 22.8704 22.7607 30.2262 22.8286 21.8511 21.1442 18.0344 21.1274 17.9896 15.9665 15.238 14.3576 14.3012 11.6646 11.496 10.0268 9.97872 10.9618 9.44083 9.02041 8.74663 8.72765 9.28 7.94011 32.8246 20.0896 22.04 21.8961
threshold=25.350000000000005 94.585000000000022 46.500000000000007 30.500000000000004 54.500000000000007 108.48500000000001 107.64000000000001 23.500000000000004 -81.449999999999989 42.500000000000007 43.500000000000007 3.5000000000000004 1.0000000180025095e-35 -80.449999999999989 -81.049999999999983 11.500000000000002 45.500000000000007 18.500000000000004 -81.649999999999991 -80.649999999999991 20.500000000000004 32.500000000000007 10.500000000000002 15.500000000000002 -81.34999999999998 103.04000000000001 111.83500000000002 1.5000000000000002 39.500000000000007 28.850000000000005
decision_type=2 10 2 2 2 10 10 2 2 2 2 2 2 2 2 2 2 2 2 2 2 2 2 2 2 8 8 2 2 2
left_child=1 2 7 6 5 10 20 17 -7 14 13 12 -11 -5 -10 -6 -12 22 -9 -20 -3 -21 -1 24 -8 -2 27 -27 -29 -30
right_child=25 3 -4 4 15 8 23 18 9 11 16 -13 -14 -15 -16 -17 -18 -19 19 21 -22 -23 -24 -25 -26 26 -28 28 29 -31
leaf_value=-0.023240355690767434 0.00052360166137543906 -0.0063003089900967703 -0.023794647582896469 0.010602901644480946 0.00095700980336177466 -0.012479410127435387 -0.0016250494373975855 -0.011043478215857806 0.00053168249052766299 -0.0011190670019411541 -0.0091634978806177433 0.017077800881032168 0.019378841503762703 -0.0047535398052597879 -0.022621169614686121 -0.009356259985493498 0.0032298448750111676 -0.036848316112306725 0.0033665469610180132 -0.015552172336776904 -0.01534038839082319 0.0024841919012302152 -0.0008276474446924809 -0.0028298157055566264 0.015035221569934266 -0.010178232650878451 7.1197582190318799e-06 -0.0062974651318733702 -0.0016898440195550536 0.0081835316941276659
leaf_weight=273 98298 571 367 2652 641 457 377 642 354 832 316 328 284 275 282 876 770 223 1768 314 467 217 302 1119 260 933 124770 5497 4009 749
leaf_count=273 98298 571 367 2652 641 457 377 642 354 832 316 328 284 275 282 876 770 223 1768 314 467 217 302 1119 260 933 124770 5497 4009 749
internal_value=-4.27311e-05 -0.00100487 -0.00430029 0.000243768 0.00159094 0.00306402 -0.00363766 -0.0031075 -0.000647821 0.00133971 0.00540641 0.00467675 0.0017762 0.00743956 -0.00619195 -0.00474787 -9.12409e-05 -0.0102723 -0.00113521 0.000411434 -0.00935115 -0.00582255 -0.0065812 -0.000226501 0.00440495 1.87821e-05 -0.00022873 -0.00282193 -0.0021773 0.000314597
internal_weight=249223 14967 4106 10861 8067 6550 2794 3739 2537 2080 4013 1444 1116 2927 636 1517 1086 798 2941 2299 1038 531 575 1756 637 234256 135958 11188 10255 4758
internal_count=249223 14967 4106 10861 8067 6550 2794 3739 2537 2080 4013 1444 1116 2927 636 1517 1086 798 2941 2299 1038 531 575 1756 637 234256 135958 11188 10255 4758
is_linear=0
shrinkage=0.05


Tree=223
num_leaves=31
num_cat=3
split_feature=4 10 7 7 0 4 9 7 6 0 9 10 0 3 10 0 10 7 10 0 10 0 0 7 0 0 10 0 7 0
split_gain=4.75104 8.61279 8.39328 4.58496 6.97657 4.13857 18.9807 15.6108 13.5615 18.0869 17.9773 27.0238 19.6047 24.067 21.8754 23.0677 17.8945 17.4804 14.5915 14.5364 13.7695 14.9761 13.463 12.8565 13.8684 20.4 17.9885 16.1442 12.6972 12.4204
threshold=0 18.665000000000003 12.500000000000002 25.500000000000004 11.500000000000002 1 -80.34999999999998 11.500000000000002 3.5000000000000004 5.5000000000000009 -87.249999999999986 24.535 24.500000000000004 2 45.990000000000002 23.500000000000004 78.52500000000002 16.500000000000004 11.010000000000002 48.500000000000007 101.04500000000002 48.500000000000007 10.500000000000002 12.500000000000002 18.500000000000004 26.500000000000004 27.065000000000001 23.500000000000004 11.500000000000002 33.500000000000007
decision_type=9 8 2 2 2 9 2 2 2 2 2 10 2 9 8 2 8 2 10 2 10 2 2 2 2 2 10 2 2 2
left_child=1 -1 -3 5 -5 -2 8 -8 9 16 11 -11 14 19 28 22 -7 18 -10 -14 -19 -22 -16 -20 26 27 -25 -26 -12 -9
right_child=3 2 -4 4 -6 6 7 29 17 10 12 -13 13 -15 15 -17 -18 20 23 -21 21 -23 -24 24 25 -27 -28 -29 -30 -31
leaf_value=-0.0076025537088561636 -0.00010805426540612119 0.0038690812004931632 -0.0013351134044874869 0.0042303510633264988 -0.0076728953497148039 0.017276774166818054 0.023770723275554406 0.0074575642440636528 0.019173410156209592 0.011162047281926225 0.015547944581168417 -0.015660301564497738 0.0032253650681372649 -0.0024971536551751331 0.0052511314262448042 -0.023749966175324256 -0.0092174163074524532 -0.00053248540473829211 -0.0031240362498902389 0.020863245086118011 0.034547024312487018 0.0024456035725024527 -0.011461577930324519 -0.0043033844821220415 0.0071316822919237138 0.0010594004897130915 0.0032228331250482079 0.027904204852519189 -0.0049764883267122252 -0.00046666097568484057
leaf_weight=330 210165 390 2965 255 1053 501 281 3676 305 470 565 239 1558 7963 493 392 273 365 2131 469 243 392 3054 210 393 5555 366 256 1353 2562
leaf_count=330 210165 390 2965 255 1053 501 281 3676 305 470 565 239 1558 7963 493 392 273 365 2131 469 243 392 3054 210 393 5555 366 256 1353 2562
internal_value=-4.47373e-05 -0.00182186 -0.00105498 -1.79184e-05 -0.00295903 -2.04717e-06 0.000509022 0.00293307 -6.53215e-05 -0.000916955 -0.00126766 0.00646732 -0.00161758 -0.00027 -0.00391171 -0.0060395 0.0065051 0.00137884 0.000693692 0.00456766 0.00762376 0.0120155 -0.00473714 0.000319471 0.00138439 0.00207596 -0.0059727 0.0103945 0.000466805 0.00240077
internal_weight=249223 3685 3355 245538 1308 244230 34065 6519 27546 17330 16556 709 15847 9990 5857 3939 774 10216 9216 2027 1000 635 3547 8911 6780 6204 576 649 1918 6238
internal_count=249223 3685 3355 245538 1308 244230 34065 6519 27546 17330 16556 709 15847 9990 5857 3939 774 10216 9216 2027 1000 635 3547 8911 6780 6204 576 649 1918 6238
cat_boundaries=0 1 2 3
cat_threshold=64 22 10
is_linear=0
shrinkage=0.05


Tree=224
num_leaves=31
num_cat=0
split_feature=8 11 0 0 0 0 7 10 9 7 0 10 10 7 0 0 10 0 0 10 11 7 11 11 9 8 11 10 8 9
split_gain=4.76697 21.5877 22.737 22.4991 21.3264 30.7905 24.9239 24.6858 17.316 18.5473 10.9132 10.7733 10.1005 9.9657 14.3988 9.78332 13.2893 9.6112 9.12987 8.88014 10.9928 8.52401 7.53965 47.4811 24.8284 24.1575 21.8557 35.7643 20.8897 20.5831
threshold=25.250000000000004 94.585000000000022 41.500000000000007 23.500000000000004 30.500000000000004 40.500000000000007 11.500000000000002 72.810000000000016 -81.449999999999989 12.500000000000002 18.500000000000004 31.385000000000002 80.725000000000009 17.500000000000004 35.500000000000007 18.500000000000004 28.855000000000004 15.500000000000002 54.500000000000007 74.220000000000013 106.33500000000002 15.500000000000002 90.350000000000009 85.680000000000021 -86.34999999999998 30.050000000000004 91.745000000000019 59.585000000000001 30.550000000000004 -87.249999999999986
decision_type=2 10 2 2 2 2 2 10 2 2 2 10 8 2 2 2 8 2 2 10 10 2 8 10 2 2 8 10 2 2
left_child=1 2 3 15 7 6 11 17 9 -7 21 -6 -5 14 -8 16 -1 -3 -11 -10 -21 -9 23 24 28 -26 27 -24 29 -2
right_child=22 4 -4 12 5 8 13 10 19 18 -12 -13 -14 -15 -16 -17 -18 -19 -20 20 -22 -23 26 -25 25 -27 -28 -29 -30 -31
leaf_value=-0.022641700045759185 0.0015157110496017536 0.0089397319193494258 -0.020253841412817719 0.001279274601585545 0.0044912771082593842 -0.017065802446411028 0.0049312005039609643 -0.013281702896759652 0.0035473366773137284 0.0012154215008389091 -0.011588799687718688 -0.013537644634245227 -0.010224951070308698 0.013232635034403684 0.015453871283780441 -0.035011576633514528 0.0038886773334215977 -0.0012002746872168846 -0.0060752306322380718 0.0010240267609051834 -0.013849376444742401 0.0011156878404766425 -0.0015144639253465543 0.0071664424252913866 -0.00013253771946359906 0.0050288642016397492 -0.00015197286910604291 -0.028160588687625856 0.014844249012558743 -0.014712177570936813
leaf_weight=336 932 456 578 2354 374 473 1390 315 2030 974 717 332 374 752 382 222 238 926 688 431 211 355 565 7043 50956 5528 166604 219 385 2083
leaf_count=336 932 456 578 2354 374 473 1390 315 2030 974 717 332 374 752 382 222 238 926 688 431 211 355 565 7043 50956 5528 166604 219 385 2083
internal_value=-3.83176e-05 -0.000904947 -0.00398833 -0.0024618 0.000268121 0.00157201 0.00533951 -0.00350846 -0.000965331 -0.00431235 -0.00819613 -0.00293296 -0.000292184 0.00765588 0.00555556 -0.00980149 -0.00616438 0.00122126 -0.00179426 0.00171514 -0.00337423 -0.00352941 1.68569e-05 0.000465363 8.34808e-06 0.000258435 -0.000162487 -0.00843829 -0.0041349 -0.00553719
internal_weight=249223 14908 4102 3524 10806 8037 3230 2769 4807 2135 1387 706 2728 2524 1772 796 574 1382 1662 2672 642 670 234315 66927 59884 56484 167388 784 3400 3015
internal_count=249223 14908 4102 3524 10806 8037 3230 2769 4807 2135 1387 706 2728 2524 1772 796 574 1382 1662 2672 642 670 234315 66927 59884 56484 167388 784 3400 3015
is_linear=0
shrinkage=0.05


Tree=225
num_leaves=31
num_cat=3
split_feature=10 10 10 10 11 4 0 4 0 10 9 0 11 0 10 0 0 10 7 0 0 4 8 10 11 10 10 0 0 0
split_gain=9.74405 18.2373 24.9715 32.9442 20.7773 20.6966 17.3049 16.7539 15.9998 15.9314 25.2987 23.0981 35.4755 28.316 25.0337 14.9015 13.2839 18.2489 24.7479 13.9493 38.2579 30.3301 12.4203 12.0553 18.4883 14.7415 14.4866 31.6113 29.6368 18.3626
threshold=113.96500000000002 113.26500000000001 111.38500000000002 108.94500000000001 62.915000000000006 0 66.500000000000014 1 63.500000000000007 117.38000000000001 -82.449999999999989 49.500000000000007 63.750000000000007 57.500000000000007 117.08500000000002 31.500000000000004 21.500000000000004 124.43000000000002 13.500000000000002 39.500000000000007 49.500000000000007 2 28.350000000000005 105.69500000000001 101.25000000000001 107.355 105.61500000000001 49.500000000000007 70.500000000000014 31.500000000000004
decision_type=10 10 10 10 10 9 2 9 2 10 2 2 10 2 10 2 2 10 2 2 2 9 2 10 10 10 10 2 2 2
left_child=1 2 3 23 -5 -6 -7 -3 -4 11 16 12 -2 14 -13 -14 17 -11 -19 -18 22 -22 -21 26 -25 -26 -1 29 -29 -28
right_child=9 7 8 4 5 6 -8 -9 -10 10 -12 13 15 -15 -16 -17 19 18 -20 20 21 -23 -24 24 25 -27 27 28 -30 -31
leaf_value=9.0052257330697222e-05 0.01376568658463171 0.0019547287756933153 -0.0032638020049009066 -0.011882717817703626 -0.0090394834702933746 0.010113184081374805 -0.00043722804740129465 0.019396980730096304 -0.0087461057657835187 0.0040993987709641916 -0.0040393063164090304 -0.007015413045479502 -0.010977633891148387 -0.0027785016306103752 0.0031340819601819447 -0.028230176659140984 0.0071720987363923074 0.00061381685268848687 -0.019007206298519909 -0.010324183980824931 0.0022027783864481342 -0.0091752092075558355 0.0001896119373989258 0.0010220047310327551 -0.010144301513692123 -0.0036989399505900525 0.0028094081233837722 0.0050833478388857328 -0.001863765320256139 -0.022572861679715485
leaf_weight=212674 229 2059 1461 222 210 1167 251 328 337 686 3064 350 729 3255 2242 664 3001 395 409 1154 6487 661 521 1513 480 883 497 2345 741 462
leaf_count=212674 229 2059 1461 222 210 1167 251 328 337 686 3064 350 729 3255 2242 664 3001 395 409 1154 6487 661 521 1513 480 883 497 2345 741 462
internal_value=4.50925e-05 0.000146694 0.000100111 0.000147886 0.00677419 0.00873016 0.0108484 0.00448477 -0.00575221 -0.000915874 -4.27142e-05 -0.00282792 -0.00808824 -0.00135735 0.00253651 -0.0110834 0.00090063 -0.00353333 -0.00859951 0.00146189 0.000458508 0.00205365 -0.00632047 9.17557e-05 -0.0031185 -0.00731974 0.0001345 0.00309494 0.00555556 -0.00479876
internal_weight=249477 225630 223243 221445 1850 1628 1418 2387 1798 23847 16378 7469 1622 5847 2592 1393 13314 1490 804 11824 8823 7148 1675 219595 2876 1363 216719 4045 3086 959
internal_count=249477 225630 223243 221445 1850 1628 1418 2387 1798 23847 16378 7469 1622 5847 2592 1393 13314 1490 804 11824 8823 7148 1675 219595 2876 1363 216719 4045 3086 959
cat_boundaries=0 1 2 3
cat_threshold=216 74 106
is_linear=0
shrinkage=0.05


Tree=226
num_leaves=31
num_cat=5
split_feature=10 10 10 10 4 9 0 10 9 0 9 0 4 0 4 0 0 0 0 2 7 12 4 4 8 10 8 2 10 10
split_gain=8.93944 16.2496 22.6308 30.3901 16.1909 17.2816 17.2532 15.4497 23.6167 18.5504 27.8306 24.1286 24.3078 15.0251 14.6329 14.4196 13.2053 27.3606 22.384 21.973 16.0952 17.4056 15.939 15.5034 13.0342 12.0929 22.9106 11.9367 11.507 13.357
threshold=113.96500000000002 113.26500000000001 111.38500000000002 108.94500000000001 0 -82.649999999999991 66.500000000000014 117.38000000000001 -82.449999999999989 49.500000000000007 -82.449999999999989 57.500000000000007 1 63.500000000000007 2 41.500000000000007 51.500000000000007 41.500000000000007 27.500000000000004 1.0000000180025095e-35 19.500000000000004 1.0000000180025095e-35 3 4 27.950000000000003 128.71500000000003 27.250000000000004 1.0000000180025095e-35 105.69500000000001 105.61500000000001
decision_type=10 10 10 10 9 2 2 10 2 2 2 2 9 2 9 2 2 2 2 2 2 10 9 9 2 10 2 2 10 10
left_child=1 2 3 28 -5 6 -6 9 16 10 15 12 -11 -4 -3 27 17 18 20 24 21 -9 -19 -18 -20 -25 -27 -2 29 -1
right_child=7 14 13 4 5 -7 -8 8 -10 11 -12 -13 -14 -15 -16 -17 23 22 19 -21 -22 -23 -24 25 -26 26 -28 -29 -30 -31
leaf_value=8.5549644464144597e-05 -0.025970110471969801 0.02989576770024014 -0.0031006119046558924 -0.0092654050824989564 0.0096075248773060742 -0.0052605077954890334 -0.00041536664503123434 -0.020056844076245285 -0.003837341000588568 0.0024773664180810506 0.01204955042931366 -0.0026395765490798695 -0.0090872142466067903 -0.0083088004774943165 0.001858195419720854 -0.027105027521720084 -0.0092833543234791104 -0.0031284651473819204 -0.0053197494390200724 0.019810402003872962 0.0079282369269770402 -0.0013777003480605289 -0.023453534295421987 0.0037911590381463078 0.0075649365308565926 0.0073815459193970591 -0.0053437591016130886 -0.0026468586605974845 -0.003544286202807001 0.001943779763874609
leaf_weight=212674 528 243 1461 236 1105 264 245 425 3064 2334 238 3255 258 337 2144 374 273 2049 657 561 913 1331 209 4575 928 468 925 482 2876 4045
leaf_count=212674 528 243 1461 236 1105 264 245 425 3064 2334 238 3255 258 337 2144 374 273 2049 657 561 913 1331 209 4575 928 468 925 482 2876 4045
internal_value=4.22868e-05 0.000139603 9.56314e-05 0.000141112 0.00650538 0.00826193 0.0105882 -0.000878149 -1.83061e-05 -0.00276106 -0.00747549 -0.00144272 0.00215219 -0.00547566 0.00423446 -0.0101865 0.000893125 -0.00058591 0.00154404 0.00533395 -0.00151176 -0.00430351 -0.00511464 0.00256759 0.0022884 0.00310621 -0.000962224 -0.00696078 8.7202e-05 0.000128963
internal_weight=249477 225630 223243 221445 1850 1614 1350 23847 16378 7469 1622 5847 2592 1798 2387 1384 13314 7073 4815 2146 2669 1756 2258 6241 1585 5968 1393 1010 219595 216719
internal_count=249477 225630 223243 221445 1850 1614 1350 23847 16378 7469 1622 5847 2592 1798 2387 1384 13314 7073 4815 2146 2669 1756 2258 6241 1585 5968 1393 1010 219595 216719
cat_boundaries=0 1 2 3 4 5
cat_threshold=216 106 160 226 20
is_linear=0
shrinkage=0.05


Tree=227
num_leaves=31
num_cat=3
split_feature=11 8 0 11 8 4 8 0 11 11 11 8 11 11 5 0 7 7 8 4 8 7 0 7 0 5 8 11 0 3
split_gain=8.51465 20.8395 30.0881 28.52 27.7363 27.739 26.327 20.4778 20.096 23.0145 21.3712 19.6046 17.1962 19.6836 34.6805 27.0252 16.286 16.4418 32.5051 15.8093 20.5376 15.8938 34.2546 17.3929 15.8667 15.4504 15.3087 14.8612 14.9065 14.2805
threshold=92.160000000000011 27.150000000000002 42.500000000000007 85.680000000000021 30.250000000000004 0 27.650000000000002 4.5000000000000009 82.085000000000022 80.870000000000019 72.915000000000006 30.450000000000003 51.335000000000008 89.720000000000013 2.5000000000000004 23.500000000000004 16.500000000000004 13.500000000000002 30.450000000000003 1 28.850000000000005 15.500000000000002 38.500000000000007 24.500000000000004 53.500000000000007 3.5000000000000004 29.350000000000005 53.870000000000012 55.500000000000007 2
decision_type=8 2 2 10 2 9 2 2 10 10 10 2 10 10 2 2 2 2 2 9 2 2 2 2 2 2 2 10 2 9
left_child=1 2 12 6 7 -6 -3 -5 9 10 19 -12 -1 -14 -15 -16 17 18 -7 -8 21 22 -21 -23 -22 -10 -26 -4 -29 -27
right_child=-2 3 27 4 5 16 8 -9 25 -11 11 -13 13 14 15 -17 -18 -19 -20 20 24 23 -24 -25 26 29 -28 28 -30 -31
leaf_value=-0.0057959998091737137 -0.00016719406976624108 0.0076676225944147802 0.0059929275405703926 0.04388939344649137 0.011551203176183834 0.0024298600656816219 0.0058872347846654184 0.0078308594349216776 -0.029606475993753545 0.013286037339724466 -0.014602100033696797 0.0058749442996497425 0.002075350287230826 -0.02061849854777318 -0.01454348672948811 0.0045462555940694038 -0.025466387708811933 0.0081438008860626361 -0.029511653250579341 0.012377335156531812 0.0025271038201104545 -0.0053115126848854114 -0.0028271491367473089 0.0064533084306279244 -0.0053689027599552299 0.0057178163883390811 0.0016216210304848212 -0.011965653296686352 -0.0017865571370243583 -0.028622771097225642
leaf_weight=2997 176138 4215 422 250 321 1860 2568 3790 330 568 1127 448 17105 477 802 1839 269 1041 475 1385 13847 8025 1474 407 1509 369 1630 2443 1092 254
leaf_count=2997 176138 4215 422 250 321 1860 2568 3790 330 568 1127 448 17105 477 802 1839 269 1041 475 1385 13847 8025 1474 407 1509 369 1630 2443 1092 254
internal_value=4.42909e-05 0.000496939 -0.00060139 0.00114355 0.00385479 0.000880282 0.000573809 0.00676543 0.000110453 0.000318201 0.000141844 -0.0055205 8.60956e-05 0.000610389 -0.00303708 -0.000773293 -0.000395634 0.000561134 -0.00176972 0.000432669 9.01156e-05 -0.00156181 0.00165563 -0.0026534 0.00118851 -0.00700935 -0.00201651 -0.00462566 -0.00568406 -0.00229068
internal_weight=249477 73339 27177 46162 8006 3966 38156 4040 33941 32988 32420 1575 23220 20223 3118 2641 3645 3376 2335 30845 28277 11291 2859 8432 16986 953 3139 3957 3535 623
internal_count=249477 73339 27177 46162 8006 3966 38156 4040 33941 32988 32420 1575 23220 20223 3118 2641 3645 3376 2335 30845 28277 11291 2859 8432 16986 953 3139 3957 3535 623
cat_boundaries=0 1 2 3
cat_threshold=160 44 20
is_linear=0
shrinkage=0.05


Tree=228
num_leaves=31
num_cat=3
split_feature=10 9 0 7 7 10 0 8 4 0 0 10 4 0 9 0 6 8 4 8 6 10 0 9 8 9 0 0 9 10
split_gain=8.01408 16.0185 20.3382 34.1375 30.5947 17.2599 23.7448 14.7531 13.6284 17.0415 17.6302 13.2427 12.9205 12.8844 11.8947 29.8672 16.4706 13.4923 31.6205 20.7603 16.4024 38.1275 26.9865 15.7823 32.2449 42.0305 49.7767 21.7816 20.4825 18.4292
threshold=45.990000000000002 -80.149999999999991 42.500000000000007 17.500000000000004 16.500000000000004 99.655000000000015 69.500000000000014 30.550000000000004 0 5.5000000000000009 19.500000000000004 45.235000000000007 1 20.500000000000004 -86.84999999999998 20.500000000000004 2.5000000000000004 27.850000000000005 2 28.150000000000002 1.5000000000000002 20.955000000000002 50.500000000000007 -81.84999999999998 26.350000000000005 -81.649999999999991 25.500000000000004 16.500000000000004 -81.949999999999989 18.335000000000004
decision_type=8 2 2 2 2 8 2 2 9 2 2 10 9 2 2 2 2 2 9 2 2 10 2 2 2 2 2 2 2 10
left_child=7 -2 3 -3 5 -4 -7 8 9 -1 -11 14 -5 -12 15 -10 -17 23 -19 20 21 -20 -22 27 -25 26 -26 28 29 -16
right_child=1 2 4 12 -6 6 -8 -9 11 10 13 -13 -14 -15 17 16 -18 18 19 -21 22 -23 -24 24 25 -27 -28 -29 -30 -31
leaf_value=0.019710114223119569 -0.00033613928264877304 0.021485810940376382 -0.010900413753168348 -0.0071732320396226791 -0.011372134205966146 0.010602093481021146 -0.0051913766972844222 0.013396099699736831 -0.0068621904238864058 -0.0035950233947943389 0.0086592596544828211 0.0049908396211332477 0.0050934059498174205 0.0026212887507942374 -0.013602134405628786 -0.0034913354159888501 0.0051793120468550669 0.01394490694077506 0.0051037828691703705 -0.00061414238059525066 0.017573719441066917 -0.020438067177774813 0.00073647672765573277 -0.00032632407734816131 0.039690264425324355 0.0015439151624200066 0.0029446606628549701 -0.00063091177546583668 -0.02025820665163991 0.0064528862176630678
leaf_weight=254 150170 1121 493 681 947 1541 528 715 3852 1196 211 2331 2460 6836 654 1997 2779 1957 1114 10567 1064 328 1008 26747 812 4751 1318 19532 830 683
leaf_count=254 150170 1121 493 681 947 1541 528 715 3852 1196 211 2331 2460 6836 654 1997 2779 1957 1114 10567 1064 328 1008 26747 812 4751 1318 19532 830 683
internal_value=4.06835e-05 -0.000175054 0.00203701 0.00435393 -0.000781472 0.00206065 0.00406445 0.000412907 0.000356156 0.00226019 0.00185993 0.000159089 0.00166614 0.00281281 5.06231e-05 -0.00170178 0.000940242 0.000262697 0.00153913 0.000705624 0.00402951 -6.88705e-05 0.0068684 -0.000107523 0.000570783 0.00362066 0.00943925 -0.00115851 -0.00590262 -0.00204157
internal_weight=249477 157941 7771 4262 3509 2562 2069 91536 90821 8497 8243 82324 3141 7047 79993 8628 4776 71365 16038 14081 3514 1442 2072 55327 33628 6881 2130 21699 2167 1337
internal_count=249477 157941 7771 4262 3509 2562 2069 91536 90821 8497 8243 82324 3141 7047 79993 8628 4776 71365 16038 14081 3514 1442 2072 55327 33628 6881 2130 21699 2167 1337
cat_boundaries=0 1 2 3
cat_threshold=52 132 136
is_linear=0
shrinkage=0.05


Tree=229
num_leaves=31
num_cat=3
split_feature=10 9 9 10 4 0 7 7 8 8 10 9 10 9 10 0 10 10 10 4 10 4 10 7 9 0 9 9 0 10
split_gain=7.25118 15.8658 39.1809 25.436 37.8566 22.2335 19.1011 23.5846 18.6583 33.4877 23.1938 27.2163 21.2711 20.16 19.9431 16.2616 16.0425 20.1451 15.7971 28.2881 23.1075 15.7507 17.0406 33.7911 28.4382 22.832 20.2718 49.1042 23.5157 22.9603
threshold=45.990000000000002 -85.949999999999989 -85.84999999999998 72.065000000000012 0 35.500000000000007 13.500000000000002 15.500000000000002 30.050000000000004 30.150000000000002 70.125000000000014 -81.749999999999986 56.465000000000011 -84.149999999999991 83.035000000000011 15.500000000000002 56.660000000000004 62.685000000000009 42.395000000000003 1 42.845000000000006 2 83.035000000000011 18.500000000000004 -83.549999999999983 52.500000000000007 -81.949999999999989 -82.34999999999998 31.500000000000004 72.065000000000012
decision_type=10 2 2 10 9 2 2 2 2 2 10 2 10 2 10 2 10 10 10 9 10 9 10 2 2 2 2 2 2 10
left_child=18 3 -3 4 -2 6 -6 16 21 -10 11 13 -13 -11 15 -12 -8 -18 -1 -20 -21 -4 23 24 -23 26 27 -26 29 -28
right_child=1 2 8 -5 5 -7 7 -9 9 10 14 12 -14 -15 -16 -17 17 -19 19 20 -22 22 -24 -25 25 -27 28 -29 -30 -31
leaf_value=0.00019519228851638815 -0.023304061876546902 0.030059593190918402 0.0048938752507700304 -0.015558766143257864 -0.012730640104021829 0.013102169082569582 0.018417289935276138 -0.0066098676767684774 0.017502188754699246 -0.017120808114011687 -0.0052593933938002383 -0.0069471908329135079 -0.038586292104858179 0.018936103939052897 -0.0029025484603256938 0.013097811927734916 -0.0055713685262589688 0.021372514850062575 -0.023469974128069504 0.0096454352803838194 0.0020007873692390542 -0.017282773346564452 -1.4174492008312001e-05 -0.009779405960959409 0.0017183499781278312 -0.003973717044808556 0.0026255007106418928 -0.015739535039309249 0.0026836483797454849 -0.008192636951752031
leaf_weight=139157 405 340 2227 1887 738 403 637 799 1327 203 585 282 284 349 1553 1768 823 322 352 2215 5187 521 60968 3031 3404 4669 2880 1742 8307 2112
leaf_count=139157 405 340 2227 1887 738 403 637 799 1327 203 585 282 284 349 1553 1768 823 322 352 2215 5187 521 60968 3031 3404 4669 2880 1742 8307 2112
internal_value=3.98818e-05 -0.000282717 -0.000127379 -0.00277224 -0.000568044 0.00104222 -0.00031541 0.00171748 -0.000188107 0.00242886 0.000556218 -0.00576241 -0.0133681 0.00213523 0.00237487 0.00526873 0.00491071 0.00134199 0.000265108 0.00246007 0.00312584 -0.000373313 -0.000479157 -0.00153321 -0.000894481 -0.000631379 0.000159848 -0.00250194 0.00119092 -0.00151939
internal_weight=249477 102566 96552 6014 4127 3722 3319 2581 96212 6351 5024 1118 566 552 3906 2353 1782 1145 146911 7754 7402 89861 87634 26666 23635 23114 18445 5146 13299 4992
internal_count=249477 102566 96552 6014 4127 3722 3319 2581 96212 6351 5024 1118 566 552 3906 2353 1782 1145 146911 7754 7402 89861 87634 26666 23635 23114 18445 5146 13299 4992
cat_boundaries=0 1 2 3
cat_threshold=8 128 8
is_linear=0
shrinkage=0.05


Tree=230
num_leaves=31
num_cat=1
split_feature=4 10 9 6 8 10 9 10 8 10 9 10 7 9 10 8 10 8 2 9 10 6 8 9 7 9 8 8 10 9
split_gain=4.29842 16.769 13.8058 24.6419 14.2741 12.2657 17.0832 39.6674 13.8739 23.6216 22.5169 32.3264 22.3666 13.2064 13.4316 17.6211 12.5591 12.163 11.1862 15.5222 11.563 10.5686 10.965 10.1818 16.0441 20.767 18.5118 53.871 51.1282 41.3727
threshold=0 4.04 -87.249999999999986 2.5000000000000004 30.450000000000003 6.9000000000000012 -86.84999999999998 62.685000000000009 27.850000000000005 41.495000000000005 -80.34999999999998 137.31000000000003 13.500000000000002 -81.749999999999986 106.34000000000002 28.150000000000002 103.18500000000002 28.950000000000003 1.0000000180025095e-35 -84.949999999999989 101.04500000000002 3.5000000000000004 27.650000000000002 -81.649999999999991 16.500000000000004 -87.34999999999998 27.450000000000003 27.150000000000002 119.45500000000001 -82.449999999999989
decision_type=9 8 2 2 2 8 2 8 2 8 2 8 2 2 10 2 10 2 2 2 10 2 2 2 2 2 2 2 8 2
left_child=23 -2 3 -3 5 -4 7 -7 10 17 11 21 -12 14 16 -16 18 -10 20 -20 -11 -8 -23 24 26 -26 27 -1 -28 -29
right_child=1 2 4 -5 -6 6 8 -9 9 13 12 -13 -14 -15 15 -17 -18 -19 19 -21 -22 22 -24 -25 25 -27 28 29 -30 -31
leaf_value=-0.00015536438578411804 -0.0046763751000531428 0.0094799056905446669 0.015588183034773807 -0.001395442036494643 -0.029734016119256881 -0.011792103623973739 -0.0032128292076805121 0.026374812319943167 0.034737034234800838 -0.0040496010948920967 0.018867136036271683 -0.010827305407980959 0.00245686836902701 0.0097135536623415685 0.012370485547980615 -0.0084399817548727728 -0.022146686868061538 0.0087555503574209045 0.025294880864436032 -0.0014867469583373706 0.0075088684743366942 0.00026226369411448404 0.0078923695368373625 -0.00077491934487712306 -0.0038349061188030832 0.0013377473126632289 -0.00012163823055879598 0.0047180772915206507 -0.005447046820177626 0.038793911337438924
leaf_weight=37935 420 320 430 431 239 1050 4962 238 438 3305 820 2223 5804 1866 543 391 294 1464 279 311 286 6953 1150 72726 1026 45108 43446 5140 9034 431
leaf_count=37935 420 320 430 431 239 1050 4962 238 438 3305 820 2223 5804 1866 543 391 294 1464 279 311 286 6953 1150 72726 1026 45108 43446 5140 9034 431
internal_value=-1.06395e-05 0.000509683 0.000634484 0.00729304 0.000481002 0.00057135 0.000458517 -0.00516179 0.000692948 0.00232394 9.12326e-06 -0.00104589 0.00244197 0.00102265 -0.00023067 0.00519068 -0.00137124 0.00726987 -0.000656168 0.00566667 -0.00170786 -9.56023e-05 0.00101689 -9.35467e-05 0.000152677 0.000918863 -0.000215634 0.000546925 -0.000847781 0.00513349
internal_weight=249063 34217 33797 751 33046 32807 32377 1288 31089 9177 21912 15288 6624 7275 5409 934 4475 1902 4181 590 3591 13065 8103 214846 142120 46134 95986 43506 52480 5571
internal_count=249063 34217 33797 751 33046 32807 32377 1288 31089 9177 21912 15288 6624 7275 5409 934 4475 1902 4181 590 3591 13065 8103 214846 142120 46134 95986 43506 52480 5571
cat_boundaries=0 1
cat_threshold=86
is_linear=0
shrinkage=0.05


Tree=231
num_leaves=31
num_cat=10
split_feature=11 6 9 9 9 2 4 7 3 2 3 9 7 4 9 7 9 3 9 4 4 9 9 11 4 11 11 3 3 7
split_gain=6.27771 15.9938 14.384 19.1561 31.3504 14.2708 10.7884 11.5046 7.56747 7.79311 7.52828 6.88526 13.7742 6.46683 5.42537 21.4773 33.1721 26.539 17.8206 34.4275 16.8998 15.9296 15.6444 18.6945 19.1461 14.7431 20.796 17.8422 16.6071 35.5366
threshold=127.40000000000002 4.5000000000000009 -85.449999999999989 -85.049999999999983 -82.249999999999986 1.0000000180025095e-35 0 10.500000000000002 1 1.0000000180025095e-35 2 -81.84999999999998 14.500000000000002 3 -81.649999999999991 13.500000000000002 -80.249999999999986 4 -80.449999999999989 5 6 -81.84999999999998 -81.249999999999986 97.385000000000005 7 62.915000000000006 53.165000000000006 8 9 16.500000000000004
decision_type=10 2 2 2 2 2 9 2 9 2 9 2 2 9 2 2 2 9 2 9 9 2 2 10 9 8 10 9 9 2
left_child=14 6 10 5 -5 -4 -2 -8 9 -6 -3 12 -10 -13 21 16 18 -18 -16 -20 -17 -1 23 24 -22 26 -24 -28 -27 -30
right_child=1 2 3 4 8 -7 7 -9 11 -11 -12 13 -14 -15 15 20 17 -19 19 -21 22 -23 25 -25 -26 28 27 -29 29 -31
leaf_value=3.8749920340030997e-05 -2.8917716142107253e-05 -0.003936513469560499 0.00041434566692482027 -0.010413404567441732 0.00019001434825929311 0.014761545292546075 -0.0062006455448528897 -0.01705156280193041 -0.0021008262894632425 0.021926667211460773 -0.027097911260286892 0.0064418231424507423 0.0049336598700989503 -0.0021549410214888099 0.0022844445752366661 -0.0084702986576139956 -0.013793215880064481 0.009218555726184352 -0.0089872753971930851 0.010372791972635209 0.013016216136483473 0.0022777114352350303 -0.0014318019071106747 0.00069095461042696378 -0.0060568034517793027 -0.001383937457225759 -0.0012974057356394564 0.0053803907529397683 0.0096093784733785274 -0.00045673286983358711
leaf_weight=136517 666 322 591 1175 280 576 649 553 1672 248 293 572 1995 4561 4954 575 313 3047 2314 641 623 17140 3887 4127 7335 39344 1300 3337 2191 7265
leaf_count=136517 666 322 591 1175 280 576 649 553 1672 248 293 572 1995 4561 4954 575 313 3047 2314 641 623 17140 3887 4127 7335 39344 1300 3337 2191 7265
internal_value=-5.01861e-06 -0.00102732 -0.000370069 2.56849e-05 -0.000651574 0.00607477 -0.00532481 -0.00810147 0.000321268 0.0060219 -0.00776 -3.40136e-05 0.00161817 -0.00121524 5.6615e-05 -0.000273802 0.00175104 0.00590504 -1.89418e-05 -0.003086 -0.000600051 0.000231344 -0.000527877 -0.00216205 -0.00357681 -0.000183137 0.00173424 0.00399182 -0.000518336 0.00136133
internal_weight=249063 14153 12285 11670 10503 1167 1868 1202 9328 528 615 8800 3667 5133 234910 81253 11269 3360 7909 2955 69984 153657 69409 12085 7958 57324 8524 4637 48800 9456
internal_count=249063 14153 12285 11670 10503 1167 1868 1202 9328 528 615 8800 3667 5133 234910 81253 11269 3360 7909 2955 69984 153657 69409 12085 7958 57324 8524 4637 48800 9456
cat_boundaries=0 1 2 3 4 5 6 7 8 9 10
cat_threshold=140 16 10 136 2 6 16 160 18 12
is_linear=0
shrinkage=0.05


Tree=232
num_leaves=31
num_cat=4
split_feature=11 6 0 0 2 8 9 8 2 9 0 4 4 10 0 2 0 4 4 0 2 0 9 0 2 10 0 0 10 8
split_gain=5.64597 15.132 16.7274 17.4177 17.8252 13.9073 18.4864 30.5701 13.8603 11.973 9.69917 17.0516 15.4379 13.7883 16.5755 19.9962 11.1445 15.5806 9.16741 9.03907 11.5552 8.60422 14.6993 11.3986 11.3363 8.72615 31.3897 25.8584 6.92854 18.5218
threshold=127.40000000000002 4.5000000000000009 20.500000000000004 41.500000000000007 1.0000000180025095e-35 30.050000000000004 -85.049999999999983 26.650000000000002 1.0000000180025095e-35 -81.949999999999989 42.500000000000007 0 1 21.740000000000006 9.5000000000000018 1.0000000180025095e-35 47.500000000000007 2 3 48.500000000000007 1.0000000180025095e-35 16.500000000000004 -80.34999999999998 36.500000000000007 1.0000000180025095e-35 21.375000000000004 37.500000000000007 35.500000000000007 21.375000000000004 26.350000000000005
decision_type=10 2 2 2 2 2 2 2 2 2 2 9 9 10 2 2 2 9 9 2 2 2 2 2 2 10 2 2 10 2
left_child=-1 2 -2 4 -4 6 8 10 -3 -6 12 28 -8 21 -15 -16 17 -13 -18 20 -9 24 25 -24 -14 26 -23 -27 -12 -30
right_child=1 5 3 -5 9 -7 7 19 -10 -11 11 16 13 14 15 -17 18 -19 -20 -21 -22 22 23 -25 -26 27 -28 -29 29 -31
leaf_value=4.3786281808078091e-05 -0.033344316357586126 0.00039362838357854814 -0.0075580426930314639 -0.017279620726487366 -0.00094345643206912306 -0.013590847972275456 0.0079958208627811892 -0.0005925403824364573 0.014023468027918807 0.018581553910856297 0.00035371496756000378 0.0086030412619743316 -0.020323754254858797 0.0060697844358383437 -0.024044172444571733 -0.0017817400576988886 -0.011928462038199861 -0.0015210483888991268 -0.00098751046505594084 -0.016732029628549496 -0.018558794352473564 -0.018719389745817151 0.0080496546273740154 -0.0042095042247122906 0.0039494717024296747 0.0078887738623675038 0.014194969882744069 -0.015373350260105223 0.0028852337085381488 0.012824556201958348
leaf_weight=234910 290 593 533 470 271 613 688 507 576 304 544 254 388 272 553 592 299 406 609 285 408 634 1232 354 314 436 212 266 810 440
leaf_count=234910 290 593 533 470 271 613 688 507 576 304 544 254 388 272 553 592 299 406 609 285 408 634 1232 354 314 436 212 266 810 440
internal_value=-1.54573e-05 -0.000984961 -0.00516507 -0.00308564 0.000357782 -0.000345669 4.28009e-05 -0.000623038 0.00597964 0.00641026 0.000348975 0.0024911 -0.000865401 -0.00179215 -0.00599159 -0.00861472 -0.00132242 0.00358209 -0.00490196 -0.00809917 -0.00556757 -0.000234009 0.000890585 0.00426065 -0.00519663 -0.00256739 -0.00595794 0.00154494 0.00578831 0.00785714
internal_weight=249063 14153 1868 1578 1108 12285 11672 10503 1169 575 9303 3362 5941 5253 1417 1145 1568 660 908 1200 915 3836 3134 1586 702 1548 846 702 1794 1250
internal_count=249063 14153 1868 1578 1108 12285 11672 10503 1169 575 9303 3362 5941 5253 1417 1145 1568 660 908 1200 915 3836 3134 1586 702 1548 846 702 1794 1250
cat_boundaries=0 1 2 3 4
cat_threshold=2 216 32 40
is_linear=0
shrinkage=0.05


Tree=233
num_leaves=31
num_cat=6
split_feature=11 6 0 0 8 8 8 0 10 10 10 0 4 4 10 0 0 4 3 3 10 8 0 7 0 7 0 4 0 7
split_gain=4.8796 11.9727 16.3262 15.1411 13.9073 15.1326 22.9341 15.7527 13.3714 14.0899 10.3715 9.60226 15.9328 13.5384 12.0439 15.5427 10.5804 13.2196 7.56053 7.42439 7.14611 17.8761 7.1232 9.18985 9.40898 7.87127 6.75957 6.72803 6.42267 5.16843
threshold=127.40000000000002 4.5000000000000009 20.500000000000004 41.500000000000007 30.050000000000004 29.750000000000004 26.650000000000002 48.500000000000007 23.875000000000004 16.605000000000004 38.465000000000011 42.500000000000007 0 1 21.740000000000006 9.5000000000000018 47.500000000000007 2 3 4 21.375000000000004 26.350000000000005 16.500000000000004 19.500000000000004 35.500000000000007 18.500000000000004 27.500000000000004 5 37.500000000000007 15.500000000000002
decision_type=10 2 2 2 2 2 2 2 10 10 10 2 9 9 10 2 2 9 9 9 10 2 2 2 2 2 2 9 2 2
left_child=-1 2 -2 8 5 6 11 10 9 -4 29 13 20 -3 22 -16 17 -14 -6 -7 -13 -22 25 -24 26 -15 -25 -18 -17 -8
right_child=1 4 3 -5 18 19 7 -9 -10 -11 -12 12 16 14 15 28 27 -19 -20 -21 21 -23 23 24 -26 -27 -28 -29 -30 -31
leaf_value=4.1596967717705272e-05 -0.031677100539706786 0.0075960298196421144 0.0043627737976598803 -0.016415639690162999 -0.0026247773008141631 0.0018088579790842552 -0.0056069853523986529 -0.017708279753615663 0.01007864597853363 -0.016132109280024932 -0.016121751101838201 0.00033602921918203245 0.0081728891988756217 0.0034281715891038012 0.0057662952140463911 -0.01012918934664322 -0.01111735259442357 -0.0014449959694541993 -0.025128212121987126 0.011793242265832582 0.0027409720231112546 0.012183328391860471 -0.0028008990032926564 0.0043018596424043492 -0.0035522788578754572 -0.01582134499258352 0.015089405157005143 -0.0011412017858617675 -0.025473595467710688 0.0065821246187421252
leaf_weight=234910 290 688 355 470 321 476 542 278 448 305 308 544 254 278 272 945 256 406 292 561 810 440 1506 1002 381 424 245 652 200 204
leaf_count=234910 290 688 355 470 321 476 542 278 448 305 308 544 254 278 272 945 256 406 292 561 810 440 1506 1002 381 424 245 652 200 204
internal_value=-1.30484e-05 -0.000914354 -0.00463259 -0.00258186 -0.000345669 4.28009e-05 -0.000521372 -0.00663189 0.000626118 -0.0038806 -0.0037594 0.000359712 0.0024911 -0.000848597 -0.00171629 -0.00564121 -0.00119647 0.00358209 -0.0076244 0.00577841 0.00567806 0.00777778 -0.00026001 0.000763359 0.00335775 -0.00477528 0.00544948 -0.0046841 -0.00818182 -0.000529101
internal_weight=249063 14153 1868 1578 12285 11672 10635 1332 1108 660 1054 9303 3362 5941 5253 1417 1568 660 613 1037 1794 1250 3836 3134 1628 702 1247 908 1145 746
internal_count=249063 14153 1868 1578 12285 11672 10635 1332 1108 660 1054 9303 3362 5941 5253 1417 1568 660 613 1037 1794 1250 3836 3134 1628 702 1247 908 1145 746
cat_boundaries=0 1 2 3 4 5 6
cat_threshold=2 216 32 10 10 32
is_linear=0
shrinkage=0.05


Tree=234
num_leaves=31
num_cat=2
split_feature=9 7 9 0 0 10 8 0 9 4 9 0 8 8 10 2 8 8 9 7 8 9 11 4 8 8 9 7 8 0
split_gain=4.21738 19.5177 30.3412 28.2515 22.8719 21.5209 21.9264 19.0304 19.8847 36.9447 18.9261 21.5942 18.3635 23.3327 21.2923 18.1801 17.4984 16.0893 17.4675 33.5182 22.601 23.8269 40.7976 18.0995 17.1371 19.1739 21.0123 17.1213 27.2153 21.8514
threshold=-81.649999999999991 13.500000000000002 -80.249999999999986 37.500000000000007 42.500000000000007 49.780000000000008 25.350000000000005 15.500000000000002 -80.449999999999989 0 -81.249999999999986 27.500000000000004 26.050000000000004 25.950000000000003 80.725000000000009 1.0000000180025095e-35 29.150000000000002 25.950000000000003 -80.149999999999991 16.500000000000004 26.750000000000004 -80.449999999999989 62.915000000000006 1 25.750000000000004 25.650000000000002 -80.34999999999998 17.500000000000004 25.850000000000005 19.500000000000004
decision_type=2 2 2 2 2 10 2 2 2 9 2 2 2 2 10 2 2 2 2 2 2 2 8 9 2 2 2 2 2 2
left_child=-1 2 7 -4 10 6 -6 -2 -9 -10 11 -3 13 14 -5 16 17 24 20 -20 -19 22 -22 -21 25 -12 -27 28 29 -26
right_child=1 4 3 12 5 -7 -8 8 9 -11 15 -13 -14 -15 -16 -17 -18 18 19 23 21 -23 -24 -25 27 26 -28 -29 -30 -31
leaf_value=0.00013420351846455959 0.0087124095941063292 -0.008276176744870245 0.030808596573744042 -0.002342133194102303 -0.024470836877135763 -4.1713312575364374e-05 -0.0041293579384275251 0.0014187277010139889 -0.010931526826967942 0.010206162525605224 0.0020874137858251543 0.00064133285845677799 0.0081854824770179139 -0.017284108137864518 0.035157633402837486 0.0049656026300169747 0.0050012966878727923 -0.0059545170736784673 0.024108488982504728 -0.010309044088599962 0.0031730513408672503 0.0054903435106780311 -0.016000126971645302 0.0023846276024756643 0.0025667249689136362 -0.0063896033231614531 0.0030933212963526915 -0.00027338546158262034 -0.00092601086204719969 0.01818816763197928
leaf_weight=165134 773 4445 373 473 249 7379 10473 4471 2084 585 7338 3961 1868 412 234 3540 2311 7263 554 839 1919 3001 1629 3282 1044 4571 2337 2974 1515 2032
leaf_count=165134 773 4445 373 473 249 7379 10473 4471 2084 585 7338 3961 1868 412 234 3540 2311 7263 554 839 1919 3001 1629 3282 1044 4571 2337 2974 1515 2032
internal_value=-1.10409e-05 -0.000299622 0.0016352 0.00560831 -0.000600006 -0.00213958 -0.00356877 -5.67967e-05 -0.000867133 -0.00427398 -8.88848e-05 -0.00226949 0.00395395 -0.00110717 0.00439331 0.000308716 2.22905e-05 -0.0002208 -0.00130562 0.00133404 -0.00219939 -6.8608e-05 -0.00283867 -0.000229969 0.000698868 -0.000322671 -0.00221162 0.00262046 0.00453162 0.00722618
internal_weight=249063 83929 11273 3360 72656 18101 10722 7913 7140 2669 54555 8406 2987 1119 707 46149 42609 40298 18487 4675 13812 6549 3548 4121 21811 14246 6908 7565 4591 3076
internal_count=249063 83929 11273 3360 72656 18101 10722 7913 7140 2669 54555 8406 2987 1119 707 46149 42609 40298 18487 4675 13812 6549 3548 4121 21811 14246 6908 7565 4591 3076
cat_boundaries=0 1 2
cat_threshold=6 132
is_linear=0
shrinkage=0.05


Tree=235
num_leaves=31
num_cat=1
split_feature=10 0 2 12 12 10 10 10 9 10 9 0 0 0 11 9 10 10 10 0 9 9 0 2 3 10 9 2 11 0
split_gain=5.77006 4.59008 15.2676 22.0108 13.7086 14.5417 11.642 19.2089 11.1116 18.2246 10.0368 18.2453 11.7793 8.1198 10.2994 12.3605 8.63635 7.91931 15.7374 7.54119 11.6564 18.2417 24.7777 18.5815 21.8349 18.111 34.6194 21.1633 28.9912 27.8099
threshold=148.19500000000002 58.500000000000007 1.0000000180025095e-35 -1.4999999999999998 1.0000000180025095e-35 117.12500000000001 68.420000000000016 54.385000000000012 -82.749999999999986 40.745000000000012 -81.34999999999998 81.500000000000014 82.500000000000014 76.500000000000014 66.040000000000006 -82.749999999999986 86.885000000000005 113.86000000000001 115.06500000000001 23.500000000000004 -82.249999999999986 -81.749999999999986 43.500000000000007 1.0000000180025095e-35 0 100.98500000000001 -83.049999999999983 1.0000000180025095e-35 89.720000000000013 28.500000000000004
decision_type=10 2 2 10 8 10 8 10 2 10 2 2 2 2 10 2 10 10 10 2 2 2 2 2 9 10 2 2 8 2
left_child=1 19 4 -4 5 13 7 8 9 -6 12 -12 -5 14 -3 -16 -17 -18 -19 -1 25 23 -23 24 -22 26 27 -21 -29 -30
right_child=-2 2 3 10 6 -7 -8 -9 -10 -11 11 -13 -14 -15 15 16 17 18 -20 20 21 22 -24 -25 -26 -27 -28 28 29 -31
leaf_value=-0.00040121142742668427 -0.011082943845798089 0.0021801625277480864 -0.0081462592547680412 0.0045668982326443341 -0.0042409952002072874 0.001278720049591975 0.00032005136027066786 -0.012995128000471113 -0.0019286544363505522 0.010957942520854936 0.0083364015516373523 -0.0055659368563838463 0.01652803526536686 -0.011640218584472084 0.00042468443156398197 -0.0029743682002412622 -0.0087613334978271073 0.0034415771309538102 -0.0074828230620012093 0.00010661606353163934 0.0030077852704101463 0.0013390814776055749 -0.0017093931869222702 -0.00061838520118078226 -0.0031083330676864307 0.00075766475131811006 -0.0024425912068599233 -0.0044372034375704137 0.00094334306192269681 0.018080360010169372
leaf_weight=71784 218 674 603 1470 265 1323 18501 663 4747 253 612 487 536 660 951 1378 736 239 436 10461 21193 37087 15271 6689 2411 20641 25496 868 981 1622
leaf_count=71784 218 674 603 1470 265 1323 18501 663 4747 253 612 487 536 660 951 1378 736 239 436 10461 21193 37087 15271 6689 2411 20641 25496 868 981 1622
internal_value=5.57637e-05 6.30401e-05 -0.000471862 0.00255514 -0.000836684 -0.00289527 -0.000296657 -0.00222297 -0.00120379 0.00568182 0.00425361 0.000405771 0.00634921 -0.00411094 -0.00332278 -0.00434667 -0.00602001 -0.00876144 -0.00474453 0.000149174 0.00035942 0.000744607 0.000179499 0.00172095 0.00237994 -0.000170609 -0.000798722 0.00120499 0.00458202 0.00721393
internal_weight=249256 249038 34534 3708 30826 6397 24429 5928 5265 518 3105 1099 2006 5074 4414 3740 2789 1411 675 214504 142720 82651 52358 30293 23604 60069 39428 13932 3471 2603
internal_count=249256 249038 34534 3708 30826 6397 24429 5928 5265 518 3105 1099 2006 5074 4414 3740 2789 1411 675 214504 142720 82651 52358 30293 23604 60069 39428 13932 3471 2603
cat_boundaries=0 1
cat_threshold=12
is_linear=0
shrinkage=0.05


Tree=236
num_leaves=31
num_cat=2
split_feature=10 10 4 8 0 10 11 0 0 3 8 10 11 8 11 0 8 0 10 0 8 10 11 0 10 8 10 10 10 10
split_gain=5.76831 4.59244 8.97231 10.3991 12.8743 7.55127 11.1599 6.98886 8.77696 6.53405 6.28688 4.76216 11.1952 34.8049 39.458 25.0344 30.9341 23.6702 18.9897 31.7823 17.4666 43.2375 24.0078 21.125 21.5037 21.0456 16.5979 18.4721 16.5614 15.637
threshold=148.19500000000002 1.0000000180025095e-35 0 26.550000000000004 22.500000000000004 6.205000000000001 104.58500000000002 46.500000000000007 30.500000000000004 1 28.250000000000004 45.990000000000002 90.160000000000011 28.050000000000004 91.745000000000019 27.500000000000004 30.350000000000005 56.500000000000007 101.42000000000002 21.500000000000004 30.050000000000004 57.775000000000006 45.395000000000003 4.5000000000000009 83.035000000000011 30.150000000000002 74.875000000000014 62.685000000000009 55.605000000000011 101.42000000000002
decision_type=10 8 9 2 2 8 10 2 2 9 2 8 10 2 10 2 2 2 10 2 2 10 10 2 10 2 10 10 8 10
left_child=1 2 -1 -4 9 6 10 8 -8 -5 -3 -7 20 14 -14 16 18 -17 -15 -20 -13 22 28 -23 25 -25 27 -18 -22 -19
right_child=-2 5 3 4 -6 11 7 -9 -10 -11 -12 12 13 15 -16 17 26 29 19 -21 21 23 -24 24 -26 -27 -28 -29 -30 -31
leaf_value=-0.0099922550628394734 -0.010528796653508189 0.0024341424063250017 -0.0075271824268810412 -0.0059061382606676377 0.014898540220322288 0.00048117863071999172 -0.016732246580804945 -0.024472702822474181 0.0030483411197361754 6.4595021298963218e-05 -0.0074561183230233757 -1.6323280643071315e-05 -0.024713267013276363 -0.016632794306203104 0.00013057294035996315 -4.7195358742602171e-05 -0.0011380057569137848 -0.0036715320091126103 -0.018836952525797201 0.028096652229114394 0.024637645697359337 0.033243553677763417 -0.014805776036842123 0.027727987096348453 -0.00013849954304974156 0.0083543564666054507 -0.011943360538230774 0.023767702530846081 -0.0003411298532963514 -0.012893854728776067
leaf_weight=209 218 1245 362 358 624 86761 314 201 269 244 755 74300 236 2086 53102 9009 1240 1694 643 266 302 322 565 673 1786 3006 1119 334 6797 216
leaf_count=209 218 1245 362 358 624 86761 314 201 269 244 755 74300 236 2086 53102 9009 1240 1694 643 266 302 322 565 673 1786 3006 1119 334 6797 216
internal_value=5.45602e-05 6.18355e-05 0.00257333 0.00385572 0.00606796 4.34781e-05 -0.00254116 -0.00755668 -0.00463744 0.000816993 -0.000547264 7.3016e-05 -9.06751e-05 -0.000562504 5.99835e-05 -0.00256063 -0.00524746 -0.00115747 -0.00873544 -0.00266594 0.000285434 0.00194265 -0.000521241 0.00520097 0.00444749 0.00662781 -0.00135035 0.00195707 0.0002743 -0.00619792
internal_weight=249256 249038 1797 1588 1226 247241 2784 784 583 602 2000 244457 157696 69945 53338 16607 5688 10919 2995 909 87751 13451 7664 5787 5465 3679 2693 1574 7099 1910
internal_count=249256 249038 1797 1588 1226 247241 2784 784 583 602 2000 244457 157696 69945 53338 16607 5688 10919 2995 909 87751 13451 7664 5787 5465 3679 2693 1574 7099 1910
cat_boundaries=0 1 2
cat_threshold=176 4
is_linear=0
shrinkage=0.05


Tree=237
num_leaves=31
num_cat=0
split_feature=10 11 7 0 10 7 10 10 10 10 11 11 0 0 8 10 10 11 10 0 10 10 10 10 0 11 0 8 0 7
split_gain=4.5636 12.1294 19.0737 31.2459 8.19096 19.541 12.7372 22.0644 16.0929 43.8282 16.604 15.7276 25.5714 18.9095 16.5997 13.8062 12.9162 19.8304 17.3268 12.2173 11.934 31.5069 43.9541 28.4724 17.3659 22.8714 30.1706 21.0995 17.8335 16.0969
threshold=120.88500000000002 117.08500000000002 15.500000000000002 50.500000000000007 117.38000000000001 15.500000000000002 113.96500000000002 113.26500000000001 111.38500000000002 108.94500000000001 64.705000000000013 99.585000000000022 49.500000000000007 58.500000000000007 27.850000000000005 110.94000000000001 105.69500000000001 101.25000000000001 107.355 49.500000000000007 100.98500000000001 97.470000000000013 97.65000000000002 96.385000000000019 49.500000000000007 118.75000000000001 31.500000000000004 28.150000000000002 76.500000000000014 18.500000000000004
decision_type=10 10 2 2 10 2 10 10 10 10 10 10 2 2 2 10 10 10 10 2 10 10 10 10 2 10 2 2 2 2
left_child=4 -2 -3 -4 6 19 7 8 9 16 -11 -8 -13 14 -14 -12 20 -18 -19 -6 21 23 -23 -1 25 26 -22 28 -26 -24
right_child=1 2 3 -5 5 -7 11 -9 -10 10 15 12 13 -15 -16 -17 17 18 -20 -21 24 22 29 -25 27 -27 -28 -29 -30 -31
leaf_value=5.581111000139139e-05 -0.0004134086238027024 -0.013557520786897294 0.0042377845075668224 -0.0061358903101583102 -0.019831321574833138 0.0036040943207275248 0.012239112558621913 0.0036412485014143403 -0.0033768712717176189 -0.008702790920545312 0.011500505844343412 -0.014574343694552284 0.0023626788453723793 -0.0024566782875389496 -0.0062661894421762732 0.0034746418110356727 0.00064880669508902153 -0.010458322144580735 -0.0026599050635821801 -0.00030814196996775678 0.0024477801738659547 -0.013896777992127164 -0.0033066395135761262 0.0061580860169449638 0.0037945695328411855 0.004958897031943011 -0.014020510299403811 -0.0013634108304172443 -0.0029882786425595945 0.0057222614428394719
leaf_weight=198918 9830 321 530 414 304 4236 345 2338 1833 225 906 1347 2370 3141 320 754 1490 469 873 885 1628 464 3697 2064 4842 728 1338 1141 458 1047
leaf_count=198918 9830 321 530 414 304 4236 345 2338 1833 225 906 1347 2370 3141 320 754 1490 469 873 885 1628 464 3697 2064 4842 728 1338 1141 458 1047
internal_value=4.97461e-05 -0.000941018 -0.00552941 -0.00188679 9.59395e-05 0.00201472 5.11287e-05 0.000118771 6.79723e-05 0.000106762 0.0076781 -0.00197133 -0.00247635 -0.00103578 0.00203704 0.0094012 4.12927e-05 -0.00330753 -0.00769231 -0.00362802 8.52844e-05 2.9098e-06 -0.00383289 0.000102492 0.00175949 -0.000971922 -0.00292339 0.00332507 0.0046516 -0.00237695
internal_weight=249256 11095 1265 944 238161 5425 232736 225213 222875 221042 1885 7523 7178 5831 2690 1660 219157 2832 1342 1189 216325 206190 5208 200982 10135 3694 2966 6441 5300 4744
internal_count=249256 11095 1265 944 238161 5425 232736 225213 222875 221042 1885 7523 7178 5831 2690 1660 219157 2832 1342 1189 216325 206190 5208 200982 10135 3694 2966 6441 5300 4744
is_linear=0
shrinkage=0.05


Tree=238
num_leaves=31
num_cat=1
split_feature=10 12 7 10 10 0 8 9 10 8 10 10 9 0 0 10 9 6 6 4 0 10 0 8 0 9 10 0 0 10
split_gain=4.5655 4.84494 12.9857 7.97791 9.76079 8.72331 7.83704 6.56833 5.32572 8.10013 4.94613 18.9186 18.573 11.8766 10.8647 10.3327 8.8316 24.8821 19.2388 14.9597 12.2653 15.051 10.3925 10.3 20.7806 10.2814 18.7489 10.4799 10.2966 8.55167
threshold=148.19500000000002 -1.4999999999999998 10.500000000000002 64.055000000000021 19.450000000000006 18.500000000000004 27.550000000000004 -82.34999999999998 1.0000000180025095e-35 26.550000000000004 11.955000000000002 12.115 -87.049999999999983 31.500000000000004 21.500000000000004 9.2850000000000019 -80.649999999999991 2.5000000000000004 3.5000000000000004 0 29.500000000000004 7.0600000000000014 47.500000000000007 28.250000000000004 9.5000000000000018 -81.549999999999983 9.365000000000002 42.500000000000007 30.500000000000004 6.3350000000000009
decision_type=10 8 2 10 10 2 2 2 8 2 8 8 2 2 2 10 2 2 2 9 2 10 2 2 2 2 10 2 2 10
left_child=1 2 -1 4 5 -4 -5 -6 9 -3 12 13 14 -12 -10 -16 17 23 22 -20 21 29 -19 -14 -25 26 -21 28 -27 -18
right_child=-2 8 3 6 7 -7 -8 -9 10 -11 11 -13 16 -15 15 -17 20 18 19 25 -22 -23 -24 24 -26 27 -28 -29 -30 -31
leaf_value=0.01265443364213943 -0.0099816863896426081 -0.0067093086500069178 0.0043471577549612844 -0.0037986561007932631 -0.0062956822414532709 -0.011224644814838314 -0.013863249273711542 0.0062500590909867707 -0.018605620704316993 0.0044104096825494212 0.0037494359184827354 0.00010980429970279815 0.0081249343256814665 0.017419025076193684 0.0054772143084311333 -0.017832554850543313 -0.0056321673502701232 -0.0046676915796034285 0.011551148224178666 -0.017475887284489833 -0.0085074447404049468 -0.0092472327864022048 -0.026127891408320638 0.011377730604411074 -0.0053866398742814965 0.0041410728512539128 -0.0017825204981331668 0.013284641414411259 -0.011183428446585975 0.006100680578996532
leaf_weight=256 218 449 224 426 247 462 605 815 743 1319 201 232290 2455 218 443 210 266 507 516 361 920 586 336 217 709 415 1485 303 233 821
leaf_count=256 218 449 224 426 247 462 605 815 743 1319 201 232290 2455 218 443 210 266 507 516 361 920 586 336 217 709 415 1485 303 233 821
internal_value=5.45602e-05 6.10324e-05 -0.00192118 -0.00292219 -0.000853242 -0.00545977 -0.00638809 0.00214552 8.55646e-05 0.00281215 6.57127e-05 0.000115805 -0.000944868 0.0106061 -0.00633001 -0.00158371 -0.000197239 0.00066914 -0.00192031 -0.000195606 -0.00270841 -0.000148544 -0.00861665 0.00384842 -0.000641026 -0.00165069 -0.00382543 0.00254943 -0.00106383 0.00332726
internal_weight=249256 249038 3035 2779 1748 686 1031 1062 246003 1768 244235 232709 11526 419 1396 653 10130 7537 4156 3313 2593 1673 843 3381 926 2797 1846 951 648 1087
internal_count=249256 249038 3035 2779 1748 686 1031 1062 246003 1768 244235 232709 11526 419 1396 653 10130 7537 4156 3313 2593 1673 843 3381 926 2797 1846 951 648 1087
cat_boundaries=0 1
cat_threshold=184
is_linear=0
shrinkage=0.05


Tree=239
num_leaves=31
num_cat=3
split_feature=10 7 10 9 9 10 10 9 4 10 7 10 9 4 6 11 10 10 11 2 3 9 10 11 9 11 7 11 10 11
split_gain=4.54894 3.97219 19.0425 11.61 12.227 10.1515 11.3611 17.7241 10.3198 9.45444 19.4295 33.1441 19.6277 20.366 17.6981 16.7242 14.8792 14.695 19.936 15.317 10.7973 9.84062 20.4783 9.0232 8.9518 15.1401 13.2701 7.47942 7.17686 12.9003
threshold=148.19500000000002 12.500000000000002 133.57000000000002 -87.049999999999983 -86.549999999999983 129.07500000000002 95.295000000000016 -82.449999999999989 0 12.125000000000002 10.500000000000002 15.545000000000002 -81.84999999999998 1 2.5000000000000004 46.250000000000007 65.485000000000014 53.335000000000008 88.610000000000014 1.0000000180025095e-35 2 -85.549999999999983 4.04 128.30500000000004 -84.249999999999986 127.40000000000002 11.500000000000002 102.75000000000001 45.990000000000002 80.870000000000019
decision_type=10 2 10 2 2 10 10 2 9 10 2 10 2 9 2 10 10 10 10 2 9 2 10 10 2 10 2 10 8 10
left_child=1 2 3 -1 -5 6 9 -8 -7 21 12 -12 13 -11 17 -15 23 18 -13 -20 -19 22 -6 -17 26 -26 -23 -16 29 -3
right_child=-2 28 -4 4 5 8 7 -9 -10 10 11 14 -14 15 27 16 -18 20 19 -21 -22 24 -24 -25 25 -27 -28 -29 -30 -31
leaf_value=-0.01742102143175801 -0.0094826020701605177 -0.00043075050218637227 0.010951153355126664 0.010870102623210798 -0.021491681337374849 -0.0014446552034142802 0.00070175011801323353 0.023882461376942745 -0.010680913024162476 0.010070092206073779 -0.017215266524270145 -0.011739920034415397 0.0039705276242731459 0.01475632697252789 -0.01411580778854802 -0.0036212555619560497 -0.021941559783361611 -0.0122602665767809 -0.0070525806408861863 0.0091037859979266056 0.0051454024711975249 -0.0010046039238190475 0.0030217867794747558 -0.015015081624350037 0.000697545516394138 -0.016076436956419915 0.012894056290476553 -0.004028797965938225 -8.3517301509683506e-05 0.0014713649138228925
leaf_weight=424 218 26190 599 1078 330 500 1865 329 361 383 948 838 2553 242 588 1818 287 250 768 364 2912 519 299 239 9108 280 424 4266 142517 47759
leaf_count=424 218 26190 599 1078 330 500 1865 329 361 383 948 838 2553 242 588 1818 287 250 768 364 2912 519 299 239 9108 280 424 4266 142517 47759
internal_value=4.17225e-05 4.81835e-05 -0.000466515 -0.000633149 -0.000521246 -0.000706998 -0.000550304 0.00290381 -0.00602755 -0.000827682 -0.00158508 -0.00280519 0.000831526 -0.00193018 -0.00195078 -0.00353031 -0.00484282 9.72384e-05 -0.00328283 0.00105079 0.00220681 0.000309936 -0.00571205 -0.00331398 0.000681752 0.000212811 0.00529906 -0.00411184 0.000125649 0.000525291
internal_weight=249256 249038 32572 31973 31549 30471 29610 2194 861 27416 16456 10934 5522 2969 9986 2586 2344 5132 1970 1132 3162 10960 629 2057 10331 9388 943 4854 216466 73949
internal_count=249256 249038 32572 31973 31549 30471 29610 2194 861 27416 16456 10934 5522 2969 9986 2586 2344 5132 1970 1132 3162 10960 629 2057 10331 9388 943 4854 216466 73949
cat_boundaries=0 1 2 3
cat_threshold=194 4 16
is_linear=0
shrinkage=0.05


Tree=240
num_leaves=31
num_cat=2
split_feature=10 11 0 9 0 4 10 9 9 11 9 11 0 8 9 4 11 0 9 9 0 11 9 8 2 8 6 10 0 8
split_gain=6.49078 10.8801 15.0917 24.4009 14.7905 14.2756 13.2822 19.7285 25.2854 14.8368 13.743 13.4579 13.3464 12.6193 49.6931 13.9627 12.3625 13.8734 11.2914 10.0923 18.7568 10.0251 9.90483 9.78645 15.2462 10.1386 9.764 8.15941 10.9407 7.76637
threshold=14.360000000000001 59.440000000000005 20.500000000000004 -86.949999999999989 13.500000000000002 0 12.125000000000002 -81.34999999999998 -82.149999999999991 80.415000000000006 -81.34999999999998 105.66500000000001 33.500000000000007 29.750000000000004 -82.149999999999991 1 55.415000000000006 14.500000000000002 -82.049999999999983 -85.749999999999986 11.500000000000002 67.915000000000006 -81.949999999999989 27.250000000000004 1.0000000180025095e-35 27.050000000000004 4.5000000000000009 14.415000000000001 39.500000000000007 24.650000000000002
decision_type=8 10 2 2 2 9 10 2 2 10 2 10 2 2 2 9 10 2 2 2 2 10 2 2 2 2 2 8 2 2
left_child=1 5 3 4 -3 16 9 8 -8 10 21 12 -10 14 -11 -16 17 -1 -17 20 -5 -4 26 25 -25 29 -21 28 -2 -20
right_child=27 2 6 19 -6 -7 7 -9 11 13 -12 -13 -14 -15 15 18 -18 -19 23 22 -22 -23 -24 24 -26 -27 -28 -29 -30 -31
leaf_value=0.01407337628522818 0.019804521564096556 -0.011459714011618161 0.01905733288606757 0.0077581992978589037 -0.0061093721592490272 -0.013657865478610632 -0.0026038098478603725 0.0051845145561450591 -0.021748622233781403 -0.018490091032707802 -0.017685930529129923 -0.047580494720968591 -0.0067639279247119436 0.0061287515790008134 0.0085071383716784684 -0.0097603595757379761 0.017884837007680867 -0.00029674115656370682 -0.009774253360443198 -0.016197560716424111 -0.0071729616119507794 -0.0097854746711895767 -0.0015775255169985236 -0.023344592745536907 0.001864851168030457 0.018037577290141906 -0.0013927290344663669 4.4021392005744181e-05 -9.1743098188690203e-05 0.0016037860827120554
leaf_weight=365 306 664 216 550 483 253 1293 622 216 574 490 201 334 1912 1014 297 264 1256 325 658 300 247 2448 293 268 374 413 227408 378 4583
leaf_count=365 306 664 216 550 483 253 1293 622 216 574 490 201 334 1912 1014 297 264 1256 325 658 300 247 2448 293 268 374 413 227408 378 4583
internal_value=-1.50593e-05 -0.000857908 -0.00124301 -0.00343829 -0.00989628 0.00251397 -0.000327832 -0.00347534 -0.00584226 0.000466849 -0.00545171 -0.0130749 -0.00875 0.00105699 0.000155079 0.00129816 0.00401575 0.00236052 0.00038961 -0.00172414 0.00313953 0.000739958 -0.00290451 0.000879891 -0.00534151 0.00154951 -0.00689177 6.22529e-05 0.0054755 0.00093534
internal_weight=249005 20913 18775 5516 1147 2138 13259 2666 2044 10593 953 751 550 9640 7728 7154 1885 1621 6140 4369 850 463 3519 5843 561 5282 1071 228092 684 4908
internal_count=249005 20913 18775 5516 1147 2138 13259 2666 2044 10593 953 751 550 9640 7728 7154 1885 1621 6140 4369 850 463 3519 5843 561 5282 1071 228092 684 4908
cat_boundaries=0 1 2
cat_threshold=2 184
is_linear=0
shrinkage=0.05


Tree=241
num_leaves=31
num_cat=2
split_feature=0 11 8 10 11 4 11 0 0 10 4 11 8 8 2 0 0 11 11 8 8 11 8 10 8 11 11 11 0 10
split_gain=5.74829 10.1452 4.70846 4.5119 8.67392 13.8565 11.9732 12.7446 10.8738 13.384 13.1082 12.5819 11.1468 23.3276 21.7285 10.5156 16.3116 9.84826 9.33051 9.16879 17.9133 8.93143 8.09587 8.07534 7.65894 12.0638 14.4131 7.53039 11.441 7.40957
threshold=98.500000000000014 117.08500000000002 24.550000000000004 14.360000000000001 59.440000000000005 0 55.415000000000006 14.500000000000002 20.500000000000004 12.125000000000002 1 80.415000000000006 29.750000000000004 27.250000000000004 1.0000000180025095e-35 18.500000000000004 17.500000000000004 89.720000000000013 127.40000000000002 24.650000000000002 26.050000000000004 67.915000000000006 27.350000000000005 9.2300000000000022 30.350000000000005 126.38500000000001 88.610000000000014 94.585000000000022 3.5000000000000004 15.545000000000002
decision_type=2 8 2 8 10 9 10 2 2 8 9 10 2 2 2 2 2 10 10 2 2 10 2 10 2 10 10 10 2 8
left_child=2 -2 -1 4 5 6 7 -4 15 11 -11 21 13 18 22 16 17 23 -13 -12 -21 -10 -15 -6 25 26 -22 -19 -29 -5
right_child=1 -3 3 29 8 -7 -8 -9 9 10 19 12 -14 14 -16 -17 -18 27 -20 20 24 -23 -24 -25 -26 -27 -28 28 -30 -31
leaf_value=-0.0077231235565583317 -0.0074645301841420597 0.0034272360456810702 0.013369707470966753 0.0025091878355882891 0.0051752206875099738 -0.013323327455073653 0.016990595157296794 -0.00030984513033653909 0.0043507717278156834 -0.020128850918933863 -0.021904688570497124 0.0021048291120578711 0.0058045812636552622 -0.022008046937598905 0.0027892841016845084 -0.011129717586046351 0.0066257576898697936 -0.024157332245945719 -0.0060113050578960887 0.0096014294735462975 -0.007295636516263704 -0.015203528848159476 -0.0042262801350398949 -0.0056639030826081795 0.002612824912726186 -0.00086580437050551859 -0.026056666742121062 0.00033747168549620455 -0.0079566220058477025 3.973035876816411e-05
leaf_weight=332 767 455 365 5907 663 251 264 1254 307 232 227 5885 1909 490 370 789 601 224 685 464 410 639 252 457 402 646 279 502 2275 220702
leaf_count=332 767 455 365 5907 663 251 264 1254 307 232 227 5885 1909 490 370 789 601 224 685 464 410 639 252 457 402 646 279 502 2275 220702
internal_value=-2.2087e-06 -0.00340909 1.473e-05 2.28319e-05 -0.00068099 0.00233209 0.00380977 0.00217925 -0.00102575 -0.000246082 -0.00340824 0.00055466 0.00109884 0.00024701 -0.00641711 -0.00288897 -0.00198648 -0.00311063 0.00138298 -0.00224673 -0.00124378 -0.00491632 -0.0113032 0.000884956 -0.00357756 -0.00539033 -0.00994278 -0.0045998 -0.00385719 8.75919e-05
internal_weight=249005 1222 247783 247451 20842 2134 1883 1619 18708 13197 2660 10537 9591 7682 1112 5511 4722 4121 6570 2428 2201 946 742 1120 1737 1335 689 3001 2777 226609
internal_count=249005 1222 247783 247451 20842 2134 1883 1619 18708 13197 2660 10537 9591 7682 1112 5511 4722 4121 6570 2428 2201 946 742 1120 1737 1335 689 3001 2777 226609
cat_boundaries=0 1 2
cat_threshold=2 176
is_linear=0
shrinkage=0.05


Tree=242
num_leaves=31
num_cat=3
split_feature=0 9 10 10 8 11 0 0 11 10 0 0 7 10 7 5 4 10 4 0 0 9 11 11 9 7 0 4 8 0
split_gain=5.19548 12.4113 9.46983 4.61706 4.61362 18.998 20.9381 16.7001 12.5083 12.5046 10.8202 26.6863 36.3021 23.4315 15.6729 9.66992 10.4164 8.39396 8.31336 7.6511 7.41304 10.4318 7.22191 18.6838 20.8912 23.2842 16.8923 15.7527 15.2204 22.5734
threshold=98.500000000000014 -81.749999999999986 113.86000000000001 69.120000000000019 25.250000000000004 94.585000000000022 40.500000000000007 23.500000000000004 88.610000000000014 94.710000000000022 43.500000000000007 30.500000000000004 11.500000000000002 78.52500000000002 10.500000000000002 3.5000000000000004 0 43.525000000000013 1 48.500000000000007 18.500000000000004 -81.449999999999989 104.13000000000001 108.48500000000001 -81.949999999999989 16.500000000000004 52.500000000000007 2 28.050000000000004 51.500000000000007
decision_type=2 2 10 8 2 10 2 2 8 8 2 2 2 10 2 2 9 8 9 2 2 2 10 10 2 2 2 9 2 2
left_child=4 2 3 -2 5 6 7 17 -8 18 11 13 -13 20 19 16 -16 -1 -9 -12 -7 -22 -6 24 25 -24 -27 -26 -25 -30
right_child=1 -3 -4 -5 22 10 8 9 -10 -11 14 12 -14 -15 15 -17 -18 -19 -20 -21 21 -23 23 28 27 26 -28 -29 29 -31
leaf_value=-0.019984811093991441 0.0010781166826221433 -0.0097465192406405166 -0.0064613023310829305 0.010309182505509717 0.00036815834181496148 0.0051691914064681656 -0.0026971436765601989 0.0026517726062083025 -0.023118019737864249 -0.017961024282343096 -0.0013976175687716809 -0.0029391181339279981 0.0087940746155520614 -0.010060462739064847 -0.0017913790307178879 -0.025369061888831725 -0.015954786298831004 -0.0035553915752953194 -0.018175337132344451 0.0058975997718346386 -0.012365104334865464 0.0024944679854313812 -0.005500991218764551 0.00021094399060057613 0.011701787502708207 -0.026677822530553286 -0.0061201563628594082 -0.0011907861294347733 -0.00018892111952628632 -0.0032539942473236217
leaf_weight=565 224 476 311 211 153212 951 201 2080 427 225 556 1237 2826 751 2132 219 411 252 343 659 480 611 4969 58795 504 395 389 2442 8638 3513
leaf_count=565 224 476 311 211 153212 951 201 2080 427 225 556 1237 2826 751 2132 219 411 252 343 659 480 611 4969 58795 504 395 389 2442 8638 3513
internal_value=-7.83085e-06 -0.00324675 0.000793651 0.00550562 8.27303e-06 -0.000843599 -0.00374117 -0.00220144 -0.012069 -0.000263356 0.00025362 0.00145645 0.00403879 -0.00230111 -0.00181841 -0.0038961 -0.00299647 -0.00840387 0.00080148 0.00289796 0.000487329 -0.00231608 6.29114e-05 -0.000323269 -0.0025089 -0.00425993 -0.0122166 0.000913396 -5.49636e-05 -0.00166516
internal_weight=249005 1222 746 435 247783 14926 4093 3465 628 2648 10833 6856 4063 2793 3977 2762 2543 817 2423 1215 2042 1091 232857 79645 8699 5753 784 2946 70946 12151
internal_count=249005 1222 746 435 247783 14926 4093 3465 628 2648 10833 6856 4063 2793 3977 2762 2543 817 2423 1215 2042 1091 232857 79645 8699 5753 784 2946 70946 12151
cat_boundaries=0 1 2 3
cat_threshold=38 6 40
is_linear=0
shrinkage=0.05


Tree=243
num_leaves=31
num_cat=8
split_feature=3 11 9 4 9 11 9 4 12 4 11 9 11 11 11 9 11 9 11 9 4 3 9 3 9 9 9 11 7 4
split_gain=4.46329 8.83999 9.19016 11.3128 10.7431 7.64177 10.2573 7.23865 9.49345 7.05393 9.7981 6.86043 6.62479 6.14806 8.89788 7.97641 5.4973 16.9293 14.4483 22.5882 14.3301 11.6524 16.5779 9.31714 10.5129 9.10018 11.3373 35.9004 29.6778 23.527
threshold=0 89.720000000000013 -86.249999999999986 1 -81.249999999999986 115.41500000000001 -84.34999999999998 2 1.0000000180025095e-35 3 129.37500000000003 -84.84999999999998 105.28000000000002 71.250000000000014 69.585000000000022 -82.949999999999989 104.13000000000001 -85.649999999999991 102.75000000000001 -80.249999999999986 4 5 -85.249999999999986 6 -86.949999999999989 -80.949999999999989 -82.049999999999983 109.36000000000001 11.500000000000002 7
decision_type=9 8 2 9 2 8 2 9 10 9 8 2 8 10 10 2 10 2 10 2 9 9 2 9 2 2 2 10 2 9
left_child=1 13 3 -3 5 7 11 -4 -9 10 -8 -7 -5 14 15 -1 18 23 -2 -20 -19 -22 -23 -18 -25 26 27 -24 -29 -30
right_child=16 2 4 12 -6 6 9 8 -10 -11 -12 -13 -14 -15 -16 -17 17 20 19 -21 21 22 25 24 -26 -27 -28 28 29 -31
leaf_value=-0.010015758978366396 0.00010561525061429933 -0.0083065546518908302 0.0042317139795621907 0.014026532936095792 0.008153451518109112 -6.5642950553357346e-05 0.0033943612443964712 -0.0091316177641117772 -0.0013595034573873122 0.0033436789550987723 -0.0099294286147409323 -0.013483840295586714 0.00068543726570209358 -0.010032023960440384 0.0054675314018383329 0.00033355732601041414 0.002795796662318484 0.0075579185695701769 0.00309651572188292 0.025553283892966495 -0.0063167867826848583 0.0081746989711925632 -0.0091766118767719895 -0.0052259416578262835 -0.015176797973614597 -0.0028394739526186544 0.00060631548653331544 -0.020950265449855589 -0.0051205243354426784 2.9066444962655425e-05
leaf_weight=693 149160 306 639 1016 947 348 315 669 2184 3970 344 223 346 398 288 1368 561 1205 877 296 1920 752 3237 929 895 4175 30871 356 1227 38490
leaf_count=693 149160 306 639 1016 947 348 315 669 2184 3970 344 223 346 398 288 1368 561 1205 877 296 1920 752 3237 929 895 4175 30871 356 1227 38490
internal_value=-1.22483e-05 0.000852636 0.00147124 0.00488677 0.000875738 0.000321765 0.00153551 -0.00148487 -0.0025583 0.00231731 -0.00243004 -0.00473322 0.00680174 -0.00168662 -0.000699449 -0.00185901 -6.40505e-05 -0.000386397 0.000117398 0.0056213 -0.000265676 -0.000346708 -0.000252755 -0.00453027 -0.00623644 -0.00032412 -0.000196115 -0.000717913 -0.000308111 -0.000177461
internal_weight=249005 14054 11307 1668 9639 8692 5200 3492 2853 4629 659 571 1362 2747 2349 2061 234951 84618 150333 1173 82233 81028 79108 2385 1824 78356 74181 43310 40073 39717
internal_count=249005 14054 11307 1668 9639 8692 5200 3492 2853 4629 659 571 1362 2747 2349 2061 234951 84618 150333 1173 82233 81028 79108 2385 1824 78356 74181 43310 40073 39717
cat_boundaries=0 1 2 3 4 5 6 7 8
cat_threshold=16 8 160 136 8 2 2 4
is_linear=0
shrinkage=0.05


Tree=244
num_leaves=31
num_cat=2
split_feature=0 9 8 11 7 8 11 0 0 2 9 12 0 0 7 11 9 7 5 11 8 0 0 3 12 8 0 3 11 11
split_gain=4.42698 11.7486 5.16845 6.79274 4.59496 4.53961 17.7412 17.6261 15.9035 12.9815 15.5866 12.6527 10.6976 23.1491 32.5209 18.4294 14.7104 12.4104 11.4426 10.6803 10.2167 8.15929 7.57249 7.14425 6.81893 9.24357 10.131 7.79109 7.10098 16.9487
threshold=98.500000000000014 -81.749999999999986 27.250000000000004 117.08500000000002 21.500000000000004 25.250000000000004 94.585000000000022 40.500000000000007 23.500000000000004 1.0000000180025095e-35 -80.549999999999983 1.5000000000000002 43.500000000000007 30.500000000000004 11.500000000000002 114.81500000000001 -81.449999999999989 12.500000000000002 3.5000000000000004 88.610000000000014 24.650000000000002 18.500000000000004 9.5000000000000018 0 -1.0000000180025095e-35 27.750000000000004 11.500000000000002 1 104.13000000000001 108.48500000000001
decision_type=2 2 2 8 2 2 10 2 2 2 2 8 2 2 2 10 2 2 2 8 2 2 2 9 8 2 2 9 8 8
left_child=5 2 -2 -4 -3 6 7 8 21 10 11 -10 13 15 -15 20 17 -14 -18 -9 -8 22 -1 -16 25 -7 -27 -28 -26 -30
right_child=1 4 3 -5 -6 24 12 19 9 -11 -12 -13 16 14 23 -17 18 -19 -20 -21 -22 -23 -24 -25 28 26 27 -29 29 -31
leaf_value=-0.021172383764528548 0.011239639325445161 -0.018461698326655718 -0.0079419222731094592 0.0028073643596725263 -0.0024876964483402375 0.00048285042036733117 -0.00024766055917537779 -0.002567567255262926 0.0019638445372263114 0.016464157470289776 -0.015486365929774327 -0.011989744224458443 -0.019744990456717116 -0.0028185336852896373 0.009105751842107157 0.0036222237398420456 -0.0004752499662531218 -0.0033872839736866834 0.010739335221328795 -0.021967399513501729 -0.0091282457376332896 -0.030357661625290567 -0.00055589002451839065 -0.0021167996374953368 0.00064164776213626595 0.006008684518796859 -0.0042005654971143174 -0.014077051332840585 -0.003565188645285522 1.7194419790111938e-05
leaf_weight=252 219 263 218 309 213 2588 630 201 1849 234 245 320 368 1237 2573 1107 1816 1448 345 427 1056 224 341 253 94027 382 1736 706 8552 124866
leaf_count=252 219 263 218 309 213 2588 630 201 1849 234 245 320 368 1237 2573 1107 1816 1448 345 427 1056 224 341 253 94027 382 1736 706 8552 124866
internal_value=-1.3453e-05 -0.00300325 0.000925926 -0.00176909 -0.0090535 1.41247e-06 -0.000843599 -0.00364368 -0.00223022 -0.0003386 -0.00144389 -6.88389e-05 0.00021673 0.00141276 0.00381782 -0.00208705 -0.00184349 -0.00514786 0.000944265 -0.0112853 -0.00536557 -0.00828295 -0.00505804 0.0067701 5.56111e-05 -0.00169679 -0.00366972 -0.00485318 9.73819e-05 -0.000137153
internal_weight=249005 1222 746 527 476 247783 14926 4093 3465 2648 2414 2169 10833 6856 4063 2793 3977 1816 2161 628 1686 817 593 2826 232857 5412 2824 2442 227445 133418
internal_count=249005 1222 746 527 476 247783 14926 4093 3465 2648 2414 2169 10833 6856 4063 2793 3977 1816 2161 628 1686 817 593 2826 232857 5412 2824 2442 227445 133418
cat_boundaries=0 1 2
cat_threshold=4 12
is_linear=0
shrinkage=0.05


Tree=245
num_leaves=31
num_cat=4
split_feature=3 10 10 4 10 10 4 9 0 10 9 10 0 10 9 0 7 0 9 6 7 10 2 10 0 0 3 9 2 10
split_gain=6.78469 9.20893 12.9961 6.33467 21.667 10.2287 20.8358 19.0177 9.9308 9.67575 9.62642 9.07952 9.22875 6.39837 6.31148 5.46263 5.44713 5.29207 4.78948 5.9315 5.2698 6.1136 5.4819 4.98719 6.95347 4.36641 13.2408 15.8503 29.2726 8.25192
threshold=0 14.415000000000001 13.175000000000002 1 143.27500000000003 101.04500000000002 2 -80.34999999999998 20.500000000000004 68.420000000000016 -81.449999999999989 32.690000000000005 36.500000000000007 62.685000000000009 -82.749999999999986 7.5000000000000009 16.500000000000004 46.500000000000007 -82.84999999999998 3.5000000000000004 13.500000000000002 109.14500000000001 1.0000000180025095e-35 124.43000000000002 39.500000000000007 79.500000000000014 3 -81.34999999999998 1.0000000180025095e-35 103.31500000000001
decision_type=9 8 10 9 8 8 9 2 2 10 2 10 2 10 2 2 2 2 2 2 2 8 2 10 2 2 9 2 2 10
left_child=1 2 14 4 8 7 18 9 -3 13 16 -10 -13 15 -1 -5 -11 -14 19 -7 -20 -22 23 24 -23 -2 27 28 29 -27
right_child=25 3 -4 5 -6 6 -8 -9 11 10 -12 12 17 -15 -16 -17 -18 -19 20 -21 21 22 -24 -25 -26 26 -28 -29 -30 -31
leaf_value=0.010004155247016523 -0.00013922575057865317 -0.0042024656917035944 0.016838522210800955 -0.010129887189505471 -0.012988009615196638 -0.0024436477039467166 -0.0069897903776523053 0.020808384759668199 0.020768118305389518 -0.011581317703488648 0.0034127995588928428 0.017793819772153885 -0.0054198948827603125 0.0081583997064091918 -0.0055731260474342296 -0.00019584437523025857 -0.0031482304832600506 0.005125932695364677 -0.0022735741176821644 0.0064473411647662628 5.0597941015162463e-05 0.0078663390847407925 1.3746094328936921e-05 0.00013563756021879315 0.014896897055540937 0.0026669961416889267 -0.013840015291401509 -0.0065653751503116815 0.015336302014473002 -0.0048306263680777846
leaf_weight=386 231349 243 332 414 264 641 775 214 330 982 418 256 210 427 417 3991 749 206 298 370 399 1086 246 225 282 881 350 1165 582 833
leaf_count=386 231349 243 332 414 264 641 775 214 330 982 418 256 210 427 417 3991 749 206 298 370 399 1086 246 225 282 881 350 1165 582 833
internal_value=-7.84098e-05 0.000983711 0.00528384 0.000606014 0.00362982 0.000203692 0.00212373 -0.000950729 0.00641434 -0.00140895 -0.00419176 0.00859684 0.00513196 -0.000165221 0.00178352 -0.000736127 -0.00582998 0.000469484 0.00374264 0.000832517 0.00490966 0.00573843 0.0069497 0.00801622 0.00914369 -0.000142444 -0.0018189 -0.000847458 0.00156114 -0.00174014
internal_weight=249321 14161 1135 13026 1509 11517 4322 7195 1245 6981 2149 1002 672 4832 803 4405 1731 416 3547 1011 2536 2238 1839 1593 1368 235160 3811 3461 2296 1714
internal_count=249321 14161 1135 13026 1509 11517 4322 7195 1245 6981 2149 1002 672 4832 803 4405 1731 416 3547 1011 2536 2238 1839 1593 1368 235160 3811 3461 2296 1714
cat_boundaries=0 1 2 3 4
cat_threshold=16 36 18 12
is_linear=0
shrinkage=0.05


Tree=246
num_leaves=31
num_cat=4
split_feature=8 3 10 10 8 4 10 10 10 4 9 8 8 12 8 0 4 10 9 8 0 8 10 9 0 8 0 0 9 8
split_gain=6.76094 6.86256 7.7587 11.3704 8.61622 6.93471 18.894 13.968 8.29596 21.3516 13.3732 8.26899 7.18984 11.4079 7.03227 6.84668 13.0683 7.10202 6.85988 5.47398 11.0101 5.46138 4.99434 4.7767 6.95202 4.71003 5.58114 9.05164 8.85435 5.99085
threshold=30.750000000000004 0 14.415000000000001 13.175000000000002 24.650000000000002 1 18.665000000000003 33.425000000000004 109.14500000000001 2 -80.34999999999998 29.050000000000004 27.550000000000004 1.5000000000000002 27.850000000000005 17.500000000000004 3 30.795000000000005 -81.84999999999998 27.150000000000002 21.500000000000004 28.150000000000002 40.745000000000012 -83.949999999999989 23.500000000000004 30.050000000000004 59.500000000000007 42.500000000000007 -81.949999999999989 28.850000000000005
decision_type=2 9 8 10 2 9 10 10 8 9 2 2 2 8 2 2 9 10 2 2 2 2 10 2 2 2 2 2 2 2
left_child=1 2 3 19 -4 6 -6 -8 10 11 15 12 13 -10 -11 16 -7 -18 25 -1 -21 -14 -19 24 -13 26 27 28 29 -17
right_child=-2 -3 4 -5 5 8 7 -9 9 14 -12 23 21 -15 -16 18 17 22 -20 20 -22 -23 -24 -25 -26 -27 -28 -29 -30 -31
leaf_value=-0.0060860238648410732 0.0084293400903619371 -0.00016714129081867314 -0.015123376733796247 0.015996596100260919 -0.010643202104678196 0.012713198547737692 0.018292574817617303 0.0027617309628783283 -0.0067611435022791435 -0.017057452720408151 0.016116113970321245 -0.0065300602298238534 0.012922467738141742 0.0088263535554030884 0.00024310544947265812 -0.0069746381823727168 -0.020148767805169943 0.0039174246720623529 0.0039296948807366677 -0.0065482361924320111 0.013213485046948215 0.0048990244774751446 -0.0067911687689099056 -0.0048017645579528263 0.011131382107692734 0.0030455069223213728 0.0015213449160295324 -0.0061049692291089922 0.014796236987060941 0.0019752424623198372
leaf_weight=326 256 234905 243 332 303 338 376 929 247 386 220 275 583 383 251 1036 219 201 1306 200 277 842 841 251 408 923 508 999 221 736
leaf_count=326 256 234905 243 332 303 338 376 929 247 386 220 275 583 383 251 1036 219 201 1306 200 277 842 841 251 408 923 508 999 221 736
internal_value=-7.23937e-05 -8.08993e-05 0.000987306 0.0049345 0.000640583 0.000820826 0.00386978 0.0065019 0.000375201 0.00233773 -0.000568934 0.00410435 0.00588378 0.00140625 -0.00585997 -0.000940311 -0.00382225 -0.00612802 -0.000130685 0.00166052 0.0050308 0.00783972 -0.00437262 0.000211864 0.00238095 -0.00107151 -0.00190883 -0.00273151 -0.000773839 -0.00196409
internal_weight=249321 249065 14160 1135 13025 12782 1608 1305 11174 3626 7548 2989 2055 630 637 7328 1599 1261 5729 803 477 1425 1042 934 683 4423 3500 2992 1993 1772
internal_count=249321 249065 14160 1135 13025 12782 1608 1305 11174 3626 7548 2989 2055 630 637 7328 1599 1261 5729 803 477 1425 1042 934 683 4423 3500 2992 1993 1772
cat_boundaries=0 1 2 3 4
cat_threshold=16 52 2 136
is_linear=0
shrinkage=0.05


Tree=247
num_leaves=31
num_cat=2
split_feature=8 0 12 4 11 8 8 9 0 0 2 5 9 4 9 0 9 8 1 8 9 11 8 11 0 11 9 8 8 9
split_gain=6.13341 3.96232 9.8194 14.9186 16.2373 11.9347 20.5223 17.4925 8.96896 15.8314 8.78273 13.363 13.298 8.20702 8.03162 7.39859 25.5074 34.0069 24.6418 21.4833 43.5108 48.2667 20.1195 35.1635 21.6554 19.8016 22.4542 22.899 17.3613 17.15
threshold=30.750000000000004 23.500000000000004 1.0000000180025095e-35 0 63.750000000000007 30.350000000000005 28.250000000000004 -87.34999999999998 15.500000000000002 6.5000000000000009 1.0000000180025095e-35 2.5000000000000004 -82.549999999999983 1 -86.949999999999989 40.500000000000007 -82.649999999999991 27.950000000000003 1.0000000180025095e-35 27.050000000000004 -82.049999999999983 126.38500000000001 27.850000000000005 49.085000000000008 27.500000000000004 67.915000000000006 -86.949999999999989 30.250000000000004 24.650000000000002 -82.949999999999989
decision_type=2 2 8 9 10 2 2 2 2 2 2 2 2 9 2 2 2 2 2 2 2 10 2 10 2 8 2 2 2 2
left_child=1 2 3 -1 13 6 10 -8 9 14 11 -6 -12 -5 -7 16 17 18 -3 20 21 -18 24 -24 -21 29 -27 28 -28 -17
right_child=-2 15 -4 4 5 8 7 -9 -10 -11 12 -13 -14 -15 -16 25 19 -19 -20 22 -22 -23 23 -25 -26 26 27 -29 -30 -31
leaf_value=0.0073491315368050536 0.0080078730858438082 -0.01168695746903552 -0.00011779074638500475 -0.0066651567856403915 -0.014088312349766109 0.0020174611857001422 -0.0045527205878013177 -0.016955295621629764 -0.0042596453027551112 0.006585672858895642 0.01187891325145456 -0.0030344932501484845 -0.0013060868191218324 0.0033413599811013663 -0.012828259209076444 -0.021511293121274113 -0.018495871333375737 0.00023390712301578633 0.00041404356130483324 0.017440619883155151 0.0011763876187187883 0.0014571724200833193 -0.0051739156200136804 0.0048024025509453951 0.0045349108940377471 0.0087574428594280104 -0.0043943834339141841 -0.014959222397761752 0.00010731241604675646 -0.0020282347174105375
leaf_weight=216 256 3837 55775 785 796 347 736 1195 1331 1219 207 3798 1770 3402 347 329 1673 16264 2025 1610 33909 1496 4357 8190 5560 1710 2178 768 80077 13158
leaf_count=216 256 3837 55775 785 796 347 736 1195 1331 1219 207 3798 1770 3402 347 329 1673 16264 2025 1610 33909 1496 4357 8190 5560 1710 2178 768 80077 13158
internal_value=-6.95862e-05 -7.76874e-05 -0.000390636 -0.00147596 -0.001658 -0.00261143 -0.00359492 -0.00811437 -3.07314e-05 0.00215809 -0.0022565 -0.00345352 0.000528435 0.00101263 -0.00383523 4.93929e-05 0.000409852 -0.00103 -0.00429155 0.000970865 0.00026154 -0.00533187 0.00230395 0.00109501 0.00441504 -0.000240252 4.30714e-05 -7.40669e-05 6.68571e-06 -0.00201897
internal_weight=249321 249065 71924 16149 15933 11746 8502 1931 3244 1913 6571 4594 1977 4187 694 177141 78921 22126 5862 56795 37078 3169 19717 12547 7170 98220 84733 83023 82255 13487
internal_count=249321 249065 71924 16149 15933 11746 8502 1931 3244 1913 6571 4594 1977 4187 694 177141 78921 22126 5862 56795 37078 3169 19717 12547 7170 98220 84733 83023 82255 13487
cat_boundaries=0 1 2
cat_threshold=32 140
is_linear=0
shrinkage=0.05


Tree=248
num_leaves=31
num_cat=2
split_feature=3 10 11 11 2 11 10 9 10 0 9 0 7 9 0 0 0 10 11 0 9 11 9 0 0 3 10 7 10 9
split_gain=5.90972 7.89385 8.40233 9.98505 8.06326 6.25024 5.61801 8.68392 5.00193 6.84161 9.21684 4.98668 4.7369 5.69756 6.70702 5.33548 5.31405 5.54645 4.73256 13.4863 10.678 9.41422 20.9358 11.272 17.3499 16.9768 16.734 13.2781 17.5512 12.8578
threshold=0 42.845000000000006 89.720000000000013 127.40000000000002 1.0000000180025095e-35 128.30500000000004 109.14500000000001 -81.449999999999989 113.96500000000002 42.500000000000007 -82.649999999999991 25.500000000000004 14.500000000000002 -85.34999999999998 14.500000000000002 23.500000000000004 34.500000000000007 18.665000000000003 104.13000000000001 95.500000000000014 -81.549999999999983 102.75000000000001 -80.249999999999986 40.500000000000007 26.500000000000004 1 133.57000000000002 17.500000000000004 26.445000000000004 -86.949999999999989
decision_type=9 10 8 8 2 8 10 2 10 2 2 2 2 2 2 2 2 10 8 2 2 10 2 2 2 9 10 2 10 2
left_child=1 2 4 12 -1 -5 7 -3 -8 11 -11 -10 13 14 -4 -14 -15 -18 19 21 -21 23 -23 24 -2 -26 29 -27 -29 -25
right_child=18 6 3 5 -6 -7 8 -9 9 10 -12 -13 15 16 -16 -17 17 -19 -20 20 -22 22 -24 26 25 27 -28 28 -30 -31
leaf_value=0.0013050203546204565 -0.00026669213595829081 -0.0021973275128057248 0.010260473434728379 -0.01526474732032952 -0.016947764910760024 0.0018568440714399337 0.0094722858011651936 0.0031297154890681969 0.00033889741317119084 -0.011029020241861344 0.0025006708991024864 0.012581965043720578 -0.0064232816931760091 -0.0024257930820412279 0.031084993960597454 0.0066849035364448641 -0.00088267647784441301 0.0067471993043553896 -0.00032654447557258772 0.0015193463674765262 -0.0097643266119723307 0.00085026261128779985 0.024200036281345219 0.0057969442987576341 0.002927302798714049 0.0021631034514879134 -0.012048401650232334 -0.016378963832231586 -0.001491273682908645 -0.00099892744488458982
leaf_weight=481 41696 4488 275 229 373 3242 220 847 420 213 370 404 350 285 331 731 206 696 137400 239 516 898 307 1174 22451 2680 667 650 1563 24919
leaf_count=481 41696 4488 275 229 373 3242 220 847 420 213 370 404 350 285 331 731 206 696 137400 239 516 898 307 1174 22451 2680 667 650 1563 24919
internal_value=-6.39712e-05 0.000927297 0.00208767 0.0027144 -0.0025463 0.000904912 -0.000272519 -0.00105706 0.00229078 0.00116443 -0.0029511 0.00407674 0.00488904 0.00646145 0.0103896 0.00224565 0.00438596 0.00625 -0.000123735 0.00014217 -0.00647059 0.0001943 0.0045679 0.000138816 0.000476466 0.001455 -0.000732163 -0.00121107 -0.00407108 -0.00053059
internal_weight=249321 14161 7199 6345 854 3471 6962 5335 1627 1407 583 824 2874 1793 606 1081 1187 902 235160 97760 755 97005 1205 95800 69040 27344 26760 4893 2213 26093
internal_count=249321 14161 7199 6345 854 3471 6962 5335 1627 1407 583 824 2874 1793 606 1081 1187 902 235160 97760 755 97005 1205 95800 69040 27344 26760 4893 2213 26093
cat_boundaries=0 1 2
cat_threshold=16 12
is_linear=0
shrinkage=0.05


Tree=249
num_leaves=31
num_cat=4
split_feature=8 3 10 11 8 4 10 0 11 10 9 10 0 10 7 9 7 7 9 4 11 10 10 10 4 10 11 10 9 9
split_gain=6.12175 4.8236 7.49899 7.93384 9.65282 13.6457 12.2305 8.29061 6.24553 4.88992 7.55586 6.84805 9.56524 13.2271 7.68023 8.23046 11.6828 5.67187 6.64697 5.65695 5.68646 4.78055 6.3109 4.43883 11.1226 14.7602 29.4342 12.0537 12.2402 17.7663
threshold=30.750000000000004 0 42.845000000000006 89.720000000000013 30.350000000000005 1 38.465000000000011 7.5000000000000009 100.41500000000001 103.31500000000001 -81.449999999999989 68.420000000000016 42.500000000000007 62.685000000000009 16.500000000000004 -84.449999999999989 15.500000000000002 17.500000000000004 -82.749999999999986 2 112.25000000000001 40.745000000000012 33.400000000000006 14.360000000000001 3 7.0600000000000014 118.75000000000001 13.785000000000002 -86.949999999999989 -85.749999999999986
decision_type=2 9 10 8 2 9 8 2 8 10 2 10 2 10 2 2 2 2 2 9 10 10 10 8 9 10 10 10 2 2
left_child=1 2 3 -1 5 6 -5 -7 -6 10 11 12 13 -4 15 -13 -17 -16 -19 20 -11 22 -9 24 25 -3 -27 28 -26 -30
right_child=-2 23 9 4 8 7 -8 21 -10 19 -12 14 -14 -15 17 16 -18 18 -20 -21 -22 -23 -24 -25 27 26 -28 -29 29 -31
leaf_value=-0.0034309577303184291 0.0075600691486633403 0.006818858851479215 -0.00152537405110591 0.0013617149619698844 0.02802218718972669 -0.013025780896770112 -0.017917804003771388 0.0041352986505812433 0.0071264347760338076 -0.0010003796286842004 0.0030889334351289046 0.0017018265767056119 -0.0095389950708301367 0.015564203589707493 0.0057678891909348278 -0.028841022631224969 -0.006214275271971781 0.00077204681852816037 -0.015670034367968721 -0.0042358109215117068 0.0041276464944059567 0.016375024021929852 -0.0057723883443633111 -7.8029345426089419e-05 -0.0059442589784375333 -0.00663045739777628 0.016726145836919226 -0.0091547913467010748 0.0076394351455802761 -0.00079066572289381303
leaf_weight=854 256 468 1119 501 352 213 373 4082 313 699 831 266 342 362 224 295 560 475 211 310 1268 250 260 214892 2336 449 226 1365 575 14594
leaf_count=854 256 468 1119 501 352 213 373 4082 313 699 831 266 342 362 224 295 560 475 211 310 1268 250 260 214892 2336 449 226 1365 575 14594
internal_value=-6.23669e-05 -7.04607e-05 0.000825106 0.00195616 0.00256531 0.00188961 -0.00380313 0.00293264 0.00822222 -0.000344234 -0.00126731 -0.00219979 2.72777e-05 0.00177733 -0.00418912 -0.00694076 -0.00930636 -0.00076087 -0.00301724 0.00155225 0.00254152 0.00338983 0.00298713 -0.000124508 -0.000836538 0.0039123 -0.00080292 -0.00112758 -0.000773623 -0.00025364
internal_weight=249321 249065 14160 7198 6344 5679 874 4805 665 6962 4685 3854 1823 1481 2031 1121 855 910 686 2277 1967 4592 4342 234905 20013 1143 675 18870 17505 15169
internal_count=249321 249065 14160 7198 6344 5679 874 4805 665 6962 4685 3854 1823 1481 2031 1121 855 910 686 2277 1967 4592 4342 234905 20013 1143 675 18870 17505 15169
cat_boundaries=0 1 2 3 4
cat_threshold=16 136 178 24
is_linear=0
shrinkage=0.05


end of trees

feature_importances:
distance_from_track_mi=1266
storm_wind_speed_kt=1146
building_age_years=1031
latitude=994
longitude=868
historical_storm_freq=683
occupancy_group_encoded=656
flood_zone_encoded=270
is_elevated=220
days_to_storm=135
storm_category_encoded=97
distance_bin=77
building_age_missing=57

parameters:
[boosting: gbdt]
[objective: regression_l1]
[metric: l1]
[tree_learner: serial]
[device_type: cpu]
[data_sample_strategy: bagging]
[data: ]
[valid: ]
[num_iterations: 250]
[learning_rate: 0.05]
[num_leaves: 31]
[num_threads: 0]
[seed: 42]
[deterministic: 0]
[force_col_wise: 0]
[force_row_wise: 0]
[histogram_pool_size: -1]
[max_depth: -1]
[min_data_in_leaf: 200]
[min_sum_hessian_in_leaf: 0.001]
[bagging_fraction: 0.8]
[pos_bagging_fraction: 1]
[neg_bagging_fraction: 1]
[bagging_freq: 5]
[bagging_seed: 400]
[bagging_by_query: 0]
[feature_fraction: 0.8]
[feature_fraction_bynode: 1]
[feature_fraction_seed: 30056]
[extra_trees: 0]
[extra_seed: 12879]
[early_stopping_round: 0]
[early_stopping_min_delta: 0]
[first_metric_only: 0]
[max_delta_step: 0]
[lambda_l1: 0]
[lambda_l2: 10]
[linear_lambda: 0]
[min_gain_to_split: 0]
[drop_rate: 0.1]
[max_drop: 50]
[skip_drop: 0.5]
[xgboost_dart_mode: 0]
[uniform_drop: 0]
[drop_seed: 17869]
[top_rate: 0.2]
[other_rate: 0.1]
[min_data_per_group: 100]
[max_cat_threshold: 32]
[cat_l2: 10]
[cat_smooth: 10]
[max_cat_to_onehot: 4]
[top_k: 20]
[monotone_constraints: ]
[monotone_constraints_method: basic]
[monotone_penalty: 0]
[feature_contri: ]
[forcedsplits_filename: ]
[refit_decay_rate: 0.9]
[cegb_tradeoff: 1]
[cegb_penalty_split: 0]
[cegb_penalty_feature_lazy: ]
[cegb_penalty_feature_coupled: ]
[path_smooth: 0]
[interaction_constraints: ]
[verbosity: -1]
[saved_feature_importance_type: 0]
[use_quantized_grad: 0]
[num_grad_quant_bins: 4]
[quant_train_renew_leaf: 0]
[stochastic_rounding: 1]
[linear_tree: 0]
[max_bin: 255]
[max_bin_by_feature: ]
[min_data_in_bin: 3]
[bin_construct_sample_cnt: 200000]
[data_random_seed: 175]
[is_enable_sparse: 1]
[enable_bundle: 1]
[use_missing: 1]
[zero_as_missing: 0]
[feature_pre_filter: 1]
[pre_partition: 0]
[two_round: 0]
[header: 0]
[label_column: ]
[weight_column: ]
[group_column: ]
[ignore_column: ]
[categorical_feature: 3,4]
[forcedbins_filename: ]
[precise_float_parser: 0]
[parser_config_file: ]
[objective_seed: 16083]
[num_class: 1]
[is_unbalance: 0]
[scale_pos_weight: 1]
[sigmoid: 1]
[boost_from_average: 1]
[reg_sqrt: 0]
[alpha: 0.9]
[fair_c: 1]
[poisson_max_delta_step: 0.7]
[tweedie_variance_power: 1.5]
[lambdarank_truncation_level: 30]
[lambdarank_norm: 1]
[label_gain: ]
[lambdarank_position_bias_regularization: 0]
[eval_at: ]
[multi_error_top_k: 1]
[auc_mu_weights: ]
[num_machines: 1]
[local_listen_port: 12400]
[time_out: 120]
[machine_list_filename: ]
[machines: ]
[gpu_platform_id: -1]
[gpu_device_id: -1]
[gpu_use_dp: 0]
[num_gpu: 1]

end of parameters

pandas_categorical:[]
